{
  "type": "FeatureCollection",
  "generator": "overpass-turbo",
  "copyright": "The data included in this document is from www.openstreetmap.org. The data is made available under ODbL.",
  "timestamp": "2026-03-02T10:27:10Z",
  "features": [
    {
      "type": "Feature",
      "properties": {
        "@id": "node/448833068",
        "amenity": "restaurant",
        "name": "Kudu"
      },
      "geometry": {
        "type": "Point",
        "coordinates": [
          46.7232179,
          24.6904926
        ]
      },
      "id": "node/448833068"
    },
    {
      "type": "Feature",
      "properties": {
        "@id": "node/586570960",
        "amenity": "restaurant",
        "name": "Firdays"
      },
      "geometry": {
        "type": "Point",
        "coordinates": [
          46.7597589,
          24.7675896
        ]
      },
      "id": "node/586570960"
    },
    {
      "type": "Feature",
      "properties": {
        "@id": "node/586570972",
        "amenity": "fast_food",
        "name": "KFC/Hardys"
      },
      "geometry": {
        "type": "Point",
        "coordinates": [
          46.7590293,
          24.7672194
        ]
      },
      "id": "node/586570972"
    },
    {
      "type": "Feature",
      "properties": {
        "@id": "node/665105754",
        "amenity": "cafe",
        "name": "Roma Cafe"
      },
      "geometry": {
        "type": "Point",
        "coordinates": [
          46.6915377,
          24.7016088
        ]
      },
      "id": "node/665105754"
    },
    {
      "type": "Feature",
      "properties": {
        "@id": "node/665107535",
        "alt_name": "Kentucky Fried Chicken",
        "amenity": "fast_food",
        "brand": "KFC",
        "brand:wikidata": "Q524757",
        "brand:wikipedia": "en:KFC",
        "cuisine": "chicken",
        "name": "KFC",
        "takeaway": "yes"
      },
      "geometry": {
        "type": "Point",
        "coordinates": [
          46.6969673,
          24.7118004
        ]
      },
      "id": "node/665107535"
    },
    {
      "type": "Feature",
      "properties": {
        "@id": "node/671928155",
        "amenity": "cafe"
      },
      "geometry": {
        "type": "Point",
        "coordinates": [
          46.7828676,
          24.7372141
        ]
      },
      "id": "node/671928155"
    },
    {
      "type": "Feature",
      "properties": {
        "@id": "node/671928160",
        "amenity": "fast_food"
      },
      "geometry": {
        "type": "Point",
        "coordinates": [
          46.7829964,
          24.7370192
        ]
      },
      "id": "node/671928160"
    },
    {
      "type": "Feature",
      "properties": {
        "@id": "node/672161159",
        "amenity": "restaurant",
        "name": "Shiraz Restaurant (Iranian)"
      },
      "geometry": {
        "type": "Point",
        "coordinates": [
          46.6916745,
          24.7014755
        ]
      },
      "id": "node/672161159"
    },
    {
      "type": "Feature",
      "properties": {
        "@id": "node/672161166",
        "amenity": "restaurant"
      },
      "geometry": {
        "type": "Point",
        "coordinates": [
          46.6924899,
          24.6996722
        ]
      },
      "id": "node/672161166"
    },
    {
      "type": "Feature",
      "properties": {
        "@id": "node/672161169",
        "amenity": "fast_food"
      },
      "geometry": {
        "type": "Point",
        "coordinates": [
          46.6922968,
          24.699565
        ]
      },
      "id": "node/672161169"
    },
    {
      "type": "Feature",
      "properties": {
        "@id": "node/672612728",
        "amenity": "cafe"
      },
      "geometry": {
        "type": "Point",
        "coordinates": [
          46.697639,
          24.702651
        ]
      },
      "id": "node/672612728"
    },
    {
      "type": "Feature",
      "properties": {
        "@id": "node/672665470",
        "amenity": "fast_food",
        "name": "Hardees"
      },
      "geometry": {
        "type": "Point",
        "coordinates": [
          46.6970049,
          24.7117224
        ]
      },
      "id": "node/672665470"
    },
    {
      "type": "Feature",
      "properties": {
        "@id": "node/672665471",
        "amenity": "restaurant",
        "name": "Al Mansaf"
      },
      "geometry": {
        "type": "Point",
        "coordinates": [
          46.6977886,
          24.711061
        ]
      },
      "id": "node/672665471"
    },
    {
      "type": "Feature",
      "properties": {
        "@id": "node/672668413",
        "amenity": "restaurant",
        "name": "Shawerma House"
      },
      "geometry": {
        "type": "Point",
        "coordinates": [
          46.6874735,
          24.7085594
        ]
      },
      "id": "node/672668413"
    },
    {
      "type": "Feature",
      "properties": {
        "@id": "node/672668414",
        "amenity": "fast_food",
        "brand": "ماكدونالدز",
        "brand:ar": "ماكدونالدز",
        "brand:en": "McDonald's",
        "brand:wikidata": "Q38076",
        "brand:wikipedia": "ar:ماكدونالدز",
        "cuisine": "burger",
        "name": "ماكدونالدز",
        "name:ar": "ماكدونالدز",
        "name:en": "McDonald's",
        "takeaway": "yes"
      },
      "geometry": {
        "type": "Point",
        "coordinates": [
          46.6735034,
          24.7132672
        ]
      },
      "id": "node/672668414"
    },
    {
      "type": "Feature",
      "properties": {
        "@id": "node/672668416",
        "addr:street": "Sheikh Abdullah Al Angari Street",
        "amenity": "cafe",
        "name": "Coffee hill cafe"
      },
      "geometry": {
        "type": "Point",
        "coordinates": [
          46.6818599,
          24.7246035
        ]
      },
      "id": "node/672668416"
    },
    {
      "type": "Feature",
      "properties": {
        "@id": "node/672714898",
        "amenity": "fast_food"
      },
      "geometry": {
        "type": "Point",
        "coordinates": [
          46.6863838,
          24.6900265
        ]
      },
      "id": "node/672714898"
    },
    {
      "type": "Feature",
      "properties": {
        "@id": "node/672714900",
        "amenity": "restaurant",
        "cuisine": "regional",
        "name": "Kudu"
      },
      "geometry": {
        "type": "Point",
        "coordinates": [
          46.6864482,
          24.6898413
        ]
      },
      "id": "node/672714900"
    },
    {
      "type": "Feature",
      "properties": {
        "@id": "node/672714902",
        "amenity": "cafe",
        "instagram": "https://www.instagram.com/urthcaffesaudi",
        "name": "Urth Caffe",
        "name:ar": "إيرث كافيه",
        "opening_hours": "Fr 13:00-24:00; Mo-Th,Sa-Su 08:00-24:00",
        "phone": "+966 9200 07498",
        "website": "https://www.urthcaffe.sa/welcome/index"
      },
      "geometry": {
        "type": "Point",
        "coordinates": [
          46.6863087,
          24.6896464
        ]
      },
      "id": "node/672714902"
    },
    {
      "type": "Feature",
      "properties": {
        "@id": "node/672714906",
        "amenity": "restaurant",
        "name": "Hashim Restaurant"
      },
      "geometry": {
        "type": "Point",
        "coordinates": [
          46.6993868,
          24.7062361
        ]
      },
      "id": "node/672714906"
    },
    {
      "type": "Feature",
      "properties": {
        "@id": "node/672718652",
        "amenity": "fast_food",
        "brand": "ماكدونالدز",
        "brand:ar": "ماكدونالدز",
        "brand:en": "McDonald's",
        "brand:wikidata": "Q38076",
        "brand:wikipedia": "en:McDonald's",
        "cuisine": "burger",
        "name": "ماكدونالدز",
        "name:ar": "ماكدونالدز",
        "name:en": "McDonald's",
        "takeaway": "yes"
      },
      "geometry": {
        "type": "Point",
        "coordinates": [
          46.7037431,
          24.696811
        ]
      },
      "id": "node/672718652"
    },
    {
      "type": "Feature",
      "properties": {
        "@id": "node/672721178",
        "amenity": "restaurant"
      },
      "geometry": {
        "type": "Point",
        "coordinates": [
          46.6901711,
          24.7072014
        ]
      },
      "id": "node/672721178"
    },
    {
      "type": "Feature",
      "properties": {
        "@id": "node/672727259",
        "amenity": "restaurant",
        "name": "Wooden Bakery"
      },
      "geometry": {
        "type": "Point",
        "coordinates": [
          46.7226448,
          24.6940126
        ]
      },
      "id": "node/672727259"
    },
    {
      "type": "Feature",
      "properties": {
        "@id": "node/672741627",
        "amenity": "cafe",
        "name": "Krispy Kreme"
      },
      "geometry": {
        "type": "Point",
        "coordinates": [
          46.7976946,
          24.7375342
        ]
      },
      "id": "node/672741627"
    },
    {
      "type": "Feature",
      "properties": {
        "@id": "node/672741629",
        "amenity": "fast_food",
        "brand": "Burger King",
        "brand:wikidata": "Q177054",
        "brand:wikipedia": "en:Burger King",
        "cuisine": "burger",
        "name": "Burger King",
        "takeaway": "yes"
      },
      "geometry": {
        "type": "Point",
        "coordinates": [
          46.7973512,
          24.7373198
        ]
      },
      "id": "node/672741629"
    },
    {
      "type": "Feature",
      "properties": {
        "@id": "node/672741631",
        "amenity": "restaurant"
      },
      "geometry": {
        "type": "Point",
        "coordinates": [
          46.7976087,
          24.7377291
        ]
      },
      "id": "node/672741631"
    },
    {
      "type": "Feature",
      "properties": {
        "@id": "node/672741642",
        "amenity": "cafe",
        "name": "Krispy Creme"
      },
      "geometry": {
        "type": "Point",
        "coordinates": [
          46.7748207,
          24.7233164
        ]
      },
      "id": "node/672741642"
    },
    {
      "type": "Feature",
      "properties": {
        "@id": "node/672754423",
        "amenity": "fast_food",
        "delivery": "yes",
        "name": "Kudu"
      },
      "geometry": {
        "type": "Point",
        "coordinates": [
          46.693732,
          24.710519
        ]
      },
      "id": "node/672754423"
    },
    {
      "type": "Feature",
      "properties": {
        "@id": "node/672755225",
        "amenity": "restaurant",
        "description": "Indian restaurant",
        "name": "مطعم باب توما"
      },
      "geometry": {
        "type": "Point",
        "coordinates": [
          46.693098,
          24.710645
        ]
      },
      "id": "node/672755225"
    },
    {
      "type": "Feature",
      "properties": {
        "@id": "node/672762462",
        "amenity": "fast_food",
        "brand": "Burger King",
        "brand:wikidata": "Q177054",
        "brand:wikipedia": "en:Burger King",
        "cuisine": "burger",
        "delivery": "yes",
        "name": "Burger King",
        "takeaway": "yes"
      },
      "geometry": {
        "type": "Point",
        "coordinates": [
          46.7873048,
          24.7297602
        ]
      },
      "id": "node/672762462"
    },
    {
      "type": "Feature",
      "properties": {
        "@id": "node/673058983",
        "amenity": "fast_food",
        "name": "بيتزا هت",
        "name:en": "Pizza Hut"
      },
      "geometry": {
        "type": "Point",
        "coordinates": [
          46.6779552,
          24.7329056
        ]
      },
      "id": "node/673058983"
    },
    {
      "type": "Feature",
      "properties": {
        "@id": "node/673059291",
        "amenity": "restaurant"
      },
      "geometry": {
        "type": "Point",
        "coordinates": [
          46.6886304,
          24.6989019
        ]
      },
      "id": "node/673059291"
    },
    {
      "type": "Feature",
      "properties": {
        "@id": "node/673066518",
        "amenity": "restaurant",
        "name": "Roma Restaurant"
      },
      "geometry": {
        "type": "Point",
        "coordinates": [
          46.6820536,
          24.703405
        ]
      },
      "id": "node/673066518"
    },
    {
      "type": "Feature",
      "properties": {
        "@id": "node/673066519",
        "amenity": "restaurant",
        "cuisine": "pizza",
        "name": "بيتزا هت",
        "name:en": "Pizza Hut",
        "opening_hours": "Mo-Su 00:00-02:00,11:00-24:00",
        "takeaway": "yes"
      },
      "geometry": {
        "type": "Point",
        "coordinates": [
          46.6854976,
          24.7052277
        ]
      },
      "id": "node/673066519"
    },
    {
      "type": "Feature",
      "properties": {
        "@id": "node/673066520",
        "amenity": "restaurant",
        "name": "Makani"
      },
      "geometry": {
        "type": "Point",
        "coordinates": [
          46.6911624,
          24.7099548
        ]
      },
      "id": "node/673066520"
    },
    {
      "type": "Feature",
      "properties": {
        "@id": "node/673066521",
        "amenity": "restaurant",
        "name": "Lebanon Al Kabeer"
      },
      "geometry": {
        "type": "Point",
        "coordinates": [
          46.6924391,
          24.7104422
        ]
      },
      "id": "node/673066521"
    },
    {
      "type": "Feature",
      "properties": {
        "@id": "node/673066522",
        "amenity": "restaurant",
        "cuisine": "indonesian",
        "name": "Indonesian"
      },
      "geometry": {
        "type": "Point",
        "coordinates": [
          46.6909907,
          24.7098964
        ]
      },
      "id": "node/673066522"
    },
    {
      "type": "Feature",
      "properties": {
        "@id": "node/673066523",
        "amenity": "cafe"
      },
      "geometry": {
        "type": "Point",
        "coordinates": [
          46.6823647,
          24.6950711
        ]
      },
      "id": "node/673066523"
    },
    {
      "type": "Feature",
      "properties": {
        "@id": "node/673066525",
        "amenity": "restaurant",
        "cuisine": "pizza",
        "name": "The Pizza Company"
      },
      "geometry": {
        "type": "Point",
        "coordinates": [
          46.6799824,
          24.7026567
        ]
      },
      "id": "node/673066525"
    },
    {
      "type": "Feature",
      "properties": {
        "@id": "node/673066527",
        "amenity": "restaurant",
        "name": "Chinese Golden Palace"
      },
      "geometry": {
        "type": "Point",
        "coordinates": [
          46.6813777,
          24.7034733
        ]
      },
      "id": "node/673066527"
    },
    {
      "type": "Feature",
      "properties": {
        "@id": "node/673066528",
        "amenity": "restaurant",
        "name": "Gulf Royal Chinese Restaurant"
      },
      "geometry": {
        "type": "Point",
        "coordinates": [
          46.6811631,
          24.7028885
        ]
      },
      "id": "node/673066528"
    },
    {
      "type": "Feature",
      "properties": {
        "@id": "node/673066533",
        "amenity": "restaurant"
      },
      "geometry": {
        "type": "Point",
        "coordinates": [
          46.6821823,
          24.6950224
        ]
      },
      "id": "node/673066533"
    },
    {
      "type": "Feature",
      "properties": {
        "@id": "node/673066536",
        "amenity": "cafe",
        "name": "Starbucks"
      },
      "geometry": {
        "type": "Point",
        "coordinates": [
          46.6948692,
          24.6930778
        ]
      },
      "id": "node/673066536"
    },
    {
      "type": "Feature",
      "properties": {
        "@id": "node/673066539",
        "amenity": "restaurant"
      },
      "geometry": {
        "type": "Point",
        "coordinates": [
          46.6916452,
          24.7002665
        ]
      },
      "id": "node/673066539"
    },
    {
      "type": "Feature",
      "properties": {
        "@id": "node/673068822",
        "amenity": "cafe",
        "instagram": "https://www.instagram.com/urthcaffesaudi",
        "name": "Urth Caffe",
        "name:ar": "إيرث كافيه",
        "opening_hours": "Fr 13:00-24:00; Mo-Th,Sa-Su 08:00-24:00",
        "phone": "+966 9200 07498",
        "website": "https://www.urthcaffe.sa/welcome/index"
      },
      "geometry": {
        "type": "Point",
        "coordinates": [
          46.6709063,
          24.6922053
        ]
      },
      "id": "node/673068822"
    },
    {
      "type": "Feature",
      "properties": {
        "@id": "node/673068825",
        "addr:city": "riyadh",
        "addr:housenumber": "4240",
        "addr:postcode": "12242",
        "addr:street": "الأمير محمد بن عبدالعزيز",
        "amenity": "cafe",
        "branch": "شارع التحلية - الرياض",
        "cuisine": "coffee_shop;shisha;hooka",
        "email": "basemb@gmail.com",
        "internet_access": "no",
        "name": "مقهى التحلية",
        "name:en": "Tahlia Cafe",
        "opening_hours": "24/7",
        "outdoor_seating": "yes",
        "payment:american_express": "yes",
        "payment:maestro": "yes",
        "payment:mastercard": "yes",
        "payment:telephone_cards": "yes",
        "payment:visa": "yes",
        "payment:visa_electron": "yes",
        "phone": "+966580694203",
        "smoking": "yes"
      },
      "geometry": {
        "type": "Point",
        "coordinates": [
          46.6973556,
          24.7025498
        ]
      },
      "id": "node/673068825"
    },
    {
      "type": "Feature",
      "properties": {
        "@id": "node/673068826",
        "amenity": "restaurant"
      },
      "geometry": {
        "type": "Point",
        "coordinates": [
          46.6968701,
          24.7023914
        ]
      },
      "id": "node/673068826"
    },
    {
      "type": "Feature",
      "properties": {
        "@id": "node/673068828",
        "amenity": "fast_food",
        "cuisine": "regional",
        "name": "Kudu"
      },
      "geometry": {
        "type": "Point",
        "coordinates": [
          46.6710029,
          24.6920006
        ]
      },
      "id": "node/673068828"
    },
    {
      "type": "Feature",
      "properties": {
        "@id": "node/673068829",
        "amenity": "restaurant"
      },
      "geometry": {
        "type": "Point",
        "coordinates": [
          46.6708849,
          24.6917861
        ]
      },
      "id": "node/673068829"
    },
    {
      "type": "Feature",
      "properties": {
        "@id": "node/673578529",
        "amenity": "restaurant",
        "name": "Steak House"
      },
      "geometry": {
        "type": "Point",
        "coordinates": [
          46.6977074,
          24.6937435
        ]
      },
      "id": "node/673578529"
    },
    {
      "type": "Feature",
      "properties": {
        "@id": "node/673583882",
        "amenity": "cafe"
      },
      "geometry": {
        "type": "Point",
        "coordinates": [
          46.6893818,
          24.6984321
        ]
      },
      "id": "node/673583882"
    },
    {
      "type": "Feature",
      "properties": {
        "@id": "node/673583883",
        "amenity": "restaurant"
      },
      "geometry": {
        "type": "Point",
        "coordinates": [
          46.6875901,
          24.6976718
        ]
      },
      "id": "node/673583883"
    },
    {
      "type": "Feature",
      "properties": {
        "@id": "node/673583885",
        "amenity": "restaurant"
      },
      "geometry": {
        "type": "Point",
        "coordinates": [
          46.6873862,
          24.6983833
        ]
      },
      "id": "node/673583885"
    },
    {
      "type": "Feature",
      "properties": {
        "@id": "node/673591207",
        "amenity": "restaurant",
        "name": "Chinese restaurant"
      },
      "geometry": {
        "type": "Point",
        "coordinates": [
          46.6852727,
          24.6941334
        ]
      },
      "id": "node/673591207"
    },
    {
      "type": "Feature",
      "properties": {
        "@id": "node/673591227",
        "amenity": "restaurant",
        "name": "Pizza Hut"
      },
      "geometry": {
        "type": "Point",
        "coordinates": [
          46.6878047,
          24.6878167
        ]
      },
      "id": "node/673591227"
    },
    {
      "type": "Feature",
      "properties": {
        "@id": "node/673595942",
        "amenity": "restaurant"
      },
      "geometry": {
        "type": "Point",
        "coordinates": [
          46.699821,
          24.6656669
        ]
      },
      "id": "node/673595942"
    },
    {
      "type": "Feature",
      "properties": {
        "@id": "node/673603066",
        "amenity": "restaurant"
      },
      "geometry": {
        "type": "Point",
        "coordinates": [
          46.7440452,
          24.6552535
        ]
      },
      "id": "node/673603066"
    },
    {
      "type": "Feature",
      "properties": {
        "@id": "node/673603089",
        "amenity": "restaurant"
      },
      "geometry": {
        "type": "Point",
        "coordinates": [
          46.7322113,
          24.6945233
        ]
      },
      "id": "node/673603089"
    },
    {
      "type": "Feature",
      "properties": {
        "@id": "node/674157677",
        "amenity": "fast_food",
        "brand": "McDonald's",
        "brand:wikidata": "Q38076",
        "brand:wikipedia": "en:McDonald's",
        "cuisine": "burger",
        "name": "McDonald's",
        "takeaway": "yes"
      },
      "geometry": {
        "type": "Point",
        "coordinates": [
          46.733841,
          24.68678
        ]
      },
      "id": "node/674157677"
    },
    {
      "type": "Feature",
      "properties": {
        "@id": "node/674207117",
        "amenity": "cafe",
        "brand": "د.كيف",
        "brand:ar": "د.كيف",
        "brand:en": "dr-cafe",
        "brand:wikidata": "Q105714225",
        "cuisine": "coffee_shop",
        "name": "د.كيف",
        "name:ar": "د.كيف",
        "name:en": "dr-cafe",
        "takeaway": "yes"
      },
      "geometry": {
        "type": "Point",
        "coordinates": [
          46.7324952,
          24.6926207
        ]
      },
      "id": "node/674207117"
    },
    {
      "type": "Feature",
      "properties": {
        "@id": "node/674683138",
        "amenity": "restaurant",
        "name": "Al Rabe'a"
      },
      "geometry": {
        "type": "Point",
        "coordinates": [
          46.7805034,
          24.6975196
        ]
      },
      "id": "node/674683138"
    },
    {
      "type": "Feature",
      "properties": {
        "@id": "node/674690680",
        "amenity": "restaurant",
        "name": "Al Yamamah Restaurant"
      },
      "geometry": {
        "type": "Point",
        "coordinates": [
          46.7918184,
          24.7159663
        ]
      },
      "id": "node/674690680"
    },
    {
      "type": "Feature",
      "properties": {
        "@id": "node/676499919",
        "amenity": "fast_food",
        "brand": "Krispy Kreme",
        "brand:wikidata": "Q1192805",
        "brand:wikipedia": "en:Krispy Kreme",
        "cuisine": "donut",
        "name": "Krispy Kreme",
        "takeaway": "yes"
      },
      "geometry": {
        "type": "Point",
        "coordinates": [
          46.759626,
          24.7676074
        ]
      },
      "id": "node/676499919"
    },
    {
      "type": "Feature",
      "properties": {
        "@id": "node/676499923",
        "amenity": "cafe",
        "name": "Seatle's Best"
      },
      "geometry": {
        "type": "Point",
        "coordinates": [
          46.7557637,
          24.7672177
        ]
      },
      "id": "node/676499923"
    },
    {
      "type": "Feature",
      "properties": {
        "@id": "node/683654195",
        "amenity": "cafe",
        "name": "Donut House"
      },
      "geometry": {
        "type": "Point",
        "coordinates": [
          46.6751475,
          24.7119322
        ]
      },
      "id": "node/683654195"
    },
    {
      "type": "Feature",
      "properties": {
        "@id": "node/683654196",
        "amenity": "restaurant",
        "name": "Planet Hollywood"
      },
      "geometry": {
        "type": "Point",
        "coordinates": [
          46.6752226,
          24.7116691
        ]
      },
      "id": "node/683654196"
    },
    {
      "type": "Feature",
      "properties": {
        "@id": "node/683654197",
        "amenity": "restaurant",
        "cuisine": "chinese",
        "name": "Shanghai Express"
      },
      "geometry": {
        "type": "Point",
        "coordinates": [
          46.6750938,
          24.7121272
        ]
      },
      "id": "node/683654197"
    },
    {
      "type": "Feature",
      "properties": {
        "@id": "node/683654198",
        "amenity": "restaurant",
        "name": "Aladdin"
      },
      "geometry": {
        "type": "Point",
        "coordinates": [
          46.6750402,
          24.7117763
        ]
      },
      "id": "node/683654198"
    },
    {
      "type": "Feature",
      "properties": {
        "@id": "node/683654499",
        "amenity": "fast_food",
        "name": "Kudu"
      },
      "geometry": {
        "type": "Point",
        "coordinates": [
          46.6767139,
          24.7008015
        ]
      },
      "id": "node/683654499"
    },
    {
      "type": "Feature",
      "properties": {
        "@id": "node/683654501",
        "amenity": "fast_food",
        "name": "Domino's Pizza"
      },
      "geometry": {
        "type": "Point",
        "coordinates": [
          46.6765959,
          24.7009672
        ]
      },
      "id": "node/683654501"
    },
    {
      "type": "Feature",
      "properties": {
        "@id": "node/683654502",
        "amenity": "restaurant",
        "name": "Kany Restaurant"
      },
      "geometry": {
        "type": "Point",
        "coordinates": [
          46.6770358,
          24.7008307
        ]
      },
      "id": "node/683654502"
    },
    {
      "type": "Feature",
      "properties": {
        "@id": "node/683654505",
        "amenity": "fast_food",
        "name": "Pizza Inn"
      },
      "geometry": {
        "type": "Point",
        "coordinates": [
          46.676671,
          24.7008989
        ]
      },
      "id": "node/683654505"
    },
    {
      "type": "Feature",
      "properties": {
        "@id": "node/683654676",
        "amenity": "fast_food",
        "brand": "Burger King",
        "brand:wikidata": "Q177054",
        "brand:wikipedia": "en:Burger King",
        "cuisine": "burger",
        "name": "Burger King",
        "takeaway": "yes"
      },
      "geometry": {
        "type": "Point",
        "coordinates": [
          46.6785082,
          24.7007004
        ]
      },
      "id": "node/683654676"
    },
    {
      "type": "Feature",
      "properties": {
        "@id": "node/683654678",
        "amenity": "fast_food",
        "name": "Kudu"
      },
      "geometry": {
        "type": "Point",
        "coordinates": [
          46.6901893,
          24.6987643
        ]
      },
      "id": "node/683654678"
    },
    {
      "type": "Feature",
      "properties": {
        "@id": "node/688452099",
        "amenity": "fast_food",
        "brand": "Burger King",
        "brand:wikidata": "Q177054",
        "brand:wikipedia": "en:Burger King",
        "cuisine": "burger",
        "name": "Burger King",
        "takeaway": "yes"
      },
      "geometry": {
        "type": "Point",
        "coordinates": [
          46.7750539,
          24.7233725
        ]
      },
      "id": "node/688452099"
    },
    {
      "type": "Feature",
      "properties": {
        "@id": "node/697028502",
        "amenity": "cafe"
      },
      "geometry": {
        "type": "Point",
        "coordinates": [
          46.691637,
          24.7019443
        ]
      },
      "id": "node/697028502"
    },
    {
      "type": "Feature",
      "properties": {
        "@id": "node/697028506",
        "addr:street": "Tahliya St.",
        "amenity": "fast_food",
        "name": "Fish & Chips"
      },
      "geometry": {
        "type": "Point",
        "coordinates": [
          46.6928923,
          24.7006869
        ]
      },
      "id": "node/697028506"
    },
    {
      "type": "Feature",
      "properties": {
        "@id": "node/697036393",
        "amenity": "restaurant",
        "indoor_seating": "yes",
        "name": "Finzione",
        "outdoor_seating": "yes"
      },
      "geometry": {
        "type": "Point",
        "coordinates": [
          46.7016953,
          24.7044347
        ]
      },
      "id": "node/697036393"
    },
    {
      "type": "Feature",
      "properties": {
        "@id": "node/697036406",
        "amenity": "restaurant",
        "indoor_seating": "yes",
        "name": "Barbecue Nation",
        "outdoor_seating": "no"
      },
      "geometry": {
        "type": "Point",
        "coordinates": [
          46.7018562,
          24.7045947
        ]
      },
      "id": "node/697036406"
    },
    {
      "type": "Feature",
      "properties": {
        "@id": "node/697036408",
        "amenity": "restaurant",
        "indoor_seating": "yes",
        "name": "Reyash",
        "outdoor_seating": "yes"
      },
      "geometry": {
        "type": "Point",
        "coordinates": [
          46.7019314,
          24.7045029
        ]
      },
      "id": "node/697036408"
    },
    {
      "type": "Feature",
      "properties": {
        "@id": "node/697042825",
        "amenity": "fast_food",
        "brand": "McDonald's",
        "brand:wikidata": "Q38076",
        "brand:wikipedia": "en:McDonald's",
        "cuisine": "burger",
        "name": "McDonald's",
        "takeaway": "yes"
      },
      "geometry": {
        "type": "Point",
        "coordinates": [
          46.6973019,
          24.7118957
        ]
      },
      "id": "node/697042825"
    },
    {
      "type": "Feature",
      "properties": {
        "@id": "node/697309683",
        "addr:street": "Khurais Road",
        "amenity": "restaurant",
        "atm": "yes",
        "name": "Saadiddin Restaurant"
      },
      "geometry": {
        "type": "Point",
        "coordinates": [
          46.778086,
          24.725446
        ]
      },
      "id": "node/697309683"
    },
    {
      "type": "Feature",
      "properties": {
        "@id": "node/697309807",
        "addr:street": "Khurais Road",
        "amenity": "fast_food",
        "name": "Hardees"
      },
      "geometry": {
        "type": "Point",
        "coordinates": [
          46.778862,
          24.724666
        ]
      },
      "id": "node/697309807"
    },
    {
      "type": "Feature",
      "properties": {
        "@id": "node/697310390",
        "amenity": "restaurant",
        "cuisine": "italian",
        "name": "Forchetta Italian Grill"
      },
      "geometry": {
        "type": "Point",
        "coordinates": [
          46.778962,
          24.724413
        ]
      },
      "id": "node/697310390"
    },
    {
      "type": "Feature",
      "properties": {
        "@id": "node/697310431",
        "amenity": "cafe",
        "name": "Krispy Kreme"
      },
      "geometry": {
        "type": "Point",
        "coordinates": [
          46.77885,
          24.724476
        ]
      },
      "id": "node/697310431"
    },
    {
      "type": "Feature",
      "properties": {
        "@id": "node/698601389",
        "amenity": "fast_food",
        "brand": "Cinnabon",
        "brand:wikidata": "Q1092539",
        "cuisine": "dessert",
        "name": "Cinnabon",
        "takeaway": "yes"
      },
      "geometry": {
        "type": "Point",
        "coordinates": [
          46.7978042,
          24.7375941
        ]
      },
      "id": "node/698601389"
    },
    {
      "type": "Feature",
      "properties": {
        "@id": "node/698601404",
        "amenity": "cafe",
        "name": "Seatle's Best"
      },
      "geometry": {
        "type": "Point",
        "coordinates": [
          46.7973375,
          24.7375307
        ]
      },
      "id": "node/698601404"
    },
    {
      "type": "Feature",
      "properties": {
        "@id": "node/768098655",
        "amenity": "restaurant",
        "cuisine": "italian"
      },
      "geometry": {
        "type": "Point",
        "coordinates": [
          46.6256224,
          24.685461
        ]
      },
      "id": "node/768098655"
    },
    {
      "type": "Feature",
      "properties": {
        "@id": "node/768098758",
        "leisure": "sports_centre",
        "name": "Prince Salman Science Oasis"
      },
      "geometry": {
        "type": "Point",
        "coordinates": [
          46.6311467,
          24.6788131
        ]
      },
      "id": "node/768098758"
    },
    {
      "type": "Feature",
      "properties": {
        "@id": "node/768102729",
        "amenity": "cafe"
      },
      "geometry": {
        "type": "Point",
        "coordinates": [
          46.6234005,
          24.6820107
        ]
      },
      "id": "node/768102729"
    },
    {
      "type": "Feature",
      "properties": {
        "@id": "node/768103458",
        "amenity": "fast_food",
        "cuisine": "regional",
        "name": "Kudu"
      },
      "geometry": {
        "type": "Point",
        "coordinates": [
          46.6235951,
          24.6821702
        ]
      },
      "id": "node/768103458"
    },
    {
      "type": "Feature",
      "properties": {
        "@id": "node/937671373",
        "amenity": "cafe",
        "name": "Java Cafe"
      },
      "geometry": {
        "type": "Point",
        "coordinates": [
          46.7185334,
          24.6883445
        ]
      },
      "id": "node/937671373"
    },
    {
      "type": "Feature",
      "properties": {
        "@id": "node/937700666",
        "amenity": "restaurant",
        "name": "Al Kafoura Rest. & Sweets",
        "source": "survey"
      },
      "geometry": {
        "type": "Point",
        "coordinates": [
          46.718445,
          24.68434
        ]
      },
      "id": "node/937700666"
    },
    {
      "type": "Feature",
      "properties": {
        "@id": "node/968662310",
        "amenity": "fast_food",
        "brand": "McDonald's",
        "brand:wikidata": "Q38076",
        "brand:wikipedia": "en:McDonald's",
        "cuisine": "burger",
        "name": "McDonald's",
        "takeaway": "yes"
      },
      "geometry": {
        "type": "Point",
        "coordinates": [
          46.8084664,
          24.7430676
        ]
      },
      "id": "node/968662310"
    },
    {
      "type": "Feature",
      "properties": {
        "@id": "node/988829066",
        "alt_name": "Kentucky Fried Chicken",
        "amenity": "fast_food",
        "brand": "KFC",
        "brand:wikidata": "Q524757",
        "brand:wikipedia": "en:KFC",
        "cuisine": "chicken",
        "name": "KFC",
        "takeaway": "yes"
      },
      "geometry": {
        "type": "Point",
        "coordinates": [
          46.8069711,
          24.7420354
        ]
      },
      "id": "node/988829066"
    },
    {
      "type": "Feature",
      "properties": {
        "@id": "node/988860968",
        "amenity": "fast_food",
        "brand": "Domino's",
        "brand:wikidata": "Q839466",
        "cuisine": "pizza",
        "name": "Domino's",
        "takeaway": "yes"
      },
      "geometry": {
        "type": "Point",
        "coordinates": [
          46.7246219,
          24.6879164
        ]
      },
      "id": "node/988860968"
    },
    {
      "type": "Feature",
      "properties": {
        "@id": "node/988861041",
        "amenity": "restaurant",
        "name": "Al Nafoura Rest. & Sweets"
      },
      "geometry": {
        "type": "Point",
        "coordinates": [
          46.7238554,
          24.6884918
        ]
      },
      "id": "node/988861041"
    },
    {
      "type": "Feature",
      "properties": {
        "@id": "node/988861074",
        "addr:street": "شارع خريص",
        "amenity": "cafe",
        "email": "gm@shurfa.com",
        "name": "Al Shurfa Cafe & Restaurant",
        "opening_hours": "Mo-Su 10:00-23:55",
        "phone": "0114455544",
        "website": "https://shurfa.com/"
      },
      "geometry": {
        "type": "Point",
        "coordinates": [
          46.743159,
          24.7036329
        ]
      },
      "id": "node/988861074"
    },
    {
      "type": "Feature",
      "properties": {
        "@id": "node/1056080874",
        "museum": "aviation",
        "name": "Sakr al Jazeera Aviation Museum",
        "tourism": "museum",
        "wikidata": "Q2032344",
        "wikipedia": "en:Royal Saudi Air Force Museum"
      },
      "geometry": {
        "type": "Point",
        "coordinates": [
          46.7402015,
          24.754052
        ]
      },
      "id": "node/1056080874"
    },
    {
      "type": "Feature",
      "properties": {
        "@id": "node/1065452274",
        "amenity": "cafe",
        "name": "Cafe Coffee"
      },
      "geometry": {
        "type": "Point",
        "coordinates": [
          46.7423114,
          24.7545012
        ]
      },
      "id": "node/1065452274"
    },
    {
      "type": "Feature",
      "properties": {
        "@id": "node/1166230270",
        "amenity": "cafe"
      },
      "geometry": {
        "type": "Point",
        "coordinates": [
          46.812976,
          24.6938
        ]
      },
      "id": "node/1166230270"
    },
    {
      "type": "Feature",
      "properties": {
        "@id": "node/1176690495",
        "amenity": "fast_food",
        "brand": "McDonald's",
        "brand:wikidata": "Q38076",
        "brand:wikipedia": "en:McDonald's",
        "cuisine": "burger",
        "name": "ماكدونالدز",
        "name:en": "McDonald's",
        "takeaway": "yes"
      },
      "geometry": {
        "type": "Point",
        "coordinates": [
          46.7409664,
          24.7997785
        ]
      },
      "id": "node/1176690495"
    },
    {
      "type": "Feature",
      "properties": {
        "@id": "node/1196535446",
        "amenity": "fast_food",
        "brand": "McDonald's",
        "brand:wikidata": "Q38076",
        "brand:wikipedia": "en:McDonald's",
        "cuisine": "burger",
        "internet_access": "wlan",
        "name": "McDonald's",
        "takeaway": "yes"
      },
      "geometry": {
        "type": "Point",
        "coordinates": [
          46.7287145,
          24.7765118
        ]
      },
      "id": "node/1196535446"
    },
    {
      "type": "Feature",
      "properties": {
        "@id": "node/1199611196",
        "amenity": "restaurant",
        "cuisine": "international",
        "name": "Crown Plaza hotel Riyadh"
      },
      "geometry": {
        "type": "Point",
        "coordinates": [
          46.7173539,
          24.6897441
        ]
      },
      "id": "node/1199611196"
    },
    {
      "type": "Feature",
      "properties": {
        "@id": "node/1242612349",
        "amenity": "cafe"
      },
      "geometry": {
        "type": "Point",
        "coordinates": [
          46.9458503,
          24.865811
        ]
      },
      "id": "node/1242612349"
    },
    {
      "type": "Feature",
      "properties": {
        "@id": "node/1242612360",
        "tourism": "museum"
      },
      "geometry": {
        "type": "Point",
        "coordinates": [
          46.966278,
          24.8359038
        ]
      },
      "id": "node/1242612360"
    },
    {
      "type": "Feature",
      "properties": {
        "@id": "node/1242831609",
        "amenity": "restaurant",
        "cuisine": "buffet",
        "name": "Quattro"
      },
      "geometry": {
        "type": "Point",
        "coordinates": [
          46.6732363,
          24.7112433
        ]
      },
      "id": "node/1242831609"
    },
    {
      "type": "Feature",
      "properties": {
        "@id": "node/1376388488",
        "amenity": "fast_food",
        "cuisine": "american",
        "int_name": "Dairy Queen",
        "name": "ديري كوين"
      },
      "geometry": {
        "type": "Point",
        "coordinates": [
          46.6923201,
          24.7007697
        ]
      },
      "id": "node/1376388488"
    },
    {
      "type": "Feature",
      "properties": {
        "@id": "node/1376394671",
        "alt_name": "هرفي",
        "amenity": "fast_food",
        "brand": "هرفي",
        "brand:ar": "هرفي",
        "brand:en": "Herfy",
        "brand:wikidata": "Q5738371",
        "brand:wikipedia": "en:Herfy",
        "cuisine": "burger",
        "name": "هرفي",
        "name:ar": "هرفي",
        "name:en": "Herfy",
        "takeaway": "yes"
      },
      "geometry": {
        "type": "Point",
        "coordinates": [
          46.6751345,
          24.6756062
        ]
      },
      "id": "node/1376394671"
    },
    {
      "type": "Feature",
      "properties": {
        "@id": "node/1428428733",
        "amenity": "restaurant",
        "cuisine": "regional",
        "name": "Yamal Asham"
      },
      "geometry": {
        "type": "Point",
        "coordinates": [
          46.700071,
          24.6894742
        ]
      },
      "id": "node/1428428733"
    },
    {
      "type": "Feature",
      "properties": {
        "@id": "node/1428428734",
        "addr:street": "عبد العزيز بن مساعد بن جلوي",
        "amenity": "fast_food",
        "cuisine": "kebab",
        "name": "ماما نورة",
        "name:en": "Mama Noura",
        "smoking": "no"
      },
      "geometry": {
        "type": "Point",
        "coordinates": [
          46.7017661,
          24.6915798
        ]
      },
      "id": "node/1428428734"
    },
    {
      "type": "Feature",
      "properties": {
        "@id": "node/1428428735",
        "amenity": "restaurant",
        "cuisine": "french",
        "name": "French Corner"
      },
      "geometry": {
        "type": "Point",
        "coordinates": [
          46.7019271,
          24.6925351
        ]
      },
      "id": "node/1428428735"
    },
    {
      "type": "Feature",
      "properties": {
        "@id": "node/1450692308",
        "amenity": "restaurant",
        "cuisine": "italian",
        "name": "Italian"
      },
      "geometry": {
        "type": "Point",
        "coordinates": [
          46.6720081,
          24.7707353
        ]
      },
      "id": "node/1450692308"
    },
    {
      "type": "Feature",
      "properties": {
        "@id": "node/1450711440",
        "amenity": "restaurant",
        "name": "Buffalo"
      },
      "geometry": {
        "type": "Point",
        "coordinates": [
          46.6951667,
          24.7017399
        ]
      },
      "id": "node/1450711440"
    },
    {
      "type": "Feature",
      "properties": {
        "@id": "node/1639693359",
        "amenity": "restaurant",
        "name": "Vapiano"
      },
      "geometry": {
        "type": "Point",
        "coordinates": [
          46.6907787,
          24.6988545
        ]
      },
      "id": "node/1639693359"
    },
    {
      "type": "Feature",
      "properties": {
        "@id": "node/1667681785",
        "amenity": "restaurant",
        "cuisine": "burger",
        "designation": "مطعم هرفي للوجبات السريعه + مخبز هرفي",
        "int_name": "Herfy",
        "name": "مطعم هرفي",
        "website": "https://www.herfy.com/index.php?lang=ar"
      },
      "geometry": {
        "type": "Point",
        "coordinates": [
          46.7625149,
          24.7310396
        ]
      },
      "id": "node/1667681785"
    },
    {
      "type": "Feature",
      "properties": {
        "@id": "node/1717705903",
        "amenity": "fast_food",
        "cuisine": "regional",
        "name": "Kudu"
      },
      "geometry": {
        "type": "Point",
        "coordinates": [
          46.7641784,
          24.848512
        ]
      },
      "id": "node/1717705903"
    },
    {
      "type": "Feature",
      "properties": {
        "@id": "node/1789722859",
        "amenity": "fast_food",
        "brand": "Subway",
        "brand:wikidata": "Q244457",
        "cuisine": "sandwich",
        "name": "Subway",
        "takeaway": "yes"
      },
      "geometry": {
        "type": "Point",
        "coordinates": [
          46.6866028,
          24.6898109
        ]
      },
      "id": "node/1789722859"
    },
    {
      "type": "Feature",
      "properties": {
        "@id": "node/1789723177",
        "amenity": "restaurant",
        "name": "Pizza Fusion"
      },
      "geometry": {
        "type": "Point",
        "coordinates": [
          46.6974285,
          24.6936617
        ]
      },
      "id": "node/1789723177"
    },
    {
      "type": "Feature",
      "properties": {
        "@id": "node/1789725783",
        "addr:city": "الرياض",
        "amenity": "restaurant",
        "cuisine": "indian",
        "name": "Darbar Restaurant"
      },
      "geometry": {
        "type": "Point",
        "coordinates": [
          46.6885331,
          24.6833024
        ]
      },
      "id": "node/1789725783"
    },
    {
      "type": "Feature",
      "properties": {
        "@id": "node/1789741965",
        "addr:city": "الرياض",
        "amenity": "restaurant",
        "cuisine": "indian",
        "name": "Lucky Cafe"
      },
      "geometry": {
        "type": "Point",
        "coordinates": [
          46.6892504,
          24.6830044
        ]
      },
      "id": "node/1789741965"
    },
    {
      "type": "Feature",
      "properties": {
        "@id": "node/1819673144",
        "amenity": "restaurant",
        "name": "بر وسمن"
      },
      "geometry": {
        "type": "Point",
        "coordinates": [
          46.6673033,
          24.5867466
        ]
      },
      "id": "node/1819673144"
    },
    {
      "type": "Feature",
      "properties": {
        "@id": "node/1880860058",
        "addr:city": "الرياض",
        "amenity": "restaurant",
        "name": "Al Khozana - Garden BBQ"
      },
      "geometry": {
        "type": "Point",
        "coordinates": [
          46.6854179,
          24.6914913
        ]
      },
      "id": "node/1880860058"
    },
    {
      "type": "Feature",
      "properties": {
        "@id": "node/2198071348",
        "amenity": "fast_food",
        "brand": "Subway",
        "brand:wikidata": "Q244457",
        "cuisine": "sandwich",
        "name": "Subway",
        "takeaway": "yes"
      },
      "geometry": {
        "type": "Point",
        "coordinates": [
          46.7106915,
          24.6912903
        ]
      },
      "id": "node/2198071348"
    },
    {
      "type": "Feature",
      "properties": {
        "@id": "node/2198071551",
        "amenity": "fast_food",
        "name": "Abdel Wahab"
      },
      "geometry": {
        "type": "Point",
        "coordinates": [
          46.6996622,
          24.6949652
        ]
      },
      "id": "node/2198071551"
    },
    {
      "type": "Feature",
      "properties": {
        "@id": "node/2206341064",
        "addr:street": "Khurais Road",
        "amenity": "fast_food",
        "name": "على خفيف",
        "name:en": "alkhafeeh"
      },
      "geometry": {
        "type": "Point",
        "coordinates": [
          46.6978598,
          24.6822342
        ]
      },
      "id": "node/2206341064"
    },
    {
      "type": "Feature",
      "properties": {
        "@id": "node/2300871176",
        "amenity": "fast_food",
        "brand": "هرفي",
        "brand:ar": "هرفي",
        "brand:en": "Herfy",
        "brand:wikidata": "Q5738371",
        "brand:wikipedia": "ar:هرفي",
        "cuisine": "burger",
        "name": "هرفي",
        "name:ar": "هرفي",
        "name:en": "Herfy",
        "takeaway": "yes"
      },
      "geometry": {
        "type": "Point",
        "coordinates": [
          46.6036741,
          24.5946384
        ]
      },
      "id": "node/2300871176"
    },
    {
      "type": "Feature",
      "properties": {
        "@id": "node/2427147399",
        "addr:city": "Riyadh",
        "addr:postcode": "11411",
        "amenity": "fast_food",
        "brand": "ماكدونالدز",
        "brand:ar": "ماكدونالدز",
        "brand:en": "McDonald's",
        "brand:wikidata": "Q38076",
        "cuisine": "burger",
        "name": "ماكدونالدز",
        "name:ar": "ماكدونالدز",
        "name:en": "McDonald's",
        "takeaway": "yes"
      },
      "geometry": {
        "type": "Point",
        "coordinates": [
          46.7277571,
          24.6703155
        ]
      },
      "id": "node/2427147399"
    },
    {
      "type": "Feature",
      "properties": {
        "@id": "node/2427147413",
        "amenity": "restaurant",
        "cuisine": "kebab",
        "name": "Koushari Express"
      },
      "geometry": {
        "type": "Point",
        "coordinates": [
          46.7303883,
          24.670807
        ]
      },
      "id": "node/2427147413"
    },
    {
      "type": "Feature",
      "properties": {
        "@id": "node/2429936978",
        "amenity": "restaurant",
        "cuisine": "kebab",
        "name": "Gad"
      },
      "geometry": {
        "type": "Point",
        "coordinates": [
          46.7309483,
          24.6708964
        ]
      },
      "id": "node/2429936978"
    },
    {
      "type": "Feature",
      "properties": {
        "@id": "node/2429936984",
        "amenity": "restaurant",
        "cuisine": "chicken",
        "name": "Shawaya house"
      },
      "geometry": {
        "type": "Point",
        "coordinates": [
          46.7333422,
          24.6713485
        ]
      },
      "id": "node/2429936984"
    },
    {
      "type": "Feature",
      "properties": {
        "@id": "node/2429936986",
        "amenity": "restaurant",
        "cuisine": "sandwich",
        "name": "مطعم هاشم",
        "name:en": "Hashim"
      },
      "geometry": {
        "type": "Point",
        "coordinates": [
          46.7332618,
          24.6676583
        ]
      },
      "id": "node/2429936986"
    },
    {
      "type": "Feature",
      "properties": {
        "@id": "node/2429936987",
        "amenity": "restaurant",
        "cuisine": "sandwich",
        "name": "مطعم النقاء",
        "name:ar": "مطعم النقاء",
        "name:en": "Al Naqaa"
      },
      "geometry": {
        "type": "Point",
        "coordinates": [
          46.7334763,
          24.6673268
        ]
      },
      "id": "node/2429936987"
    },
    {
      "type": "Feature",
      "properties": {
        "@id": "node/2429936989",
        "amenity": "restaurant",
        "cuisine": "chicken",
        "name": "Ghawar"
      },
      "geometry": {
        "type": "Point",
        "coordinates": [
          46.7315827,
          24.6697399
        ]
      },
      "id": "node/2429936989"
    },
    {
      "type": "Feature",
      "properties": {
        "@id": "node/2429936991",
        "amenity": "restaurant",
        "cuisine": "pizza",
        "name": "Al Omda"
      },
      "geometry": {
        "type": "Point",
        "coordinates": [
          46.7313627,
          24.6704321
        ]
      },
      "id": "node/2429936991"
    },
    {
      "type": "Feature",
      "properties": {
        "@id": "node/2434766607",
        "amenity": "restaurant",
        "cuisine": "pizza",
        "name": "Pizza Jarir"
      },
      "geometry": {
        "type": "Point",
        "coordinates": [
          46.7297606,
          24.6707095
        ]
      },
      "id": "node/2434766607"
    },
    {
      "type": "Feature",
      "properties": {
        "@id": "node/2434766609",
        "amenity": "restaurant",
        "cuisine": "pizza",
        "name": "Mama Mashael"
      },
      "geometry": {
        "type": "Point",
        "coordinates": [
          46.7295246,
          24.6706803
        ]
      },
      "id": "node/2434766609"
    },
    {
      "type": "Feature",
      "properties": {
        "@id": "node/2455292060",
        "amenity": "cafe",
        "cuisine": "coffee_shop",
        "internet_access": "yes",
        "name": "أكثر من قهوة",
        "name:en": "more than a cafe",
        "phone": "+966 50 747 8472",
        "website": "http://morethanacafe.com.sa"
      },
      "geometry": {
        "type": "Point",
        "coordinates": [
          46.6617395,
          24.7811556
        ]
      },
      "id": "node/2455292060"
    },
    {
      "type": "Feature",
      "properties": {
        "@id": "node/2530465471",
        "addr:city": "الرياض",
        "addr:city:en": "Riyadh",
        "addr:housename": "Java Time",
        "addr:postcode": "12221",
        "addr:street": "King Fahad Rd",
        "amenity": "cafe",
        "brand": "جافا تايم",
        "brand:ar": "جافا تايم",
        "brand:en": "Java Time",
        "brand:wikidata": "Q12204153",
        "brand:wikipedia": "ar:جافا تايم",
        "cuisine": "coffee_shop",
        "name": "جافا تايم",
        "name:ar": "جافا تايم",
        "name:en": "Java Time",
        "takeaway": "yes"
      },
      "geometry": {
        "type": "Point",
        "coordinates": [
          46.69716,
          24.6828568
        ]
      },
      "id": "node/2530465471"
    },
    {
      "type": "Feature",
      "properties": {
        "@id": "node/2570569438",
        "amenity": "cafe",
        "cuisine": "coffee_shop",
        "internet_access": "yes",
        "name": "جافا كفيه"
      },
      "geometry": {
        "type": "Point",
        "coordinates": [
          46.6911104,
          24.5842784
        ]
      },
      "id": "node/2570569438"
    },
    {
      "type": "Feature",
      "properties": {
        "@id": "node/2570569488",
        "leisure": "park",
        "name": "منتزه سد وادي نمار"
      },
      "geometry": {
        "type": "Point",
        "coordinates": [
          46.6829673,
          24.5730216
        ]
      },
      "id": "node/2570569488"
    },
    {
      "type": "Feature",
      "properties": {
        "@id": "node/2624478056",
        "addr:city": "Riyadh",
        "addr:street": "طريق عثمان بن عفان",
        "amenity": "restaurant",
        "cuisine": "ice_cream",
        "name": "Baskin Robbins",
        "website": "https://www.baskinrobbins.com/content/baskinrobbins/en.html"
      },
      "geometry": {
        "type": "Point",
        "coordinates": [
          46.7142571,
          24.7640166
        ]
      },
      "id": "node/2624478056"
    },
    {
      "type": "Feature",
      "properties": {
        "@id": "node/2624488629",
        "addr:city": "riyadh",
        "addr:street": "Abu Bakr asSiddiq",
        "amenity": "restaurant",
        "cuisine": "arabic",
        "name": "Najd Village"
      },
      "geometry": {
        "type": "Point",
        "coordinates": [
          46.7046388,
          24.742561
        ]
      },
      "id": "node/2624488629"
    },
    {
      "type": "Feature",
      "properties": {
        "@id": "node/2624504872",
        "addr:city": "Riyadh",
        "addr:street": "Hesham Bin Abdul Maiek St",
        "amenity": "restaurant",
        "cuisine": "arabic",
        "name": "Shawaya House"
      },
      "geometry": {
        "type": "Point",
        "coordinates": [
          46.6724232,
          24.7429454
        ]
      },
      "id": "node/2624504872"
    },
    {
      "type": "Feature",
      "properties": {
        "@id": "node/2624515182",
        "addr:city": "riyadh",
        "addr:street": "Olaya Street",
        "amenity": "restaurant",
        "brand": "Subway",
        "brand:wikidata": "Q244457",
        "brand:wikipedia": "en:Subway (restaurant)",
        "cuisine": "sandwich",
        "name": "Subway",
        "takeaway": "yes"
      },
      "geometry": {
        "type": "Point",
        "coordinates": [
          46.6666555,
          24.7312342
        ]
      },
      "id": "node/2624515182"
    },
    {
      "type": "Feature",
      "properties": {
        "@id": "node/2624519350",
        "addr:city": "Riyadh",
        "addr:street": "Al Amir Naif Bin Abdul Aziz St.",
        "amenity": "restaurant",
        "cuisine": "lebanese",
        "name": "Golden Saj"
      },
      "geometry": {
        "type": "Point",
        "coordinates": [
          46.6707885,
          24.7396443
        ]
      },
      "id": "node/2624519350"
    },
    {
      "type": "Feature",
      "properties": {
        "@id": "node/2704832500",
        "addr:street": "Al Zubair Bin Al Awam St.",
        "amenity": "restaurant",
        "cuisine": "regional",
        "name": "الرومانسية",
        "name:en": "Al-Romansiah",
        "phone": "920000144",
        "source": "Bing"
      },
      "geometry": {
        "type": "Point",
        "coordinates": [
          46.7923604,
          24.6958274
        ]
      },
      "id": "node/2704832500"
    },
    {
      "type": "Feature",
      "properties": {
        "@id": "node/2705420412",
        "amenity": "restaurant",
        "cuisine": "pizza",
        "name": "فطيرة هت",
        "name:en": "Fateera Hut"
      },
      "geometry": {
        "type": "Point",
        "coordinates": [
          46.7921909,
          24.6956985
        ]
      },
      "id": "node/2705420412"
    },
    {
      "type": "Feature",
      "properties": {
        "@id": "node/2705629617",
        "name": "العثيم مول",
        "name:en": "Al-Othaim Mall snow city",
        "shop": "mall"
      },
      "geometry": {
        "type": "Point",
        "coordinates": [
          46.7748506,
          24.6857467
        ]
      },
      "id": "node/2705629617"
    },
    {
      "type": "Feature",
      "properties": {
        "@id": "node/2712472618",
        "amenity": "restaurant",
        "cuisine": "regional",
        "name": "مطاعم الصاج الذهبي",
        "name:en": "Golden Saj"
      },
      "geometry": {
        "type": "Point",
        "coordinates": [
          46.7792878,
          24.7004579
        ]
      },
      "id": "node/2712472618"
    },
    {
      "type": "Feature",
      "properties": {
        "@id": "node/3050114459",
        "amenity": "cafe",
        "internet_access": "yes",
        "name": "arocaria",
        "smoking": "isolated"
      },
      "geometry": {
        "type": "Point",
        "coordinates": [
          46.6630009,
          24.7089154
        ]
      },
      "id": "node/3050114459"
    },
    {
      "type": "Feature",
      "properties": {
        "@id": "node/3095489560",
        "amenity": "restaurant",
        "cuisine": "lebanese",
        "name": "قصر حلو عبد الرحمن الحلاب وأولاده ١٨٨١",
        "name:en": "Abdul Rahman Hallab & Sons 1881"
      },
      "geometry": {
        "type": "Point",
        "coordinates": [
          46.7076196,
          24.7088068
        ]
      },
      "id": "node/3095489560"
    },
    {
      "type": "Feature",
      "properties": {
        "@id": "node/3188163406",
        "leisure": "sports_centre",
        "name": "قوة الرياضي"
      },
      "geometry": {
        "type": "Point",
        "coordinates": [
          46.8394232,
          24.5677679
        ]
      },
      "id": "node/3188163406"
    },
    {
      "type": "Feature",
      "properties": {
        "@id": "node/3188163431",
        "amenity": "restaurant"
      },
      "geometry": {
        "type": "Point",
        "coordinates": [
          46.8377012,
          24.5692559
        ]
      },
      "id": "node/3188163431"
    },
    {
      "type": "Feature",
      "properties": {
        "@id": "node/3229365078",
        "addr:street": "King Abdullah Road",
        "amenity": "fast_food",
        "brand": "McDonald's",
        "brand:wikidata": "Q38076",
        "brand:wikipedia": "en:McDonald's",
        "cuisine": "burger",
        "name": "McDonald's",
        "takeaway": "yes"
      },
      "geometry": {
        "type": "Point",
        "coordinates": [
          46.7203202,
          24.7522379
        ]
      },
      "id": "node/3229365078"
    },
    {
      "type": "Feature",
      "properties": {
        "@id": "node/3308992465",
        "amenity": "fast_food",
        "brand": "ماكدونالدز",
        "brand:ar": "ماكدونالدز",
        "brand:en": "McDonald's",
        "brand:wikidata": "Q38076",
        "brand:wikipedia": "en:McDonald's",
        "cuisine": "burger;coffee_shop;american",
        "diet:halal": "yes",
        "drive_through": "yes",
        "name": "ماكدونالدز",
        "name:ar": "ماكدونالدز",
        "name:en": "McDonald's",
        "takeaway": "yes",
        "website": "https://www.mcdonalds.com/sa/ar-sa/riyadh.html"
      },
      "geometry": {
        "type": "Point",
        "coordinates": [
          46.7587777,
          24.8455916
        ]
      },
      "id": "node/3308992465"
    },
    {
      "type": "Feature",
      "properties": {
        "@id": "node/3320766338",
        "amenity": "restaurant",
        "cuisine": "american",
        "name": "Tony Roma's"
      },
      "geometry": {
        "type": "Point",
        "coordinates": [
          46.6801722,
          24.7027286
        ]
      },
      "id": "node/3320766338"
    },
    {
      "type": "Feature",
      "properties": {
        "@id": "node/3347616253",
        "amenity": "restaurant",
        "name": "Mensa"
      },
      "geometry": {
        "type": "Point",
        "coordinates": [
          46.7072218,
          24.8095361
        ]
      },
      "id": "node/3347616253"
    },
    {
      "type": "Feature",
      "properties": {
        "@id": "node/3360187997",
        "leisure": "sports_centre",
        "name": "Sports Garden",
        "website": "https://www.riyadhgolfcourses.com/sports_garden"
      },
      "geometry": {
        "type": "Point",
        "coordinates": [
          46.5770464,
          24.9590496
        ]
      },
      "id": "node/3360187997"
    },
    {
      "type": "Feature",
      "properties": {
        "@id": "node/3370607143",
        "amenity": "cafe",
        "brand": "Starbucks",
        "brand:wikidata": "Q37158",
        "brand:wikipedia": "en:Starbucks",
        "cuisine": "coffee_shop",
        "name": "Starbucks",
        "official_name": "Starbucks Coffee",
        "takeaway": "yes"
      },
      "geometry": {
        "type": "Point",
        "coordinates": [
          46.6232542,
          24.6734054
        ]
      },
      "id": "node/3370607143"
    },
    {
      "type": "Feature",
      "properties": {
        "@id": "node/3371132160",
        "amenity": "fast_food",
        "brand": "Dunkin' Donuts",
        "brand:wikidata": "Q847743",
        "brand:wikipedia": "en:Dunkin' Donuts",
        "cuisine": "donut;coffee_shop",
        "name": "Dunkin' Donuts",
        "takeaway": "yes"
      },
      "geometry": {
        "type": "Point",
        "coordinates": [
          46.6231617,
          24.6731463
        ]
      },
      "id": "node/3371132160"
    },
    {
      "type": "Feature",
      "properties": {
        "@id": "node/3371582137",
        "amenity": "cafe",
        "name": "Coffee Lounge"
      },
      "geometry": {
        "type": "Point",
        "coordinates": [
          46.6191666,
          24.6882675
        ]
      },
      "id": "node/3371582137"
    },
    {
      "type": "Feature",
      "properties": {
        "@id": "node/3371582165",
        "amenity": "restaurant"
      },
      "geometry": {
        "type": "Point",
        "coordinates": [
          46.6189985,
          24.6890323
        ]
      },
      "id": "node/3371582165"
    },
    {
      "type": "Feature",
      "properties": {
        "@id": "node/3371582166",
        "amenity": "cafe",
        "name": "Coffee Shop"
      },
      "geometry": {
        "type": "Point",
        "coordinates": [
          46.6188778,
          24.6888788
        ]
      },
      "id": "node/3371582166"
    },
    {
      "type": "Feature",
      "properties": {
        "@id": "node/3371582168",
        "amenity": "cafe",
        "name": "Coffee Shop"
      },
      "geometry": {
        "type": "Point",
        "coordinates": [
          46.6198098,
          24.688813
        ]
      },
      "id": "node/3371582168"
    },
    {
      "type": "Feature",
      "properties": {
        "@id": "node/3386289546",
        "leisure": "park"
      },
      "geometry": {
        "type": "Point",
        "coordinates": [
          46.6653635,
          24.5377545
        ]
      },
      "id": "node/3386289546"
    },
    {
      "type": "Feature",
      "properties": {
        "@id": "node/3410005173",
        "leisure": "park"
      },
      "geometry": {
        "type": "Point",
        "coordinates": [
          46.7621668,
          24.7657116
        ]
      },
      "id": "node/3410005173"
    },
    {
      "type": "Feature",
      "properties": {
        "@id": "node/3410005797",
        "leisure": "park"
      },
      "geometry": {
        "type": "Point",
        "coordinates": [
          46.7539435,
          24.7596568
        ]
      },
      "id": "node/3410005797"
    },
    {
      "type": "Feature",
      "properties": {
        "@id": "node/3410325377",
        "leisure": "park"
      },
      "geometry": {
        "type": "Point",
        "coordinates": [
          46.7481483,
          24.7979782
        ]
      },
      "id": "node/3410325377"
    },
    {
      "type": "Feature",
      "properties": {
        "@id": "node/3412001820",
        "leisure": "park"
      },
      "geometry": {
        "type": "Point",
        "coordinates": [
          46.8064549,
          24.7086606
        ]
      },
      "id": "node/3412001820"
    },
    {
      "type": "Feature",
      "properties": {
        "@id": "node/3412001821",
        "leisure": "park"
      },
      "geometry": {
        "type": "Point",
        "coordinates": [
          46.8120913,
          24.7102648
        ]
      },
      "id": "node/3412001821"
    },
    {
      "type": "Feature",
      "properties": {
        "@id": "node/3412001825",
        "leisure": "park"
      },
      "geometry": {
        "type": "Point",
        "coordinates": [
          46.8147415,
          24.7131085
        ]
      },
      "id": "node/3412001825"
    },
    {
      "type": "Feature",
      "properties": {
        "@id": "node/3412009484",
        "leisure": "park"
      },
      "geometry": {
        "type": "Point",
        "coordinates": [
          46.8084904,
          24.70251
        ]
      },
      "id": "node/3412009484"
    },
    {
      "type": "Feature",
      "properties": {
        "@id": "node/3412009491",
        "leisure": "park"
      },
      "geometry": {
        "type": "Point",
        "coordinates": [
          46.8133617,
          24.704074
        ]
      },
      "id": "node/3412009491"
    },
    {
      "type": "Feature",
      "properties": {
        "@id": "node/3412009693",
        "leisure": "park"
      },
      "geometry": {
        "type": "Point",
        "coordinates": [
          46.8165798,
          24.6998262
        ]
      },
      "id": "node/3412009693"
    },
    {
      "type": "Feature",
      "properties": {
        "@id": "node/3423713051",
        "amenity": "restaurant",
        "name": "كنتاكي"
      },
      "geometry": {
        "type": "Point",
        "coordinates": [
          46.7078563,
          24.6517971
        ]
      },
      "id": "node/3423713051"
    },
    {
      "type": "Feature",
      "properties": {
        "@id": "node/3423713052",
        "amenity": "restaurant",
        "cuisine": "seafood",
        "name": "عمو حمزة"
      },
      "geometry": {
        "type": "Point",
        "coordinates": [
          46.7083525,
          24.6518995
        ]
      },
      "id": "node/3423713052"
    },
    {
      "type": "Feature",
      "properties": {
        "@id": "node/3431546360",
        "amenity": "restaurant",
        "name": "سلامة"
      },
      "geometry": {
        "type": "Point",
        "coordinates": [
          46.7180707,
          24.6299338
        ]
      },
      "id": "node/3431546360"
    },
    {
      "type": "Feature",
      "properties": {
        "@id": "node/3645300298",
        "addr:city": "Riyadh",
        "addr:housenumber": "7179",
        "addr:postcode": "12393 4057",
        "addr:street": "Salim Ibn Maqil, An Nakhil",
        "amenity": "cafe",
        "cuisine": "coffee_shop",
        "internet_access": "yes",
        "name": "اكسير البن",
        "name:en": "Elixir Bunn Coffee Roasters",
        "opening_hours": "21:00-01:00",
        "phone": "+966 57 090 8181",
        "smoking": "no",
        "website": "https://elixirbunn.com/"
      },
      "geometry": {
        "type": "Point",
        "coordinates": [
          46.6112465,
          24.7343299
        ]
      },
      "id": "node/3645300298"
    },
    {
      "type": "Feature",
      "properties": {
        "@id": "node/3777632719",
        "amenity": "fast_food",
        "brand": "Steak Escape",
        "brand:wikidata": "Q7605235",
        "brand:wikipedia": "en:Steak Escape",
        "cuisine": "sandwich",
        "name": "Steak Escape",
        "takeaway": "yes"
      },
      "geometry": {
        "type": "Point",
        "coordinates": [
          46.7113951,
          24.7781
        ]
      },
      "id": "node/3777632719"
    },
    {
      "type": "Feature",
      "properties": {
        "@id": "node/3820731560",
        "amenity": "fast_food",
        "cuisine": "burger",
        "name": "ماكدونالز"
      },
      "geometry": {
        "type": "Point",
        "coordinates": [
          46.7691345,
          24.811728
        ]
      },
      "id": "node/3820731560"
    },
    {
      "type": "Feature",
      "properties": {
        "@id": "node/3835888398",
        "amenity": "restaurant"
      },
      "geometry": {
        "type": "Point",
        "coordinates": [
          46.7818588,
          24.8046125
        ]
      },
      "id": "node/3835888398"
    },
    {
      "type": "Feature",
      "properties": {
        "@id": "node/3835890214",
        "amenity": "restaurant"
      },
      "geometry": {
        "type": "Point",
        "coordinates": [
          46.7776531,
          24.8130073
        ]
      },
      "id": "node/3835890214"
    },
    {
      "type": "Feature",
      "properties": {
        "@id": "node/3835939107",
        "amenity": "fast_food",
        "branch": "Munsiyah",
        "brand": "هرفي",
        "brand:ar": "هرفي",
        "brand:en": "Herfy",
        "brand:wikidata": "Q5738371",
        "cuisine": "burger",
        "diet:halal": "yes",
        "drive_through": "yes",
        "name": "هرفي",
        "name:ar": "هرفي",
        "name:en": "Herfy",
        "takeaway": "yes",
        "website": "https://www.herfy.com/?lng=en"
      },
      "geometry": {
        "type": "Point",
        "coordinates": [
          46.7745035,
          24.8191097
        ]
      },
      "id": "node/3835939107"
    },
    {
      "type": "Feature",
      "properties": {
        "@id": "node/3835972294",
        "amenity": "restaurant"
      },
      "geometry": {
        "type": "Point",
        "coordinates": [
          46.7748421,
          24.8164903
        ]
      },
      "id": "node/3835972294"
    },
    {
      "type": "Feature",
      "properties": {
        "@id": "node/3835972310",
        "amenity": "restaurant"
      },
      "geometry": {
        "type": "Point",
        "coordinates": [
          46.7756146,
          24.8172304
        ]
      },
      "id": "node/3835972310"
    },
    {
      "type": "Feature",
      "properties": {
        "@id": "node/3836145820",
        "amenity": "cafe"
      },
      "geometry": {
        "type": "Point",
        "coordinates": [
          46.7676109,
          24.8327713
        ]
      },
      "id": "node/3836145820"
    },
    {
      "type": "Feature",
      "properties": {
        "@id": "node/3836149992",
        "amenity": "restaurant"
      },
      "geometry": {
        "type": "Point",
        "coordinates": [
          46.7671066,
          24.8338229
        ]
      },
      "id": "node/3836149992"
    },
    {
      "type": "Feature",
      "properties": {
        "@id": "node/3847079970",
        "amenity": "restaurant"
      },
      "geometry": {
        "type": "Point",
        "coordinates": [
          46.7171848,
          24.7674425
        ]
      },
      "id": "node/3847079970"
    },
    {
      "type": "Feature",
      "properties": {
        "@id": "node/3847079971",
        "amenity": "restaurant"
      },
      "geometry": {
        "type": "Point",
        "coordinates": [
          46.7171312,
          24.7673937
        ]
      },
      "id": "node/3847079971"
    },
    {
      "type": "Feature",
      "properties": {
        "@id": "node/3847079972",
        "amenity": "restaurant"
      },
      "geometry": {
        "type": "Point",
        "coordinates": [
          46.7170775,
          24.7673353
        ]
      },
      "id": "node/3847079972"
    },
    {
      "type": "Feature",
      "properties": {
        "@id": "node/3847079973",
        "amenity": "restaurant"
      },
      "geometry": {
        "type": "Point",
        "coordinates": [
          46.7170668,
          24.7672574
        ]
      },
      "id": "node/3847079973"
    },
    {
      "type": "Feature",
      "properties": {
        "@id": "node/3847079974",
        "amenity": "restaurant",
        "cuisine": "burger"
      },
      "geometry": {
        "type": "Point",
        "coordinates": [
          46.7170346,
          24.7671892
        ]
      },
      "id": "node/3847079974"
    },
    {
      "type": "Feature",
      "properties": {
        "@id": "node/3878565445",
        "amenity": "restaurant"
      },
      "geometry": {
        "type": "Point",
        "coordinates": [
          46.7805878,
          24.8072019
        ]
      },
      "id": "node/3878565445"
    },
    {
      "type": "Feature",
      "properties": {
        "@id": "node/3878589709",
        "amenity": "restaurant",
        "name": "منتو يغمش",
        "name:en": "mento eagmsh"
      },
      "geometry": {
        "type": "Point",
        "coordinates": [
          46.7829763,
          24.8005739
        ]
      },
      "id": "node/3878589709"
    },
    {
      "type": "Feature",
      "properties": {
        "@id": "node/3933149986",
        "amenity": "cafe"
      },
      "geometry": {
        "type": "Point",
        "coordinates": [
          46.5744278,
          24.7726688
        ]
      },
      "id": "node/3933149986"
    },
    {
      "type": "Feature",
      "properties": {
        "@id": "node/4041536859",
        "amenity": "fast_food",
        "brand": "McDonald's",
        "brand:wikidata": "Q38076",
        "brand:wikipedia": "en:McDonald's",
        "cuisine": "burger",
        "name": "McDonald's",
        "takeaway": "yes"
      },
      "geometry": {
        "type": "Point",
        "coordinates": [
          46.7949259,
          24.8026886
        ]
      },
      "id": "node/4041536859"
    },
    {
      "type": "Feature",
      "properties": {
        "@id": "node/4041537158",
        "amenity": "restaurant"
      },
      "geometry": {
        "type": "Point",
        "coordinates": [
          46.8059441,
          24.7929341
        ]
      },
      "id": "node/4041537158"
    },
    {
      "type": "Feature",
      "properties": {
        "@id": "node/4041584493",
        "amenity": "fast_food",
        "brand": "McDonald's",
        "brand:wikidata": "Q38076",
        "brand:wikipedia": "en:McDonald's",
        "cuisine": "burger",
        "name": "McDonald's",
        "takeaway": "yes"
      },
      "geometry": {
        "type": "Point",
        "coordinates": [
          46.7773771,
          24.7762816
        ]
      },
      "id": "node/4041584493"
    },
    {
      "type": "Feature",
      "properties": {
        "@id": "node/4058466835",
        "amenity": "restaurant",
        "name": "شيخ البلد"
      },
      "geometry": {
        "type": "Point",
        "coordinates": [
          46.7245099,
          24.6183082
        ]
      },
      "id": "node/4058466835"
    },
    {
      "type": "Feature",
      "properties": {
        "@id": "node/4100964590",
        "addr:street": "Abu Al Aswad Al Doali",
        "amenity": "fast_food",
        "brand": "Burger King",
        "brand:wikidata": "Q177054",
        "brand:wikipedia": "en:Burger King",
        "cuisine": "burger",
        "name": "Burger King",
        "opening_hours": "Mo-Su 12:00-01:30",
        "phone": "90000002",
        "takeaway": "yes",
        "website": "https://instagram.com/burgerkingksa"
      },
      "geometry": {
        "type": "Point",
        "coordinates": [
          46.8482623,
          24.7321402
        ]
      },
      "id": "node/4100964590"
    },
    {
      "type": "Feature",
      "properties": {
        "@id": "node/4104292389",
        "addr:street": "Prince Turki Ibn Abdulaziz Ath Thani",
        "amenity": "fast_food",
        "name": "Mahboob"
      },
      "geometry": {
        "type": "Point",
        "coordinates": [
          46.6639915,
          24.7590745
        ]
      },
      "id": "node/4104292389"
    },
    {
      "type": "Feature",
      "properties": {
        "@id": "node/4104294489",
        "addr:street": "Northern Ring Road",
        "amenity": "fast_food",
        "name": "Herfy",
        "phone": "920001111",
        "website": "https://www.herfy.com/"
      },
      "geometry": {
        "type": "Point",
        "coordinates": [
          46.6643418,
          24.767528
        ]
      },
      "id": "node/4104294489"
    },
    {
      "type": "Feature",
      "properties": {
        "@id": "node/4110734691",
        "amenity": "restaurant",
        "cuisine": "regional",
        "name": "Kudu"
      },
      "geometry": {
        "type": "Point",
        "coordinates": [
          46.6775493,
          24.6851626
        ]
      },
      "id": "node/4110734691"
    },
    {
      "type": "Feature",
      "properties": {
        "@id": "node/4110734692",
        "amenity": "restaurant",
        "cuisine": "regional",
        "name": "Kudu"
      },
      "geometry": {
        "type": "Point",
        "coordinates": [
          46.6798149,
          24.7053897
        ]
      },
      "id": "node/4110734692"
    },
    {
      "type": "Feature",
      "properties": {
        "@id": "node/4110734693",
        "amenity": "fast_food",
        "cuisine": "burger",
        "name": "Herfy"
      },
      "geometry": {
        "type": "Point",
        "coordinates": [
          46.6753243,
          24.7115383
        ]
      },
      "id": "node/4110734693"
    },
    {
      "type": "Feature",
      "properties": {
        "@id": "node/4110734694",
        "amenity": "restaurant",
        "cuisine": "regional",
        "name": "Kudu"
      },
      "geometry": {
        "type": "Point",
        "coordinates": [
          46.6754146,
          24.7114181
        ]
      },
      "id": "node/4110734694"
    },
    {
      "type": "Feature",
      "properties": {
        "@id": "node/4110734695",
        "amenity": "restaurant",
        "cuisine": "regional",
        "name": "Kudu"
      },
      "geometry": {
        "type": "Point",
        "coordinates": [
          46.6826535,
          24.6893045
        ]
      },
      "id": "node/4110734695"
    },
    {
      "type": "Feature",
      "properties": {
        "@id": "node/4110734696",
        "amenity": "restaurant",
        "cuisine": "regional",
        "name": "Kudu"
      },
      "geometry": {
        "type": "Point",
        "coordinates": [
          46.6833077,
          24.704312
        ]
      },
      "id": "node/4110734696"
    },
    {
      "type": "Feature",
      "properties": {
        "@id": "node/4110734697",
        "amenity": "fast_food",
        "brand": "كودو",
        "brand:ar": "كودو",
        "brand:en": "Kudu",
        "brand:wikidata": "Q6441777",
        "cuisine": "sandwich",
        "name": "كودو",
        "name:ar": "كودو",
        "name:en": "Kudu",
        "takeaway": "yes"
      },
      "geometry": {
        "type": "Point",
        "coordinates": [
          46.5596714,
          24.6283083
        ]
      },
      "id": "node/4110734697"
    },
    {
      "type": "Feature",
      "properties": {
        "@id": "node/4110734698",
        "amenity": "fast_food",
        "brand": "كودو",
        "brand:ar": "كودو",
        "brand:en": "Kudu",
        "brand:wikidata": "Q6441777",
        "brand:wikipedia": "en:Kudu (restaurant)",
        "cuisine": "sandwich",
        "name": "كودو",
        "name:ar": "كودو",
        "name:en": "Kudu",
        "takeaway": "yes"
      },
      "geometry": {
        "type": "Point",
        "coordinates": [
          46.6730558,
          24.6732652
        ]
      },
      "id": "node/4110734698"
    },
    {
      "type": "Feature",
      "properties": {
        "@id": "node/4110734699",
        "amenity": "restaurant",
        "cuisine": "regional",
        "name": "Kudu"
      },
      "geometry": {
        "type": "Point",
        "coordinates": [
          46.7936632,
          24.6844372
        ]
      },
      "id": "node/4110734699"
    },
    {
      "type": "Feature",
      "properties": {
        "@id": "node/4110734704",
        "amenity": "restaurant",
        "cuisine": "regional",
        "name": "Kudu"
      },
      "geometry": {
        "type": "Point",
        "coordinates": [
          46.6337177,
          24.7864773
        ]
      },
      "id": "node/4110734704"
    },
    {
      "type": "Feature",
      "properties": {
        "@id": "node/4110734705",
        "amenity": "fast_food",
        "brand": "Kudu",
        "brand:wikidata": "Q6441777",
        "brand:wikipedia": "en:Kudu (restaurant)",
        "cuisine": "sandwich",
        "name": "Kudu",
        "takeaway": "yes"
      },
      "geometry": {
        "type": "Point",
        "coordinates": [
          46.7883129,
          24.7796537
        ]
      },
      "id": "node/4110734705"
    },
    {
      "type": "Feature",
      "properties": {
        "@id": "node/4110734706",
        "amenity": "restaurant",
        "cuisine": "regional",
        "name": "Kudu"
      },
      "geometry": {
        "type": "Point",
        "coordinates": [
          46.7596054,
          24.5888126
        ]
      },
      "id": "node/4110734706"
    },
    {
      "type": "Feature",
      "properties": {
        "@id": "node/4110734707",
        "amenity": "fast_food",
        "brand": "Kudu",
        "brand:wikidata": "Q6441777",
        "brand:wikipedia": "en:Kudu (restaurant)",
        "cuisine": "sandwich",
        "name": "Kudu",
        "takeaway": "yes"
      },
      "geometry": {
        "type": "Point",
        "coordinates": [
          46.6334191,
          24.5938096
        ]
      },
      "id": "node/4110734707"
    },
    {
      "type": "Feature",
      "properties": {
        "@id": "node/4110758467",
        "amenity": "restaurant",
        "cuisine": "regional",
        "name": "Kudu"
      },
      "geometry": {
        "type": "Point",
        "coordinates": [
          46.5737332,
          24.7512369
        ]
      },
      "id": "node/4110758467"
    },
    {
      "type": "Feature",
      "properties": {
        "@id": "node/4110758468",
        "amenity": "restaurant",
        "brand": "Kudu",
        "brand:wikidata": "Q6441777",
        "brand:wikipedia": "en:Kudu (restaurant)",
        "cuisine": "sandwich",
        "name": "Kudu"
      },
      "geometry": {
        "type": "Point",
        "coordinates": [
          46.6755016,
          24.6340408
        ]
      },
      "id": "node/4110758468"
    },
    {
      "type": "Feature",
      "properties": {
        "@id": "node/4110758469",
        "amenity": "restaurant",
        "cuisine": "regional",
        "name": "Kudu"
      },
      "geometry": {
        "type": "Point",
        "coordinates": [
          46.7402288,
          24.7993375
        ]
      },
      "id": "node/4110758469"
    },
    {
      "type": "Feature",
      "properties": {
        "@id": "node/4110758470",
        "amenity": "fast_food",
        "brand": "كودو",
        "brand:ar": "كودو",
        "brand:en": "Kudu",
        "brand:wikidata": "Q6441777",
        "brand:wikipedia": "en:Kudu (restaurant)",
        "cuisine": "sandwich",
        "name": "كودو",
        "name:ar": "كودو",
        "name:en": "Kudu",
        "takeaway": "yes"
      },
      "geometry": {
        "type": "Point",
        "coordinates": [
          46.7316492,
          24.781792
        ]
      },
      "id": "node/4110758470"
    },
    {
      "type": "Feature",
      "properties": {
        "@id": "node/4110758471",
        "amenity": "restaurant",
        "brand": "Kudu",
        "brand:wikidata": "Q6441777",
        "brand:wikipedia": "en:Kudu (restaurant)",
        "cuisine": "sandwich",
        "name": "Kudu"
      },
      "geometry": {
        "type": "Point",
        "coordinates": [
          46.7553554,
          24.7668483
        ]
      },
      "id": "node/4110758471"
    },
    {
      "type": "Feature",
      "properties": {
        "@id": "node/4110758473",
        "amenity": "restaurant",
        "cuisine": "regional",
        "name": "Kudu"
      },
      "geometry": {
        "type": "Point",
        "coordinates": [
          46.6509992,
          24.546587
        ]
      },
      "id": "node/4110758473"
    },
    {
      "type": "Feature",
      "properties": {
        "@id": "node/4110758478",
        "amenity": "restaurant",
        "cuisine": "regional",
        "name": "Kudu"
      },
      "geometry": {
        "type": "Point",
        "coordinates": [
          46.6786122,
          24.7429529
        ]
      },
      "id": "node/4110758478"
    },
    {
      "type": "Feature",
      "properties": {
        "@id": "node/4110758479",
        "amenity": "restaurant",
        "cuisine": "regional",
        "name": "Kudu"
      },
      "geometry": {
        "type": "Point",
        "coordinates": [
          46.6819818,
          24.7405302
        ]
      },
      "id": "node/4110758479"
    },
    {
      "type": "Feature",
      "properties": {
        "@id": "node/4110758480",
        "amenity": "restaurant",
        "cuisine": "regional",
        "name": "Kudu"
      },
      "geometry": {
        "type": "Point",
        "coordinates": [
          46.6590027,
          24.7435537
        ]
      },
      "id": "node/4110758480"
    },
    {
      "type": "Feature",
      "properties": {
        "@id": "node/4110758481",
        "amenity": "restaurant",
        "cuisine": "regional",
        "name": "Kudu"
      },
      "geometry": {
        "type": "Point",
        "coordinates": [
          46.7031972,
          24.9591257
        ]
      },
      "id": "node/4110758481"
    },
    {
      "type": "Feature",
      "properties": {
        "@id": "node/4110758482",
        "amenity": "restaurant",
        "cuisine": "regional",
        "name": "Kudu"
      },
      "geometry": {
        "type": "Point",
        "coordinates": [
          46.7249542,
          24.6871082
        ]
      },
      "id": "node/4110758482"
    },
    {
      "type": "Feature",
      "properties": {
        "@id": "node/4110758484",
        "amenity": "restaurant",
        "cuisine": "regional",
        "name": "المذاق الرومنسي",
        "name:en": "Mthaq alromansi"
      },
      "geometry": {
        "type": "Point",
        "coordinates": [
          46.7447373,
          24.6197718
        ]
      },
      "id": "node/4110758484"
    },
    {
      "type": "Feature",
      "properties": {
        "@id": "node/4110760289",
        "amenity": "restaurant",
        "cuisine": "regional",
        "name": "Kudu"
      },
      "geometry": {
        "type": "Point",
        "coordinates": [
          46.7326476,
          24.603481
        ]
      },
      "id": "node/4110760289"
    },
    {
      "type": "Feature",
      "properties": {
        "@id": "node/4110760294",
        "amenity": "fast_food",
        "brand": "كودو",
        "brand:ar": "كودو",
        "brand:en": "Kudu",
        "brand:wikidata": "Q6441777",
        "brand:wikipedia": "en:Kudu (restaurant)",
        "cuisine": "sandwich",
        "name": "كودو",
        "name:ar": "كودو",
        "name:en": "Kudu",
        "takeaway": "yes"
      },
      "geometry": {
        "type": "Point",
        "coordinates": [
          46.7009603,
          24.6629211
        ]
      },
      "id": "node/4110760294"
    },
    {
      "type": "Feature",
      "properties": {
        "@id": "node/4110788991",
        "amenity": "fast_food",
        "brand": "كودو",
        "brand:ar": "كودو",
        "brand:en": "Kudu",
        "brand:wikidata": "Q6441777",
        "cuisine": "sandwich",
        "name": "كودو",
        "name:ar": "كودو",
        "name:en": "Kudu",
        "takeaway": "yes"
      },
      "geometry": {
        "type": "Point",
        "coordinates": [
          46.6208004,
          24.7447418
        ]
      },
      "id": "node/4110788991"
    },
    {
      "type": "Feature",
      "properties": {
        "@id": "node/4110788992",
        "amenity": "fast_food",
        "brand": "كودو",
        "brand:ar": "كودو",
        "brand:en": "Kudu",
        "brand:wikidata": "Q6441777",
        "cuisine": "sandwich",
        "name": "كودو",
        "name:ar": "كودو",
        "name:en": "Kudu",
        "takeaway": "yes"
      },
      "geometry": {
        "type": "Point",
        "coordinates": [
          46.7986442,
          24.7385468
        ]
      },
      "id": "node/4110788992"
    },
    {
      "type": "Feature",
      "properties": {
        "@id": "node/4110788997",
        "amenity": "restaurant",
        "cuisine": "regional",
        "name": "Kudu"
      },
      "geometry": {
        "type": "Point",
        "coordinates": [
          46.7514812,
          24.6962438
        ]
      },
      "id": "node/4110788997"
    },
    {
      "type": "Feature",
      "properties": {
        "@id": "node/4110788998",
        "amenity": "restaurant",
        "cuisine": "regional",
        "name": "Kudu"
      },
      "geometry": {
        "type": "Point",
        "coordinates": [
          46.766761,
          24.7061304
        ]
      },
      "id": "node/4110788998"
    },
    {
      "type": "Feature",
      "properties": {
        "@id": "node/4110788999",
        "amenity": "restaurant",
        "cuisine": "regional",
        "name": "Kudu"
      },
      "geometry": {
        "type": "Point",
        "coordinates": [
          46.7752747,
          24.685374
        ]
      },
      "id": "node/4110788999"
    },
    {
      "type": "Feature",
      "properties": {
        "@id": "node/4110789000",
        "amenity": "restaurant",
        "cuisine": "regional",
        "name": "Kudu"
      },
      "geometry": {
        "type": "Point",
        "coordinates": [
          46.6648492,
          24.7240475
        ]
      },
      "id": "node/4110789000"
    },
    {
      "type": "Feature",
      "properties": {
        "@id": "node/4110789001",
        "amenity": "restaurant",
        "brand": "Kudu",
        "brand:wikidata": "Q6441777",
        "brand:wikipedia": "en:Kudu (restaurant)",
        "cuisine": "sandwich",
        "name": "Kudu"
      },
      "geometry": {
        "type": "Point",
        "coordinates": [
          46.7762705,
          24.6901899
        ]
      },
      "id": "node/4110789001"
    },
    {
      "type": "Feature",
      "properties": {
        "@id": "node/4110789002",
        "amenity": "fast_food",
        "brand": "كودو",
        "brand:ar": "كودو",
        "brand:en": "Kudu",
        "brand:wikidata": "Q6441777",
        "cuisine": "sandwich",
        "name": "كودو",
        "name:ar": "كودو",
        "name:en": "Kudu",
        "takeaway": "yes"
      },
      "geometry": {
        "type": "Point",
        "coordinates": [
          46.7914725,
          24.7108565
        ]
      },
      "id": "node/4110789002"
    },
    {
      "type": "Feature",
      "properties": {
        "@id": "node/4110789003",
        "amenity": "restaurant",
        "brand": "Kudu",
        "brand:wikidata": "Q6441777",
        "brand:wikipedia": "en:Kudu (restaurant)",
        "cuisine": "sandwich",
        "name": "Kudu",
        "wheelchair": "yes"
      },
      "geometry": {
        "type": "Point",
        "coordinates": [
          46.7774933,
          24.75924
        ]
      },
      "id": "node/4110789003"
    },
    {
      "type": "Feature",
      "properties": {
        "@id": "node/4110789004",
        "amenity": "fast_food",
        "brand": "Kudu",
        "brand:wikidata": "Q6441777",
        "brand:wikipedia": "en:Kudu (restaurant)",
        "cuisine": "sandwich",
        "name": "السلام موال",
        "name:en": "Kudu",
        "takeaway": "yes"
      },
      "geometry": {
        "type": "Point",
        "coordinates": [
          46.6369712,
          24.55831
        ]
      },
      "id": "node/4110789004"
    },
    {
      "type": "Feature",
      "properties": {
        "@id": "node/4110789005",
        "amenity": "restaurant",
        "cuisine": "regional",
        "name": "Kudu"
      },
      "geometry": {
        "type": "Point",
        "coordinates": [
          46.7079113,
          24.5614612
        ]
      },
      "id": "node/4110789005"
    },
    {
      "type": "Feature",
      "properties": {
        "@id": "node/4110789015",
        "amenity": "fast_food",
        "brand": "Kudu",
        "brand:wikidata": "Q6441777",
        "brand:wikipedia": "en:Kudu (restaurant)",
        "cuisine": "sandwich",
        "name": "Kudu",
        "takeaway": "yes"
      },
      "geometry": {
        "type": "Point",
        "coordinates": [
          46.6894311,
          24.5987299
        ]
      },
      "id": "node/4110789015"
    },
    {
      "type": "Feature",
      "properties": {
        "@id": "node/4110789016",
        "amenity": "restaurant",
        "cuisine": "regional",
        "name": "Kudu"
      },
      "geometry": {
        "type": "Point",
        "coordinates": [
          46.6975742,
          24.5961358
        ]
      },
      "id": "node/4110789016"
    },
    {
      "type": "Feature",
      "properties": {
        "@id": "node/4110912142",
        "amenity": "restaurant",
        "cuisine": "regional",
        "name": "Kudu"
      },
      "geometry": {
        "type": "Point",
        "coordinates": [
          46.7993135,
          24.8232293
        ]
      },
      "id": "node/4110912142"
    },
    {
      "type": "Feature",
      "properties": {
        "@id": "node/4126121989",
        "amenity": "restaurant",
        "name": "شجرة الصفصاف"
      },
      "geometry": {
        "type": "Point",
        "coordinates": [
          46.7066287,
          24.6493605
        ]
      },
      "id": "node/4126121989"
    },
    {
      "type": "Feature",
      "properties": {
        "@id": "node/4126122189",
        "addr:street": "شارع الوشم",
        "amenity": "restaurant",
        "name": "الرشيد للحلويات"
      },
      "geometry": {
        "type": "Point",
        "coordinates": [
          46.7065806,
          24.6513981
        ]
      },
      "id": "node/4126122189"
    },
    {
      "type": "Feature",
      "properties": {
        "@id": "node/4126122190",
        "addr:street": "Al Imam Abdul Lah Ibn Faisal Ibn Turki",
        "amenity": "restaurant",
        "name": "احلى حكاية"
      },
      "geometry": {
        "type": "Point",
        "coordinates": [
          46.7065257,
          24.64861
        ]
      },
      "id": "node/4126122190"
    },
    {
      "type": "Feature",
      "properties": {
        "@id": "node/4136581086",
        "amenity": "cafe",
        "internet_access": "yes",
        "internet_access:fee": "no",
        "name": "Layali Cafe",
        "name:ar": "كافيه ليالي",
        "outdoor_seating": "yes",
        "smoking": "outside",
        "takeaway": "yes"
      },
      "geometry": {
        "type": "Point",
        "coordinates": [
          46.7037311,
          24.6448952
        ]
      },
      "id": "node/4136581086"
    },
    {
      "type": "Feature",
      "properties": {
        "@id": "node/4136583789",
        "addr:street": "طريق الملك فهد",
        "amenity": "cafe",
        "internet_access": "yes",
        "internet_access:fee": "no",
        "name": "دوران الخليج كافية",
        "outdoor_seating": "yes",
        "smoking": "outside",
        "takeaway": "yes"
      },
      "geometry": {
        "type": "Point",
        "coordinates": [
          46.7036627,
          24.6451073
        ]
      },
      "id": "node/4136583789"
    },
    {
      "type": "Feature",
      "properties": {
        "@id": "node/4136583851",
        "amenity": "restaurant"
      },
      "geometry": {
        "type": "Point",
        "coordinates": [
          46.7062929,
          24.6495172
        ]
      },
      "id": "node/4136583851"
    },
    {
      "type": "Feature",
      "properties": {
        "@id": "node/4136583853",
        "amenity": "restaurant"
      },
      "geometry": {
        "type": "Point",
        "coordinates": [
          46.7065663,
          24.6495878
        ]
      },
      "id": "node/4136583853"
    },
    {
      "type": "Feature",
      "properties": {
        "@id": "node/4136583870",
        "amenity": "restaurant",
        "cuisine": "pizza"
      },
      "geometry": {
        "type": "Point",
        "coordinates": [
          46.7064811,
          24.6498984
        ]
      },
      "id": "node/4136583870"
    },
    {
      "type": "Feature",
      "properties": {
        "@id": "node/4136583874",
        "amenity": "restaurant"
      },
      "geometry": {
        "type": "Point",
        "coordinates": [
          46.7094351,
          24.6499706
        ]
      },
      "id": "node/4136583874"
    },
    {
      "type": "Feature",
      "properties": {
        "@id": "node/4136583881",
        "amenity": "restaurant"
      },
      "geometry": {
        "type": "Point",
        "coordinates": [
          46.7064257,
          24.6501003
        ]
      },
      "id": "node/4136583881"
    },
    {
      "type": "Feature",
      "properties": {
        "@id": "node/4136584044",
        "amenity": "restaurant"
      },
      "geometry": {
        "type": "Point",
        "coordinates": [
          46.7061762,
          24.6511115
        ]
      },
      "id": "node/4136584044"
    },
    {
      "type": "Feature",
      "properties": {
        "@id": "node/4142797197",
        "amenity": "restaurant",
        "name": "مطعم روتي"
      },
      "geometry": {
        "type": "Point",
        "coordinates": [
          46.7083444,
          24.6403353
        ]
      },
      "id": "node/4142797197"
    },
    {
      "type": "Feature",
      "properties": {
        "@id": "node/4142847089",
        "amenity": "restaurant",
        "name": "بروستد كوفي"
      },
      "geometry": {
        "type": "Point",
        "coordinates": [
          46.7083399,
          24.6401514
        ]
      },
      "id": "node/4142847089"
    },
    {
      "type": "Feature",
      "properties": {
        "@id": "node/4151745693",
        "addr:housenumber": "7524",
        "addr:street": "شارع الشيخ محمد بن عبد اللطيف بن عبد الرحمن",
        "amenity": "restaurant",
        "cuisine": "friture",
        "email": "restaurants@herfy.com",
        "name": "هرفي",
        "phone": "920001111",
        "website": "https://www.herfy.com/ar/restaurant.php"
      },
      "geometry": {
        "type": "Point",
        "coordinates": [
          46.6867748,
          24.5829936
        ]
      },
      "id": "node/4151745693"
    },
    {
      "type": "Feature",
      "properties": {
        "@id": "node/4155133368",
        "amenity": "cafe"
      },
      "geometry": {
        "type": "Point",
        "coordinates": [
          46.7152814,
          24.7680715
        ]
      },
      "id": "node/4155133368"
    },
    {
      "type": "Feature",
      "properties": {
        "@id": "node/4155133374",
        "amenity": "restaurant"
      },
      "geometry": {
        "type": "Point",
        "coordinates": [
          46.7155281,
          24.7678767
        ]
      },
      "id": "node/4155133374"
    },
    {
      "type": "Feature",
      "properties": {
        "@id": "node/4157495195",
        "amenity": "restaurant",
        "name": "بياتو",
        "wheelchair": "limited"
      },
      "geometry": {
        "type": "Point",
        "coordinates": [
          46.6573739,
          24.8242528
        ]
      },
      "id": "node/4157495195"
    },
    {
      "type": "Feature",
      "properties": {
        "@id": "node/4157791291",
        "amenity": "cafe",
        "name": "مها"
      },
      "geometry": {
        "type": "Point",
        "coordinates": [
          46.6277833,
          24.7935813
        ]
      },
      "id": "node/4157791291"
    },
    {
      "type": "Feature",
      "properties": {
        "@id": "node/4171695235",
        "amenity": "cafe"
      },
      "geometry": {
        "type": "Point",
        "coordinates": [
          46.7059087,
          24.6446967
        ]
      },
      "id": "node/4171695235"
    },
    {
      "type": "Feature",
      "properties": {
        "@id": "node/4171696227",
        "addr:street": "شارع الوشم",
        "amenity": "cafe",
        "name": "محمصة الدار"
      },
      "geometry": {
        "type": "Point",
        "coordinates": [
          46.7066725,
          24.6514046
        ]
      },
      "id": "node/4171696227"
    },
    {
      "type": "Feature",
      "properties": {
        "@id": "node/4181809471",
        "addr:street": "Takhassusi St.",
        "amenity": "restaurant",
        "name": "Hardee's"
      },
      "geometry": {
        "type": "Point",
        "coordinates": [
          46.6651055,
          24.7042627
        ]
      },
      "id": "node/4181809471"
    },
    {
      "type": "Feature",
      "properties": {
        "@id": "node/4181818196",
        "addr:street": "Takhassusi St.",
        "amenity": "fast_food",
        "brand": "دجاج كنتاكي",
        "brand:ar": "دجاج كنتاكي",
        "brand:en": "KFC",
        "brand:wikidata": "Q524757",
        "cuisine": "chicken",
        "name": "دجاج كنتاكي",
        "name:ar": "دجاج كنتاكي",
        "name:en": "KFC",
        "phone": "920021111",
        "takeaway": "yes"
      },
      "geometry": {
        "type": "Point",
        "coordinates": [
          46.6645614,
          24.7047828
        ]
      },
      "id": "node/4181818196"
    },
    {
      "type": "Feature",
      "properties": {
        "@id": "node/4181818197",
        "addr:street": "Takhassusi St.",
        "amenity": "cafe",
        "name": "Krespe Kreme Doughnuts"
      },
      "geometry": {
        "type": "Point",
        "coordinates": [
          46.6649739,
          24.7048086
        ]
      },
      "id": "node/4181818197"
    },
    {
      "type": "Feature",
      "properties": {
        "@id": "node/4181818199",
        "addr:street": "Takhassusi St.",
        "amenity": "restaurant",
        "name": "Friday's"
      },
      "geometry": {
        "type": "Point",
        "coordinates": [
          46.6646636,
          24.7044957
        ]
      },
      "id": "node/4181818199"
    },
    {
      "type": "Feature",
      "properties": {
        "@id": "node/4196873537",
        "amenity": "restaurant",
        "name": "مطعم المراسيم"
      },
      "geometry": {
        "type": "Point",
        "coordinates": [
          46.7818385,
          24.5735055
        ]
      },
      "id": "node/4196873537"
    },
    {
      "type": "Feature",
      "properties": {
        "@id": "node/4196873542",
        "amenity": "restaurant",
        "name": "مطعم ديرتي"
      },
      "geometry": {
        "type": "Point",
        "coordinates": [
          46.7852922,
          24.5736652
        ]
      },
      "id": "node/4196873542"
    },
    {
      "type": "Feature",
      "properties": {
        "@id": "node/4207234948",
        "addr:street": "Umm Al Hamam St.",
        "amenity": "restaurant",
        "name": "بيت الشواية",
        "website": "http://www.shawayahouse.com"
      },
      "geometry": {
        "type": "Point",
        "coordinates": [
          46.6525395,
          24.683857
        ]
      },
      "id": "node/4207234948"
    },
    {
      "type": "Feature",
      "properties": {
        "@id": "node/4212955791",
        "addr:street": "الدائري الحنوبي",
        "amenity": "restaurant",
        "name": "الرومانسية"
      },
      "geometry": {
        "type": "Point",
        "coordinates": [
          46.7486201,
          24.5997746
        ]
      },
      "id": "node/4212955791"
    },
    {
      "type": "Feature",
      "properties": {
        "@id": "node/4212958990",
        "addr:street": "الدائري الحنوبي",
        "amenity": "restaurant",
        "name": "كودو"
      },
      "geometry": {
        "type": "Point",
        "coordinates": [
          46.7458807,
          24.5996118
        ]
      },
      "id": "node/4212958990"
    },
    {
      "type": "Feature",
      "properties": {
        "@id": "node/4212959789",
        "addr:street": "الدائري الحنوبي",
        "amenity": "restaurant",
        "name": "برجر كنج"
      },
      "geometry": {
        "type": "Point",
        "coordinates": [
          46.7450868,
          24.5992269
        ]
      },
      "id": "node/4212959789"
    },
    {
      "type": "Feature",
      "properties": {
        "@id": "node/4217846390",
        "addr:street": "Al Imam Abdul Lah Ibn Faisal Ibn Turki",
        "amenity": "restaurant",
        "cuisine": "pizza",
        "name": "بيتزا وفطائر شامية"
      },
      "geometry": {
        "type": "Point",
        "coordinates": [
          46.7066944,
          24.6479955
        ]
      },
      "id": "node/4217846390"
    },
    {
      "type": "Feature",
      "properties": {
        "@id": "node/4217846597",
        "amenity": "restaurant",
        "name": "فلافل ابو بشار مطعم سوري"
      },
      "geometry": {
        "type": "Point",
        "coordinates": [
          46.7067854,
          24.6476752
        ]
      },
      "id": "node/4217846597"
    },
    {
      "type": "Feature",
      "properties": {
        "@id": "node/4217883189",
        "amenity": "restaurant",
        "name": "فوال و فلافل مصري"
      },
      "geometry": {
        "type": "Point",
        "coordinates": [
          46.7067636,
          24.6477987
        ]
      },
      "id": "node/4217883189"
    },
    {
      "type": "Feature",
      "properties": {
        "@id": "node/4220087289",
        "amenity": "restaurant",
        "name": "B1 burger"
      },
      "geometry": {
        "type": "Point",
        "coordinates": [
          46.6461011,
          24.6021606
        ]
      },
      "id": "node/4220087289"
    },
    {
      "type": "Feature",
      "properties": {
        "@id": "node/4222580706",
        "addr:street": "طريق الملك فهد",
        "amenity": "restaurant",
        "name": "واحد فول"
      },
      "geometry": {
        "type": "Point",
        "coordinates": [
          46.7013086,
          24.6609768
        ]
      },
      "id": "node/4222580706"
    },
    {
      "type": "Feature",
      "properties": {
        "@id": "node/4222645191",
        "amenity": "restaurant",
        "cuisine": "pizza",
        "name": "مايسترو"
      },
      "geometry": {
        "type": "Point",
        "coordinates": [
          46.7011863,
          24.6611514
        ]
      },
      "id": "node/4222645191"
    },
    {
      "type": "Feature",
      "properties": {
        "@id": "node/4222645296",
        "addr:street": "طريق الملك فهد",
        "amenity": "restaurant",
        "name": "صب واي"
      },
      "geometry": {
        "type": "Point",
        "coordinates": [
          46.701098,
          24.6612257
        ]
      },
      "id": "node/4222645296"
    },
    {
      "type": "Feature",
      "properties": {
        "@id": "node/4222958490",
        "amenity": "restaurant",
        "name": "مطعم بخاري"
      },
      "geometry": {
        "type": "Point",
        "coordinates": [
          46.7933498,
          24.8029841
        ]
      },
      "id": "node/4222958490"
    },
    {
      "type": "Feature",
      "properties": {
        "@id": "node/4222958590",
        "amenity": "fast_food",
        "name": "هرفي"
      },
      "geometry": {
        "type": "Point",
        "coordinates": [
          46.7921321,
          24.8025088
        ]
      },
      "id": "node/4222958590"
    },
    {
      "type": "Feature",
      "properties": {
        "@id": "node/4227738392",
        "amenity": "cafe",
        "name": "دان كن"
      },
      "geometry": {
        "type": "Point",
        "coordinates": [
          46.7929442,
          24.8028053
        ]
      },
      "id": "node/4227738392"
    },
    {
      "type": "Feature",
      "properties": {
        "@id": "node/4238862196",
        "addr:street": "Ash Sheikh Hassan bin Hussein bin Ali",
        "amenity": "restaurant",
        "cuisine": "friture;burger;sandwich",
        "name": "هرفي"
      },
      "geometry": {
        "type": "Point",
        "coordinates": [
          46.785144,
          24.7644159
        ]
      },
      "id": "node/4238862196"
    },
    {
      "type": "Feature",
      "properties": {
        "@id": "node/4244290541",
        "addr:street": "شارع غبيرة العام",
        "amenity": "restaurant",
        "name": "العباسية"
      },
      "geometry": {
        "type": "Point",
        "coordinates": [
          46.7270326,
          24.6183482
        ]
      },
      "id": "node/4244290541"
    },
    {
      "type": "Feature",
      "properties": {
        "@id": "node/4264225994",
        "amenity": "cafe"
      },
      "geometry": {
        "type": "Point",
        "coordinates": [
          46.8543466,
          24.6892385
        ]
      },
      "id": "node/4264225994"
    },
    {
      "type": "Feature",
      "properties": {
        "@id": "node/4272404491",
        "addr:street": "شارع عبد العزيز بن مساعد بن جلوي",
        "amenity": "fast_food",
        "brand": "Domino's",
        "brand:wikidata": "Q839466",
        "brand:wikipedia": "en:Domino's Pizza",
        "cuisine": "pizza",
        "name": "دومينوز",
        "name:en": "Domino's",
        "opening_hours": "06:00-02:00",
        "takeaway": "yes"
      },
      "geometry": {
        "type": "Point",
        "coordinates": [
          46.712033,
          24.6549575
        ]
      },
      "id": "node/4272404491"
    },
    {
      "type": "Feature",
      "properties": {
        "@id": "node/4279222590",
        "addr:street": "الدائري الغربي مخرج27",
        "amenity": "restaurant",
        "cuisine": "arab;regional",
        "name": "مطعم الرومانسيه"
      },
      "geometry": {
        "type": "Point",
        "coordinates": [
          46.6077444,
          24.5747347
        ]
      },
      "id": "node/4279222590"
    },
    {
      "type": "Feature",
      "properties": {
        "@id": "node/4281579670",
        "amenity": "fast_food",
        "name": "B1 Burger"
      },
      "geometry": {
        "type": "Point",
        "coordinates": [
          46.7192574,
          24.7544507
        ]
      },
      "id": "node/4281579670"
    },
    {
      "type": "Feature",
      "properties": {
        "@id": "node/4285201114",
        "amenity": "restaurant",
        "name": "كودو",
        "name:en": "Kudu"
      },
      "geometry": {
        "type": "Point",
        "coordinates": [
          46.6781766,
          24.7330939
        ]
      },
      "id": "node/4285201114"
    },
    {
      "type": "Feature",
      "properties": {
        "@id": "node/4285201115",
        "amenity": "fast_food",
        "brand": "KFC",
        "brand:wikidata": "Q524757",
        "brand:wikipedia": "en:KFC",
        "cuisine": "chicken",
        "name": "KFC"
      },
      "geometry": {
        "type": "Point",
        "coordinates": [
          46.6740464,
          24.7324305
        ]
      },
      "id": "node/4285201115"
    },
    {
      "type": "Feature",
      "properties": {
        "@id": "node/4293429290",
        "addr:city": "الرياض",
        "addr:postcode": "14713",
        "addr:street": "المثنى بن حارثة",
        "amenity": "cafe",
        "internet_access": "wlan",
        "internet_access:fee": "yes",
        "name": "فخر الكيف للقهوة العربية",
        "opening_hours": "Sa-Th 06:00-01:00",
        "phone": "0503667702",
        "smoking": "no"
      },
      "geometry": {
        "type": "Point",
        "coordinates": [
          46.6981456,
          24.5645465
        ]
      },
      "id": "node/4293429290"
    },
    {
      "type": "Feature",
      "properties": {
        "@id": "node/4306036284",
        "addr:street": "عبد العزيز بن مساعد بن جلوي",
        "amenity": "restaurant",
        "cuisine": "arab",
        "name": "الوسام"
      },
      "geometry": {
        "type": "Point",
        "coordinates": [
          46.7005638,
          24.6807883
        ]
      },
      "id": "node/4306036284"
    },
    {
      "type": "Feature",
      "properties": {
        "@id": "node/4308167593",
        "addr:housenumber": "5012",
        "amenity": "restaurant",
        "name": "بروستد البيه"
      },
      "geometry": {
        "type": "Point",
        "coordinates": [
          46.687793,
          24.583683
        ]
      },
      "id": "node/4308167593"
    },
    {
      "type": "Feature",
      "properties": {
        "@id": "node/4308167594",
        "addr:housenumber": "5032",
        "amenity": "restaurant",
        "cuisine": "pizza",
        "name": "بيتزا ان"
      },
      "geometry": {
        "type": "Point",
        "coordinates": [
          46.687974,
          24.58378
        ]
      },
      "id": "node/4308167594"
    },
    {
      "type": "Feature",
      "properties": {
        "@id": "node/4308167696",
        "addr:housenumber": "4974",
        "amenity": "restaurant",
        "name": "الشواية"
      },
      "geometry": {
        "type": "Point",
        "coordinates": [
          46.687281,
          24.583475
        ]
      },
      "id": "node/4308167696"
    },
    {
      "type": "Feature",
      "properties": {
        "@id": "node/4311757409",
        "amenity": "restaurant",
        "name": "الصاج الذهبي",
        "takeaway": "yes"
      },
      "geometry": {
        "type": "Point",
        "coordinates": [
          46.7006307,
          24.6447405
        ]
      },
      "id": "node/4311757409"
    },
    {
      "type": "Feature",
      "properties": {
        "@id": "node/4312965155",
        "amenity": "restaurant",
        "cuisine": "chicken",
        "name": "دجاج كنتاكي",
        "name:en": "KFC",
        "takeaway": "yes"
      },
      "geometry": {
        "type": "Point",
        "coordinates": [
          46.7142261,
          24.6381869
        ]
      },
      "id": "node/4312965155"
    },
    {
      "type": "Feature",
      "properties": {
        "@id": "node/4316752564",
        "addr:street": "طريق الملك فهد",
        "amenity": "restaurant",
        "name": "The Pancake House"
      },
      "geometry": {
        "type": "Point",
        "coordinates": [
          46.6751704,
          24.7079737
        ]
      },
      "id": "node/4316752564"
    },
    {
      "type": "Feature",
      "properties": {
        "@id": "node/4316752565",
        "addr:street": "Abdullah Bin Hazafa As-Shami Road",
        "amenity": "restaurant",
        "name": "The Pancake House",
        "website": "http://thepancakehouse.com"
      },
      "geometry": {
        "type": "Point",
        "coordinates": [
          46.6259104,
          24.6859393
        ]
      },
      "id": "node/4316752565"
    },
    {
      "type": "Feature",
      "properties": {
        "@id": "node/4322352090",
        "amenity": "restaurant",
        "name": "Al al Fandi Brosted"
      },
      "geometry": {
        "type": "Point",
        "coordinates": [
          46.650158,
          24.6926247
        ]
      },
      "id": "node/4322352090"
    },
    {
      "type": "Feature",
      "properties": {
        "@id": "node/4325883790",
        "addr:street": "Al Kharj Road",
        "amenity": "restaurant",
        "cuisine": "chicken",
        "name": "كنتاكي"
      },
      "geometry": {
        "type": "Point",
        "coordinates": [
          46.7531366,
          24.6178334
        ]
      },
      "id": "node/4325883790"
    },
    {
      "type": "Feature",
      "properties": {
        "@id": "node/4326386790",
        "amenity": "cafe",
        "name": "استراحة"
      },
      "geometry": {
        "type": "Point",
        "coordinates": [
          46.5234028,
          24.4157751
        ]
      },
      "id": "node/4326386790"
    },
    {
      "type": "Feature",
      "properties": {
        "@id": "node/4333671292",
        "amenity": "fast_food",
        "brand": "McDonald's",
        "brand:wikidata": "Q38076",
        "brand:wikipedia": "en:McDonald's",
        "cuisine": "burger",
        "name": "ماكدونالدز",
        "name:en": "McDonald's",
        "opening_hours": "Mo-Su 12:00-02:00",
        "phone": "920000001",
        "takeaway": "yes",
        "website": "https://www.mcdonaldsarabia.com/ksa-riyadh/en/home.html"
      },
      "geometry": {
        "type": "Point",
        "coordinates": [
          46.7638293,
          24.6910688
        ]
      },
      "id": "node/4333671292"
    },
    {
      "type": "Feature",
      "properties": {
        "@id": "node/4339929593",
        "amenity": "restaurant",
        "name": "القرية النجدية"
      },
      "geometry": {
        "type": "Point",
        "coordinates": [
          46.7075464,
          24.7351821
        ]
      },
      "id": "node/4339929593"
    },
    {
      "type": "Feature",
      "properties": {
        "@id": "node/4343433589",
        "amenity": "restaurant",
        "name": "هرفي"
      },
      "geometry": {
        "type": "Point",
        "coordinates": [
          46.7348961,
          24.6805901
        ]
      },
      "id": "node/4343433589"
    },
    {
      "type": "Feature",
      "properties": {
        "@id": "node/4347929089",
        "amenity": "fast_food",
        "name": "ماكدونالدز"
      },
      "geometry": {
        "type": "Point",
        "coordinates": [
          46.7638264,
          24.6910244
        ]
      },
      "id": "node/4347929089"
    },
    {
      "type": "Feature",
      "properties": {
        "@id": "node/4349415402",
        "amenity": "restaurant",
        "brand": "Applebee's",
        "brand:wikidata": "Q621532",
        "cuisine": "american",
        "name": "Applebee's"
      },
      "geometry": {
        "type": "Point",
        "coordinates": [
          46.7839466,
          24.658699
        ]
      },
      "id": "node/4349415402"
    },
    {
      "type": "Feature",
      "properties": {
        "@id": "node/4349422203",
        "amenity": "fast_food",
        "cuisine": "Gourmet_Burger",
        "name": "Smashburger-Hittin",
        "takeaway": "yes"
      },
      "geometry": {
        "type": "Point",
        "coordinates": [
          46.5843261,
          24.753668
        ]
      },
      "id": "node/4349422203"
    },
    {
      "type": "Feature",
      "properties": {
        "@id": "node/4350048397",
        "addr:street": "Al Ihsa Street",
        "amenity": "fast_food",
        "brand": "Subway",
        "brand:wikidata": "Q244457",
        "cuisine": "sandwich",
        "name": "Subway",
        "takeaway": "yes"
      },
      "geometry": {
        "type": "Point",
        "coordinates": [
          46.7321259,
          24.6940896
        ]
      },
      "id": "node/4350048397"
    },
    {
      "type": "Feature",
      "properties": {
        "@id": "node/4350099591",
        "addr:street": "Al Ibn Talib Road",
        "amenity": "fast_food",
        "name": "Ghazi Fast Food"
      },
      "geometry": {
        "type": "Point",
        "coordinates": [
          46.7435305,
          24.6769341
        ]
      },
      "id": "node/4350099591"
    },
    {
      "type": "Feature",
      "properties": {
        "@id": "node/4350110189",
        "addr:street": "Al Ihsa Street",
        "amenity": "fast_food",
        "brand": "دانكن",
        "brand:ar": "دانكن",
        "brand:en": "Dunkin'",
        "brand:wikidata": "Q847743",
        "cuisine": "donut;coffee_shop",
        "name": "دانكن دونتس",
        "name:ar": "دانكن دونتس",
        "name:en": "Dunkin' Donuts",
        "operator": "Dunkin Donuts",
        "takeaway": "yes"
      },
      "geometry": {
        "type": "Point",
        "coordinates": [
          46.7331563,
          24.6898161
        ]
      },
      "id": "node/4350110189"
    },
    {
      "type": "Feature",
      "properties": {
        "@id": "node/4350630689",
        "amenity": "cafe",
        "description": "Ice Cream Shop",
        "name": "باسكن روبنز",
        "name:en": "Baskin & Robbins"
      },
      "geometry": {
        "type": "Point",
        "coordinates": [
          46.7332326,
          24.6896202
        ]
      },
      "id": "node/4350630689"
    },
    {
      "type": "Feature",
      "properties": {
        "@id": "node/4350656830",
        "amenity": "restaurant",
        "cuisine": "malabar",
        "name": "Bombay Hotel",
        "opening_hours": "06:00-23:00"
      },
      "geometry": {
        "type": "Point",
        "coordinates": [
          46.7434388,
          24.6784326
        ]
      },
      "id": "node/4350656830"
    },
    {
      "type": "Feature",
      "properties": {
        "@id": "node/4351420791",
        "addr:street": "Ali Ibn Talib Street",
        "amenity": "restaurant",
        "cuisine": "arab;persian",
        "name": "Express Arabic & Persian Restaurant"
      },
      "geometry": {
        "type": "Point",
        "coordinates": [
          46.7435589,
          24.678041
        ]
      },
      "id": "node/4351420791"
    },
    {
      "type": "Feature",
      "properties": {
        "@id": "node/4377516497",
        "addr:street": "شارع الأمير ممدوح بن عبدالعزيز",
        "amenity": "restaurant",
        "name": "مطعم اللبنان الكبير",
        "name:ar": "مطعم اللبنان الكبير"
      },
      "geometry": {
        "type": "Point",
        "coordinates": [
          46.692768,
          24.7102401
        ]
      },
      "id": "node/4377516497"
    },
    {
      "type": "Feature",
      "properties": {
        "@id": "node/4377968589",
        "amenity": "cafe",
        "name:en": "mama noora kfmc"
      },
      "geometry": {
        "type": "Point",
        "coordinates": [
          46.7017418,
          24.6915491
        ]
      },
      "id": "node/4377968589"
    },
    {
      "type": "Feature",
      "properties": {
        "@id": "node/4385439293",
        "amenity": "cafe",
        "name": "Abo al haytham cafe"
      },
      "geometry": {
        "type": "Point",
        "coordinates": [
          46.8526402,
          24.6874752
        ]
      },
      "id": "node/4385439293"
    },
    {
      "type": "Feature",
      "properties": {
        "@id": "node/4397176502",
        "addr:street": "طريق ديراب",
        "amenity": "fast_food",
        "brand": "ماكدونالدز",
        "brand:ar": "ماكدونالدز",
        "brand:en": "McDonald's",
        "brand:wikidata": "Q38076",
        "brand:wikipedia": "ar:ماكدونالدز",
        "cuisine": "burger",
        "name": "ماكدونالدز",
        "name:ar": "ماكدونالدز",
        "name:en": "McDonald's",
        "takeaway": "yes"
      },
      "geometry": {
        "type": "Point",
        "coordinates": [
          46.6580674,
          24.5374923
        ]
      },
      "id": "node/4397176502"
    },
    {
      "type": "Feature",
      "properties": {
        "@id": "node/4407391994",
        "addr:street": "خالد ابن الوليد",
        "amenity": "restaurant",
        "cuisine": "arab;sandwich;tea;coffee_shop",
        "email": "alhariritalal@gmail.com",
        "internet_access": "wlan",
        "name": "فلفلة",
        "name:ar": "فلفلة",
        "name:en": "FilFila",
        "opening_hours": "Mo-Su 05:00-23:55",
        "phone": "+966112377711",
        "website": "http://www.filfila.sa"
      },
      "geometry": {
        "type": "Point",
        "coordinates": [
          46.7793296,
          24.7403049
        ]
      },
      "id": "node/4407391994"
    },
    {
      "type": "Feature",
      "properties": {
        "@id": "node/4410495795",
        "addr:street": "Al Shafa",
        "amenity": "restaurant",
        "name": "لقمه شهيه",
        "name:ar": "لقمه شهيه",
        "opening_hours": "24/7"
      },
      "geometry": {
        "type": "Point",
        "coordinates": [
          46.5458783,
          24.6206217
        ]
      },
      "id": "node/4410495795"
    },
    {
      "type": "Feature",
      "properties": {
        "@id": "node/4411614691",
        "addr:street": "Al Taief",
        "amenity": "restaurant",
        "name": "مطاعم المشوي والشوايه",
        "name:ar": "مطاعم المشوي والشوايه"
      },
      "geometry": {
        "type": "Point",
        "coordinates": [
          46.5608642,
          24.6508357
        ]
      },
      "id": "node/4411614691"
    },
    {
      "type": "Feature",
      "properties": {
        "@id": "node/4416504291",
        "addr:housenumber": "0114643798",
        "amenity": "restaurant",
        "cuisine": "italian_pizza",
        "name": "مطعم بيتزا روما",
        "name:ar": "مطعم بيتزا روما",
        "name:en": "pizza roma restaurant"
      },
      "geometry": {
        "type": "Point",
        "coordinates": [
          46.6922802,
          24.7006387
        ]
      },
      "id": "node/4416504291"
    },
    {
      "type": "Feature",
      "properties": {
        "@id": "node/4419134190",
        "amenity": "cafe",
        "cuisine": "coffee_shop",
        "name:en": "Brew Cafe"
      },
      "geometry": {
        "type": "Point",
        "coordinates": [
          46.6249101,
          24.6856565
        ]
      },
      "id": "node/4419134190"
    },
    {
      "type": "Feature",
      "properties": {
        "@id": "node/4419831089",
        "amenity": "restaurant",
        "name:en": "Khana Khazana Hara"
      },
      "geometry": {
        "type": "Point",
        "coordinates": [
          46.7098783,
          24.6654974
        ]
      },
      "id": "node/4419831089"
    },
    {
      "type": "Feature",
      "properties": {
        "@id": "node/4425333389",
        "amenity": "restaurant",
        "name:en": "peking restaurant"
      },
      "geometry": {
        "type": "Point",
        "coordinates": [
          46.7153134,
          24.6946112
        ]
      },
      "id": "node/4425333389"
    },
    {
      "type": "Feature",
      "properties": {
        "@id": "node/4484715789",
        "amenity": "fast_food",
        "name:en": "Al-Tazaj",
        "opening_hours": "Mo-Su 11:00-13:45, 19:15-22:00"
      },
      "geometry": {
        "type": "Point",
        "coordinates": [
          46.7115802,
          24.6661313
        ]
      },
      "id": "node/4484715789"
    },
    {
      "type": "Feature",
      "properties": {
        "@id": "node/4484715790",
        "addr:city": "الرياض",
        "addr:street": "Khurais Road",
        "amenity": "fast_food",
        "brand": "Burger King",
        "brand:wikidata": "Q177054",
        "brand:wikipedia": "en:Burger King",
        "cuisine": "burger",
        "internet_access": "wlan",
        "name": "Burger King",
        "name:en": "Burger King",
        "opening_hours": "Mo-Su 10:00-13:00, 19:00-19:45, 21:15-22:00",
        "takeaway": "yes"
      },
      "geometry": {
        "type": "Point",
        "coordinates": [
          46.6945886,
          24.6818241
        ]
      },
      "id": "node/4484715790"
    },
    {
      "type": "Feature",
      "properties": {
        "@id": "node/4485044490",
        "addr:street": "Khalid Bin Yazid Bin Mu'awiah Street",
        "amenity": "restaurant",
        "name": "مطعم فول وعدس",
        "name:ar": "مطعم فول وعدس"
      },
      "geometry": {
        "type": "Point",
        "coordinates": [
          46.6795473,
          24.7090425
        ]
      },
      "id": "node/4485044490"
    },
    {
      "type": "Feature",
      "properties": {
        "@id": "node/4509806989",
        "leisure": "park"
      },
      "geometry": {
        "type": "Point",
        "coordinates": [
          46.6780648,
          24.5987433
        ]
      },
      "id": "node/4509806989"
    },
    {
      "type": "Feature",
      "properties": {
        "@id": "node/4540059290",
        "addr:street": "No. 6",
        "amenity": "cafe",
        "name": "د.كيف",
        "name:en": "dr cafe",
        "opening_hours": "Mo-Su 10:00-02:00"
      },
      "geometry": {
        "type": "Point",
        "coordinates": [
          46.7799945,
          24.6746514
        ]
      },
      "id": "node/4540059290"
    },
    {
      "type": "Feature",
      "properties": {
        "@id": "node/4541329194",
        "addr:street": "شارع السويدي العام",
        "amenity": "restaurant",
        "name": "مطعم الشراع",
        "opening_hours": "Mo-Su 08:00-02:00"
      },
      "geometry": {
        "type": "Point",
        "coordinates": [
          46.6618948,
          24.5835627
        ]
      },
      "id": "node/4541329194"
    },
    {
      "type": "Feature",
      "properties": {
        "@id": "node/4541407189",
        "addr:street": "South Ring Road",
        "amenity": "restaurant",
        "cuisine": "oriental;arab;local",
        "name": "مطعم الرومانسية",
        "opening_hours": "Mo-Su 10:00-00:00"
      },
      "geometry": {
        "type": "Point",
        "coordinates": [
          46.6675235,
          24.5710246
        ]
      },
      "id": "node/4541407189"
    },
    {
      "type": "Feature",
      "properties": {
        "@id": "node/4548701190",
        "addr:street": "شارع الأمير محمد بن عبد الرحمن",
        "amenity": "restaurant",
        "cuisine": "local",
        "name": "مطعم كرم العرب"
      },
      "geometry": {
        "type": "Point",
        "coordinates": [
          46.7336857,
          24.6135832
        ]
      },
      "id": "node/4548701190"
    },
    {
      "type": "Feature",
      "properties": {
        "@id": "node/4552581994",
        "amenity": "restaurant",
        "name": "هرفي",
        "name:ar": "هرفي"
      },
      "geometry": {
        "type": "Point",
        "coordinates": [
          46.8530093,
          24.6892908
        ]
      },
      "id": "node/4552581994"
    },
    {
      "type": "Feature",
      "properties": {
        "@id": "node/4576042091",
        "addr:street": "South Ring Road",
        "amenity": "restaurant",
        "name": "مطعم نثري"
      },
      "geometry": {
        "type": "Point",
        "coordinates": [
          46.6758243,
          24.5750926
        ]
      },
      "id": "node/4576042091"
    },
    {
      "type": "Feature",
      "properties": {
        "@id": "node/4589699498",
        "amenity": "restaurant",
        "name:en": "Lahori Khabay"
      },
      "geometry": {
        "type": "Point",
        "coordinates": [
          46.7077776,
          24.6782117
        ]
      },
      "id": "node/4589699498"
    },
    {
      "type": "Feature",
      "properties": {
        "@id": "node/4592117990",
        "amenity": "restaurant",
        "name:en": "Red Cherry Restaurant"
      },
      "geometry": {
        "type": "Point",
        "coordinates": [
          46.710807,
          24.665281
        ]
      },
      "id": "node/4592117990"
    },
    {
      "type": "Feature",
      "properties": {
        "@id": "node/4637485490",
        "amenity": "restaurant",
        "name": "حلويات ابو أنس",
        "name:ar": "حلويات ابو أنس"
      },
      "geometry": {
        "type": "Point",
        "coordinates": [
          46.6944795,
          24.7112924
        ]
      },
      "id": "node/4637485490"
    },
    {
      "type": "Feature",
      "properties": {
        "@id": "node/4642826892",
        "amenity": "restaurant"
      },
      "geometry": {
        "type": "Point",
        "coordinates": [
          46.6717308,
          24.7400098
        ]
      },
      "id": "node/4642826892"
    },
    {
      "type": "Feature",
      "properties": {
        "@id": "node/4657250291",
        "addr:street": "King Faisal",
        "amenity": "restaurant",
        "name": "مطاعم و حلويات النافورة",
        "name:ar": "مطاعم و حلويات النافورة"
      },
      "geometry": {
        "type": "Point",
        "coordinates": [
          46.7060194,
          24.6574201
        ]
      },
      "id": "node/4657250291"
    },
    {
      "type": "Feature",
      "properties": {
        "@id": "node/4663533286",
        "addr:city": "الرياض",
        "amenity": "fast_food",
        "cuisine": "pizza",
        "name": "Pizza Hut"
      },
      "geometry": {
        "type": "Point",
        "coordinates": [
          46.6840546,
          24.687062
        ]
      },
      "id": "node/4663533286"
    },
    {
      "type": "Feature",
      "properties": {
        "@id": "node/4695223893",
        "amenity": "fast_food",
        "cuisine": "pasta;pizza",
        "name": "بيتزا هت",
        "name:ar": "بيتزا هت",
        "name:en": "Pizza hut"
      },
      "geometry": {
        "type": "Point",
        "coordinates": [
          46.7598587,
          24.7394822
        ]
      },
      "id": "node/4695223893"
    },
    {
      "type": "Feature",
      "properties": {
        "@id": "node/4714786790",
        "amenity": "cafe",
        "name": "بيت سيد احمد الجديد",
        "name:ar": "بيت سيد احمد الجديد"
      },
      "geometry": {
        "type": "Point",
        "coordinates": [
          46.5643414,
          24.6268571
        ]
      },
      "id": "node/4714786790"
    },
    {
      "type": "Feature",
      "properties": {
        "@id": "node/4718021789",
        "amenity": "restaurant",
        "name": "شارع سدير"
      },
      "geometry": {
        "type": "Point",
        "coordinates": [
          46.655093,
          24.5730724
        ]
      },
      "id": "node/4718021789"
    },
    {
      "type": "Feature",
      "properties": {
        "@id": "node/4720081991",
        "amenity": "restaurant",
        "name": "ماكدونالدز",
        "name:ar": "ماكدونالدز",
        "name:en": "McDonalds"
      },
      "geometry": {
        "type": "Point",
        "coordinates": [
          46.8243562,
          24.7538716
        ]
      },
      "id": "node/4720081991"
    },
    {
      "type": "Feature",
      "properties": {
        "@id": "node/4793223625",
        "amenity": "restaurant",
        "name": "توم توم",
        "name:ar": "توم توم",
        "name:en": "Restaurant"
      },
      "geometry": {
        "type": "Point",
        "coordinates": [
          46.7752609,
          24.7100206
        ]
      },
      "id": "node/4793223625"
    },
    {
      "type": "Feature",
      "properties": {
        "@id": "node/4800105721",
        "amenity": "restaurant",
        "cuisine": "filipino;chinese;thai;asian",
        "name:en": "Riyadh Chinese Restaurant"
      },
      "geometry": {
        "type": "Point",
        "coordinates": [
          46.697097,
          24.7115405
        ]
      },
      "id": "node/4800105721"
    },
    {
      "type": "Feature",
      "properties": {
        "@id": "node/4836665945",
        "amenity": "restaurant"
      },
      "geometry": {
        "type": "Point",
        "coordinates": [
          46.7164433,
          24.647562
        ]
      },
      "id": "node/4836665945"
    },
    {
      "type": "Feature",
      "properties": {
        "@id": "node/4874819521",
        "amenity": "restaurant",
        "name": "بيت الشواية",
        "name:en": "Shawaya House"
      },
      "geometry": {
        "type": "Point",
        "coordinates": [
          46.7812573,
          24.7037993
        ]
      },
      "id": "node/4874819521"
    },
    {
      "type": "Feature",
      "properties": {
        "@id": "node/4883400329",
        "addr:street": "الدائري الجنوبي",
        "amenity": "restaurant",
        "name": "مطاعم التنهات",
        "name:ar": "مطاعم التنهات"
      },
      "geometry": {
        "type": "Point",
        "coordinates": [
          46.6744553,
          24.5741241
        ]
      },
      "id": "node/4883400329"
    },
    {
      "type": "Feature",
      "properties": {
        "@id": "node/4895296723",
        "addr:street": "شارع الشباب",
        "amenity": "restaurant",
        "name": "توم توم",
        "name:ar": "توم توم",
        "name:en": "Tom tom"
      },
      "geometry": {
        "type": "Point",
        "coordinates": [
          46.7452786,
          24.6183241
        ]
      },
      "id": "node/4895296723"
    },
    {
      "type": "Feature",
      "properties": {
        "@id": "node/4962386822",
        "addr:street": "Ibn Sina",
        "amenity": "cafe",
        "name": "كنافة تايم",
        "name:en": "konafa time"
      },
      "geometry": {
        "type": "Point",
        "coordinates": [
          46.6740792,
          24.7615142
        ]
      },
      "id": "node/4962386822"
    },
    {
      "type": "Feature",
      "properties": {
        "@id": "node/4962386823",
        "amenity": "restaurant",
        "cuisine": "indian",
        "name": "جست تشل",
        "name:ar": "جست تشل",
        "name:en": "Just chill"
      },
      "geometry": {
        "type": "Point",
        "coordinates": [
          46.6739618,
          24.7614566
        ]
      },
      "id": "node/4962386823"
    },
    {
      "type": "Feature",
      "properties": {
        "@id": "node/4964458723",
        "addr:street": "خالد ابن الوليد",
        "amenity": "fast_food",
        "brand": "McDonald's",
        "brand:wikidata": "Q38076",
        "cuisine": "burger",
        "name": "McDonald's",
        "takeaway": "yes"
      },
      "geometry": {
        "type": "Point",
        "coordinates": [
          46.7695745,
          24.7531868
        ]
      },
      "id": "node/4964458723"
    },
    {
      "type": "Feature",
      "properties": {
        "@id": "node/4964470721",
        "addr:street": "Abdul Rahman al Ghafiqi Road",
        "amenity": "fast_food",
        "name": "هرفي",
        "name:en": "Herfy"
      },
      "geometry": {
        "type": "Point",
        "coordinates": [
          46.7497606,
          24.7403156
        ]
      },
      "id": "node/4964470721"
    },
    {
      "type": "Feature",
      "properties": {
        "@id": "node/4976659521",
        "amenity": "fast_food",
        "name:en": "McDonalds (Drive Through)"
      },
      "geometry": {
        "type": "Point",
        "coordinates": [
          46.8241321,
          24.7538594
        ]
      },
      "id": "node/4976659521"
    },
    {
      "type": "Feature",
      "properties": {
        "@id": "node/4983696722",
        "addr:street": "King Abdul Aziz Road",
        "amenity": "restaurant",
        "name": "شباب البخاري"
      },
      "geometry": {
        "type": "Point",
        "coordinates": [
          46.6110214,
          24.8843959
        ]
      },
      "id": "node/4983696722"
    },
    {
      "type": "Feature",
      "properties": {
        "@id": "node/4983904343",
        "amenity": "fast_food",
        "name": "کودو",
        "name:ar": "کودو",
        "name:en": "Kudu",
        "smoking": "no",
        "takeaway": "yes"
      },
      "geometry": {
        "type": "Point",
        "coordinates": [
          46.692986,
          24.8064789
        ]
      },
      "id": "node/4983904343"
    },
    {
      "type": "Feature",
      "properties": {
        "@id": "node/4983904344",
        "amenity": "fast_food",
        "brand": "McDonald's",
        "brand:wikidata": "Q38076",
        "brand:wikipedia": "en:McDonald's",
        "cuisine": "burger",
        "drive_through": "yes",
        "kids_area": "no",
        "kids_area:fee": "no",
        "kids_area:indoor": "yes",
        "kids_area:outdoor": "no",
        "kids_area:supervised": "no",
        "name": "ماکدونلدز",
        "name:en": "McDonald's",
        "smoking": "no",
        "takeaway": "yes"
      },
      "geometry": {
        "type": "Point",
        "coordinates": [
          46.6933701,
          24.8056738
        ]
      },
      "id": "node/4983904344"
    },
    {
      "type": "Feature",
      "properties": {
        "@id": "node/5032905621",
        "addr:street": "طريق الملك فهد",
        "amenity": "restaurant",
        "cuisine": "indian",
        "name": "Shikara Restaurant",
        "name:ar": "Shikara Restaurant",
        "name:en": "Shikara Restaurant",
        "opening_hours": "Mo-Su 00:30-23:00",
        "phone": "+966112305333"
      },
      "geometry": {
        "type": "Point",
        "coordinates": [
          46.6711407,
          24.7128171
        ]
      },
      "id": "node/5032905621"
    },
    {
      "type": "Feature",
      "properties": {
        "@id": "node/5050341624",
        "amenity": "fast_food",
        "name:en": "Pizza Hut"
      },
      "geometry": {
        "type": "Point",
        "coordinates": [
          46.8201934,
          24.7515345
        ]
      },
      "id": "node/5050341624"
    },
    {
      "type": "Feature",
      "properties": {
        "@id": "node/5081439081",
        "addr:city": "riadyh",
        "addr:housenumber": "12232",
        "addr:street": "عبد العزيز بن مساعد بن جلوي",
        "amenity": "cafe",
        "cuisine": "bubble_Tea;smoothies;coffee_shop;ice_cream;taro;matcha",
        "name": "Tea Park for bubble tea",
        "opening_hours": "12:30-00:30"
      },
      "geometry": {
        "type": "Point",
        "coordinates": [
          46.7027024,
          24.6948127
        ]
      },
      "id": "node/5081439081"
    },
    {
      "type": "Feature",
      "properties": {
        "@id": "node/5102935021",
        "amenity": "restaurant",
        "name": "Akariya 3 Food Court"
      },
      "geometry": {
        "type": "Point",
        "coordinates": [
          46.6833325,
          24.7053464
        ]
      },
      "id": "node/5102935021"
    },
    {
      "type": "Feature",
      "properties": {
        "@id": "node/5114403795",
        "addr:city": "Riyadh",
        "amenity": "restaurant",
        "capacity": "50",
        "cuisine": "italian",
        "name": "La Piazza",
        "opening_hours": "Sa-Th 16:00-24:00; Fr 15:00-23:30",
        "outdoor_seating": "no",
        "phone": "+966114543300",
        "smoking": "outside",
        "takeaway": "no"
      },
      "geometry": {
        "type": "Point",
        "coordinates": [
          46.6651178,
          24.7273506
        ]
      },
      "id": "node/5114403795"
    },
    {
      "type": "Feature",
      "properties": {
        "@id": "node/5114403796",
        "addr:city": "Riyadh",
        "amenity": "restaurant",
        "capacity": "100",
        "cuisine": "international",
        "delivery": "no",
        "name": "Al Bustan",
        "opening_hours": "Su-Th 06:30-10:00, Fr-Sa 06:30-10:30, Su-Th 12:00-15:00, Fr 12:30-15:30, Sa 13:00-16:00, Su-Fr 19:00-23:00",
        "outdoor_seating": "no",
        "smoking": "outside",
        "takeaway": "no"
      },
      "geometry": {
        "type": "Point",
        "coordinates": [
          46.6650473,
          24.7273506
        ]
      },
      "id": "node/5114403796"
    },
    {
      "type": "Feature",
      "properties": {
        "@id": "node/5116526034",
        "amenity": "cafe",
        "cuisine": "coffee_shop",
        "name": "Starbucks"
      },
      "geometry": {
        "type": "Point",
        "coordinates": [
          46.6556457,
          24.7432338
        ]
      },
      "id": "node/5116526034"
    },
    {
      "type": "Feature",
      "properties": {
        "@id": "node/5125029521",
        "amenity": "fast_food",
        "name:en": "Domino Pizza"
      },
      "geometry": {
        "type": "Point",
        "coordinates": [
          46.7016258,
          24.9616634
        ]
      },
      "id": "node/5125029521"
    },
    {
      "type": "Feature",
      "properties": {
        "@id": "node/5125029621",
        "amenity": "cafe"
      },
      "geometry": {
        "type": "Point",
        "coordinates": [
          46.7021226,
          24.9615601
        ]
      },
      "id": "node/5125029621"
    },
    {
      "type": "Feature",
      "properties": {
        "@id": "node/5125029624",
        "amenity": "cafe",
        "name:en": "Dunkin Donuts"
      },
      "geometry": {
        "type": "Point",
        "coordinates": [
          46.702967,
          24.9613646
        ]
      },
      "id": "node/5125029624"
    },
    {
      "type": "Feature",
      "properties": {
        "@id": "node/5125029724",
        "amenity": "cafe",
        "name:en": "Segafredo"
      },
      "geometry": {
        "type": "Point",
        "coordinates": [
          46.7025752,
          24.961553
        ]
      },
      "id": "node/5125029724"
    },
    {
      "type": "Feature",
      "properties": {
        "@id": "node/5125031321",
        "amenity": "cafe",
        "name:en": "Wayne's Coffee"
      },
      "geometry": {
        "type": "Point",
        "coordinates": [
          46.7029363,
          24.9610086
        ]
      },
      "id": "node/5125031321"
    },
    {
      "type": "Feature",
      "properties": {
        "@id": "node/5125032227",
        "amenity": "cafe",
        "name:en": "Mamma Roti"
      },
      "geometry": {
        "type": "Point",
        "coordinates": [
          46.7010461,
          24.9632472
        ]
      },
      "id": "node/5125032227"
    },
    {
      "type": "Feature",
      "properties": {
        "@id": "node/5125032422",
        "amenity": "restaurant",
        "name:en": "Transit Passenger Lounge"
      },
      "geometry": {
        "type": "Point",
        "coordinates": [
          46.7012485,
          24.9621993
        ]
      },
      "id": "node/5125032422"
    },
    {
      "type": "Feature",
      "properties": {
        "@id": "node/5125032425",
        "amenity": "cafe",
        "name:en": "Starbucks"
      },
      "geometry": {
        "type": "Point",
        "coordinates": [
          46.7012786,
          24.9636207
        ]
      },
      "id": "node/5125032425"
    },
    {
      "type": "Feature",
      "properties": {
        "@id": "node/5125032427",
        "amenity": "cafe",
        "name:en": "Simit Saraji"
      },
      "geometry": {
        "type": "Point",
        "coordinates": [
          46.7013919,
          24.9641018
        ]
      },
      "id": "node/5125032427"
    },
    {
      "type": "Feature",
      "properties": {
        "@id": "node/5125033122",
        "amenity": "fast_food",
        "name:en": "Burger King"
      },
      "geometry": {
        "type": "Point",
        "coordinates": [
          46.7008776,
          24.9628102
        ]
      },
      "id": "node/5125033122"
    },
    {
      "type": "Feature",
      "properties": {
        "@id": "node/5125033123",
        "amenity": "restaurant",
        "name:en": "Plaza Premium Lounge"
      },
      "geometry": {
        "type": "Point",
        "coordinates": [
          46.7007528,
          24.9632381
        ]
      },
      "id": "node/5125033123"
    },
    {
      "type": "Feature",
      "properties": {
        "@id": "node/5125214821",
        "amenity": "restaurant",
        "internet_access": "wlan",
        "name:en": "Saudia Alfursan Lounge"
      },
      "geometry": {
        "type": "Point",
        "coordinates": [
          46.7020506,
          24.9613016
        ]
      },
      "id": "node/5125214821"
    },
    {
      "type": "Feature",
      "properties": {
        "@id": "node/5132824423",
        "amenity": "cafe",
        "internet_access": "wlan",
        "name": "مقهى بلانو كافيه",
        "name:en": "Plano Cafe"
      },
      "geometry": {
        "type": "Point",
        "coordinates": [
          46.6889009,
          24.7379427
        ]
      },
      "id": "node/5132824423"
    },
    {
      "type": "Feature",
      "properties": {
        "@id": "node/5157417524",
        "amenity": "restaurant",
        "name:en": "California Pizza Kitchen",
        "name:it": "L’entrecote"
      },
      "geometry": {
        "type": "Point",
        "coordinates": [
          46.7025525,
          24.703971
        ]
      },
      "id": "node/5157417524"
    },
    {
      "type": "Feature",
      "properties": {
        "@id": "node/5157426421",
        "addr:city": "Riyadh",
        "addr:street": "Tahliya Street",
        "amenity": "restaurant",
        "cuisine": "asian",
        "delivery": "yes",
        "name": "أقوس",
        "name:ar": "أقوس",
        "name:en": "Agus",
        "name:it": "Kampai",
        "smoking": "outside",
        "takeaway": "yes",
        "wheelchair": "yes"
      },
      "geometry": {
        "type": "Point",
        "coordinates": [
          46.7024194,
          24.7039122
        ]
      },
      "id": "node/5157426421"
    },
    {
      "type": "Feature",
      "properties": {
        "@id": "node/5177732887",
        "amenity": "fast_food",
        "name": "برجرايزر١",
        "name:en": "Burgerizzr"
      },
      "geometry": {
        "type": "Point",
        "coordinates": [
          46.688816,
          24.8149607
        ]
      },
      "id": "node/5177732887"
    },
    {
      "type": "Feature",
      "properties": {
        "@id": "node/5177732888",
        "amenity": "fast_food",
        "brand": "Subway",
        "brand:wikidata": "Q244457",
        "brand:wikipedia": "en:Subway (restaurant)",
        "cuisine": "sandwich",
        "name": "صب واي",
        "name:en": "Subway",
        "takeaway": "yes"
      },
      "geometry": {
        "type": "Point",
        "coordinates": [
          46.6892774,
          24.8139674
        ]
      },
      "id": "node/5177732888"
    },
    {
      "type": "Feature",
      "properties": {
        "@id": "node/5177732889",
        "amenity": "cafe",
        "name": "د. كيف",
        "name:en": "Dr. Cafe"
      },
      "geometry": {
        "type": "Point",
        "coordinates": [
          46.6919006,
          24.8083239
        ]
      },
      "id": "node/5177732889"
    },
    {
      "type": "Feature",
      "properties": {
        "@id": "node/5177732890",
        "amenity": "fast_food",
        "cuisine": "burger",
        "name": "برجر فيول",
        "name:en": "Burger Fuel"
      },
      "geometry": {
        "type": "Point",
        "coordinates": [
          46.6925067,
          24.8071309
        ]
      },
      "id": "node/5177732890"
    },
    {
      "type": "Feature",
      "properties": {
        "@id": "node/5177904649",
        "amenity": "cafe",
        "brand": "ستاربكس",
        "brand:ar": "ستاربكس",
        "brand:en": "Starbucks",
        "brand:wikidata": "Q37158",
        "brand:wikipedia": "ar:ستاربكس",
        "cuisine": "coffee_shop",
        "name": "ستاربكس",
        "name:ar": "ستاربكس",
        "name:en": "Starbucks",
        "official_name": "ستاربكس كافية",
        "official_name:ar": "ستاربكس كافية",
        "official_name:en": "Starbucks Coffee",
        "smoking": "no",
        "takeaway": "yes"
      },
      "geometry": {
        "type": "Point",
        "coordinates": [
          46.6931658,
          24.8056365
        ]
      },
      "id": "node/5177904649"
    },
    {
      "type": "Feature",
      "properties": {
        "@id": "node/5177911643",
        "amenity": "cafe",
        "brand": "ستاربكس",
        "brand:ar": "ستاربكس",
        "brand:en": "Starbucks",
        "brand:wikidata": "Q37158",
        "cuisine": "coffee_shop",
        "name": "ستاربكس",
        "name:ar": "ستاربكس",
        "name:en": "Starbucks",
        "official_name": "ستاربكس كافية",
        "official_name:ar": "ستاربكس كافية",
        "official_name:en": "Starbucks Coffee",
        "takeaway": "yes"
      },
      "geometry": {
        "type": "Point",
        "coordinates": [
          46.6870169,
          24.8178723
        ]
      },
      "id": "node/5177911643"
    },
    {
      "type": "Feature",
      "properties": {
        "@id": "node/5205344222",
        "addr:street": "Al Imam Abdullah Bin Saud Ibn Abdulaziz",
        "amenity": "restaurant",
        "name": "مطعم النافورة"
      },
      "geometry": {
        "type": "Point",
        "coordinates": [
          46.78546,
          24.7990314
        ]
      },
      "id": "node/5205344222"
    },
    {
      "type": "Feature",
      "properties": {
        "@id": "node/5214653021",
        "addr:street": "طريق الدائري الشرقي",
        "email": "abdullha1666@gmail.com",
        "name": "غرناطه مول",
        "opening_hours": "24/7",
        "shop": "mall",
        "website": "http://abdulla1666@gmail.com"
      },
      "geometry": {
        "type": "Point",
        "coordinates": [
          46.7308063,
          24.7817924
        ]
      },
      "id": "node/5214653021"
    },
    {
      "type": "Feature",
      "properties": {
        "@id": "node/5219617827",
        "amenity": "restaurant",
        "name:en": "Raising Cane's - Chicken Fingers"
      },
      "geometry": {
        "type": "Point",
        "coordinates": [
          46.6736943,
          24.6892064
        ]
      },
      "id": "node/5219617827"
    },
    {
      "type": "Feature",
      "properties": {
        "@id": "node/5219636026",
        "amenity": "restaurant",
        "name:en": "Al Nafourah Restaurant"
      },
      "geometry": {
        "type": "Point",
        "coordinates": [
          46.7184462,
          24.6833207
        ]
      },
      "id": "node/5219636026"
    },
    {
      "type": "Feature",
      "properties": {
        "@id": "node/5316647721",
        "amenity": "fast_food",
        "name": "batha hotel",
        "name:ar": "batha hotel",
        "name:en": "nepali hotel"
      },
      "geometry": {
        "type": "Point",
        "coordinates": [
          46.7156641,
          24.6444291
        ]
      },
      "id": "node/5316647721"
    },
    {
      "type": "Feature",
      "properties": {
        "@id": "node/5334967186",
        "amenity": "restaurant",
        "name": "Lahore Restaurent"
      },
      "geometry": {
        "type": "Point",
        "coordinates": [
          46.7445923,
          24.6743841
        ]
      },
      "id": "node/5334967186"
    },
    {
      "type": "Feature",
      "properties": {
        "@id": "node/5334967188",
        "amenity": "restaurant",
        "name": "Bharath Restaurant"
      },
      "geometry": {
        "type": "Point",
        "coordinates": [
          46.7444784,
          24.6747018
        ]
      },
      "id": "node/5334967188"
    },
    {
      "type": "Feature",
      "properties": {
        "@id": "node/5361611832",
        "addr:street": "شارع السويدي العام",
        "amenity": "fast_food",
        "name": "هرفي"
      },
      "geometry": {
        "type": "Point",
        "coordinates": [
          46.684862,
          24.5980523
        ]
      },
      "id": "node/5361611832"
    },
    {
      "type": "Feature",
      "properties": {
        "@id": "node/5361611833",
        "addr:street": "شارع السويدي العام",
        "amenity": "restaurant",
        "name": "مطعم السبيعي"
      },
      "geometry": {
        "type": "Point",
        "coordinates": [
          46.685459,
          24.598203
        ]
      },
      "id": "node/5361611833"
    },
    {
      "type": "Feature",
      "properties": {
        "@id": "node/5361615523",
        "addr:street": "شارع السويدي العام",
        "amenity": "fast_food",
        "name": "كنتاكي"
      },
      "geometry": {
        "type": "Point",
        "coordinates": [
          46.6820226,
          24.5963083
        ]
      },
      "id": "node/5361615523"
    },
    {
      "type": "Feature",
      "properties": {
        "@id": "node/5361615524",
        "amenity": "fast_food",
        "name": "هارديز"
      },
      "geometry": {
        "type": "Point",
        "coordinates": [
          46.6815841,
          24.5960543
        ]
      },
      "id": "node/5361615524"
    },
    {
      "type": "Feature",
      "properties": {
        "@id": "node/5361616145",
        "addr:street": "شارع السويدي العام",
        "amenity": "fast_food",
        "name": "ماكدونالدز"
      },
      "geometry": {
        "type": "Point",
        "coordinates": [
          46.6811264,
          24.5957426
        ]
      },
      "id": "node/5361616145"
    },
    {
      "type": "Feature",
      "properties": {
        "@id": "node/5361648821",
        "addr:street": "شارع السويدي العام",
        "amenity": "fast_food",
        "name": "مطعم تاكسي"
      },
      "geometry": {
        "type": "Point",
        "coordinates": [
          46.6843568,
          24.5977115
        ]
      },
      "id": "node/5361648821"
    },
    {
      "type": "Feature",
      "properties": {
        "@id": "node/5361648822",
        "amenity": "fast_food",
        "name": "مطعم سبايس الهندي"
      },
      "geometry": {
        "type": "Point",
        "coordinates": [
          46.6842768,
          24.5976593
        ]
      },
      "id": "node/5361648822"
    },
    {
      "type": "Feature",
      "properties": {
        "@id": "node/5363853123",
        "amenity": "cafe",
        "name:en": "Alwan Shisha Cafe"
      },
      "geometry": {
        "type": "Point",
        "coordinates": [
          46.7944917,
          24.8271331
        ]
      },
      "id": "node/5363853123"
    },
    {
      "type": "Feature",
      "properties": {
        "@id": "node/5368949222",
        "amenity": "restaurant",
        "name": "مطعم ديرتي"
      },
      "geometry": {
        "type": "Point",
        "coordinates": [
          46.6691344,
          24.5881783
        ]
      },
      "id": "node/5368949222"
    },
    {
      "type": "Feature",
      "properties": {
        "@id": "node/5368949224",
        "amenity": "fast_food",
        "name": "بيتزا هت"
      },
      "geometry": {
        "type": "Point",
        "coordinates": [
          46.6587482,
          24.581642
        ]
      },
      "id": "node/5368949224"
    },
    {
      "type": "Feature",
      "properties": {
        "@id": "node/5369762930",
        "amenity": "restaurant",
        "name:en": "Kampai"
      },
      "geometry": {
        "type": "Point",
        "coordinates": [
          46.7023006,
          24.7038856
        ]
      },
      "id": "node/5369762930"
    },
    {
      "type": "Feature",
      "properties": {
        "@id": "node/5369768822",
        "amenity": "restaurant",
        "name": "كرم بيروت",
        "name:ar": "كرم بيروت",
        "name:en": "Karam Beirut"
      },
      "geometry": {
        "type": "Point",
        "coordinates": [
          46.7020215,
          24.7037638
        ]
      },
      "id": "node/5369768822"
    },
    {
      "type": "Feature",
      "properties": {
        "@id": "node/5451982642",
        "leisure": "park"
      },
      "geometry": {
        "type": "Point",
        "coordinates": [
          46.7176885,
          24.5471483
        ]
      },
      "id": "node/5451982642"
    },
    {
      "type": "Feature",
      "properties": {
        "@id": "node/5451982912",
        "leisure": "park"
      },
      "geometry": {
        "type": "Point",
        "coordinates": [
          46.6992497,
          24.5686106
        ]
      },
      "id": "node/5451982912"
    },
    {
      "type": "Feature",
      "properties": {
        "@id": "node/5467529321",
        "amenity": "cafe"
      },
      "geometry": {
        "type": "Point",
        "coordinates": [
          46.7548745,
          24.6113907
        ]
      },
      "id": "node/5467529321"
    },
    {
      "type": "Feature",
      "properties": {
        "@id": "node/5492001721",
        "addr:street": "طريق تركي الأول بن عبدالعزيز آل سعود",
        "amenity": "cafe",
        "cuisine": "coffee_shop",
        "name": "جولت كوفي",
        "name:en": "jolt coffe",
        "opening_hours": "24/7"
      },
      "geometry": {
        "type": "Point",
        "coordinates": [
          46.6454565,
          24.7240862
        ]
      },
      "id": "node/5492001721"
    },
    {
      "type": "Feature",
      "properties": {
        "@id": "node/5523011800",
        "amenity": "restaurant",
        "name:en": "Bab Al Yemen Restaurant"
      },
      "geometry": {
        "type": "Point",
        "coordinates": [
          46.6787006,
          24.6919474
        ]
      },
      "id": "node/5523011800"
    },
    {
      "type": "Feature",
      "properties": {
        "@id": "node/5523040057",
        "amenity": "restaurant",
        "name:en": "Mayrig",
        "website": "http://www.mayrigriyadh.com"
      },
      "geometry": {
        "type": "Point",
        "coordinates": [
          46.6791025,
          24.6940866
        ]
      },
      "id": "node/5523040057"
    },
    {
      "type": "Feature",
      "properties": {
        "@id": "node/5523040138",
        "amenity": "restaurant",
        "name": "مطعم فروج الكروان",
        "name:en": "Farooj Alcarawan"
      },
      "geometry": {
        "type": "Point",
        "coordinates": [
          46.6785357,
          24.6938721
        ]
      },
      "id": "node/5523040138"
    },
    {
      "type": "Feature",
      "properties": {
        "@id": "node/5523045235",
        "amenity": "restaurant",
        "name:en": "Zaatar w Zeit"
      },
      "geometry": {
        "type": "Point",
        "coordinates": [
          46.6988688,
          24.7032121
        ]
      },
      "id": "node/5523045235"
    },
    {
      "type": "Feature",
      "properties": {
        "@id": "node/5523102827",
        "amenity": "restaurant",
        "name:en": "Le Relais de l'Entrecote"
      },
      "geometry": {
        "type": "Point",
        "coordinates": [
          46.7023537,
          24.7039466
        ]
      },
      "id": "node/5523102827"
    },
    {
      "type": "Feature",
      "properties": {
        "@id": "node/5523102828",
        "amenity": "restaurant",
        "name:en": "Kababji"
      },
      "geometry": {
        "type": "Point",
        "coordinates": [
          46.6986114,
          24.7030862
        ]
      },
      "id": "node/5523102828"
    },
    {
      "type": "Feature",
      "properties": {
        "@id": "node/5525638722",
        "amenity": "restaurant",
        "name:en": "Porterhouse بورترهاوس"
      },
      "geometry": {
        "type": "Point",
        "coordinates": [
          46.6788359,
          24.6939734
        ]
      },
      "id": "node/5525638722"
    },
    {
      "type": "Feature",
      "properties": {
        "@id": "node/5532810426",
        "amenity": "fast_food",
        "name:en": "Ya Mal Ash'am"
      },
      "geometry": {
        "type": "Point",
        "coordinates": [
          46.6823339,
          24.6998806
        ]
      },
      "id": "node/5532810426"
    },
    {
      "type": "Feature",
      "properties": {
        "@id": "node/5543119532",
        "amenity": "cafe",
        "name:en": "Kiva Han Coffee"
      },
      "geometry": {
        "type": "Point",
        "coordinates": [
          46.7075291,
          24.7776024
        ]
      },
      "id": "node/5543119532"
    },
    {
      "type": "Feature",
      "properties": {
        "@id": "node/5557189021",
        "amenity": "cafe",
        "name:en": "Java Time"
      },
      "geometry": {
        "type": "Point",
        "coordinates": [
          46.7118329,
          24.7787495
        ]
      },
      "id": "node/5557189021"
    },
    {
      "type": "Feature",
      "properties": {
        "@id": "node/5572768523",
        "amenity": "cafe",
        "name:en": "Coffee Day"
      },
      "geometry": {
        "type": "Point",
        "coordinates": [
          46.6747489,
          24.7078801
        ]
      },
      "id": "node/5572768523"
    },
    {
      "type": "Feature",
      "properties": {
        "@id": "node/5573919623",
        "amenity": "cafe",
        "name:en": "Title Cafe"
      },
      "geometry": {
        "type": "Point",
        "coordinates": [
          46.6485538,
          24.7025184
        ]
      },
      "id": "node/5573919623"
    },
    {
      "type": "Feature",
      "properties": {
        "@id": "node/5573952923",
        "amenity": "restaurant",
        "name:en": "Sultana Moroccan Restaurant"
      },
      "geometry": {
        "type": "Point",
        "coordinates": [
          46.6632003,
          24.7100597
        ]
      },
      "id": "node/5573952923"
    },
    {
      "type": "Feature",
      "properties": {
        "@id": "node/5577877021",
        "amenity": "cafe",
        "name:en": "Al Musafer Shisha Place"
      },
      "geometry": {
        "type": "Point",
        "coordinates": [
          46.8257314,
          24.8188596
        ]
      },
      "id": "node/5577877021"
    },
    {
      "type": "Feature",
      "properties": {
        "@id": "node/5577877022",
        "amenity": "cafe",
        "name:en": "Alatlal Shisha Cafe"
      },
      "geometry": {
        "type": "Point",
        "coordinates": [
          46.8258776,
          24.8187489
        ]
      },
      "id": "node/5577877022"
    },
    {
      "type": "Feature",
      "properties": {
        "@id": "node/5577877121",
        "amenity": "cafe",
        "name:en": "Al Atlal Shisha Cafe"
      },
      "geometry": {
        "type": "Point",
        "coordinates": [
          46.5899571,
          24.8775128
        ]
      },
      "id": "node/5577877121"
    },
    {
      "type": "Feature",
      "properties": {
        "@id": "node/5715252424",
        "amenity": "restaurant",
        "name": "بيتزاهت",
        "name:en": "Pizza Hut"
      },
      "geometry": {
        "type": "Point",
        "coordinates": [
          46.7424813,
          24.7953067
        ]
      },
      "id": "node/5715252424"
    },
    {
      "type": "Feature",
      "properties": {
        "@id": "node/5715252425",
        "amenity": "restaurant",
        "cuisine": "pizza",
        "name": "بيتزا هت",
        "name:en": "Pizza Hut",
        "smoking": "no",
        "takeaway": "yes"
      },
      "geometry": {
        "type": "Point",
        "coordinates": [
          46.7399092,
          24.8004341
        ]
      },
      "id": "node/5715252425"
    },
    {
      "type": "Feature",
      "properties": {
        "@id": "node/5715252426",
        "amenity": "restaurant",
        "name": "هوت دوق اكسبرس",
        "name:en": "hotdog express"
      },
      "geometry": {
        "type": "Point",
        "coordinates": [
          46.7396469,
          24.8004505
        ]
      },
      "id": "node/5715252426"
    },
    {
      "type": "Feature",
      "properties": {
        "@id": "node/5756386718",
        "amenity": "restaurant",
        "cuisine": "regional",
        "name": "OULU Lounge"
      },
      "geometry": {
        "type": "Point",
        "coordinates": [
          46.6631414,
          24.7104405
        ]
      },
      "id": "node/5756386718"
    },
    {
      "type": "Feature",
      "properties": {
        "@id": "node/5809163553",
        "amenity": "cafe",
        "name": "دكتور كيف",
        "name:en": "d.cafe"
      },
      "geometry": {
        "type": "Point",
        "coordinates": [
          46.7312586,
          24.7798477
        ]
      },
      "id": "node/5809163553"
    },
    {
      "type": "Feature",
      "properties": {
        "@id": "node/5867949784",
        "addr:city": "RIYADH",
        "addr:housenumber": "7962",
        "addr:postcode": "13314 - 4017",
        "addr:street": "Airport Rd",
        "amenity": "cafe",
        "cuisine": "pasta;pizza;sandwich",
        "diet:vegetarian": "yes",
        "drink:coffee": "yes",
        "internet_access": "yes",
        "internet_access:fee": "no",
        "name": "كافيه دي جاردن",
        "name:en": "Cafe du Jardin",
        "outdoor_seating": "yes",
        "smoking": "outside"
      },
      "geometry": {
        "type": "Point",
        "coordinates": [
          46.7165124,
          24.802743
        ]
      },
      "id": "node/5867949784"
    },
    {
      "type": "Feature",
      "properties": {
        "@id": "node/5876144086",
        "amenity": "cafe",
        "name": "ارببكا"
      },
      "geometry": {
        "type": "Point",
        "coordinates": [
          46.6931329,
          24.6372046
        ]
      },
      "id": "node/5876144086"
    },
    {
      "type": "Feature",
      "properties": {
        "@id": "node/5922680985",
        "amenity": "cafe",
        "name:en": "Starbucks",
        "not:brand:wikidata": "Q37158"
      },
      "geometry": {
        "type": "Point",
        "coordinates": [
          46.6792022,
          24.7050263
        ]
      },
      "id": "node/5922680985"
    },
    {
      "type": "Feature",
      "properties": {
        "@id": "node/5922683685",
        "amenity": "cafe",
        "name": "واينز كوفي",
        "name:en": "Wayne's Coffee"
      },
      "geometry": {
        "type": "Point",
        "coordinates": [
          46.6756541,
          24.675876
        ]
      },
      "id": "node/5922683685"
    },
    {
      "type": "Feature",
      "properties": {
        "@id": "node/5931995788",
        "amenity": "cafe",
        "name": "Al Masaa Cafe"
      },
      "geometry": {
        "type": "Point",
        "coordinates": [
          46.6720732,
          24.7135789
        ]
      },
      "id": "node/5931995788"
    },
    {
      "type": "Feature",
      "properties": {
        "@id": "node/5932014286",
        "amenity": "restaurant",
        "name": "Fairouz Garden"
      },
      "geometry": {
        "type": "Point",
        "coordinates": [
          46.675289,
          24.7080046
        ]
      },
      "id": "node/5932014286"
    },
    {
      "type": "Feature",
      "properties": {
        "@id": "node/5951211576",
        "amenity": "cafe",
        "name": "مولتن",
        "name:en": "MOL10"
      },
      "geometry": {
        "type": "Point",
        "coordinates": [
          46.6683789,
          24.6742966
        ]
      },
      "id": "node/5951211576"
    },
    {
      "type": "Feature",
      "properties": {
        "@id": "node/5951211579",
        "amenity": "restaurant",
        "name": "فرشي",
        "name:en": "Freshii"
      },
      "geometry": {
        "type": "Point",
        "coordinates": [
          46.6683897,
          24.6741686
        ]
      },
      "id": "node/5951211579"
    },
    {
      "type": "Feature",
      "properties": {
        "@id": "node/5951211685",
        "amenity": "restaurant",
        "cuisine": "pizza",
        "name": "مايسترو بيتزا",
        "name:en": "Maestro Pizza"
      },
      "geometry": {
        "type": "Point",
        "coordinates": [
          46.6682167,
          24.6742966
        ]
      },
      "id": "node/5951211685"
    },
    {
      "type": "Feature",
      "properties": {
        "@id": "node/5961241337",
        "amenity": "restaurant",
        "name": "عالخفيف",
        "name:en": "Alkhafeef",
        "website": "https://alkhafeef.com.sa/"
      },
      "geometry": {
        "type": "Point",
        "coordinates": [
          46.7911624,
          24.6843449
        ]
      },
      "id": "node/5961241337"
    },
    {
      "type": "Feature",
      "properties": {
        "@id": "node/5995083326",
        "amenity": "fast_food",
        "brand": "McDonald's",
        "brand:wikidata": "Q38076",
        "brand:wikipedia": "en:McDonald's",
        "cuisine": "burger",
        "name": "McDonald's",
        "takeaway": "yes"
      },
      "geometry": {
        "type": "Point",
        "coordinates": [
          46.6734739,
          24.7616003
        ]
      },
      "id": "node/5995083326"
    },
    {
      "type": "Feature",
      "properties": {
        "@id": "node/6001451037",
        "leisure": "sports_centre",
        "sport": "swimming"
      },
      "geometry": {
        "type": "Point",
        "coordinates": [
          46.7132667,
          24.7637263
        ]
      },
      "id": "node/6001451037"
    },
    {
      "type": "Feature",
      "properties": {
        "@id": "node/6001451044",
        "leisure": "park"
      },
      "geometry": {
        "type": "Point",
        "coordinates": [
          46.7050685,
          24.7666222
        ]
      },
      "id": "node/6001451044"
    },
    {
      "type": "Feature",
      "properties": {
        "@id": "node/6001451056",
        "leisure": "park"
      },
      "geometry": {
        "type": "Point",
        "coordinates": [
          46.6703826,
          24.762764
        ]
      },
      "id": "node/6001451056"
    },
    {
      "type": "Feature",
      "properties": {
        "@id": "node/6001606810",
        "leisure": "park"
      },
      "geometry": {
        "type": "Point",
        "coordinates": [
          46.7732936,
          24.7589855
        ]
      },
      "id": "node/6001606810"
    },
    {
      "type": "Feature",
      "properties": {
        "@id": "node/6001606814",
        "leisure": "park"
      },
      "geometry": {
        "type": "Point",
        "coordinates": [
          46.7814852,
          24.7360612
        ]
      },
      "id": "node/6001606814"
    },
    {
      "type": "Feature",
      "properties": {
        "@id": "node/6001606915",
        "leisure": "park"
      },
      "geometry": {
        "type": "Point",
        "coordinates": [
          46.7568354,
          24.7417021
        ]
      },
      "id": "node/6001606915"
    },
    {
      "type": "Feature",
      "properties": {
        "@id": "node/6001607121",
        "leisure": "park"
      },
      "geometry": {
        "type": "Point",
        "coordinates": [
          46.7917016,
          24.6907236
        ]
      },
      "id": "node/6001607121"
    },
    {
      "type": "Feature",
      "properties": {
        "@id": "node/6001714049",
        "leisure": "park",
        "name": "AlRaja Park"
      },
      "geometry": {
        "type": "Point",
        "coordinates": [
          46.7659844,
          24.6976646
        ]
      },
      "id": "node/6001714049"
    },
    {
      "type": "Feature",
      "properties": {
        "@id": "node/6003939583",
        "leisure": "park"
      },
      "geometry": {
        "type": "Point",
        "coordinates": [
          46.6631895,
          24.603262
        ]
      },
      "id": "node/6003939583"
    },
    {
      "type": "Feature",
      "properties": {
        "@id": "node/6003939662",
        "leisure": "park"
      },
      "geometry": {
        "type": "Point",
        "coordinates": [
          46.6656078,
          24.590319
        ]
      },
      "id": "node/6003939662"
    },
    {
      "type": "Feature",
      "properties": {
        "@id": "node/6004005599",
        "leisure": "park"
      },
      "geometry": {
        "type": "Point",
        "coordinates": [
          46.6152935,
          24.592377
        ]
      },
      "id": "node/6004005599"
    },
    {
      "type": "Feature",
      "properties": {
        "@id": "node/6004005662",
        "leisure": "park"
      },
      "geometry": {
        "type": "Point",
        "coordinates": [
          46.624291,
          24.5787866
        ]
      },
      "id": "node/6004005662"
    },
    {
      "type": "Feature",
      "properties": {
        "@id": "node/6004005733",
        "leisure": "park"
      },
      "geometry": {
        "type": "Point",
        "coordinates": [
          46.6451537,
          24.5765789
        ]
      },
      "id": "node/6004005733"
    },
    {
      "type": "Feature",
      "properties": {
        "@id": "node/6017753643",
        "leisure": "park"
      },
      "geometry": {
        "type": "Point",
        "coordinates": [
          46.7548874,
          24.6175478
        ]
      },
      "id": "node/6017753643"
    },
    {
      "type": "Feature",
      "properties": {
        "@id": "node/6024310188",
        "amenity": "cafe",
        "name:en": "LESS Cafe"
      },
      "geometry": {
        "type": "Point",
        "coordinates": [
          46.6371426,
          24.8331293
        ]
      },
      "id": "node/6024310188"
    },
    {
      "type": "Feature",
      "properties": {
        "@id": "node/6065957785",
        "amenity": "cafe",
        "brand": "جافا تايم",
        "brand:ar": "جافا تايم",
        "brand:en": "Java Time",
        "brand:wikidata": "Q12204153",
        "cuisine": "coffee_shop",
        "name": "جافا تايم",
        "name:ar": "جافا تايم",
        "name:en": "Java Time",
        "takeaway": "yes"
      },
      "geometry": {
        "type": "Point",
        "coordinates": [
          46.6727154,
          24.7605254
        ]
      },
      "id": "node/6065957785"
    },
    {
      "type": "Feature",
      "properties": {
        "@id": "node/6135155685",
        "amenity": "cafe",
        "name": "جاي كو",
        "name:en": "J.Co"
      },
      "geometry": {
        "type": "Point",
        "coordinates": [
          46.584153,
          24.7529767
        ]
      },
      "id": "node/6135155685"
    },
    {
      "type": "Feature",
      "properties": {
        "@id": "node/6160710124",
        "amenity": "restaurant",
        "name": "Al-Rajhi Bank Operations Center Cafeteria"
      },
      "geometry": {
        "type": "Point",
        "coordinates": [
          46.63106,
          24.7524201
        ]
      },
      "id": "node/6160710124"
    },
    {
      "type": "Feature",
      "properties": {
        "@id": "node/6180364703",
        "addr:city": "الرياض",
        "addr:street": "طريق الخرج القديم",
        "amenity": "restaurant",
        "cuisine": "pakistani;indian",
        "delivery": "no",
        "name": "مطعم انار كلي",
        "outdoor_seating": "no",
        "takeaway": "yes"
      },
      "geometry": {
        "type": "Point",
        "coordinates": [
          46.8186497,
          24.579005
        ]
      },
      "id": "node/6180364703"
    },
    {
      "type": "Feature",
      "properties": {
        "@id": "node/6183709985",
        "addr:city": "Riyadh",
        "addr:housenumber": "4189",
        "addr:postcode": "62800",
        "addr:street": "طريق الملك عبدالله",
        "amenity": "fast_food",
        "brand": "Domino's Pizza",
        "brand:wikidata": "Q839466",
        "brand:wikipedia": "en:Domino's Pizza",
        "cuisine": "pizza",
        "delivery": "yes",
        "drive_through": "no",
        "name": "Domino's Pizza - دومينوز بيتزا",
        "name:en": "Domino's Pizza",
        "opening_hours": "Sa-Th 10:30-02:00, Fr 12:00-02:00",
        "phone": "920012345",
        "takeaway": "yes",
        "website": "https://www.dominos.sa/"
      },
      "geometry": {
        "type": "Point",
        "coordinates": [
          46.7877687,
          24.7797836
        ]
      },
      "id": "node/6183709985"
    },
    {
      "type": "Feature",
      "properties": {
        "@id": "node/6191855015",
        "amenity": "fast_food",
        "brand": "البيك",
        "brand:ar": "البيك",
        "brand:en": "Albaik",
        "brand:wikidata": "Q4703536",
        "cuisine": "chicken",
        "name": "البيك",
        "name:ar": "البيك",
        "name:en": "Albaik",
        "takeaway": "yes",
        "wheelchair": "yes"
      },
      "geometry": {
        "type": "Point",
        "coordinates": [
          46.5652681,
          24.6328516
        ]
      },
      "id": "node/6191855015"
    },
    {
      "type": "Feature",
      "properties": {
        "@id": "node/6253714361",
        "amenity": "fast_food",
        "cuisine": "chicken",
        "name": "بيت الشاورما"
      },
      "geometry": {
        "type": "Point",
        "coordinates": [
          46.6086127,
          24.5740796
        ]
      },
      "id": "node/6253714361"
    },
    {
      "type": "Feature",
      "properties": {
        "@id": "node/6263471609",
        "amenity": "cafe",
        "name:en": "Coffee Tale"
      },
      "geometry": {
        "type": "Point",
        "coordinates": [
          46.7063921,
          24.7821629
        ]
      },
      "id": "node/6263471609"
    },
    {
      "type": "Feature",
      "properties": {
        "@id": "node/6263508388",
        "amenity": "cafe",
        "check_date": "2023-05-04",
        "name:ar": "ريبوت",
        "name:en": "Reboot"
      },
      "geometry": {
        "type": "Point",
        "coordinates": [
          46.6579455,
          24.7946876
        ]
      },
      "id": "node/6263508388"
    },
    {
      "type": "Feature",
      "properties": {
        "@id": "node/6263508792",
        "amenity": "restaurant",
        "name:en": "Charcoza Grill"
      },
      "geometry": {
        "type": "Point",
        "coordinates": [
          46.6939272,
          24.7799522
        ]
      },
      "id": "node/6263508792"
    },
    {
      "type": "Feature",
      "properties": {
        "@id": "node/6263508987",
        "amenity": "cafe",
        "name:en": "Octane"
      },
      "geometry": {
        "type": "Point",
        "coordinates": [
          46.7049654,
          24.7825101
        ]
      },
      "id": "node/6263508987"
    },
    {
      "type": "Feature",
      "properties": {
        "@id": "node/6267402139",
        "amenity": "restaurant",
        "name": "بول",
        "name:ar": "بول",
        "name:en": "Paul",
        "outdoor_seating": "yes",
        "smoking": "outside"
      },
      "geometry": {
        "type": "Point",
        "coordinates": [
          46.6974026,
          24.7808456
        ]
      },
      "id": "node/6267402139"
    },
    {
      "type": "Feature",
      "properties": {
        "@id": "node/6275067185",
        "addr:street": "شارع الامير بندر بن عبد العزيز",
        "amenity": "fast_food",
        "name:en": "McDonalds"
      },
      "geometry": {
        "type": "Point",
        "coordinates": [
          46.7985908,
          24.7616932
        ]
      },
      "id": "node/6275067185"
    },
    {
      "type": "Feature",
      "properties": {
        "@id": "node/6328807579",
        "amenity": "restaurant"
      },
      "geometry": {
        "type": "Point",
        "coordinates": [
          46.5862866,
          24.6531468
        ]
      },
      "id": "node/6328807579"
    },
    {
      "type": "Feature",
      "properties": {
        "@id": "node/6328807582",
        "amenity": "cafe",
        "name": "Richard Coffee"
      },
      "geometry": {
        "type": "Point",
        "coordinates": [
          46.5837762,
          24.6531982
        ]
      },
      "id": "node/6328807582"
    },
    {
      "type": "Feature",
      "properties": {
        "@id": "node/6333454116",
        "amenity": "fast_food"
      },
      "geometry": {
        "type": "Point",
        "coordinates": [
          46.5744087,
          24.6533956
        ]
      },
      "id": "node/6333454116"
    },
    {
      "type": "Feature",
      "properties": {
        "@id": "node/6342863087",
        "amenity": "cafe",
        "name:en": "Lorca"
      },
      "geometry": {
        "type": "Point",
        "coordinates": [
          46.7200463,
          24.7714186
        ]
      },
      "id": "node/6342863087"
    },
    {
      "type": "Feature",
      "properties": {
        "@id": "node/6345301785",
        "amenity": "cafe",
        "name": "فطور فارس",
        "name:en": "fotorr faris",
        "name:tr": "faris çay'hanasi"
      },
      "geometry": {
        "type": "Point",
        "coordinates": [
          46.6681878,
          24.6754199
        ]
      },
      "id": "node/6345301785"
    },
    {
      "type": "Feature",
      "properties": {
        "@id": "node/6348051119",
        "amenity": "restaurant"
      },
      "geometry": {
        "type": "Point",
        "coordinates": [
          46.579988,
          24.6532965
        ]
      },
      "id": "node/6348051119"
    },
    {
      "type": "Feature",
      "properties": {
        "@id": "node/6358025086",
        "addr:street": "شارع أنس بن مالك",
        "amenity": "restaurant",
        "cuisine": "arab",
        "name": "مندي الرياض",
        "opening_hours": "Mo-Su 06:00-01:00",
        "phone": "+966 9200 02149",
        "website": "https://restaurant-46764.business.site/"
      },
      "geometry": {
        "type": "Point",
        "coordinates": [
          46.6263538,
          24.8124136
        ]
      },
      "id": "node/6358025086"
    },
    {
      "type": "Feature",
      "properties": {
        "@id": "node/6373495687",
        "amenity": "restaurant",
        "name:en": "Ritual"
      },
      "geometry": {
        "type": "Point",
        "coordinates": [
          46.687515,
          24.697574
        ]
      },
      "id": "node/6373495687"
    },
    {
      "type": "Feature",
      "properties": {
        "@id": "node/6373495689",
        "amenity": "cafe",
        "name:en": "Tutti Cafe"
      },
      "geometry": {
        "type": "Point",
        "coordinates": [
          46.6872919,
          24.6974749
        ]
      },
      "id": "node/6373495689"
    },
    {
      "type": "Feature",
      "properties": {
        "@id": "node/6373495690",
        "amenity": "restaurant",
        "name:en": "Fire Grill"
      },
      "geometry": {
        "type": "Point",
        "coordinates": [
          46.6869063,
          24.6981585
        ]
      },
      "id": "node/6373495690"
    },
    {
      "type": "Feature",
      "properties": {
        "@id": "node/6373495691",
        "amenity": "restaurant",
        "name:en": "Soho Club"
      },
      "geometry": {
        "type": "Point",
        "coordinates": [
          46.6870941,
          24.698188
        ]
      },
      "id": "node/6373495691"
    },
    {
      "type": "Feature",
      "properties": {
        "@id": "node/6373495692",
        "amenity": "restaurant",
        "name:en": "Embers"
      },
      "geometry": {
        "type": "Point",
        "coordinates": [
          46.6874904,
          24.6985206
        ]
      },
      "id": "node/6373495692"
    },
    {
      "type": "Feature",
      "properties": {
        "@id": "node/6373505087",
        "amenity": "cafe",
        "name:en": "Starbucks"
      },
      "geometry": {
        "type": "Point",
        "coordinates": [
          46.6900044,
          24.6987722
        ]
      },
      "id": "node/6373505087"
    },
    {
      "type": "Feature",
      "properties": {
        "@id": "node/6373541085",
        "amenity": "restaurant",
        "name:en": "Paul"
      },
      "geometry": {
        "type": "Point",
        "coordinates": [
          46.6865854,
          24.6973391
        ]
      },
      "id": "node/6373541085"
    },
    {
      "type": "Feature",
      "properties": {
        "@id": "node/6373541086",
        "amenity": "fast_food",
        "name:en": "Shake Shack"
      },
      "geometry": {
        "type": "Point",
        "coordinates": [
          46.6926646,
          24.6997977
        ]
      },
      "id": "node/6373541086"
    },
    {
      "type": "Feature",
      "properties": {
        "@id": "node/6395624886",
        "amenity": "restaurant",
        "name:en": "Manoosha"
      },
      "geometry": {
        "type": "Point",
        "coordinates": [
          46.6196273,
          24.7457208
        ]
      },
      "id": "node/6395624886"
    },
    {
      "type": "Feature",
      "properties": {
        "@id": "node/6395624887",
        "amenity": "fast_food",
        "name:en": "Subway"
      },
      "geometry": {
        "type": "Point",
        "coordinates": [
          46.6198346,
          24.745567
        ]
      },
      "id": "node/6395624887"
    },
    {
      "type": "Feature",
      "properties": {
        "@id": "node/6395631385",
        "amenity": "restaurant",
        "name": "سنشري برجر",
        "name:ar": "سنشري برجر",
        "name:en": "Century Burger"
      },
      "geometry": {
        "type": "Point",
        "coordinates": [
          46.6192607,
          24.7460514
        ]
      },
      "id": "node/6395631385"
    },
    {
      "type": "Feature",
      "properties": {
        "@id": "node/6420151111",
        "name": "Ad Diriyah",
        "tourism": "museum"
      },
      "geometry": {
        "type": "Point",
        "coordinates": [
          46.5784238,
          24.7389262
        ]
      },
      "id": "node/6420151111"
    },
    {
      "type": "Feature",
      "properties": {
        "@id": "node/6445345886",
        "amenity": "fast_food",
        "name:en": "Quiznos Sub"
      },
      "geometry": {
        "type": "Point",
        "coordinates": [
          46.6205969,
          24.7448862
        ]
      },
      "id": "node/6445345886"
    },
    {
      "type": "Feature",
      "properties": {
        "@id": "node/6485358185",
        "addr:street": "طريق الملك فهد",
        "amenity": "cafe",
        "name:en": "Abu Haitham Shisha 24hrs"
      },
      "geometry": {
        "type": "Point",
        "coordinates": [
          46.5876878,
          24.8828272
        ]
      },
      "id": "node/6485358185"
    },
    {
      "type": "Feature",
      "properties": {
        "@id": "node/6499482085",
        "amenity": "restaurant"
      },
      "geometry": {
        "type": "Point",
        "coordinates": [
          46.795935,
          24.8266761
        ]
      },
      "id": "node/6499482085"
    },
    {
      "type": "Feature",
      "properties": {
        "@id": "node/6504456112",
        "amenity": "restaurant",
        "name:en": "Bab al Yemen"
      },
      "geometry": {
        "type": "Point",
        "coordinates": [
          46.5746494,
          24.7366039
        ]
      },
      "id": "node/6504456112"
    },
    {
      "type": "Feature",
      "properties": {
        "@id": "node/6504459617",
        "amenity": "restaurant",
        "name:en": "Al Najd Village"
      },
      "geometry": {
        "type": "Point",
        "coordinates": [
          46.5752377,
          24.7360859
        ]
      },
      "id": "node/6504459617"
    },
    {
      "type": "Feature",
      "properties": {
        "@id": "node/6551172485",
        "amenity": "restaurant",
        "name": "مطعم فول ورز بخاري"
      },
      "geometry": {
        "type": "Point",
        "coordinates": [
          46.8608744,
          24.6111112
        ]
      },
      "id": "node/6551172485"
    },
    {
      "type": "Feature",
      "properties": {
        "@id": "node/6590113000",
        "alt_name": "Dunkin' Donuts",
        "amenity": "fast_food",
        "brand": "دانكن",
        "brand:ar": "دانكن",
        "brand:en": "Dunkin'",
        "brand:wikidata": "Q847743",
        "brand:wikipedia": "en:Dunkin' Donuts",
        "cuisine": "donut;coffee_shop",
        "name": "دانكن دونتس",
        "name:ar": "دانكن دونتس",
        "name:en": "Dunkin' Donuts",
        "takeaway": "yes"
      },
      "geometry": {
        "type": "Point",
        "coordinates": [
          46.6825235,
          24.664282
        ]
      },
      "id": "node/6590113000"
    },
    {
      "type": "Feature",
      "properties": {
        "@id": "node/6590113002",
        "amenity": "cafe",
        "brand": "ستاربكس",
        "brand:ar": "ستاربكس",
        "brand:en": "Starbucks",
        "brand:wikidata": "Q37158",
        "brand:wikipedia": "ar:ستاربكس",
        "cuisine": "coffee_shop",
        "name": "ستاربكس",
        "name:ar": "ستاربكس",
        "name:en": "Starbucks",
        "official_name": "ستاربكس كافية",
        "official_name:ar": "ستاربكس كافية",
        "official_name:en": "Starbucks Coffee",
        "takeaway": "yes"
      },
      "geometry": {
        "type": "Point",
        "coordinates": [
          46.6830331,
          24.6638131
        ]
      },
      "id": "node/6590113002"
    },
    {
      "type": "Feature",
      "properties": {
        "@id": "node/6590113004",
        "amenity": "fast_food",
        "name": "عالخفيف",
        "name:en": "Al Khaleef",
        "phone": "+966 54 092 4378",
        "url": "http://www.alkhafeef.com.sa"
      },
      "geometry": {
        "type": "Point",
        "coordinates": [
          46.6824001,
          24.6645784
        ]
      },
      "id": "node/6590113004"
    },
    {
      "type": "Feature",
      "properties": {
        "@id": "node/6590113005",
        "amenity": "fast_food",
        "brand": "Domino's",
        "brand:wikidata": "Q839466",
        "brand:wikipedia": "en:Domino's Pizza",
        "cuisine": "pizza",
        "name": "Domino's",
        "name:en": "Domino's Pizza",
        "phone": "+966 9200 12345",
        "short_name": "Domino's",
        "takeaway": "yes",
        "url": "https://www.dominos.sa/"
      },
      "geometry": {
        "type": "Point",
        "coordinates": [
          46.6824699,
          24.6644224
        ]
      },
      "id": "node/6590113005"
    },
    {
      "type": "Feature",
      "properties": {
        "@id": "node/6590113006",
        "alt_name": "Dunkin' Donuts",
        "amenity": "fast_food",
        "brand": "دانكن",
        "brand:ar": "دانكن",
        "brand:en": "Dunkin'",
        "brand:wikidata": "Q847743",
        "brand:wikipedia": "en:Dunkin' Donuts",
        "cuisine": "donut;coffee_shop",
        "image": "https://igx.4sqi.net/img/general/width960/83332384_N7EwGo3408cqzRisoanv-MXZhdGteNztqY8UQ_2l_1M.jpg",
        "name": "دانكن دونتس",
        "name:ar": "دانكن دونتس",
        "name:en": "Dunkin' Donuts",
        "takeaway": "yes"
      },
      "geometry": {
        "type": "Point",
        "coordinates": [
          46.6683859,
          24.6742413
        ]
      },
      "id": "node/6590113006"
    },
    {
      "type": "Feature",
      "properties": {
        "@id": "node/6590113007",
        "alt_name": "Dunkin' Donuts",
        "amenity": "fast_food",
        "brand": "Dunkin'",
        "brand:wikidata": "Q847743",
        "brand:wikipedia": "en:Dunkin' Donuts",
        "cuisine": "donut;coffee_shop",
        "name": "دانكن دوناتس",
        "name:en": "Dunkin'",
        "takeaway": "yes"
      },
      "geometry": {
        "type": "Point",
        "coordinates": [
          46.6754344,
          24.6761977
        ]
      },
      "id": "node/6590113007"
    },
    {
      "type": "Feature",
      "properties": {
        "@id": "node/6590113008",
        "alt_name": "Dunkin' Donuts",
        "amenity": "fast_food",
        "brand": "دانكن",
        "brand:ar": "دانكن",
        "brand:en": "Dunkin'",
        "brand:wikidata": "Q847743",
        "brand:wikipedia": "en:Dunkin' Donuts",
        "cuisine": "donut;coffee_shop",
        "name": "دانكن دونتس",
        "name:ar": "دانكن دونتس",
        "name:en": "Dunkin' Donuts",
        "takeaway": "yes"
      },
      "geometry": {
        "type": "Point",
        "coordinates": [
          46.6880998,
          24.6552105
        ]
      },
      "id": "node/6590113008"
    },
    {
      "type": "Feature",
      "properties": {
        "@id": "node/6590113009",
        "addr:city": "الرياض",
        "alt_name": "Dunkin' Donuts",
        "amenity": "fast_food",
        "brand": "دانكن",
        "brand:ar": "دانكن",
        "brand:en": "Dunkin'",
        "brand:wikidata": "Q847743",
        "brand:wikipedia": "en:Dunkin' Donuts",
        "cuisine": "donut;coffee_shop",
        "name": "دانكن دونتس",
        "name:ar": "دانكن دونتس",
        "name:en": "Dunkin' Donuts",
        "takeaway": "yes"
      },
      "geometry": {
        "type": "Point",
        "coordinates": [
          46.6945961,
          24.6807131
        ]
      },
      "id": "node/6590113009"
    },
    {
      "type": "Feature",
      "properties": {
        "@id": "node/6590113011",
        "alt_name": "Dunkin' Donuts",
        "amenity": "fast_food",
        "brand": "Dunkin'",
        "brand:wikidata": "Q847743",
        "brand:wikipedia": "en:Dunkin' Donuts",
        "cuisine": "donut;coffee_shop",
        "name": "دانكن دوناتس",
        "name:en": "Dunkin'",
        "takeaway": "yes"
      },
      "geometry": {
        "type": "Point",
        "coordinates": [
          46.7011112,
          24.6618557
        ]
      },
      "id": "node/6590113011"
    },
    {
      "type": "Feature",
      "properties": {
        "@id": "node/6602758978",
        "amenity": "fast_food",
        "brand": "Dunkin' Donuts",
        "brand:wikidata": "Q847743",
        "brand:wikipedia": "en:Dunkin' Donuts",
        "cuisine": "donut;coffee",
        "drive_through": "no",
        "image": "https://igx.4sqi.net/img/general/width960/83332384_N7EwGo3408cqzRisoanv-MXZhdGteNztqY8UQ_2l_1M.jpg",
        "name": "دانكن دوناتس",
        "name:ar": "دانكن دوناتس",
        "name:en": "Dunkin' Donuts",
        "takeaway": "yes"
      },
      "geometry": {
        "type": "Point",
        "coordinates": [
          46.7874547,
          24.6823704
        ]
      },
      "id": "node/6602758978"
    },
    {
      "type": "Feature",
      "properties": {
        "@id": "node/6602758979",
        "amenity": "fast_food",
        "brand": "Dunkin' Donuts",
        "brand:wikidata": "Q847743",
        "brand:wikipedia": "en:Dunkin' Donuts",
        "cuisine": "donut;coffee",
        "drive_through": "no",
        "image": "https://igx.4sqi.net/img/general/width960/83332384_N7EwGo3408cqzRisoanv-MXZhdGteNztqY8UQ_2l_1M.jpg",
        "name": "دانكن دوناتس",
        "name:ar": "دانكن دوناتس",
        "name:en": "Dunkin' Donuts",
        "takeaway": "yes"
      },
      "geometry": {
        "type": "Point",
        "coordinates": [
          46.7945759,
          24.6861628
        ]
      },
      "id": "node/6602758979"
    },
    {
      "type": "Feature",
      "properties": {
        "@id": "node/6651541785",
        "amenity": "restaurant",
        "name:en": "Malaz"
      },
      "geometry": {
        "type": "Point",
        "coordinates": [
          46.7278106,
          24.6782083
        ]
      },
      "id": "node/6651541785"
    },
    {
      "type": "Feature",
      "properties": {
        "@id": "node/6687903186",
        "amenity": "cafe",
        "name:en": "dose Cafe"
      },
      "geometry": {
        "type": "Point",
        "coordinates": [
          46.6170026,
          24.8076006
        ]
      },
      "id": "node/6687903186"
    },
    {
      "type": "Feature",
      "properties": {
        "@id": "node/6689540286",
        "amenity": "cafe",
        "name:en": "Rolllands Coffee"
      },
      "geometry": {
        "type": "Point",
        "coordinates": [
          46.7211681,
          24.7524695
        ]
      },
      "id": "node/6689540286"
    },
    {
      "type": "Feature",
      "properties": {
        "@id": "node/6689701687",
        "amenity": "fast_food",
        "name:en": "Boga Superfoods"
      },
      "geometry": {
        "type": "Point",
        "coordinates": [
          46.6181699,
          24.8075991
        ]
      },
      "id": "node/6689701687"
    },
    {
      "type": "Feature",
      "properties": {
        "@id": "node/6694409128",
        "amenity": "cafe",
        "cuisine": "coffee;tea",
        "name": "جافا تايم",
        "outdoor_seating": "no"
      },
      "geometry": {
        "type": "Point",
        "coordinates": [
          46.6549157,
          24.7468121
        ]
      },
      "id": "node/6694409128"
    },
    {
      "type": "Feature",
      "properties": {
        "@id": "node/6785099794",
        "amenity": "cafe",
        "description": "Non-profit organization in Riyadh",
        "name": "kayl Association for Obesity",
        "start_date": "2010"
      },
      "geometry": {
        "type": "Point",
        "coordinates": [
          46.6414649,
          24.7293889
        ]
      },
      "id": "node/6785099794"
    },
    {
      "type": "Feature",
      "properties": {
        "@id": "node/6805741917",
        "addr:city": "Riyadh",
        "addr:postcode": "14215",
        "addr:street": "شارع الزبير بن العوام",
        "air_conditioning": "yes",
        "amenity": "cafe",
        "cuisine": "coffee_shop",
        "internet_access": "wlan",
        "internet_access:fee": "no",
        "name": "THOUB Coffee",
        "outdoor_seating": "no"
      },
      "geometry": {
        "type": "Point",
        "coordinates": [
          46.7788202,
          24.6884422
        ]
      },
      "id": "node/6805741917"
    },
    {
      "type": "Feature",
      "properties": {
        "@id": "node/6809948974",
        "amenity": "restaurant",
        "name": "مطعم الناضج"
      },
      "geometry": {
        "type": "Point",
        "coordinates": [
          46.746418,
          24.7871017
        ]
      },
      "id": "node/6809948974"
    },
    {
      "type": "Feature",
      "properties": {
        "@id": "node/6810148898",
        "amenity": "cafe",
        "name": "شيوخ بني خالد"
      },
      "geometry": {
        "type": "Point",
        "coordinates": [
          46.7433052,
          24.7889061
        ]
      },
      "id": "node/6810148898"
    },
    {
      "type": "Feature",
      "properties": {
        "@id": "node/6812638989",
        "amenity": "cafe",
        "name:en": "Gloria Jean's Coffee"
      },
      "geometry": {
        "type": "Point",
        "coordinates": [
          46.6166683,
          24.8072185
        ]
      },
      "id": "node/6812638989"
    },
    {
      "type": "Feature",
      "properties": {
        "@id": "node/6812638990",
        "amenity": "restaurant",
        "name:en": "The Lamb Shack"
      },
      "geometry": {
        "type": "Point",
        "coordinates": [
          46.6547551,
          24.793833
        ]
      },
      "id": "node/6812638990"
    },
    {
      "type": "Feature",
      "properties": {
        "@id": "node/6812638991",
        "amenity": "cafe",
        "name:en": "Vintage Specialty Coffee"
      },
      "geometry": {
        "type": "Point",
        "coordinates": [
          46.6534034,
          24.7930523
        ]
      },
      "id": "node/6812638991"
    },
    {
      "type": "Feature",
      "properties": {
        "@id": "node/6812641685",
        "amenity": "cafe",
        "name:en": "White Garden Cafe"
      },
      "geometry": {
        "type": "Point",
        "coordinates": [
          46.6834371,
          24.6947854
        ]
      },
      "id": "node/6812641685"
    },
    {
      "type": "Feature",
      "properties": {
        "@id": "node/6812641687",
        "amenity": "cafe",
        "name:en": "Kiva Han Cafe"
      },
      "geometry": {
        "type": "Point",
        "coordinates": [
          46.6557174,
          24.793945
        ]
      },
      "id": "node/6812641687"
    },
    {
      "type": "Feature",
      "properties": {
        "@id": "node/6818715986",
        "amenity": "cafe",
        "cuisine": "french",
        "name": "اوبليزر",
        "name:en": "Oplaisir"
      },
      "geometry": {
        "type": "Point",
        "coordinates": [
          46.6463767,
          24.739431
        ]
      },
      "id": "node/6818715986"
    },
    {
      "type": "Feature",
      "properties": {
        "@id": "node/6818805885",
        "amenity": "restaurant",
        "name": "مطعم مشاغيث",
        "name:en": "Mshagith"
      },
      "geometry": {
        "type": "Point",
        "coordinates": [
          46.7329654,
          24.817417
        ]
      },
      "id": "node/6818805885"
    },
    {
      "type": "Feature",
      "properties": {
        "@id": "node/6819645887",
        "amenity": "cafe",
        "name:en": "Father Salt Cafe"
      },
      "geometry": {
        "type": "Point",
        "coordinates": [
          46.6826866,
          24.8288808
        ]
      },
      "id": "node/6819645887"
    },
    {
      "type": "Feature",
      "properties": {
        "@id": "node/6819659885",
        "amenity": "restaurant",
        "name:en": "Najd Village"
      },
      "geometry": {
        "type": "Point",
        "coordinates": [
          46.6472593,
          24.8129579
        ]
      },
      "id": "node/6819659885"
    },
    {
      "type": "Feature",
      "properties": {
        "@id": "node/6819659886",
        "amenity": "restaurant",
        "name": "شريمبلس",
        "name:en": "Shrimplus"
      },
      "geometry": {
        "type": "Point",
        "coordinates": [
          46.6425574,
          24.8180863
        ]
      },
      "id": "node/6819659886"
    },
    {
      "type": "Feature",
      "properties": {
        "@id": "node/6819663988",
        "amenity": "cafe",
        "name:en": "Original Coffee"
      },
      "geometry": {
        "type": "Point",
        "coordinates": [
          46.6451279,
          24.7938053
        ]
      },
      "id": "node/6819663988"
    },
    {
      "type": "Feature",
      "properties": {
        "@id": "node/6823192033",
        "addr:city": "Riyadh",
        "addr:housenumber": "The zone",
        "addr:postcode": "12364",
        "addr:street": "طريق التخصصي",
        "amenity": "cafe",
        "cuisine": "middle_eastern;lebanese;armenian",
        "name": "Em Sherif Cafe"
      },
      "geometry": {
        "type": "Point",
        "coordinates": [
          46.6494167,
          24.7313364
        ]
      },
      "id": "node/6823192033"
    },
    {
      "type": "Feature",
      "properties": {
        "@id": "node/6828214585",
        "amenity": "cafe",
        "name:en": "Draft Cafe"
      },
      "geometry": {
        "type": "Point",
        "coordinates": [
          46.6303161,
          24.7373084
        ]
      },
      "id": "node/6828214585"
    },
    {
      "type": "Feature",
      "properties": {
        "@id": "node/6831147385",
        "amenity": "cafe",
        "name": "تومسون",
        "name:en": "Thompson Coffee"
      },
      "geometry": {
        "type": "Point",
        "coordinates": [
          46.6087721,
          24.8047916
        ]
      },
      "id": "node/6831147385"
    },
    {
      "type": "Feature",
      "properties": {
        "@id": "node/6834270580",
        "amenity": "cafe",
        "cuisine": "coffee_shop",
        "name": "Starbucks"
      },
      "geometry": {
        "type": "Point",
        "coordinates": [
          46.6974366,
          24.7342084
        ]
      },
      "id": "node/6834270580"
    },
    {
      "type": "Feature",
      "properties": {
        "@id": "node/6834315113",
        "amenity": "cafe",
        "cuisine": "coffee_shop",
        "name": "Coffe Day",
        "wifi": "no"
      },
      "geometry": {
        "type": "Point",
        "coordinates": [
          46.6973022,
          24.7341694
        ]
      },
      "id": "node/6834315113"
    },
    {
      "type": "Feature",
      "properties": {
        "@id": "node/6834320420",
        "amenity": "restaurant",
        "cuisine": "mexican",
        "name": "Nano Kitchen"
      },
      "geometry": {
        "type": "Point",
        "coordinates": [
          46.6974471,
          24.7340037
        ]
      },
      "id": "node/6834320420"
    },
    {
      "type": "Feature",
      "properties": {
        "@id": "node/6834391410",
        "amenity": "cafe",
        "name": "coffee day cafe",
        "wifi": "free"
      },
      "geometry": {
        "type": "Point",
        "coordinates": [
          46.588361,
          24.863204
        ]
      },
      "id": "node/6834391410"
    },
    {
      "type": "Feature",
      "properties": {
        "@id": "node/6834410802",
        "name": "Museum of arts",
        "tourism": "museum"
      },
      "geometry": {
        "type": "Point",
        "coordinates": [
          46.5925395,
          24.8582108
        ]
      },
      "id": "node/6834410802"
    },
    {
      "type": "Feature",
      "properties": {
        "@id": "node/6834410821",
        "addr:city": "R",
        "addr:housename": "L",
        "addr:housenumber": "154",
        "addr:postcode": "13322",
        "addr:street": "J",
        "amenity": "cafe",
        "cuisine": "international",
        "name": "Starbucks",
        "wifi": "free"
      },
      "geometry": {
        "type": "Point",
        "coordinates": [
          46.5935743,
          24.8584299
        ]
      },
      "id": "node/6834410821"
    },
    {
      "type": "Feature",
      "properties": {
        "@id": "node/6837233086",
        "amenity": "cafe",
        "name:en": "Greenberry's Cafe Al Malqa"
      },
      "geometry": {
        "type": "Point",
        "coordinates": [
          46.6188301,
          24.8094007
        ]
      },
      "id": "node/6837233086"
    },
    {
      "type": "Feature",
      "properties": {
        "@id": "node/6837241885",
        "amenity": "cafe",
        "name:en": "North Coffee"
      },
      "geometry": {
        "type": "Point",
        "coordinates": [
          46.6346878,
          24.7848954
        ]
      },
      "id": "node/6837241885"
    },
    {
      "type": "Feature",
      "properties": {
        "@id": "node/6837261285",
        "amenity": "cafe",
        "name:en": "Karak Habitat"
      },
      "geometry": {
        "type": "Point",
        "coordinates": [
          46.6185541,
          24.8091291
        ]
      },
      "id": "node/6837261285"
    },
    {
      "type": "Feature",
      "properties": {
        "@id": "node/6983511160",
        "air_conditioning": "yes",
        "amenity": "restaurant",
        "cuisine": "pizza;italian;sandwich",
        "name": "الزعتر البري",
        "name:en": "Wild Zaatar",
        "phone": "059 988 0704"
      },
      "geometry": {
        "type": "Point",
        "coordinates": [
          46.6941242,
          24.8040635
        ]
      },
      "id": "node/6983511160"
    },
    {
      "type": "Feature",
      "properties": {
        "@id": "node/7016932886",
        "amenity": "cafe",
        "name": "كاريبو كافيه"
      },
      "geometry": {
        "type": "Point",
        "coordinates": [
          46.7452618,
          24.748431
        ]
      },
      "id": "node/7016932886"
    },
    {
      "type": "Feature",
      "properties": {
        "@id": "node/7022867456",
        "amenity": "restaurant",
        "name": "ركن السنافي للشورما"
      },
      "geometry": {
        "type": "Point",
        "coordinates": [
          46.7643928,
          24.6898078
        ]
      },
      "id": "node/7022867456"
    },
    {
      "type": "Feature",
      "properties": {
        "@id": "node/7022872971",
        "leisure": "park",
        "name": "حديقة النهضة"
      },
      "geometry": {
        "type": "Point",
        "coordinates": [
          46.7511414,
          24.6956092
        ]
      },
      "id": "node/7022872971"
    },
    {
      "type": "Feature",
      "properties": {
        "@id": "node/7022876254",
        "amenity": "restaurant",
        "name": "مطعم كمون البخاري"
      },
      "geometry": {
        "type": "Point",
        "coordinates": [
          46.7667693,
          24.6851879
        ]
      },
      "id": "node/7022876254"
    },
    {
      "type": "Feature",
      "properties": {
        "@id": "node/7022883401",
        "amenity": "restaurant",
        "name": "مطعم الربوة مضغوط مندي"
      },
      "geometry": {
        "type": "Point",
        "coordinates": [
          46.7657586,
          24.6877925
        ]
      },
      "id": "node/7022883401"
    },
    {
      "type": "Feature",
      "properties": {
        "@id": "node/7022893175",
        "amenity": "restaurant",
        "name": "فوال الخرطوم"
      },
      "geometry": {
        "type": "Point",
        "coordinates": [
          46.764801,
          24.6887974
        ]
      },
      "id": "node/7022893175"
    },
    {
      "type": "Feature",
      "properties": {
        "@id": "node/7024988353",
        "amenity": "restaurant",
        "name": "مطعم ترمز البخاري"
      },
      "geometry": {
        "type": "Point",
        "coordinates": [
          46.7673858,
          24.6836765
        ]
      },
      "id": "node/7024988353"
    },
    {
      "type": "Feature",
      "properties": {
        "@id": "node/7037653755",
        "amenity": "fast_food",
        "name": "كرك جدي"
      },
      "geometry": {
        "type": "Point",
        "coordinates": [
          46.9078257,
          24.8968841
        ]
      },
      "id": "node/7037653755"
    },
    {
      "type": "Feature",
      "properties": {
        "@id": "node/7037658183",
        "amenity": "fast_food",
        "name": "بروكلي"
      },
      "geometry": {
        "type": "Point",
        "coordinates": [
          46.9080356,
          24.896054
        ]
      },
      "id": "node/7037658183"
    },
    {
      "type": "Feature",
      "properties": {
        "@id": "node/7037662145",
        "amenity": "restaurant",
        "name": "مطعم بخاري"
      },
      "geometry": {
        "type": "Point",
        "coordinates": [
          46.9082482,
          24.8962067
        ]
      },
      "id": "node/7037662145"
    },
    {
      "type": "Feature",
      "properties": {
        "@id": "node/7037674870",
        "amenity": "fast_food",
        "name": "وقت العصير"
      },
      "geometry": {
        "type": "Point",
        "coordinates": [
          46.9079513,
          24.896728
        ]
      },
      "id": "node/7037674870"
    },
    {
      "type": "Feature",
      "properties": {
        "@id": "node/7037682369",
        "amenity": "fast_food",
        "name": "برغرايزر"
      },
      "geometry": {
        "type": "Point",
        "coordinates": [
          46.9075948,
          24.8957275
        ]
      },
      "id": "node/7037682369"
    },
    {
      "type": "Feature",
      "properties": {
        "@id": "node/7037689539",
        "amenity": "fast_food",
        "name": "سينابون"
      },
      "geometry": {
        "type": "Point",
        "coordinates": [
          46.9078807,
          24.8968153
        ]
      },
      "id": "node/7037689539"
    },
    {
      "type": "Feature",
      "properties": {
        "@id": "node/7037697297",
        "amenity": "restaurant",
        "name": "الرومانسية"
      },
      "geometry": {
        "type": "Point",
        "coordinates": [
          46.9082854,
          24.896401
        ]
      },
      "id": "node/7037697297"
    },
    {
      "type": "Feature",
      "properties": {
        "@id": "node/7037699236",
        "amenity": "cafe",
        "name": "ماما بنز كافيه"
      },
      "geometry": {
        "type": "Point",
        "coordinates": [
          46.9081119,
          24.8965971
        ]
      },
      "id": "node/7037699236"
    },
    {
      "type": "Feature",
      "properties": {
        "@id": "node/7044717285",
        "amenity": "cafe",
        "name": "المهرجان كافية"
      },
      "geometry": {
        "type": "Point",
        "coordinates": [
          46.7063867,
          24.6492724
        ]
      },
      "id": "node/7044717285"
    },
    {
      "type": "Feature",
      "properties": {
        "@id": "node/7083686585",
        "amenity": "restaurant",
        "cuisine": "arab;local",
        "name:en": "Najd village"
      },
      "geometry": {
        "type": "Point",
        "coordinates": [
          46.6725928,
          24.6912083
        ]
      },
      "id": "node/7083686585"
    },
    {
      "type": "Feature",
      "properties": {
        "@id": "node/7184858977",
        "amenity": "fast_food",
        "cuisine": "burger",
        "name": "إيت مي برجر",
        "name:en": "EAT ME BURGER"
      },
      "geometry": {
        "type": "Point",
        "coordinates": [
          46.7071663,
          24.7777428
        ]
      },
      "id": "node/7184858977"
    },
    {
      "type": "Feature",
      "properties": {
        "@id": "node/7184858978",
        "amenity": "cafe",
        "cuisine": "cafe",
        "name": "برو٩٢",
        "name:en": "Brew 92"
      },
      "geometry": {
        "type": "Point",
        "coordinates": [
          46.6876881,
          24.8168984
        ]
      },
      "id": "node/7184858978"
    },
    {
      "type": "Feature",
      "properties": {
        "@id": "node/7184858979",
        "amenity": "restaurant",
        "cuisine": "breakfast",
        "name": "ايغساكتلي",
        "name:en": "Eggsactly",
        "opening_hours": "6:00-15:00",
        "website": "https://www.instagram.com/eggsactly.sa/"
      },
      "geometry": {
        "type": "Point",
        "coordinates": [
          46.6875647,
          24.8171078
        ]
      },
      "id": "node/7184858979"
    },
    {
      "type": "Feature",
      "properties": {
        "@id": "node/7217846293",
        "amenity": "cafe"
      },
      "geometry": {
        "type": "Point",
        "coordinates": [
          46.7120716,
          24.6295716
        ]
      },
      "id": "node/7217846293"
    },
    {
      "type": "Feature",
      "properties": {
        "@id": "node/7234731485",
        "amenity": "cafe",
        "name:en": "Gloria Jeans coffee"
      },
      "geometry": {
        "type": "Point",
        "coordinates": [
          46.6753106,
          24.7063771
        ]
      },
      "id": "node/7234731485"
    },
    {
      "type": "Feature",
      "properties": {
        "@id": "node/7272371441",
        "amenity": "fast_food",
        "name": "اسواق العثيم"
      },
      "geometry": {
        "type": "Point",
        "coordinates": [
          46.8104,
          24.8278
        ]
      },
      "id": "node/7272371441"
    },
    {
      "type": "Feature",
      "properties": {
        "@id": "node/7273220907",
        "amenity": "fast_food",
        "name": "اسواق العثيم"
      },
      "geometry": {
        "type": "Point",
        "coordinates": [
          46.8115,
          24.8292
        ]
      },
      "id": "node/7273220907"
    },
    {
      "type": "Feature",
      "properties": {
        "@id": "node/7274517230",
        "addr:city": "riyadh",
        "addr:street": "شارع خيبر",
        "air_conditioning": "yes",
        "amenity": "cafe",
        "brand": "Tiny bird cafe",
        "cuisine": "coffee_shop;cafe;قهوة_مختصة;speciality_coffee",
        "internet_access": "wlan",
        "internet_access:fee": "no",
        "name": "Tiny Bird cafe تايني بيرد كافيه",
        "opening_hours": "Mo-Su 16:00-24:00",
        "outdoor_seating": "yes",
        "smoking": "outside"
      },
      "geometry": {
        "type": "Point",
        "coordinates": [
          46.6338657,
          24.8618579
        ]
      },
      "id": "node/7274517230"
    },
    {
      "type": "Feature",
      "properties": {
        "@id": "node/7334313869",
        "amenity": "cafe",
        "name": "دانكن دونتس"
      },
      "geometry": {
        "type": "Point",
        "coordinates": [
          46.7131,
          25.0749
        ]
      },
      "id": "node/7334313869"
    },
    {
      "type": "Feature",
      "properties": {
        "@id": "node/7334316345",
        "amenity": "restaurant",
        "name": "مطعم"
      },
      "geometry": {
        "type": "Point",
        "coordinates": [
          46.7116,
          25.0748
        ]
      },
      "id": "node/7334316345"
    },
    {
      "type": "Feature",
      "properties": {
        "@id": "node/7399473187",
        "name": "المنار مول",
        "shop": "mall"
      },
      "geometry": {
        "type": "Point",
        "coordinates": [
          46.8144691,
          24.7252799
        ]
      },
      "id": "node/7399473187"
    },
    {
      "type": "Feature",
      "properties": {
        "@id": "node/7432413417",
        "amenity": "cafe",
        "emergency": "yes",
        "name": "latifa hospital "
      },
      "geometry": {
        "type": "Point",
        "coordinates": [
          46.711763,
          24.6364516
        ]
      },
      "id": "node/7432413417"
    },
    {
      "type": "Feature",
      "properties": {
        "@id": "node/7432413424",
        "amenity": "restaurant",
        "diet:vegetarian": "yes",
        "name": "latifa restaurant"
      },
      "geometry": {
        "type": "Point",
        "coordinates": [
          46.7118971,
          24.6368868
        ]
      },
      "id": "node/7432413424"
    },
    {
      "type": "Feature",
      "properties": {
        "@id": "node/7637602194",
        "amenity": "restaurant",
        "name": "Shimmers",
        "name:en": "Tokio Japanese Restaurant"
      },
      "geometry": {
        "type": "Point",
        "coordinates": [
          46.6593779,
          24.7670034
        ]
      },
      "id": "node/7637602194"
    },
    {
      "type": "Feature",
      "properties": {
        "@id": "node/7637602195",
        "amenity": "restaurant",
        "name:en": "Topkapi Turkish Restaurant"
      },
      "geometry": {
        "type": "Point",
        "coordinates": [
          46.6597538,
          24.7673823
        ]
      },
      "id": "node/7637602195"
    },
    {
      "type": "Feature",
      "properties": {
        "@id": "node/7637602588",
        "amenity": "restaurant",
        "name:en": "Amaly Indian Restaurant"
      },
      "geometry": {
        "type": "Point",
        "coordinates": [
          46.6596068,
          24.7667736
        ]
      },
      "id": "node/7637602588"
    },
    {
      "type": "Feature",
      "properties": {
        "@id": "node/7637602589",
        "amenity": "restaurant",
        "name:en": "Mizo Eatery"
      },
      "geometry": {
        "type": "Point",
        "coordinates": [
          46.6594862,
          24.767318
        ]
      },
      "id": "node/7637602589"
    },
    {
      "type": "Feature",
      "properties": {
        "@id": "node/7637602590",
        "amenity": "restaurant",
        "name:en": "Margherita Italian Restaurant"
      },
      "geometry": {
        "type": "Point",
        "coordinates": [
          46.6592807,
          24.7672552
        ]
      },
      "id": "node/7637602590"
    },
    {
      "type": "Feature",
      "properties": {
        "@id": "node/7637620985",
        "amenity": "cafe",
        "name:en": "Karmello Chocolatier cafe and Restaurant"
      },
      "geometry": {
        "type": "Point",
        "coordinates": [
          46.6598655,
          24.7669901
        ]
      },
      "id": "node/7637620985"
    },
    {
      "type": "Feature",
      "properties": {
        "@id": "node/7637627285",
        "addr:street": "طريق الإمام سعود بن فيصل",
        "amenity": "fast_food",
        "name:en": "Aldhna Maqluba Restaurant"
      },
      "geometry": {
        "type": "Point",
        "coordinates": [
          46.6204104,
          24.7889115
        ]
      },
      "id": "node/7637627285"
    },
    {
      "type": "Feature",
      "properties": {
        "@id": "node/7696072022",
        "amenity": "cafe",
        "name": "Fabrica de Cafe",
        "opening_hours": "Sa-Th 07:00-12:00,16:00-23:00; Fr 13:00-23:00",
        "phone": "+ 00966579592090",
        "website": "https://www.instagram.com/fabrica_sa/"
      },
      "geometry": {
        "type": "Point",
        "coordinates": [
          46.6236828,
          24.7664558
        ]
      },
      "id": "node/7696072022"
    },
    {
      "type": "Feature",
      "properties": {
        "@id": "node/7703031402",
        "addr:city": "Riyadh",
        "addr:housenumber": "6563",
        "addr:postcode": "13751",
        "addr:street": "Taiba",
        "amenity": "cafe",
        "cuisine": "coffee_shop;tea;juice",
        "internet_access": "no",
        "name": "كرتيكل",
        "name:en": "Critical",
        "opening_hours": "Mo-Su 16:00-00:00"
      },
      "geometry": {
        "type": "Point",
        "coordinates": [
          46.5512058,
          24.6490683
        ]
      },
      "id": "node/7703031402"
    },
    {
      "type": "Feature",
      "properties": {
        "@id": "node/7725239107",
        "addr:city": "Riyadh",
        "addr:housenumber": "4228",
        "addr:postcode": "13512",
        "addr:street": "الطريق الدائري الشمالي",
        "amenity": "restaurant",
        "cuisine": "japanese",
        "email": "info@goldsushiclub.com",
        "name": "Gold Sushi Club",
        "opening_hours": "Mo-Su 13:00-01:00",
        "phone": "+966114993330",
        "website": "https://goldsushiclub.com/"
      },
      "geometry": {
        "type": "Point",
        "coordinates": [
          46.6249425,
          24.7527335
        ]
      },
      "id": "node/7725239107"
    },
    {
      "type": "Feature",
      "properties": {
        "@id": "node/7777662783",
        "amenity": "restaurant",
        "name": "فوال عربة الفول"
      },
      "geometry": {
        "type": "Point",
        "coordinates": [
          46.7963,
          24.8271
        ]
      },
      "id": "node/7777662783"
    },
    {
      "type": "Feature",
      "properties": {
        "@id": "node/7777704646",
        "amenity": "restaurant",
        "name": "مطعم حنيذ الجنوب"
      },
      "geometry": {
        "type": "Point",
        "coordinates": [
          46.8098,
          24.8299
        ]
      },
      "id": "node/7777704646"
    },
    {
      "type": "Feature",
      "properties": {
        "@id": "node/7777715461",
        "amenity": "fast_food"
      },
      "geometry": {
        "type": "Point",
        "coordinates": [
          46.7963,
          24.827
        ]
      },
      "id": "node/7777715461"
    },
    {
      "type": "Feature",
      "properties": {
        "@id": "node/7777716031",
        "amenity": "fast_food"
      },
      "geometry": {
        "type": "Point",
        "coordinates": [
          46.7995,
          24.8229
        ]
      },
      "id": "node/7777716031"
    },
    {
      "type": "Feature",
      "properties": {
        "@id": "node/7777718044",
        "amenity": "fast_food"
      },
      "geometry": {
        "type": "Point",
        "coordinates": [
          46.7996,
          24.8228
        ]
      },
      "id": "node/7777718044"
    },
    {
      "type": "Feature",
      "properties": {
        "@id": "node/7777720444",
        "amenity": "restaurant",
        "name": "فوال الافراح"
      },
      "geometry": {
        "type": "Point",
        "coordinates": [
          46.7994,
          24.823
        ]
      },
      "id": "node/7777720444"
    },
    {
      "type": "Feature",
      "properties": {
        "@id": "node/7777726639",
        "amenity": "restaurant",
        "name": "مطعم أسماك"
      },
      "geometry": {
        "type": "Point",
        "coordinates": [
          46.7999,
          24.8223
        ]
      },
      "id": "node/7777726639"
    },
    {
      "type": "Feature",
      "properties": {
        "@id": "node/7798231551",
        "amenity": "cafe",
        "brand": "ستاربكس",
        "brand:ar": "ستاربكس",
        "brand:en": "Starbucks",
        "brand:wikidata": "Q37158",
        "brand:wikipedia": "ar:ستاربكس",
        "check_date": "2024-11-11",
        "cuisine": "coffee_shop",
        "name": "ستاربكس",
        "name:ar": "ستاربكس",
        "name:en": "Starbucks",
        "official_name": "ستاربكس كافية",
        "official_name:ar": "ستاربكس كافية",
        "official_name:en": "Starbucks Coffee",
        "takeaway": "yes"
      },
      "geometry": {
        "type": "Point",
        "coordinates": [
          46.6036549,
          24.741723
        ]
      },
      "id": "node/7798231551"
    },
    {
      "type": "Feature",
      "properties": {
        "@id": "node/7798231552",
        "amenity": "fast_food",
        "cuisine": "kebab;shawarma",
        "name": "شاورمر"
      },
      "geometry": {
        "type": "Point",
        "coordinates": [
          46.6261347,
          24.8114498
        ]
      },
      "id": "node/7798231552"
    },
    {
      "type": "Feature",
      "properties": {
        "@id": "node/7801344999",
        "amenity": "restaurant",
        "name": "شاورمر Shawarmer"
      },
      "geometry": {
        "type": "Point",
        "coordinates": [
          46.6261625,
          24.81146
        ]
      },
      "id": "node/7801344999"
    },
    {
      "type": "Feature",
      "properties": {
        "@id": "node/7801345002",
        "amenity": "restaurant",
        "name": "شاك برجر Shack Burger"
      },
      "geometry": {
        "type": "Point",
        "coordinates": [
          46.6263078,
          24.8115222
        ]
      },
      "id": "node/7801345002"
    },
    {
      "type": "Feature",
      "properties": {
        "@id": "node/7801345024",
        "amenity": "restaurant",
        "name": "ذوق الحجازي"
      },
      "geometry": {
        "type": "Point",
        "coordinates": [
          46.6285748,
          24.812489
        ]
      },
      "id": "node/7801345024"
    },
    {
      "type": "Feature",
      "properties": {
        "@id": "node/7801345035",
        "amenity": "restaurant",
        "name": "عريشة أوراق العنب"
      },
      "geometry": {
        "type": "Point",
        "coordinates": [
          46.6292445,
          24.8127717
        ]
      },
      "id": "node/7801345035"
    },
    {
      "type": "Feature",
      "properties": {
        "@id": "node/7801345056",
        "amenity": "restaurant",
        "name": "تيستي تيس"
      },
      "geometry": {
        "type": "Point",
        "coordinates": [
          46.631227,
          24.8134507
        ]
      },
      "id": "node/7801345056"
    },
    {
      "type": "Feature",
      "properties": {
        "@id": "node/7801345057",
        "amenity": "restaurant",
        "name": "شاورما دالي"
      },
      "geometry": {
        "type": "Point",
        "coordinates": [
          46.6313248,
          24.8134934
        ]
      },
      "id": "node/7801345057"
    },
    {
      "type": "Feature",
      "properties": {
        "@id": "node/7801345058",
        "amenity": "restaurant",
        "name": "عثمان بيك"
      },
      "geometry": {
        "type": "Point",
        "coordinates": [
          46.631436,
          24.8135438
        ]
      },
      "id": "node/7801345058"
    },
    {
      "type": "Feature",
      "properties": {
        "@id": "node/7801345059",
        "amenity": "restaurant",
        "name": "أسماك الزيتون"
      },
      "geometry": {
        "type": "Point",
        "coordinates": [
          46.6315412,
          24.8135877
        ]
      },
      "id": "node/7801345059"
    },
    {
      "type": "Feature",
      "properties": {
        "@id": "node/7801345063",
        "amenity": "restaurant"
      },
      "geometry": {
        "type": "Point",
        "coordinates": [
          46.6319391,
          24.8137449
        ]
      },
      "id": "node/7801345063"
    },
    {
      "type": "Feature",
      "properties": {
        "@id": "node/7801345064",
        "amenity": "restaurant",
        "name": "قصر المهراجا"
      },
      "geometry": {
        "type": "Point",
        "coordinates": [
          46.6320281,
          24.813786
        ]
      },
      "id": "node/7801345064"
    },
    {
      "type": "Feature",
      "properties": {
        "@id": "node/7801345073",
        "amenity": "restaurant",
        "name": "العنابي"
      },
      "geometry": {
        "type": "Point",
        "coordinates": [
          46.6347003,
          24.8148748
        ]
      },
      "id": "node/7801345073"
    },
    {
      "type": "Feature",
      "properties": {
        "@id": "node/7801345075",
        "amenity": "restaurant",
        "name": "سستوريا"
      },
      "geometry": {
        "type": "Point",
        "coordinates": [
          46.6348677,
          24.8149496
        ]
      },
      "id": "node/7801345075"
    },
    {
      "type": "Feature",
      "properties": {
        "@id": "node/7801345082",
        "amenity": "restaurant",
        "name": "سمك"
      },
      "geometry": {
        "type": "Point",
        "coordinates": [
          46.6353868,
          24.8151713
        ]
      },
      "id": "node/7801345082"
    },
    {
      "type": "Feature",
      "properties": {
        "@id": "node/7801345083",
        "amenity": "restaurant",
        "name": "ديب فرايز"
      },
      "geometry": {
        "type": "Point",
        "coordinates": [
          46.6354608,
          24.8151974
        ]
      },
      "id": "node/7801345083"
    },
    {
      "type": "Feature",
      "properties": {
        "@id": "node/7801345084",
        "amenity": "restaurant",
        "name": "مكشكش"
      },
      "geometry": {
        "type": "Point",
        "coordinates": [
          46.6355218,
          24.8152251
        ]
      },
      "id": "node/7801345084"
    },
    {
      "type": "Feature",
      "properties": {
        "@id": "node/7801372887",
        "amenity": "restaurant",
        "name": "فطيرة الشاورما"
      },
      "geometry": {
        "type": "Point",
        "coordinates": [
          46.6357187,
          24.8153103
        ]
      },
      "id": "node/7801372887"
    },
    {
      "type": "Feature",
      "properties": {
        "@id": "node/7801372888",
        "amenity": "cafe",
        "cuisine": "coffee_shop",
        "name": "إبتسامة قهوة"
      },
      "geometry": {
        "type": "Point",
        "coordinates": [
          46.6357792,
          24.8153366
        ]
      },
      "id": "node/7801372888"
    },
    {
      "type": "Feature",
      "properties": {
        "@id": "node/7801372889",
        "amenity": "restaurant",
        "name": "رول اند راب"
      },
      "geometry": {
        "type": "Point",
        "coordinates": [
          46.6358389,
          24.8153639
        ]
      },
      "id": "node/7801372889"
    },
    {
      "type": "Feature",
      "properties": {
        "@id": "node/7801372892",
        "amenity": "restaurant",
        "name": "الناضج"
      },
      "geometry": {
        "type": "Point",
        "coordinates": [
          46.6361308,
          24.8156546
        ]
      },
      "id": "node/7801372892"
    },
    {
      "type": "Feature",
      "properties": {
        "@id": "node/7801372897",
        "amenity": "restaurant"
      },
      "geometry": {
        "type": "Point",
        "coordinates": [
          46.6372085,
          24.815748
        ]
      },
      "id": "node/7801372897"
    },
    {
      "type": "Feature",
      "properties": {
        "@id": "node/7801372927",
        "amenity": "restaurant",
        "name": "كوخ الكشري"
      },
      "geometry": {
        "type": "Point",
        "coordinates": [
          46.6421908,
          24.8182046
        ]
      },
      "id": "node/7801372927"
    },
    {
      "type": "Feature",
      "properties": {
        "@id": "node/7801372928",
        "amenity": "restaurant",
        "name": "شريمبلس"
      },
      "geometry": {
        "type": "Point",
        "coordinates": [
          46.6422566,
          24.8182369
        ]
      },
      "id": "node/7801372928"
    },
    {
      "type": "Feature",
      "properties": {
        "@id": "node/7801372929",
        "amenity": "restaurant",
        "name": "أكلات حجازية"
      },
      "geometry": {
        "type": "Point",
        "coordinates": [
          46.6423175,
          24.8182656
        ]
      },
      "id": "node/7801372929"
    },
    {
      "type": "Feature",
      "properties": {
        "@id": "node/7801372931",
        "amenity": "restaurant",
        "name": "مطعم زهرة الزحل"
      },
      "geometry": {
        "type": "Point",
        "coordinates": [
          46.6424477,
          24.8183203
        ]
      },
      "id": "node/7801372931"
    },
    {
      "type": "Feature",
      "properties": {
        "@id": "node/7801372934",
        "amenity": "restaurant",
        "name": "دونربير"
      },
      "geometry": {
        "type": "Point",
        "coordinates": [
          46.6426174,
          24.8183863
        ]
      },
      "id": "node/7801372934"
    },
    {
      "type": "Feature",
      "properties": {
        "@id": "node/7801372935",
        "amenity": "restaurant",
        "name": "فلافل ثمار"
      },
      "geometry": {
        "type": "Point",
        "coordinates": [
          46.6426694,
          24.8184052
        ]
      },
      "id": "node/7801372935"
    },
    {
      "type": "Feature",
      "properties": {
        "@id": "node/7801372936",
        "amenity": "restaurant",
        "name": "فوال النعمان"
      },
      "geometry": {
        "type": "Point",
        "coordinates": [
          46.6427187,
          24.8184228
        ]
      },
      "id": "node/7801372936"
    },
    {
      "type": "Feature",
      "properties": {
        "@id": "node/7801372939",
        "amenity": "restaurant",
        "name": "مطعم ذوق مغل"
      },
      "geometry": {
        "type": "Point",
        "coordinates": [
          46.6431326,
          24.8185898
        ]
      },
      "id": "node/7801372939"
    },
    {
      "type": "Feature",
      "properties": {
        "@id": "node/7801372956",
        "amenity": "cafe",
        "name": "بارولي كافيه"
      },
      "geometry": {
        "type": "Point",
        "coordinates": [
          46.644058,
          24.8173852
        ]
      },
      "id": "node/7801372956"
    },
    {
      "type": "Feature",
      "properties": {
        "@id": "node/7801372957",
        "amenity": "restaurant",
        "name": "ميت لوفر"
      },
      "geometry": {
        "type": "Point",
        "coordinates": [
          46.6440981,
          24.8173115
        ]
      },
      "id": "node/7801372957"
    },
    {
      "type": "Feature",
      "properties": {
        "@id": "node/7801372958",
        "amenity": "cafe",
        "name": "ديوان القرية"
      },
      "geometry": {
        "type": "Point",
        "coordinates": [
          46.6441344,
          24.8172451
        ]
      },
      "id": "node/7801372958"
    },
    {
      "type": "Feature",
      "properties": {
        "@id": "node/7801372960",
        "amenity": "restaurant",
        "name": "مطعم القصر للمشويات العراقية"
      },
      "geometry": {
        "type": "Point",
        "coordinates": [
          46.6442025,
          24.8171188
        ]
      },
      "id": "node/7801372960"
    },
    {
      "type": "Feature",
      "properties": {
        "@id": "node/7801372961",
        "amenity": "cafe",
        "cuisine": "coffee_shop",
        "name": "ديوان القرية"
      },
      "geometry": {
        "type": "Point",
        "coordinates": [
          46.6442351,
          24.8170503
        ]
      },
      "id": "node/7801372961"
    },
    {
      "type": "Feature",
      "properties": {
        "@id": "node/7801372978",
        "amenity": "restaurant",
        "name": "كوفليت"
      },
      "geometry": {
        "type": "Point",
        "coordinates": [
          46.6460734,
          24.8131505
        ]
      },
      "id": "node/7801372978"
    },
    {
      "type": "Feature",
      "properties": {
        "@id": "node/7801372979",
        "amenity": "restaurant",
        "name": "سموكي هاوس"
      },
      "geometry": {
        "type": "Point",
        "coordinates": [
          46.6461297,
          24.8130409
        ]
      },
      "id": "node/7801372979"
    },
    {
      "type": "Feature",
      "properties": {
        "@id": "node/7801372980",
        "amenity": "restaurant",
        "name": "نورش"
      },
      "geometry": {
        "type": "Point",
        "coordinates": [
          46.6461754,
          24.8129345
        ]
      },
      "id": "node/7801372980"
    },
    {
      "type": "Feature",
      "properties": {
        "@id": "node/7801372985",
        "amenity": "cafe",
        "cuisine": "coffee_shop",
        "name": "د. كيف"
      },
      "geometry": {
        "type": "Point",
        "coordinates": [
          46.6466798,
          24.8121903
        ]
      },
      "id": "node/7801372985"
    },
    {
      "type": "Feature",
      "properties": {
        "@id": "node/7801372991",
        "amenity": "restaurant",
        "name": "باستليتا"
      },
      "geometry": {
        "type": "Point",
        "coordinates": [
          46.6462956,
          24.8119912
        ]
      },
      "id": "node/7801372991"
    },
    {
      "type": "Feature",
      "properties": {
        "@id": "node/7801372994",
        "amenity": "restaurant",
        "name": "خبز ونواشف"
      },
      "geometry": {
        "type": "Point",
        "coordinates": [
          46.6460917,
          24.8119102
        ]
      },
      "id": "node/7801372994"
    },
    {
      "type": "Feature",
      "properties": {
        "@id": "node/7801373008",
        "amenity": "cafe",
        "cuisine": "coffee_shop",
        "name": "جافا كافيه"
      },
      "geometry": {
        "type": "Point",
        "coordinates": [
          46.6473017,
          24.8110417
        ]
      },
      "id": "node/7801373008"
    },
    {
      "type": "Feature",
      "properties": {
        "@id": "node/7801373010",
        "amenity": "cafe",
        "name": "اليجرو"
      },
      "geometry": {
        "type": "Point",
        "coordinates": [
          46.6473842,
          24.8105987
        ]
      },
      "id": "node/7801373010"
    },
    {
      "type": "Feature",
      "properties": {
        "@id": "node/7801373051",
        "amenity": "cafe",
        "cuisine": "coffee_shop",
        "name": "دانكن دوناتس"
      },
      "geometry": {
        "type": "Point",
        "coordinates": [
          46.6491598,
          24.8070312
        ]
      },
      "id": "node/7801373051"
    },
    {
      "type": "Feature",
      "properties": {
        "@id": "node/7801373066",
        "amenity": "restaurant",
        "name": "الكيمي"
      },
      "geometry": {
        "type": "Point",
        "coordinates": [
          46.6504113,
          24.8027038
        ]
      },
      "id": "node/7801373066"
    },
    {
      "type": "Feature",
      "properties": {
        "@id": "node/7801373074",
        "amenity": "restaurant",
        "name": "٦ صباحا"
      },
      "geometry": {
        "type": "Point",
        "coordinates": [
          46.6497731,
          24.8024327
        ]
      },
      "id": "node/7801373074"
    },
    {
      "type": "Feature",
      "properties": {
        "@id": "node/7801373075",
        "amenity": "restaurant",
        "name": "مطعم لبنى"
      },
      "geometry": {
        "type": "Point",
        "coordinates": [
          46.6497227,
          24.8024132
        ]
      },
      "id": "node/7801373075"
    },
    {
      "type": "Feature",
      "properties": {
        "@id": "node/7801373078",
        "amenity": "restaurant",
        "name": "امبراطور الشاورما"
      },
      "geometry": {
        "type": "Point",
        "coordinates": [
          46.6491756,
          24.8020207
        ]
      },
      "id": "node/7801373078"
    },
    {
      "type": "Feature",
      "properties": {
        "@id": "node/7801373079",
        "amenity": "cafe",
        "cuisine": "coffee_shop",
        "name": "فرست بورت"
      },
      "geometry": {
        "type": "Point",
        "coordinates": [
          46.649084,
          24.8019702
        ]
      },
      "id": "node/7801373079"
    },
    {
      "type": "Feature",
      "properties": {
        "@id": "node/7801373098",
        "amenity": "restaurant",
        "name": "لامي مطعم وكافيه"
      },
      "geometry": {
        "type": "Point",
        "coordinates": [
          46.6458716,
          24.8006306
        ]
      },
      "id": "node/7801373098"
    },
    {
      "type": "Feature",
      "properties": {
        "@id": "node/7801373122",
        "amenity": "restaurant",
        "name": "رغيف وجبنة"
      },
      "geometry": {
        "type": "Point",
        "coordinates": [
          46.6350728,
          24.7952936
        ]
      },
      "id": "node/7801373122"
    },
    {
      "type": "Feature",
      "properties": {
        "@id": "node/7801373124",
        "amenity": "restaurant",
        "name": "هاك شاورما"
      },
      "geometry": {
        "type": "Point",
        "coordinates": [
          46.6352325,
          24.7953516
        ]
      },
      "id": "node/7801373124"
    },
    {
      "type": "Feature",
      "properties": {
        "@id": "node/7801373137",
        "amenity": "restaurant",
        "name": "سلايدر هاوس",
        "operator": "صراف ساب"
      },
      "geometry": {
        "type": "Point",
        "coordinates": [
          46.6420718,
          24.7981738
        ]
      },
      "id": "node/7801373137"
    },
    {
      "type": "Feature",
      "properties": {
        "@id": "node/7801373150",
        "amenity": "restaurant",
        "name": "الصاج الريفي"
      },
      "geometry": {
        "type": "Point",
        "coordinates": [
          46.6418438,
          24.7976669
        ]
      },
      "id": "node/7801373150"
    },
    {
      "type": "Feature",
      "properties": {
        "@id": "node/7801373152",
        "amenity": "cafe",
        "cuisine": "coffee_shop",
        "name": "دانكن دونناتس"
      },
      "geometry": {
        "type": "Point",
        "coordinates": [
          46.64175,
          24.7976332
        ]
      },
      "id": "node/7801373152"
    },
    {
      "type": "Feature",
      "properties": {
        "@id": "node/7801373161",
        "amenity": "restaurant",
        "name": "أبو جبارة",
        "operator": "صراف ساب"
      },
      "geometry": {
        "type": "Point",
        "coordinates": [
          46.6413662,
          24.7976486
        ]
      },
      "id": "node/7801373161"
    },
    {
      "type": "Feature",
      "properties": {
        "@id": "node/7801373162",
        "amenity": "cafe",
        "cuisine": "coffee_shop",
        "name": "دانا كافيه",
        "operator": "صراف ساب"
      },
      "geometry": {
        "type": "Point",
        "coordinates": [
          46.6424103,
          24.7984163
        ]
      },
      "id": "node/7801373162"
    },
    {
      "type": "Feature",
      "properties": {
        "@id": "node/7801373168",
        "amenity": "restaurant",
        "name": "سلطان أحمد"
      },
      "geometry": {
        "type": "Point",
        "coordinates": [
          46.6450457,
          24.7993942
        ]
      },
      "id": "node/7801373168"
    },
    {
      "type": "Feature",
      "properties": {
        "@id": "node/7801373170",
        "amenity": "cafe",
        "cuisine": "coffee_shop",
        "name": "جافا كافيه"
      },
      "geometry": {
        "type": "Point",
        "coordinates": [
          46.6451148,
          24.7995803
        ]
      },
      "id": "node/7801373170"
    },
    {
      "type": "Feature",
      "properties": {
        "@id": "node/7801373191",
        "amenity": "restaurant",
        "name": "بي برجر"
      },
      "geometry": {
        "type": "Point",
        "coordinates": [
          46.6482116,
          24.8006544
        ]
      },
      "id": "node/7801373191"
    },
    {
      "type": "Feature",
      "properties": {
        "@id": "node/7801373204",
        "amenity": "cafe",
        "name": "كابريكافيه"
      },
      "geometry": {
        "type": "Point",
        "coordinates": [
          46.6504383,
          24.7964102
        ]
      },
      "id": "node/7801373204"
    },
    {
      "type": "Feature",
      "properties": {
        "@id": "node/7801373210",
        "amenity": "restaurant",
        "name": "هستل"
      },
      "geometry": {
        "type": "Point",
        "coordinates": [
          46.6491205,
          24.7931528
        ]
      },
      "id": "node/7801373210"
    },
    {
      "type": "Feature",
      "properties": {
        "@id": "node/7801373211",
        "amenity": "cafe",
        "name": "مزاج العرب"
      },
      "geometry": {
        "type": "Point",
        "coordinates": [
          46.6490799,
          24.7930716
        ]
      },
      "id": "node/7801373211"
    },
    {
      "type": "Feature",
      "properties": {
        "@id": "node/7801373212",
        "amenity": "restaurant",
        "name": "تشيلو"
      },
      "geometry": {
        "type": "Point",
        "coordinates": [
          46.6490511,
          24.792998
        ]
      },
      "id": "node/7801373212"
    },
    {
      "type": "Feature",
      "properties": {
        "@id": "node/7802805086",
        "addr:city": "Riyadh",
        "addr:housenumber": "4358",
        "addr:postcode": "12991",
        "addr:street": "الشيخ صالح بن عبدالعزيز بن عبدالرحمن",
        "amenity": "cafe",
        "brand": "Sweetella سويتلا",
        "cuisine": "coffee_shop;dessert",
        "delivery": "yes",
        "name": "Sweetella سويتلا",
        "opening_hours": "Mo-Su 16:00-1:00",
        "takeaway": "yes"
      },
      "geometry": {
        "type": "Point",
        "coordinates": [
          46.6283512,
          24.5762701
        ]
      },
      "id": "node/7802805086"
    },
    {
      "type": "Feature",
      "properties": {
        "@id": "node/7832546922",
        "leisure": "park"
      },
      "geometry": {
        "type": "Point",
        "coordinates": [
          46.677242,
          24.7108524
        ]
      },
      "id": "node/7832546922"
    },
    {
      "type": "Feature",
      "properties": {
        "@id": "node/7845809187",
        "amenity": "cafe",
        "name:en": "La Olla Lounge"
      },
      "geometry": {
        "type": "Point",
        "coordinates": [
          46.6336383,
          24.7857326
        ]
      },
      "id": "node/7845809187"
    },
    {
      "type": "Feature",
      "properties": {
        "@id": "node/7860541748",
        "addr:city": "Riyadh",
        "addr:postcode": "12364",
        "addr:street": "طريق التخصصي",
        "amenity": "cafe",
        "name": "Jarlicious Lounge جارليشوز لاونج",
        "opening_hours": "Sa-Th 08:00-1:00",
        "outdoor_seating": "yes",
        "website": "rb.gy/nheixu"
      },
      "geometry": {
        "type": "Point",
        "coordinates": [
          46.6480964,
          24.7309081
        ]
      },
      "id": "node/7860541748"
    },
    {
      "type": "Feature",
      "properties": {
        "@id": "node/7873124267",
        "amenity": "cafe",
        "description": "مشروبات وحلويات ميلانا\nMilana Beverages and Sweets",
        "name": "ميلانا كافيه",
        "name:en": "Milana Cafe"
      },
      "geometry": {
        "type": "Point",
        "coordinates": [
          46.7334612,
          24.8336702
        ]
      },
      "id": "node/7873124267"
    },
    {
      "type": "Feature",
      "properties": {
        "@id": "node/7906706474",
        "leisure": "park",
        "name": "Diriyyah Park حديقة الدرعية"
      },
      "geometry": {
        "type": "Point",
        "coordinates": [
          46.5732065,
          24.7379379
        ]
      },
      "id": "node/7906706474"
    },
    {
      "type": "Feature",
      "properties": {
        "@id": "node/7906706476",
        "leisure": "park",
        "name": "حديقة منتزه البجيري"
      },
      "geometry": {
        "type": "Point",
        "coordinates": [
          46.573269,
          24.7387948
        ]
      },
      "id": "node/7906706476"
    },
    {
      "type": "Feature",
      "properties": {
        "@id": "node/7912260308",
        "amenity": "restaurant",
        "name": "Artasty ارتيستي"
      },
      "geometry": {
        "type": "Point",
        "coordinates": [
          46.6476127,
          24.7351915
        ]
      },
      "id": "node/7912260308"
    },
    {
      "type": "Feature",
      "properties": {
        "@id": "node/7954502686",
        "amenity": "restaurant",
        "cuisine": "chinese;indian",
        "name:en": "Restaurant Garden"
      },
      "geometry": {
        "type": "Point",
        "coordinates": [
          46.7772773,
          24.6842462
        ]
      },
      "id": "node/7954502686"
    },
    {
      "type": "Feature",
      "properties": {
        "@id": "node/7994485686",
        "addr:street": "عـائشة بنت أبي بكر",
        "amenity": "fast_food",
        "name": "البيك",
        "name:en": "AlBaik"
      },
      "geometry": {
        "type": "Point",
        "coordinates": [
          46.6536236,
          24.5880552
        ]
      },
      "id": "node/7994485686"
    },
    {
      "type": "Feature",
      "properties": {
        "@id": "node/8069529889",
        "addr:street": "شارع حلب",
        "leisure": "park",
        "name": "حديقة لبن",
        "opening_hours": "24/7"
      },
      "geometry": {
        "type": "Point",
        "coordinates": [
          46.5542958,
          24.6368017
        ]
      },
      "id": "node/8069529889"
    },
    {
      "type": "Feature",
      "properties": {
        "@id": "node/8071167827",
        "amenity": "cafe",
        "cuisine": "japanese;ice_cream;coffee_shop;dessert",
        "name": "SAYAKI"
      },
      "geometry": {
        "type": "Point",
        "coordinates": [
          46.6235273,
          24.7665642
        ]
      },
      "id": "node/8071167827"
    },
    {
      "type": "Feature",
      "properties": {
        "@id": "node/8071766518",
        "addr:street": "التيشفاني",
        "amenity": "restaurant",
        "name": "مطعم وفلافل وفول",
        "name:en": "Falafel and Bean Restaurant"
      },
      "geometry": {
        "type": "Point",
        "coordinates": [
          46.7335812,
          24.5977661
        ]
      },
      "id": "node/8071766518"
    },
    {
      "type": "Feature",
      "properties": {
        "@id": "node/8120317290",
        "amenity": "restaurant",
        "name": "Jamra"
      },
      "geometry": {
        "type": "Point",
        "coordinates": [
          46.7740685,
          24.7088336
        ]
      },
      "id": "node/8120317290"
    },
    {
      "type": "Feature",
      "properties": {
        "@id": "node/8121318561",
        "amenity": "restaurant",
        "cuisine": "sandwich",
        "name": "سكة ٨",
        "name:en": "Sekkah 8"
      },
      "geometry": {
        "type": "Point",
        "coordinates": [
          46.6883291,
          24.8154568
        ]
      },
      "id": "node/8121318561"
    },
    {
      "type": "Feature",
      "properties": {
        "@id": "node/8121318563",
        "amenity": "restaurant",
        "cuisine": "fusion;arabic",
        "name": "بريانك",
        "name:en": "Biryanak"
      },
      "geometry": {
        "type": "Point",
        "coordinates": [
          46.6883727,
          24.8153668
        ]
      },
      "id": "node/8121318563"
    },
    {
      "type": "Feature",
      "properties": {
        "@id": "node/8121318564",
        "amenity": "restaurant",
        "name": "فلكس كيتشن",
        "name:en": "Flex Kitchen"
      },
      "geometry": {
        "type": "Point",
        "coordinates": [
          46.6883086,
          24.8155085
        ]
      },
      "id": "node/8121318564"
    },
    {
      "type": "Feature",
      "properties": {
        "@id": "node/8121318565",
        "amenity": "restaurant",
        "cuisine": "seafood",
        "name": "شريمبلس",
        "name:en": "Shrimplus"
      },
      "geometry": {
        "type": "Point",
        "coordinates": [
          46.6872426,
          24.8171253
        ]
      },
      "id": "node/8121318565"
    },
    {
      "type": "Feature",
      "properties": {
        "@id": "node/8172400017",
        "addr:street": "Turki Al Awal Ibin Abdelaziz Road",
        "amenity": "cafe",
        "internet_access": "wlan"
      },
      "geometry": {
        "type": "Point",
        "coordinates": [
          46.6135163,
          24.750768
        ]
      },
      "id": "node/8172400017"
    },
    {
      "type": "Feature",
      "properties": {
        "@id": "node/8186701879",
        "name": "القصر الأحمر",
        "tourism": "museum"
      },
      "geometry": {
        "type": "Point",
        "coordinates": [
          46.709801,
          24.6428435
        ]
      },
      "id": "node/8186701879"
    },
    {
      "type": "Feature",
      "properties": {
        "@id": "node/8227542801",
        "addr:city": "رياض",
        "addr:street": "طريق التخصصي",
        "amenity": "restaurant",
        "cuisine": "burger;coffee_shop;sandwich",
        "diet:halal": "yes",
        "name": "أوفردو لاونج",
        "name:en": "Overdo Loung",
        "opening_hours": "Mo-Su 06:00-2:00"
      },
      "geometry": {
        "type": "Point",
        "coordinates": [
          46.659654,
          24.7155403
        ]
      },
      "id": "node/8227542801"
    },
    {
      "type": "Feature",
      "properties": {
        "@id": "node/8310338418",
        "amenity": "restaurant",
        "name": "Steak House"
      },
      "geometry": {
        "type": "Point",
        "coordinates": [
          46.7331194,
          24.6917358
        ]
      },
      "id": "node/8310338418"
    },
    {
      "type": "Feature",
      "properties": {
        "@id": "node/8310338517",
        "amenity": "fast_food",
        "brand": "Burger King",
        "brand:wikidata": "Q177054",
        "cuisine": "burger",
        "name": "Burger King",
        "takeaway": "yes"
      },
      "geometry": {
        "type": "Point",
        "coordinates": [
          46.7326589,
          24.6915584
        ]
      },
      "id": "node/8310338517"
    },
    {
      "type": "Feature",
      "properties": {
        "@id": "node/8310338519",
        "amenity": "restaurant",
        "name:en": "Malaz Restaurant"
      },
      "geometry": {
        "type": "Point",
        "coordinates": [
          46.7337157,
          24.6861607
        ]
      },
      "id": "node/8310338519"
    },
    {
      "type": "Feature",
      "properties": {
        "@id": "node/8310338520",
        "amenity": "cafe",
        "brand": "Costa",
        "brand:wikidata": "Q608845",
        "cuisine": "coffee_shop",
        "name": "Costa",
        "takeaway": "yes"
      },
      "geometry": {
        "type": "Point",
        "coordinates": [
          46.7327699,
          24.6917174
        ]
      },
      "id": "node/8310338520"
    },
    {
      "type": "Feature",
      "properties": {
        "@id": "node/8310338617",
        "amenity": "restaurant",
        "cuisine": "pizza",
        "name": "Turn Stone Pizza"
      },
      "geometry": {
        "type": "Point",
        "coordinates": [
          46.7329126,
          24.6915708
        ]
      },
      "id": "node/8310338617"
    },
    {
      "type": "Feature",
      "properties": {
        "@id": "node/8327935520",
        "addr:city": "الرياض",
        "addr:housenumber": "13311",
        "addr:postcode": "11411",
        "addr:street": "الملك عبدالعزيز",
        "amenity": "restaurant",
        "cuisine": "seafood",
        "name": "ديل مار",
        "opening_hours": "Sa-Fr 12:00-00:00",
        "phone": "0590909192",
        "website": "https://www.instagram.com/delmar.ksa/"
      },
      "geometry": {
        "type": "Point",
        "coordinates": [
          46.662308,
          24.7812144
        ]
      },
      "id": "node/8327935520"
    },
    {
      "type": "Feature",
      "properties": {
        "@id": "node/8358346819",
        "alt_name": "Kentucky Fried Chicken",
        "amenity": "fast_food",
        "brand": "دجاج كنتاكي",
        "brand:ar": "دجاج كنتاكي",
        "brand:en": "KFC",
        "brand:wikidata": "Q524757",
        "brand:wikipedia": "ar:دجاج كنتاكي",
        "cuisine": "chicken",
        "name": "دجاج كنتاكي",
        "name:ar": "دجاج كنتاكي",
        "name:en": "KFC",
        "takeaway": "yes"
      },
      "geometry": {
        "type": "Point",
        "coordinates": [
          46.6760974,
          24.6765436
        ]
      },
      "id": "node/8358346819"
    },
    {
      "type": "Feature",
      "properties": {
        "@id": "node/8358346820",
        "amenity": "fast_food",
        "brand": "Domino's",
        "brand:wikidata": "Q839466",
        "brand:wikipedia": "en:Domino's Pizza",
        "cuisine": "pizza",
        "name": "Domino's",
        "takeaway": "yes"
      },
      "geometry": {
        "type": "Point",
        "coordinates": [
          46.6751367,
          24.6759963
        ]
      },
      "id": "node/8358346820"
    },
    {
      "type": "Feature",
      "properties": {
        "@id": "node/8393973741",
        "addr:city": "الرياض",
        "addr:street": "طريق التخصصي",
        "air_conditioning": "yes",
        "amenity": "cafe",
        "cuisine": "cafe;tea",
        "name": "مقهى السيعينات 1974",
        "opening_hours": "Mo-Su 07:00-23:30",
        "website": "https://www.instagram.com/seventiescafesa/"
      },
      "geometry": {
        "type": "Point",
        "coordinates": [
          46.6453547,
          24.7416445
        ]
      },
      "id": "node/8393973741"
    },
    {
      "type": "Feature",
      "properties": {
        "@id": "node/8404984040",
        "addr:city": "Riyadh",
        "addr:street": "حي العقيق في مجمع بوابة الرياض",
        "amenity": "restaurant",
        "cuisine": "arabic",
        "name": "Shuwa Express شوا اكسبرس",
        "opening_hours": "11:00-14:00",
        "website": "https://www.instagram.com/shuwaexpress.sa/"
      },
      "geometry": {
        "type": "Point",
        "coordinates": [
          46.6340773,
          24.7855994
        ]
      },
      "id": "node/8404984040"
    },
    {
      "type": "Feature",
      "properties": {
        "@id": "node/8407654505",
        "amenity": "fast_food",
        "brand": "Burger Fuel",
        "brand:wikidata": "Q4998537",
        "brand:wikipedia": "en:Burger Fuel",
        "cuisine": "burger",
        "name": "برغر فيول",
        "name:en": "Burger Fuel",
        "phone": "+96611 292 0005",
        "takeaway": "yes",
        "website": "https://burgerfuel.com"
      },
      "geometry": {
        "type": "Point",
        "coordinates": [
          46.7473656,
          24.6866995
        ]
      },
      "id": "node/8407654505"
    },
    {
      "type": "Feature",
      "properties": {
        "@id": "node/8407654511",
        "amenity": "fast_food",
        "brand": "BurgerFuel",
        "brand:wikidata": "Q4998537",
        "brand:wikipedia": "en:Burger Fuel",
        "cuisine": "burger",
        "name": "برغر فيول",
        "name:en": "BurgerFuel",
        "phone": "+966114629595",
        "takeaway": "yes",
        "website": "https://burgerfuel.com"
      },
      "geometry": {
        "type": "Point",
        "coordinates": [
          46.7041444,
          24.6978182
        ]
      },
      "id": "node/8407654511"
    },
    {
      "type": "Feature",
      "properties": {
        "@id": "node/8407654512",
        "amenity": "fast_food",
        "brand": "Burger Fuel",
        "brand:wikidata": "Q4998537",
        "brand:wikipedia": "en:Burger Fuel",
        "cuisine": "burger",
        "drive_through": "no",
        "name": "برغر فيول",
        "name:en": "Burger Fuel",
        "phone": "+966118108084",
        "takeaway": "yes",
        "website": "https://burgerfuel.com"
      },
      "geometry": {
        "type": "Point",
        "coordinates": [
          46.7344265,
          24.8106225
        ]
      },
      "id": "node/8407654512"
    },
    {
      "type": "Feature",
      "properties": {
        "@id": "node/8407654513",
        "amenity": "fast_food",
        "brand": "Burger Fuel",
        "brand:wikidata": "Q4998537",
        "brand:wikipedia": "en:Burger Fuel",
        "cuisine": "burger",
        "name": "برغر فيول",
        "name:en": "Burger Fuel",
        "phone": "+966114701510",
        "takeaway": "yes",
        "website": "https://burgerfuel.com"
      },
      "geometry": {
        "type": "Point",
        "coordinates": [
          46.6616126,
          24.7847178
        ]
      },
      "id": "node/8407654513"
    },
    {
      "type": "Feature",
      "properties": {
        "@id": "node/8408804062",
        "amenity": "fast_food",
        "cuisine": "sandwich",
        "name": "Shawarmer"
      },
      "geometry": {
        "type": "Point",
        "coordinates": [
          46.6244924,
          24.5873024
        ]
      },
      "id": "node/8408804062"
    },
    {
      "type": "Feature",
      "properties": {
        "@id": "node/8408804063",
        "amenity": "fast_food",
        "cuisine": "sandwich",
        "name": "Shawarmer"
      },
      "geometry": {
        "type": "Point",
        "coordinates": [
          46.6372109,
          24.5583496
        ]
      },
      "id": "node/8408804063"
    },
    {
      "type": "Feature",
      "properties": {
        "@id": "node/8408804064",
        "amenity": "fast_food",
        "brand": "شاورمر",
        "brand:ar": "شاورمر",
        "brand:en": "Shawarmer",
        "brand:wikidata": "Q29509653",
        "cuisine": "shawarma",
        "name": "شاورمر",
        "name:ar": "شاورمر",
        "name:en": "Shawarmer",
        "takeaway": "yes"
      },
      "geometry": {
        "type": "Point",
        "coordinates": [
          46.5651439,
          24.6335086
        ]
      },
      "id": "node/8408804064"
    },
    {
      "type": "Feature",
      "properties": {
        "@id": "node/8408804065",
        "amenity": "fast_food",
        "brand": "هرفي",
        "brand:ar": "هرفي",
        "brand:en": "Herfy",
        "brand:wikidata": "Q5738371",
        "brand:wikipedia": "en:Herfy",
        "cuisine": "burger",
        "name": "هرفي",
        "name:ar": "هرفي",
        "name:en": "Herfy",
        "takeaway": "yes"
      },
      "geometry": {
        "type": "Point",
        "coordinates": [
          46.5641592,
          24.6320749
        ]
      },
      "id": "node/8408804065"
    },
    {
      "type": "Feature",
      "properties": {
        "@id": "node/8408804066",
        "amenity": "fast_food",
        "cuisine": "sandwich",
        "name": "Shawarmer"
      },
      "geometry": {
        "type": "Point",
        "coordinates": [
          46.5490373,
          24.645491
        ]
      },
      "id": "node/8408804066"
    },
    {
      "type": "Feature",
      "properties": {
        "@id": "node/8408804067",
        "amenity": "fast_food",
        "cuisine": "sandwich",
        "name": "Shawarmer"
      },
      "geometry": {
        "type": "Point",
        "coordinates": [
          46.6477718,
          24.5956597
        ]
      },
      "id": "node/8408804067"
    },
    {
      "type": "Feature",
      "properties": {
        "@id": "node/8408804068",
        "amenity": "fast_food",
        "cuisine": "sandwich",
        "name": "Shawarmer"
      },
      "geometry": {
        "type": "Point",
        "coordinates": [
          46.6582947,
          24.5375763
        ]
      },
      "id": "node/8408804068"
    },
    {
      "type": "Feature",
      "properties": {
        "@id": "node/8408804069",
        "amenity": "fast_food",
        "cuisine": "sandwich",
        "name": "Shawarmer"
      },
      "geometry": {
        "type": "Point",
        "coordinates": [
          46.6900916,
          24.5988355
        ]
      },
      "id": "node/8408804069"
    },
    {
      "type": "Feature",
      "properties": {
        "@id": "node/8408804070",
        "amenity": "fast_food",
        "cuisine": "sandwich",
        "name": "Shawarmer"
      },
      "geometry": {
        "type": "Point",
        "coordinates": [
          46.633842,
          24.7133696
        ]
      },
      "id": "node/8408804070"
    },
    {
      "type": "Feature",
      "properties": {
        "@id": "node/8420179360",
        "amenity": "fast_food",
        "cuisine": "Hummus;sandwich",
        "name": "حمص الحارة",
        "name:en": "Hummus Alhara",
        "phone": "+966500115135"
      },
      "geometry": {
        "type": "Point",
        "coordinates": [
          46.6261115,
          24.8546233
        ]
      },
      "id": "node/8420179360"
    },
    {
      "type": "Feature",
      "properties": {
        "@id": "node/8429433062",
        "leisure": "park"
      },
      "geometry": {
        "type": "Point",
        "coordinates": [
          46.5598331,
          24.5877477
        ]
      },
      "id": "node/8429433062"
    },
    {
      "type": "Feature",
      "properties": {
        "@id": "node/8429433115",
        "leisure": "park"
      },
      "geometry": {
        "type": "Point",
        "coordinates": [
          46.5015408,
          24.5662044
        ]
      },
      "id": "node/8429433115"
    },
    {
      "type": "Feature",
      "properties": {
        "@id": "node/8429433116",
        "leisure": "park"
      },
      "geometry": {
        "type": "Point",
        "coordinates": [
          46.501362,
          24.564435
        ]
      },
      "id": "node/8429433116"
    },
    {
      "type": "Feature",
      "properties": {
        "@id": "node/8429433117",
        "leisure": "park"
      },
      "geometry": {
        "type": "Point",
        "coordinates": [
          46.4973851,
          24.5601025
        ]
      },
      "id": "node/8429433117"
    },
    {
      "type": "Feature",
      "properties": {
        "@id": "node/8483127430",
        "addr:city": "الرياض",
        "addr:postcode": "11564",
        "addr:street": "أبي بكر الصديق",
        "amenity": "cafe",
        "cuisine": "donut;cake",
        "internet_access": "yes",
        "internet_access:fee": "no",
        "name": "ليفاني كوفي - Leivani coffee",
        "opening_hours": "06:00-24:00",
        "outdoor_seating": "yes",
        "phone": "+966539344910",
        "source": "knowledge"
      },
      "geometry": {
        "type": "Point",
        "coordinates": [
          46.7018094,
          24.747746
        ]
      },
      "id": "node/8483127430"
    },
    {
      "type": "Feature",
      "properties": {
        "@id": "node/8506391517",
        "addr:street": "أبي بكر الصديق",
        "amenity": "cafe",
        "internet_access": "wlan",
        "name": "سلف ميد",
        "name:en": "Self made coffee",
        "opening_hours": "24/7"
      },
      "geometry": {
        "type": "Point",
        "coordinates": [
          46.6959056,
          24.7593461
        ]
      },
      "id": "node/8506391517"
    },
    {
      "type": "Feature",
      "properties": {
        "@id": "node/8525518430",
        "addr:city": "الرياض",
        "addr:postcode": "١٢٢٥٢",
        "addr:street": "الشيخ عبدالله العنقري",
        "amenity": "fast_food",
        "cuisine": "juice",
        "description": "عصير، باقات فواكه، ايس كريم🍇",
        "drive_through": "no",
        "name": "فروت ارت",
        "operator": "فروت ارت",
        "phone": "0562096888",
        "website": "https://instagram.com/@fruitart.w"
      },
      "geometry": {
        "type": "Point",
        "coordinates": [
          46.6846076,
          24.7257628
        ]
      },
      "id": "node/8525518430"
    },
    {
      "type": "Feature",
      "properties": {
        "@id": "node/8584419117",
        "amenity": "fast_food",
        "name": "كاشو",
        "name:en": "Casho"
      },
      "geometry": {
        "type": "Point",
        "coordinates": [
          46.6633466,
          24.7804606
        ]
      },
      "id": "node/8584419117"
    },
    {
      "type": "Feature",
      "properties": {
        "@id": "node/8627321304",
        "addr:city": "Riyadh",
        "addr:country": "SA",
        "addr:district:ar": "الندي",
        "addr:district:en": "Al Nada",
        "addr:housenumber": "4335",
        "addr:postcode": "13317 - 6781",
        "addr:street": "Prince Mohammed Bin Salman Bin Abdulaziz Rd",
        "addr:street:ar": "الأمير محمد بن سلمان بن عبدالعزيز",
        "amenity": "fast_food",
        "brand": "Burger King",
        "brand:wikidata": "Q177054",
        "brand:wikipedia": "en:Burger King",
        "cuisine": "burger",
        "name": "Burger King",
        "takeaway": "yes"
      },
      "geometry": {
        "type": "Point",
        "coordinates": [
          46.693003,
          24.8008755
        ]
      },
      "id": "node/8627321304"
    },
    {
      "type": "Feature",
      "properties": {
        "@id": "node/8627321371",
        "addr:city": "Riyadh",
        "addr:district": "Al Nada",
        "addr:housenumber": "4335",
        "addr:postcode": "13317 - 6781",
        "addr:street": "Prince Mohammed Bin Salman Bin Abdulaziz Rd",
        "amenity": "fast_food",
        "brand": "Dunkin' Donuts",
        "brand:wikidata": "Q847743",
        "brand:wikipedia": "en:Dunkin' Donuts",
        "cuisine": "donut;coffee_shop",
        "drive_through": "yes",
        "name": "Dunkin' Donuts",
        "takeaway": "yes"
      },
      "geometry": {
        "type": "Point",
        "coordinates": [
          46.6931822,
          24.8009444
        ]
      },
      "id": "node/8627321371"
    },
    {
      "type": "Feature",
      "properties": {
        "@id": "node/8639665339",
        "addr:city": "Riyadh",
        "addr:postcode": "13216",
        "addr:street": "الملك عبدالله",
        "name": "Al Hamra Square - الحمراء سكوير",
        "phone": "+966550000455",
        "shop": "mall"
      },
      "geometry": {
        "type": "Point",
        "coordinates": [
          46.7545927,
          24.7665277
        ]
      },
      "id": "node/8639665339"
    },
    {
      "type": "Feature",
      "properties": {
        "@id": "node/8677146619",
        "amenity": "fast_food",
        "name:en": "real burger"
      },
      "geometry": {
        "type": "Point",
        "coordinates": [
          46.6876368,
          24.7191726
        ]
      },
      "id": "node/8677146619"
    },
    {
      "type": "Feature",
      "properties": {
        "@id": "node/8809583886",
        "amenity": "cafe",
        "brand": "Starbucks",
        "brand:wikidata": "Q37158",
        "brand:wikipedia": "en:Starbucks",
        "cuisine": "coffee_shop",
        "name": "ستاربكس",
        "name:en": "Starbucks",
        "official_name": "Starbucks Coffee",
        "takeaway": "yes"
      },
      "geometry": {
        "type": "Point",
        "coordinates": [
          46.7480679,
          24.7839565
        ]
      },
      "id": "node/8809583886"
    },
    {
      "type": "Feature",
      "properties": {
        "@id": "node/8820690823",
        "amenity": "cafe",
        "name": "سينسيز كوفي",
        "name:en": "senses coffee",
        "opening_hours": "Mo-Su 07:30-23:30",
        "phone": "+966532020060"
      },
      "geometry": {
        "type": "Point",
        "coordinates": [
          46.6486642,
          24.7890307
        ]
      },
      "id": "node/8820690823"
    },
    {
      "type": "Feature",
      "properties": {
        "@id": "node/8829118305",
        "amenity": "fast_food",
        "cuisine": "burger",
        "name": "جان برجر",
        "opening_hours": "Mo-Su 12:00-03:00"
      },
      "geometry": {
        "type": "Point",
        "coordinates": [
          46.6483591,
          24.7897495
        ]
      },
      "id": "node/8829118305"
    },
    {
      "type": "Feature",
      "properties": {
        "@id": "node/8829118306",
        "amenity": "fast_food",
        "cuisine": "pizza",
        "name": "مايسترو بيتزا",
        "opening_hours": "Mo-Su 11:00-13:00"
      },
      "geometry": {
        "type": "Point",
        "coordinates": [
          46.6484843,
          24.7895902
        ]
      },
      "id": "node/8829118306"
    },
    {
      "type": "Feature",
      "properties": {
        "@id": "node/8829118307",
        "amenity": "fast_food",
        "name": "الجرعة الصحية",
        "name:en": "healthy dose",
        "opening_hours": "Mo-Su 13:00-23:30"
      },
      "geometry": {
        "type": "Point",
        "coordinates": [
          46.6486533,
          24.7896839
        ]
      },
      "id": "node/8829118307"
    },
    {
      "type": "Feature",
      "properties": {
        "@id": "node/8829118308",
        "amenity": "fast_food",
        "brand": "Dunkin' Donuts",
        "brand:wikidata": "Q847743",
        "brand:wikipedia": "en:Dunkin' Donuts",
        "cuisine": "donut;coffee_shop",
        "name": "Dunkin' Donuts",
        "opening_hours": "Mo-Su 07:00-12:00",
        "takeaway": "yes"
      },
      "geometry": {
        "type": "Point",
        "coordinates": [
          46.6486958,
          24.7903175
        ]
      },
      "id": "node/8829118308"
    },
    {
      "type": "Feature",
      "properties": {
        "@id": "node/8888881589",
        "addr:city": "Riyadh",
        "addr:housenumber": "4430",
        "addr:postcode": "12983",
        "addr:street": "عائشة بنت أبي بكر",
        "amenity": "cafe",
        "internet_access": "yes",
        "internet_access:fee": "customers",
        "name": "جافا تايم",
        "name:en": "Java Time",
        "phone": "0114161747"
      },
      "geometry": {
        "type": "Point",
        "coordinates": [
          46.65399,
          24.5860419
        ]
      },
      "id": "node/8888881589"
    },
    {
      "type": "Feature",
      "properties": {
        "@id": "node/9031909331",
        "addr:city": "الرياض",
        "addr:housenumber": "مخرج 33 لبن بلازا",
        "addr:postcode": "125651",
        "addr:street": "الطريق الدائري الغربي",
        "amenity": "cafe",
        "cuisine": "coffee_shop;ice_cream",
        "internet_access": "yes",
        "internet_access:fee": "no",
        "name": "هرر كافية - Harar Cafe",
        "opening_hours": "Mo-Su 09:00-21:00",
        "phone": "+966549980702"
      },
      "geometry": {
        "type": "Point",
        "coordinates": [
          46.5732334,
          24.6377603
        ]
      },
      "id": "node/9031909331"
    },
    {
      "type": "Feature",
      "properties": {
        "@id": "node/9064465176",
        "alt_name": "Dunkin' Donuts",
        "amenity": "fast_food",
        "brand": "دانكن",
        "brand:ar": "دانكن",
        "brand:en": "Dunkin'",
        "brand:wikidata": "Q847743",
        "brand:wikipedia": "en:Dunkin' Donuts",
        "cuisine": "donut;coffee_shop",
        "name": "دانكن دونتس",
        "name:ar": "دانكن دونتس",
        "name:en": "Dunkin' Donuts",
        "takeaway": "yes"
      },
      "geometry": {
        "type": "Point",
        "coordinates": [
          46.7334068,
          24.8469814
        ]
      },
      "id": "node/9064465176"
    },
    {
      "type": "Feature",
      "properties": {
        "@id": "node/9064465177",
        "amenity": "cafe",
        "cuisine": "coffee_shop",
        "name": "واينز"
      },
      "geometry": {
        "type": "Point",
        "coordinates": [
          46.7334545,
          24.847172
        ]
      },
      "id": "node/9064465177"
    },
    {
      "type": "Feature",
      "properties": {
        "@id": "node/9064465178",
        "amenity": "cafe",
        "brand": "د.كيف",
        "brand:ar": "د.كيف",
        "brand:en": "dr-cafe",
        "brand:wikidata": "Q105714225",
        "cuisine": "coffee_shop",
        "name": "د.كيف",
        "name:ar": "د.كيف",
        "name:en": "dr-cafe",
        "takeaway": "yes"
      },
      "geometry": {
        "type": "Point",
        "coordinates": [
          46.7336478,
          24.847569
        ]
      },
      "id": "node/9064465178"
    },
    {
      "type": "Feature",
      "properties": {
        "@id": "node/9091381967",
        "amenity": "restaurant",
        "cuisine": "pizza",
        "name": "بيتزاراتزي"
      },
      "geometry": {
        "type": "Point",
        "coordinates": [
          46.7949666,
          24.6863504
        ]
      },
      "id": "node/9091381967"
    },
    {
      "type": "Feature",
      "properties": {
        "@id": "node/9091381968",
        "amenity": "restaurant",
        "cuisine": "arab",
        "name": "أبو جبارة"
      },
      "geometry": {
        "type": "Point",
        "coordinates": [
          46.7950384,
          24.6863809
        ]
      },
      "id": "node/9091381968"
    },
    {
      "type": "Feature",
      "properties": {
        "@id": "node/9091381969",
        "amenity": "restaurant",
        "cuisine": "arab",
        "name": "شاورمر"
      },
      "geometry": {
        "type": "Point",
        "coordinates": [
          46.7951329,
          24.6864276
        ]
      },
      "id": "node/9091381969"
    },
    {
      "type": "Feature",
      "properties": {
        "@id": "node/9091381970",
        "amenity": "restaurant",
        "cuisine": "pizza",
        "name": "دومينوز"
      },
      "geometry": {
        "type": "Point",
        "coordinates": [
          46.7950881,
          24.686402
        ]
      },
      "id": "node/9091381970"
    },
    {
      "type": "Feature",
      "properties": {
        "@id": "node/9091395509",
        "amenity": "restaurant",
        "cuisine": "arab",
        "name": "شاورما بلس"
      },
      "geometry": {
        "type": "Point",
        "coordinates": [
          46.7948402,
          24.6862892
        ]
      },
      "id": "node/9091395509"
    },
    {
      "type": "Feature",
      "properties": {
        "@id": "node/9091395510",
        "amenity": "restaurant",
        "cuisine": "pizza",
        "name": "منؤشة"
      },
      "geometry": {
        "type": "Point",
        "coordinates": [
          46.7949193,
          24.6863286
        ]
      },
      "id": "node/9091395510"
    },
    {
      "type": "Feature",
      "properties": {
        "@id": "node/9109751069",
        "addr:city": "riydah",
        "addr:housenumber": "التحليه مع الملك فهد, طريق الامير محمد بن عبدالعزيز, Riyadh Saudi Arabia",
        "addr:street": "طريق الملك فهد",
        "amenity": "restaurant",
        "cuisine": "international",
        "diet:halal": "yes",
        "diet:meat": "yes",
        "name": "TOPKAPI Tahlia",
        "phone": "+966559898588",
        "website": "https://www.topkapirest.com/"
      },
      "geometry": {
        "type": "Point",
        "coordinates": [
          46.6794301,
          24.6942229
        ]
      },
      "id": "node/9109751069"
    },
    {
      "type": "Feature",
      "properties": {
        "@id": "node/9243219179",
        "amenity": "cafe",
        "name": "iv cafe"
      },
      "geometry": {
        "type": "Point",
        "coordinates": [
          46.8708008,
          24.8032868
        ]
      },
      "id": "node/9243219179"
    },
    {
      "type": "Feature",
      "properties": {
        "@id": "node/9262822918",
        "amenity": "fast_food",
        "name": "بوفية لذيذة"
      },
      "geometry": {
        "type": "Point",
        "coordinates": [
          46.6516004,
          24.789891
        ]
      },
      "id": "node/9262822918"
    },
    {
      "type": "Feature",
      "properties": {
        "@id": "node/9262842517",
        "amenity": "cafe",
        "name": "جافا تاين",
        "name:en": "Java Time"
      },
      "geometry": {
        "type": "Point",
        "coordinates": [
          46.6533342,
          24.7929453
        ]
      },
      "id": "node/9262842517"
    },
    {
      "type": "Feature",
      "properties": {
        "@id": "node/9263981317",
        "amenity": "restaurant",
        "check_date": "2023-05-04",
        "name:ar": "فطائر التنور",
        "opening_hours": "Mo-Su 06:00-01:00",
        "phone": "+966 55 058 6680"
      },
      "geometry": {
        "type": "Point",
        "coordinates": [
          46.657266,
          24.7944153
        ]
      },
      "id": "node/9263981317"
    },
    {
      "type": "Feature",
      "properties": {
        "@id": "node/9321313624",
        "amenity": "restaurant",
        "name": "شيخ البلد"
      },
      "geometry": {
        "type": "Point",
        "coordinates": [
          46.7246125,
          24.6183694
        ]
      },
      "id": "node/9321313624"
    },
    {
      "type": "Feature",
      "properties": {
        "@id": "node/9338323729",
        "air_conditioning": "yes",
        "amenity": "cafe",
        "brand": "ستاربكس",
        "brand:ar": "ستاربكس",
        "brand:en": "Starbucks",
        "brand:wikidata": "Q37158",
        "brand:wikipedia": "ar:ستاربكس",
        "cuisine": "coffee_shop",
        "internet_access": "yes",
        "name": "ستاربكس",
        "name:ar": "ستاربكس",
        "name:en": "Starbucks",
        "official_name": "ستاربكس كافية",
        "official_name:ar": "ستاربكس كافية",
        "official_name:en": "Starbucks Coffee",
        "takeaway": "yes"
      },
      "geometry": {
        "type": "Point",
        "coordinates": [
          46.6073943,
          24.6940726
        ]
      },
      "id": "node/9338323729"
    },
    {
      "type": "Feature",
      "properties": {
        "@id": "node/9338323730",
        "amenity": "fast_food",
        "brand": "ماكدونالدز",
        "brand:ar": "ماكدونالدز",
        "brand:en": "McDonald's",
        "brand:wikidata": "Q38076",
        "brand:wikipedia": "ar:ماكدونالدز",
        "cuisine": "burger",
        "name": "ماكدونالدز",
        "name:ar": "ماكدونالدز",
        "name:en": "McDonald's",
        "takeaway": "yes"
      },
      "geometry": {
        "type": "Point",
        "coordinates": [
          46.6063807,
          24.6936745
        ]
      },
      "id": "node/9338323730"
    },
    {
      "type": "Feature",
      "properties": {
        "@id": "node/9357878572",
        "addr:city": "riyadh",
        "addr:postcode": "12564",
        "addr:street": "Al Thumamah Road",
        "air_conditioning": "yes",
        "amenity": "cafe",
        "brand": "core coffee & Roastery",
        "cuisine": "coffee_shop",
        "email": "info@corecoffeecompany.com",
        "internet_access": "yes",
        "internet_access:fee": "no",
        "name": "Core Coffee & Roastery",
        "opening_hours": "Mo-Su 06:00-23:59",
        "phone": "+9668001228222",
        "website": "http://www.corecoffee.co"
      },
      "geometry": {
        "type": "Point",
        "coordinates": [
          46.6868459,
          24.8179288
        ]
      },
      "id": "node/9357878572"
    },
    {
      "type": "Feature",
      "properties": {
        "@id": "node/9357922734",
        "addr:city": "Riyadh",
        "addr:postcode": "12564",
        "addr:street": "عثمان بن عفان",
        "amenity": "cafe",
        "cuisine": "coffee_shop",
        "email": "info@corcoffeecompany.com",
        "internet_access": "yes",
        "internet_access:fee": "no",
        "name": "Core Coffee & Roastery",
        "opening_hours": "Mo-Su 6:00-23:59",
        "payment:cash": "yes",
        "payment:credit_cards": "yes",
        "payment:debit_cards": "yes",
        "payment:mastercard": "yes",
        "payment:visa": "yes",
        "phone": "+9668001228222",
        "takeaway": "yes",
        "website": "http://www.corecoffee.co"
      },
      "geometry": {
        "type": "Point",
        "coordinates": [
          46.7150917,
          24.7662814
        ]
      },
      "id": "node/9357922734"
    },
    {
      "type": "Feature",
      "properties": {
        "@id": "node/9365798620",
        "amenity": "restaurant",
        "name": "الرومانسية",
        "name:en": "Alromansia"
      },
      "geometry": {
        "type": "Point",
        "coordinates": [
          46.6494024,
          24.8084558
        ]
      },
      "id": "node/9365798620"
    },
    {
      "type": "Feature",
      "properties": {
        "@id": "node/9446562690",
        "amenity": "fast_food",
        "brand": "Krispy Kreme",
        "brand:wikidata": "Q1192805",
        "brand:wikipedia": "en:Krispy Kreme",
        "cuisine": "donut",
        "name": "Krispy Kreme",
        "takeaway": "yes"
      },
      "geometry": {
        "type": "Point",
        "coordinates": [
          46.7438247,
          24.8008561
        ]
      },
      "id": "node/9446562690"
    },
    {
      "type": "Feature",
      "properties": {
        "@id": "node/9446562691",
        "amenity": "fast_food",
        "brand": "دجاج كنتاكي",
        "brand:ar": "دجاج كنتاكي",
        "brand:en": "KFC",
        "brand:wikidata": "Q524757",
        "brand:wikipedia": "ar:دجاج كنتاكي",
        "cuisine": "chicken",
        "name": "دجاج كنتاكي",
        "name:ar": "دجاج كنتاكي",
        "name:en": "KFC",
        "takeaway": "yes"
      },
      "geometry": {
        "type": "Point",
        "coordinates": [
          46.7435392,
          24.8007019
        ]
      },
      "id": "node/9446562691"
    },
    {
      "type": "Feature",
      "properties": {
        "@id": "node/9446562692",
        "amenity": "fast_food",
        "brand": "Hardee's",
        "brand:wikidata": "Q1585088",
        "brand:wikipedia": "en:Hardee's",
        "cuisine": "burger",
        "name": "Hardee's",
        "takeaway": "yes"
      },
      "geometry": {
        "type": "Point",
        "coordinates": [
          46.7437233,
          24.8007983
        ]
      },
      "id": "node/9446562692"
    },
    {
      "type": "Feature",
      "properties": {
        "@id": "node/9495258503",
        "addr:city": "riyadh",
        "addr:postcode": "00966",
        "addr:street": "طريق الإمام سعود بن عبد العزيز بن محمد",
        "amenity": "restaurant",
        "cuisine": "regional",
        "name": "Hashwa",
        "opening_hours": "Mo-Su 12:30-24:00"
      },
      "geometry": {
        "type": "Point",
        "coordinates": [
          46.7254685,
          24.7743793
        ]
      },
      "id": "node/9495258503"
    },
    {
      "type": "Feature",
      "properties": {
        "@id": "node/9660113561",
        "addr:street": "Abi Bakr As Siddiq Rd, حي التعاون, Riyadh 11564",
        "amenity": "cafe",
        "name": "ODD cafe",
        "opening_hours": "Mo-Su 05:00-02:00",
        "website": "https://www.instagram.com/oddcaffe/"
      },
      "geometry": {
        "type": "Point",
        "coordinates": [
          46.6889856,
          24.7735044
        ]
      },
      "id": "node/9660113561"
    },
    {
      "type": "Feature",
      "properties": {
        "@id": "node/9670787454",
        "amenity": "restaurant",
        "description": "Permanently closed",
        "name": "جاردن لاونج مطعم وكافيه",
        "name:en": "Garden Lounge"
      },
      "geometry": {
        "type": "Point",
        "coordinates": [
          46.7778529,
          24.6823089
        ]
      },
      "id": "node/9670787454"
    },
    {
      "type": "Feature",
      "properties": {
        "@id": "node/9670799689",
        "amenity": "cafe",
        "name": "كافيه بيني",
        "name:en": "Caffe Bene"
      },
      "geometry": {
        "type": "Point",
        "coordinates": [
          46.6586641,
          24.7174592
        ]
      },
      "id": "node/9670799689"
    },
    {
      "type": "Feature",
      "properties": {
        "@id": "node/9670813725",
        "amenity": "restaurant",
        "description": "Permanently closed",
        "name": "بيتزا ومناقيش الروشة‭"
      },
      "geometry": {
        "type": "Point",
        "coordinates": [
          46.7629953,
          24.735636
        ]
      },
      "id": "node/9670813725"
    },
    {
      "type": "Feature",
      "properties": {
        "@id": "node/9670823291",
        "amenity": "restaurant",
        "description": "Permanently closed",
        "name": "سيد اوغلو"
      },
      "geometry": {
        "type": "Point",
        "coordinates": [
          46.6269778,
          24.5642201
        ]
      },
      "id": "node/9670823291"
    },
    {
      "type": "Feature",
      "properties": {
        "@id": "node/9670857569",
        "amenity": "restaurant",
        "description": "Permanently closed",
        "name": "مطعم بنات سارة‭"
      },
      "geometry": {
        "type": "Point",
        "coordinates": [
          46.7891863,
          24.8203626
        ]
      },
      "id": "node/9670857569"
    },
    {
      "type": "Feature",
      "properties": {
        "@id": "node/9670860269",
        "amenity": "restaurant",
        "description": "Permanently closed",
        "name": "مطعم حنيذ حمود‭"
      },
      "geometry": {
        "type": "Point",
        "coordinates": [
          46.7486088,
          24.8404046
        ]
      },
      "id": "node/9670860269"
    },
    {
      "type": "Feature",
      "properties": {
        "@id": "node/9670866336",
        "amenity": "restaurant",
        "name": "لقمة",
        "name:en": "LOGMA"
      },
      "geometry": {
        "type": "Point",
        "coordinates": [
          46.6491455,
          24.7312587
        ]
      },
      "id": "node/9670866336"
    },
    {
      "type": "Feature",
      "properties": {
        "@id": "node/9670866627",
        "amenity": "restaurant",
        "description": "permanently closed",
        "name": "مستر صب"
      },
      "geometry": {
        "type": "Point",
        "coordinates": [
          46.6055084,
          24.6938787
        ]
      },
      "id": "node/9670866627"
    },
    {
      "type": "Feature",
      "properties": {
        "@id": "node/9670876135",
        "amenity": "restaurant",
        "name": "شوكليت ايتالياني",
        "name:en": "Cioccolat Italiani"
      },
      "geometry": {
        "type": "Point",
        "coordinates": [
          46.6858361,
          24.6969313
        ]
      },
      "id": "node/9670876135"
    },
    {
      "type": "Feature",
      "properties": {
        "@id": "node/9679971674",
        "addr:city": "الرياض",
        "addr:postcode": "13316",
        "addr:street": "طريق أبي بكر الصديق",
        "amenity": "cafe",
        "name": "Piccolo Roasters"
      },
      "geometry": {
        "type": "Point",
        "coordinates": [
          46.6761147,
          24.7967938
        ]
      },
      "id": "node/9679971674"
    },
    {
      "type": "Feature",
      "properties": {
        "@id": "node/9689006972",
        "addr:city": "الرياض",
        "addr:postcode": "12485",
        "addr:street": "طريق الإمام سعود بن عبد العزيز بن محمد",
        "amenity": "cafe",
        "cuisine": "coffee_shop",
        "internet_access": "yes",
        "internet_access:fee": "customers",
        "name": "Coffee Club نادي القهوة",
        "name:en": "Club Coffee",
        "opening_hours": "Mo-Sa 16:00-02:00",
        "phone": "+966555698822",
        "website": "https://foursquare.com/v/%D9%86%D8%A7%D8%AF%D9%8A-%D8%A7%D9%84%D9%82%D9%87%D9%88%D8%A9/614f5eda3aa8e010e664a264"
      },
      "geometry": {
        "type": "Point",
        "coordinates": [
          46.7195512,
          24.7718406
        ]
      },
      "id": "node/9689006972"
    },
    {
      "type": "Feature",
      "properties": {
        "@id": "node/9722375235",
        "addr:city": "Ar Rabi, Riyadh",
        "addr:housenumber": "13316",
        "addr:street": "Al Thumamah Road",
        "amenity": "restaurant",
        "cuisine": "arabic",
        "diet:halal": "yes",
        "name": "مطعم الخروف للمأكولات الكويتية",
        "opening_hours": "24/7",
        "phone": "+966112222200",
        "website": "https://linktr.ee/alkhrof"
      },
      "geometry": {
        "type": "Point",
        "coordinates": [
          46.6605281,
          24.805779
        ]
      },
      "id": "node/9722375235"
    },
    {
      "type": "Feature",
      "properties": {
        "@id": "node/9740823578",
        "addr:city": "Riyadh",
        "addr:street": "طريق أبي بكر الصديق",
        "amenity": "restaurant",
        "cuisine": "pizza;coffee_shop;dessert",
        "name": "Novels Bakery Narjes - نوفلز بيكري النرجس",
        "phone": "0593124440",
        "website": "https://www.instagram.com/novels_bakery/?hl=en",
        "working": "07:00 AM to 12:00 AM"
      },
      "geometry": {
        "type": "Point",
        "coordinates": [
          46.6382577,
          24.8748206
        ]
      },
      "id": "node/9740823578"
    },
    {
      "type": "Feature",
      "properties": {
        "@id": "node/9753056671",
        "tourism": "attraction"
      },
      "geometry": {
        "type": "Point",
        "coordinates": [
          46.9785641,
          24.9453262
        ]
      },
      "id": "node/9753056671"
    },
    {
      "type": "Feature",
      "properties": {
        "@id": "node/9803092617",
        "amenity": "restaurant",
        "contact:instagram": "bestrito_sa",
        "contact:twitter": "bestrito_sa",
        "name": "بستريتو",
        "name:en": "Bestrito",
        "phone": "0112333363"
      },
      "geometry": {
        "type": "Point",
        "coordinates": [
          46.6545685,
          24.793497
        ]
      },
      "id": "node/9803092617"
    },
    {
      "type": "Feature",
      "properties": {
        "@id": "node/9804477508",
        "addr:city": "الرياض",
        "addr:postcode": "13524",
        "addr:street": "شارع أنس بن مالك",
        "amenity": "cafe",
        "internet_access": "yes",
        "name": "ترنكيلو لاونج Tranquillo Lounge",
        "opening_hours": "16:00-09:00",
        "phone": "0550880589"
      },
      "geometry": {
        "type": "Point",
        "coordinates": [
          46.6159994,
          24.8080092
        ]
      },
      "id": "node/9804477508"
    },
    {
      "type": "Feature",
      "properties": {
        "@id": "node/9811300417",
        "amenity": "fast_food",
        "email": "info@saldwich.com",
        "instagram": "https://www.instagram.com/saldwich",
        "name": "سالدوتش",
        "name:en": "Saldwich",
        "opening_hours": "Mo-Sa 00:00-24:00; Su 00:00-03:00,07:00-24:00",
        "phone": "+966 9200 23030",
        "tiktok": "https://www.tiktok.com/@saldwich",
        "twitter": "https://twitter.com/Saldwich",
        "website": "https://www.saldwich.com"
      },
      "geometry": {
        "type": "Point",
        "coordinates": [
          46.6486763,
          24.7897556
        ]
      },
      "id": "node/9811300417"
    },
    {
      "type": "Feature",
      "properties": {
        "@id": "node/9919280752",
        "amenity": "restaurant",
        "cuisine": "italian",
        "name": "La Rustica"
      },
      "geometry": {
        "type": "Point",
        "coordinates": [
          46.6834965,
          24.6944926
        ]
      },
      "id": "node/9919280752"
    },
    {
      "type": "Feature",
      "properties": {
        "@id": "node/9935258017",
        "amenity": "restaurant",
        "name": "لاروستيكا بيتزارايا",
        "name:en": "la Rustica"
      },
      "geometry": {
        "type": "Point",
        "coordinates": [
          46.6835553,
          24.6945971
        ]
      },
      "id": "node/9935258017"
    },
    {
      "type": "Feature",
      "properties": {
        "@id": "node/9935258117",
        "amenity": "restaurant",
        "name": "بياتو",
        "name:en": "piatto"
      },
      "geometry": {
        "type": "Point",
        "coordinates": [
          46.6695807,
          24.6910725
        ]
      },
      "id": "node/9935258117"
    },
    {
      "type": "Feature",
      "properties": {
        "@id": "node/9975107406",
        "amenity": "restaurant",
        "cuisine": "swiss",
        "name": "Entrecôte Café de Paris",
        "phone": "+966920018998",
        "website": "https://entrecote-cdp.com/"
      },
      "geometry": {
        "type": "Point",
        "coordinates": [
          46.6848564,
          24.6899848
        ]
      },
      "id": "node/9975107406"
    },
    {
      "type": "Feature",
      "properties": {
        "@id": "node/9997067340",
        "addr:city": "Riyadh",
        "addr:postcode": "12513",
        "addr:street": "Prince Turki Al Awal Ibin Abdelaziz Road",
        "amenity": "restaurant",
        "cuisine": "swiss;steak_house;steak",
        "name": "Entrecôte Café de Paris",
        "phone": "+966 920018998",
        "website": "https://entrecote-cdp.com/"
      },
      "geometry": {
        "type": "Point",
        "coordinates": [
          46.603644,
          24.7602211
        ]
      },
      "id": "node/9997067340"
    },
    {
      "type": "Feature",
      "properties": {
        "@id": "node/10167108479",
        "addr:city": "Riyadh",
        "addr:housenumber": "4",
        "addr:postcode": "12361",
        "addr:street": "الملك عبدالله",
        "amenity": "cafe",
        "cuisine": "coffee_shop",
        "name": "روا لاونج",
        "name:en": "ROA Lounge"
      },
      "geometry": {
        "type": "Point",
        "coordinates": [
          46.6631039,
          24.7278517
        ]
      },
      "id": "node/10167108479"
    },
    {
      "type": "Feature",
      "properties": {
        "@id": "node/10197001814",
        "amenity": "fast_food",
        "brand": "ماكدونالدز",
        "brand:ar": "ماكدونالدز",
        "brand:en": "McDonald's",
        "brand:wikidata": "Q38076",
        "cuisine": "burger",
        "name": "ماكدونالدز",
        "name:ar": "ماكدونالدز",
        "name:en": "McDonald's",
        "opening_hours": "Mo-Su 06:00-04:00",
        "takeaway": "yes"
      },
      "geometry": {
        "type": "Point",
        "coordinates": [
          46.5842496,
          24.7535378
        ]
      },
      "id": "node/10197001814"
    },
    {
      "type": "Feature",
      "properties": {
        "@id": "node/10215082947",
        "addr:city": "الرياض",
        "addr:street": "عثمان بن عفان",
        "amenity": "cafe",
        "cuisine": "coffee_shop",
        "internet_access": "yes",
        "name": "NOOR CAFE | نور كافيه",
        "opening_hours": "2pm to 12pm",
        "outdoor_seating": "yes",
        "website": "https://noor-coffee.com/"
      },
      "geometry": {
        "type": "Point",
        "coordinates": [
          46.7093414,
          24.7739257
        ]
      },
      "id": "node/10215082947"
    },
    {
      "type": "Feature",
      "properties": {
        "@id": "node/10238199158",
        "addr:city": "riyadh",
        "addr:street": "King Abdulaziz Road",
        "amenity": "cafe",
        "cuisine": "coffee_shop",
        "name": "مقهى و لاونج كونسوليشن",
        "phone": "+966532944236",
        "website": "https://www.snapchat.com/add/consolationcafe"
      },
      "geometry": {
        "type": "Point",
        "coordinates": [
          46.6440234,
          24.8174657
        ]
      },
      "id": "node/10238199158"
    },
    {
      "type": "Feature",
      "properties": {
        "@id": "node/10264097009",
        "name": "The Palace Museum",
        "tourism": "museum"
      },
      "geometry": {
        "type": "Point",
        "coordinates": [
          46.6702334,
          24.6584815
        ]
      },
      "id": "node/10264097009"
    },
    {
      "type": "Feature",
      "properties": {
        "@id": "node/10274697992",
        "addr:city": "Riyadh",
        "addr:housenumber": "7413",
        "addr:postcode": "13315",
        "addr:street": "Al Ulaya, Al Sahafah",
        "air_conditioning": "yes",
        "amenity": "restaurant",
        "cuisine": "mexican;tacos",
        "description": "Authentic Mexican taqueria, Sonora style",
        "name": "TACOSON تاكوسون",
        "opening_hours": "Mo-Su 17:00-01:00",
        "outdoor_seating": "yes",
        "payment:cash": "yes",
        "payment:credit_cards": "yes",
        "payment:debit_cards": "yes",
        "takeaway": "yes",
        "website": "https://www.instagram.com/tacoson_sa/"
      },
      "geometry": {
        "type": "Point",
        "coordinates": [
          46.6368206,
          24.7900834
        ]
      },
      "id": "node/10274697992"
    },
    {
      "type": "Feature",
      "properties": {
        "@id": "node/10275996063",
        "addr:city": "Riyadh",
        "addr:postcode": "13422",
        "addr:street": "طريق الثمامة",
        "air_conditioning": "yes",
        "amenity": "cafe",
        "cuisine": "tea;arab",
        "internet_access": "no",
        "name": "Achay | اچاي",
        "outdoor_seating": "yes",
        "phone": "+9660506185545",
        "website": "achaytea.com"
      },
      "geometry": {
        "type": "Point",
        "coordinates": [
          46.7651546,
          24.8499457
        ]
      },
      "id": "node/10275996063"
    },
    {
      "type": "Feature",
      "properties": {
        "@id": "node/10277511646",
        "amenity": "cafe",
        "cuisine:inhouse": "dessert;crepe;tea;espresso;drip_coffee",
        "cuisine:outside": "dessert;cake;croissant;sandwich;fresh_juice",
        "diet:vegetarian": "yes",
        "indoor_seating": "sofa",
        "internet_access": "wlan",
        "name": "الوجه الذهبي",
        "name:ar": "الوجه الذهبي",
        "name:en": "Golden Face",
        "opening_hours": "Sa-Th 09:00-03:00; Fr 14:00-03:00",
        "outdoor_seating": "no",
        "smoking": "dedicated"
      },
      "geometry": {
        "type": "Point",
        "coordinates": [
          46.6254011,
          24.7919336
        ]
      },
      "id": "node/10277511646"
    },
    {
      "type": "Feature",
      "properties": {
        "@id": "node/10556734793",
        "amenity": "restaurant",
        "name": "Oasis"
      },
      "geometry": {
        "type": "Point",
        "coordinates": [
          46.6989347,
          24.7458892
        ]
      },
      "id": "node/10556734793"
    },
    {
      "type": "Feature",
      "properties": {
        "@id": "node/10573209610",
        "amenity": "restaurant",
        "name:en": "BistroChino",
        "name:ja": "中華料理"
      },
      "geometry": {
        "type": "Point",
        "coordinates": [
          46.655822,
          24.7933327
        ]
      },
      "id": "node/10573209610"
    },
    {
      "type": "Feature",
      "properties": {
        "@id": "node/10574890341",
        "amenity": "restaurant",
        "name:en": "Al Mayass"
      },
      "geometry": {
        "type": "Point",
        "coordinates": [
          46.6813882,
          24.6870141
        ]
      },
      "id": "node/10574890341"
    },
    {
      "type": "Feature",
      "properties": {
        "@id": "node/10574890342",
        "name:en": "Palace wall",
        "tourism": "attraction"
      },
      "geometry": {
        "type": "Point",
        "coordinates": [
          46.629064,
          24.6588025
        ]
      },
      "id": "node/10574890342"
    },
    {
      "type": "Feature",
      "properties": {
        "@id": "node/10574890343",
        "name:en": "Palace wall",
        "tourism": "attraction"
      },
      "geometry": {
        "type": "Point",
        "coordinates": [
          46.6289854,
          24.6571682
        ]
      },
      "id": "node/10574890343"
    },
    {
      "type": "Feature",
      "properties": {
        "@id": "node/10630968505",
        "amenity": "cafe",
        "name:en": "Dunkin’ Donuts 10201"
      },
      "geometry": {
        "type": "Point",
        "coordinates": [
          46.5676033,
          24.7850439
        ]
      },
      "id": "node/10630968505"
    },
    {
      "type": "Feature",
      "properties": {
        "@id": "node/10681326805",
        "amenity": "restaurant",
        "name:en": "Le Comptoir Lounge"
      },
      "geometry": {
        "type": "Point",
        "coordinates": [
          46.6973544,
          24.7815563
        ]
      },
      "id": "node/10681326805"
    },
    {
      "type": "Feature",
      "properties": {
        "@id": "node/10687736730",
        "addr:city": "Riyadh",
        "addr:street": "الأمير محمد بن عبدالعزيز",
        "amenity": "restaurant",
        "contact:phone": "+966 50 519 2233",
        "contact:website": "https://www.instagram.com/varibrasserie",
        "name": "VARI Brasserie and Grill",
        "opening_hours": "Mo-sat 07:00-00:00"
      },
      "geometry": {
        "type": "Point",
        "coordinates": [
          46.6651235,
          24.688076
        ]
      },
      "id": "node/10687736730"
    },
    {
      "type": "Feature",
      "properties": {
        "@id": "node/10704001905",
        "amenity": "cafe",
        "name": "يوفوريا وي كافيه",
        "name:en": "Euphoria Way Cafe"
      },
      "geometry": {
        "type": "Point",
        "coordinates": [
          46.6515745,
          24.7716076
        ]
      },
      "id": "node/10704001905"
    },
    {
      "type": "Feature",
      "properties": {
        "@id": "node/10708958370",
        "amenity": "fast_food",
        "name:ar": "هلو شاورما",
        "name:en": "Hello Shawarma"
      },
      "geometry": {
        "type": "Point",
        "coordinates": [
          46.6494738,
          24.7824491
        ]
      },
      "id": "node/10708958370"
    },
    {
      "type": "Feature",
      "properties": {
        "@id": "node/10708958371",
        "amenity": "cafe",
        "name:en": "tempo café"
      },
      "geometry": {
        "type": "Point",
        "coordinates": [
          46.6494052,
          24.7824165
        ]
      },
      "id": "node/10708958371"
    },
    {
      "type": "Feature",
      "properties": {
        "@id": "node/10708958372",
        "amenity": "fast_food",
        "cuisine": "juice",
        "name:ar": "عصير تسنيم",
        "name:en": "TASNIM Juice",
        "payment:mada": "yes"
      },
      "geometry": {
        "type": "Point",
        "coordinates": [
          46.6493481,
          24.7823987
        ]
      },
      "id": "node/10708958372"
    },
    {
      "type": "Feature",
      "properties": {
        "@id": "node/10708958373",
        "amenity": "cafe",
        "name:en": "EDISON CAFE",
        "payment:mada": "yes"
      },
      "geometry": {
        "type": "Point",
        "coordinates": [
          46.6492649,
          24.7823617
        ]
      },
      "id": "node/10708958373"
    },
    {
      "type": "Feature",
      "properties": {
        "@id": "node/10708958374",
        "amenity": "fast_food",
        "cuisine": "donut;coffee_shop",
        "name:en": "DONUTERIA"
      },
      "geometry": {
        "type": "Point",
        "coordinates": [
          46.649154,
          24.7823054
        ]
      },
      "id": "node/10708958374"
    },
    {
      "type": "Feature",
      "properties": {
        "@id": "node/10709023073",
        "amenity": "fast_food",
        "cuisine": "chicken",
        "drive_through": "yes",
        "name:ar": "دجاج كنتاكي",
        "name:en": "KFC"
      },
      "geometry": {
        "type": "Point",
        "coordinates": [
          46.6456646,
          24.7854912
        ]
      },
      "id": "node/10709023073"
    },
    {
      "type": "Feature",
      "properties": {
        "@id": "node/10709023074",
        "amenity": "cafe",
        "name:ar": "تيم هورتنز",
        "name:en": "Tim Hortons"
      },
      "geometry": {
        "type": "Point",
        "coordinates": [
          46.6457319,
          24.7856045
        ]
      },
      "id": "node/10709023074"
    },
    {
      "type": "Feature",
      "properties": {
        "@id": "node/10709023075",
        "amenity": "cafe",
        "name:ar": "ايت اوز كوفي",
        "name:en": "8oz Coffee",
        "outdoor_seating": "yes"
      },
      "geometry": {
        "type": "Point",
        "coordinates": [
          46.6458727,
          24.7859648
        ]
      },
      "id": "node/10709023075"
    },
    {
      "type": "Feature",
      "properties": {
        "@id": "node/10709023076",
        "amenity": "cafe",
        "name:ar": "جولت",
        "outdoor_seating": "yes"
      },
      "geometry": {
        "type": "Point",
        "coordinates": [
          46.6458311,
          24.7858399
        ]
      },
      "id": "node/10709023076"
    },
    {
      "type": "Feature",
      "properties": {
        "@id": "node/10709023077",
        "amenity": "fast_food",
        "cuisine": "burger",
        "name:ar": "ساين",
        "name:en": "Sign"
      },
      "geometry": {
        "type": "Point",
        "coordinates": [
          46.6457639,
          24.7857265
        ]
      },
      "id": "node/10709023077"
    },
    {
      "type": "Feature",
      "properties": {
        "@id": "node/10709875240",
        "amenity": "restaurant",
        "cuisine": "seafood",
        "name:ar": "شرمبشاك",
        "name:en": "Shrimp Shack",
        "website": "https://shrimpshack.com.sa"
      },
      "geometry": {
        "type": "Point",
        "coordinates": [
          46.6548152,
          24.7938651
        ]
      },
      "id": "node/10709875240"
    },
    {
      "type": "Feature",
      "properties": {
        "@id": "node/10709875242",
        "amenity": "restaurant",
        "cuisine": "pizza",
        "name:ar": "بيتزاراتي",
        "name:en": "Pizzarati"
      },
      "geometry": {
        "type": "Point",
        "coordinates": [
          46.6548973,
          24.7939102
        ]
      },
      "id": "node/10709875242"
    },
    {
      "type": "Feature",
      "properties": {
        "@id": "node/10709875243",
        "amenity": "cafe",
        "name:ar": "اونزا",
        "name:en": "onza"
      },
      "geometry": {
        "type": "Point",
        "coordinates": [
          46.6543759,
          24.7932046
        ]
      },
      "id": "node/10709875243"
    },
    {
      "type": "Feature",
      "properties": {
        "@id": "node/10709875244",
        "amenity": "fast_food",
        "name:en": "To Go Salad"
      },
      "geometry": {
        "type": "Point",
        "coordinates": [
          46.6550501,
          24.7939744
        ]
      },
      "id": "node/10709875244"
    },
    {
      "type": "Feature",
      "properties": {
        "@id": "node/10713608706",
        "amenity": "cafe",
        "name": "ميوزد بيت القهوة",
        "name:en": "Mused Coffee House"
      },
      "geometry": {
        "type": "Point",
        "coordinates": [
          46.6743369,
          24.8035305
        ]
      },
      "id": "node/10713608706"
    },
    {
      "type": "Feature",
      "properties": {
        "@id": "node/10713629705",
        "amenity": "cafe",
        "name": "درافت كافيه",
        "name:en": "Draft Café"
      },
      "geometry": {
        "type": "Point",
        "coordinates": [
          46.6742323,
          24.8036447
        ]
      },
      "id": "node/10713629705"
    },
    {
      "type": "Feature",
      "properties": {
        "@id": "node/10718169657",
        "amenity": "cafe",
        "name:ar": "مونترو",
        "name:en": "Montreux"
      },
      "geometry": {
        "type": "Point",
        "coordinates": [
          46.6554261,
          24.7941063
        ]
      },
      "id": "node/10718169657"
    },
    {
      "type": "Feature",
      "properties": {
        "@id": "node/10718169658",
        "amenity": "restaurant",
        "name:ar": "ألز جريل",
        "name:en": "Al's Grill"
      },
      "geometry": {
        "type": "Point",
        "coordinates": [
          46.6553315,
          24.7940703
        ]
      },
      "id": "node/10718169658"
    },
    {
      "type": "Feature",
      "properties": {
        "@id": "node/10718169659",
        "amenity": "restaurant",
        "cuisine": "burger;pasta",
        "name:ar": "ثري لاينز",
        "name:en": "Three Lines"
      },
      "geometry": {
        "type": "Point",
        "coordinates": [
          46.6552506,
          24.7940422
        ]
      },
      "id": "node/10718169659"
    },
    {
      "type": "Feature",
      "properties": {
        "@id": "node/10760926714",
        "amenity": "cafe",
        "name": "اوكاوا",
        "name:en": "OKAWA"
      },
      "geometry": {
        "type": "Point",
        "coordinates": [
          46.6733225,
          24.8408601
        ]
      },
      "id": "node/10760926714"
    },
    {
      "type": "Feature",
      "properties": {
        "@id": "node/10788628305",
        "amenity": "restaurant",
        "name:en": "Wagyu burger"
      },
      "geometry": {
        "type": "Point",
        "coordinates": [
          46.7079121,
          24.7069296
        ]
      },
      "id": "node/10788628305"
    },
    {
      "type": "Feature",
      "properties": {
        "@id": "node/10789465905",
        "amenity": "restaurant",
        "cuisine": "arab;local",
        "name:en": "Najd Village"
      },
      "geometry": {
        "type": "Point",
        "coordinates": [
          46.6692466,
          24.6977067
        ]
      },
      "id": "node/10789465905"
    },
    {
      "type": "Feature",
      "properties": {
        "@id": "node/10803284544",
        "amenity": "cafe"
      },
      "geometry": {
        "type": "Point",
        "coordinates": [
          46.5838659,
          24.7532399
        ]
      },
      "id": "node/10803284544"
    },
    {
      "type": "Feature",
      "properties": {
        "@id": "node/10803284545",
        "amenity": "cafe",
        "cuisine": "coffee_shop",
        "internet_access": "no",
        "name": "جال الوادي",
        "opening_hours": "24/7",
        "outdoor_seating": "yes"
      },
      "geometry": {
        "type": "Point",
        "coordinates": [
          46.5640768,
          24.7433743
        ]
      },
      "id": "node/10803284545"
    },
    {
      "type": "Feature",
      "properties": {
        "@id": "node/10803918930",
        "addr:city": "الرياض",
        "addr:housenumber": "النفل",
        "addr:postcode": "13312",
        "addr:street": "نهر السند",
        "amenity": "cafe",
        "cuisine": "coffee_shop",
        "internet_access": "yes",
        "name": "نقطة | قهوة مختصة",
        "opening_hours": "24/7",
        "outdoor_seating": "yes",
        "phone": "+966538882773"
      },
      "geometry": {
        "type": "Point",
        "coordinates": [
          46.6826275,
          24.7795758
        ]
      },
      "id": "node/10803918930"
    },
    {
      "type": "Feature",
      "properties": {
        "@id": "node/10820353105",
        "addr:street": "الأمير محمد بن عبدالعزيز",
        "amenity": "cafe",
        "name": "لاڤوريو",
        "name:en": "Lavorio"
      },
      "geometry": {
        "type": "Point",
        "coordinates": [
          46.6742725,
          24.6926421
        ]
      },
      "id": "node/10820353105"
    },
    {
      "type": "Feature",
      "properties": {
        "@id": "node/10820353205",
        "addr:street": "الأمير محمد بن عبدالعزيز",
        "amenity": "restaurant",
        "cuisine": "japanese",
        "name": "بيو",
        "name:en": "Byo"
      },
      "geometry": {
        "type": "Point",
        "coordinates": [
          46.6743873,
          24.6926929
        ]
      },
      "id": "node/10820353205"
    },
    {
      "type": "Feature",
      "properties": {
        "@id": "node/10820353305",
        "amenity": "restaurant",
        "name": "Flod"
      },
      "geometry": {
        "type": "Point",
        "coordinates": [
          46.6487672,
          24.7899973
        ]
      },
      "id": "node/10820353305"
    },
    {
      "type": "Feature",
      "properties": {
        "@id": "node/10820637607",
        "amenity": "cafe",
        "check_date": "2023-04-18",
        "contact:instagram": "https://www.instagram.com/moroccantaste",
        "contact:twitter": "https://twitter.com/moroccantaste",
        "cuisine": "coffee_shop",
        "name:ar": "المذاق المغربي",
        "name:en": "Moroccan Taste",
        "payment:mada": "yes",
        "website": "https://moroccantaste.sa/"
      },
      "geometry": {
        "type": "Point",
        "coordinates": [
          46.6482871,
          24.7891298
        ]
      },
      "id": "node/10820637607"
    },
    {
      "type": "Feature",
      "properties": {
        "@id": "node/10820637608",
        "amenity": "restaurant",
        "check_date": "2023-04-18",
        "cuisine": "burger",
        "name:ar": "كت لت",
        "name:en": "Kutlet",
        "payment:mada": "yes"
      },
      "geometry": {
        "type": "Point",
        "coordinates": [
          46.6478987,
          24.7883886
        ]
      },
      "id": "node/10820637608"
    },
    {
      "type": "Feature",
      "properties": {
        "@id": "node/10820637609",
        "amenity": "restaurant",
        "check_date": "2023-04-18",
        "cuisine": "bakery;pasta",
        "name:ar": "دستي دو",
        "name:en": "Dusty Dough",
        "payment:mada": "yes"
      },
      "geometry": {
        "type": "Point",
        "coordinates": [
          46.6481679,
          24.7883255
        ]
      },
      "id": "node/10820637609"
    },
    {
      "type": "Feature",
      "properties": {
        "@id": "node/10820637610",
        "amenity": "cafe",
        "check_date": "2023-04-18",
        "cuisine": "coffee_shop",
        "name:ar": "أورنيه",
        "name:en": "Orné",
        "payment:mada": "yes"
      },
      "geometry": {
        "type": "Point",
        "coordinates": [
          46.6480227,
          24.7881738
        ]
      },
      "id": "node/10820637610"
    },
    {
      "type": "Feature",
      "properties": {
        "@id": "node/10820637611",
        "amenity": "restaurant",
        "check_date": "2023-04-18",
        "cuisine": "pizza;coffee_shop;pasta;sandwich;juice;dessert",
        "name:ar": "بل بيرد",
        "name:en": "Bellbird",
        "payment:mada": "yes"
      },
      "geometry": {
        "type": "Point",
        "coordinates": [
          46.6479657,
          24.7885217
        ]
      },
      "id": "node/10820637611"
    },
    {
      "type": "Feature",
      "properties": {
        "@id": "node/10855936181",
        "amenity": "cafe",
        "brand": "جافا تايم",
        "brand:ar": "جافا تايم",
        "brand:en": "Java Time",
        "brand:wikidata": "Q12204153",
        "check_date": "2023-04-29",
        "cuisine": "coffee_shop",
        "name": "جافا تايم",
        "name:ar": "جافا تايم",
        "name:en": "Java Time",
        "takeaway": "yes"
      },
      "geometry": {
        "type": "Point",
        "coordinates": [
          46.7337826,
          24.7580865
        ]
      },
      "id": "node/10855936181"
    },
    {
      "type": "Feature",
      "properties": {
        "@id": "node/10858110359",
        "amenity": "fast_food",
        "check_date": "2023-04-30",
        "cuisine": "juice",
        "name:ar": "عصير تايم"
      },
      "geometry": {
        "type": "Point",
        "coordinates": [
          46.6445601,
          24.8184198
        ]
      },
      "id": "node/10858110359"
    },
    {
      "type": "Feature",
      "properties": {
        "@id": "node/10858110361",
        "amenity": "cafe",
        "brand": "جافا تايم",
        "brand:ar": "جافا تايم",
        "brand:en": "Java Time",
        "brand:wikidata": "Q12204153",
        "check_date": "2023-04-30",
        "cuisine": "coffee_shop",
        "name": "جافا تايم",
        "name:ar": "جافا تايم",
        "name:en": "Java Time",
        "takeaway": "yes"
      },
      "geometry": {
        "type": "Point",
        "coordinates": [
          46.643008,
          24.8192834
        ]
      },
      "id": "node/10858110361"
    },
    {
      "type": "Feature",
      "properties": {
        "@id": "node/10858110363",
        "amenity": "fast_food",
        "brand": "Domino's",
        "brand:wikidata": "Q839466",
        "check_date": "2023-04-30",
        "cuisine": "pizza",
        "name:ar": "دومينوز",
        "name:en": "Domino's",
        "takeaway": "yes"
      },
      "geometry": {
        "type": "Point",
        "coordinates": [
          46.6426485,
          24.8193555
        ]
      },
      "id": "node/10858110363"
    },
    {
      "type": "Feature",
      "properties": {
        "@id": "node/10868114624",
        "amenity": "restaurant",
        "check_date": "2023-05-04",
        "name:ar": "شيكسفل",
        "name:en": "Chicksville"
      },
      "geometry": {
        "type": "Point",
        "coordinates": [
          46.6575864,
          24.794534
        ]
      },
      "id": "node/10868114624"
    },
    {
      "type": "Feature",
      "properties": {
        "@id": "node/10868114626",
        "amenity": "restaurant",
        "check_date": "2023-05-04",
        "name:ar": "كوزي",
        "name:en": "Koozi"
      },
      "geometry": {
        "type": "Point",
        "coordinates": [
          46.6574364,
          24.7944687
        ]
      },
      "id": "node/10868114626"
    },
    {
      "type": "Feature",
      "properties": {
        "@id": "node/10868369606",
        "amenity": "restaurant",
        "check_date": "2023-05-04",
        "name:ar": "تازة"
      },
      "geometry": {
        "type": "Point",
        "coordinates": [
          46.6581766,
          24.7947868
        ]
      },
      "id": "node/10868369606"
    },
    {
      "type": "Feature",
      "properties": {
        "@id": "node/10881642457",
        "amenity": "cafe",
        "check_date": "2023-05-09",
        "cuisine": "coffee_shop",
        "name:ar": "مزيج",
        "name:en": "Mazij"
      },
      "geometry": {
        "type": "Point",
        "coordinates": [
          46.6748532,
          24.7995476
        ]
      },
      "id": "node/10881642457"
    },
    {
      "type": "Feature",
      "properties": {
        "@id": "node/10881672530",
        "amenity": "cafe",
        "brand": "تيم هورتونز",
        "brand:ar": "تيم هورتونز",
        "brand:en": "Tim Hortons",
        "brand:wikidata": "Q175106",
        "check_date": "2023-05-09",
        "cuisine": "coffee_shop",
        "name": "تيم هورتونز",
        "name:ar": "تيم هورتونز",
        "name:en": "Tim Hortons",
        "takeaway": "yes"
      },
      "geometry": {
        "type": "Point",
        "coordinates": [
          46.6695775,
          24.8084506
        ]
      },
      "id": "node/10881672530"
    },
    {
      "type": "Feature",
      "properties": {
        "@id": "node/10881672534",
        "amenity": "cafe",
        "brand": "ستاربكس",
        "brand:ar": "ستاربكس",
        "brand:en": "Starbucks",
        "brand:wikidata": "Q37158",
        "check_date": "2023-05-09",
        "cuisine": "coffee_shop",
        "name": "ستاربكس",
        "name:ar": "ستاربكس",
        "name:en": "Starbucks",
        "official_name": "ستاربكس كافية",
        "official_name:ar": "ستاربكس كافية",
        "official_name:en": "Starbucks Coffee",
        "takeaway": "yes"
      },
      "geometry": {
        "type": "Point",
        "coordinates": [
          46.6687871,
          24.8088624
        ]
      },
      "id": "node/10881672534"
    },
    {
      "type": "Feature",
      "properties": {
        "@id": "node/10902113096",
        "tourism": "attraction"
      },
      "geometry": {
        "type": "Point",
        "coordinates": [
          46.6066403,
          25.0078232
        ]
      },
      "id": "node/10902113096"
    },
    {
      "type": "Feature",
      "properties": {
        "@id": "node/10905580055",
        "addr:city": "Riyadh",
        "air_conditioning": "yes",
        "amenity": "restaurant",
        "bar": "no",
        "cuisine": "turkish",
        "diet:halal": "yes",
        "name": "السلطان",
        "name:ar": "السلطان",
        "name:en": "Sultan’s steakhouse",
        "outdoor_seating": "yes"
      },
      "geometry": {
        "type": "Point",
        "coordinates": [
          46.6141769,
          24.7499952
        ]
      },
      "id": "node/10905580055"
    },
    {
      "type": "Feature",
      "properties": {
        "@id": "node/10910513457",
        "addr:city": "riyadh",
        "addr:housenumber": "4240",
        "addr:postcode": "12242",
        "addr:street": "الأمير محمد بن عبدالعزيز",
        "air_conditioning": "yes",
        "amenity": "cafe",
        "cuisine": "dessert",
        "delivery": "yes",
        "description": "Eastern Desert",
        "drive_through": "yes",
        "email": "xwx3@hotmail.com",
        "internet_access": "no",
        "name": "مذاق التحلية",
        "name:en": "Tahlia Taste",
        "opening_hours": "Mo-Su 15:00-07:00",
        "outdoor_seating": "yes",
        "phone": "+966580694093",
        "website": "https://caesar.tryorder.net/link",
        "website:menu": "https://caesar.tryorder.net/link"
      },
      "geometry": {
        "type": "Point",
        "coordinates": [
          46.6974275,
          24.70258
        ]
      },
      "id": "node/10910513457"
    },
    {
      "type": "Feature",
      "properties": {
        "@id": "node/10925000840",
        "amenity": "cafe",
        "check_date": "2023-05-24",
        "cuisine": "coffee_shop",
        "name": "23M"
      },
      "geometry": {
        "type": "Point",
        "coordinates": [
          46.7084468,
          24.746056
        ]
      },
      "id": "node/10925000840"
    },
    {
      "type": "Feature",
      "properties": {
        "@id": "node/10931654221",
        "addr:city": "الرياض",
        "addr:housenumber": "12253",
        "addr:street": "طريق الملك عبدالله",
        "amenity": "cafe",
        "cuisine": "coffee_shop;وافل;بلجيكي;وافل_كريم_بورليه;وافل_سولتد_كراميل;وافل_شوكلاته;v60;ميني_وافل;وافل_كلاسيك;سبانش_لاتيه;ايس_تي;قهوه_اليوم;فلات_وايت;ايس_دريب",
        "name": "هيتكا | hetkia",
        "opening_hours": "Mo-Su 16:00-00:00",
        "phone": "+966501206686",
        "website": "https://linkpop.com/hetkia"
      },
      "geometry": {
        "type": "Point",
        "coordinates": [
          46.6756975,
          24.7323356
        ]
      },
      "id": "node/10931654221"
    },
    {
      "type": "Feature",
      "properties": {
        "@id": "node/10946380813",
        "addr:city": "Riyadh",
        "addr:country": "SA",
        "addr:housenumber": "التحليه مع الملك فهد, طريق الامير محمد بن عبدالعزيز, Riyadh Saudi Arabia",
        "addr:street": "طريق الملك فهد",
        "amenity": "restaurant",
        "cuisine": "arab;chicken;meat;asian;international",
        "diet:halal": "yes",
        "diet:meat": "yes",
        "name": "Macboos Restaurant",
        "opening_hours": "Mo-Su 13:00-01:00",
        "phone": "+966544660904",
        "website": "http://macboos.rf.gd/"
      },
      "geometry": {
        "type": "Point",
        "coordinates": [
          46.6793722,
          24.6941861
        ]
      },
      "id": "node/10946380813"
    },
    {
      "type": "Feature",
      "properties": {
        "@id": "node/10949221033",
        "amenity": "cafe",
        "check_date": "2023-06-03",
        "name:ar": "دانكن",
        "name:en": "Dunkin"
      },
      "geometry": {
        "type": "Point",
        "coordinates": [
          46.673457,
          24.7615746
        ]
      },
      "id": "node/10949221033"
    },
    {
      "type": "Feature",
      "properties": {
        "@id": "node/10949221034",
        "amenity": "restaurant",
        "check_date": "2023-06-03",
        "cuisine": "pizza",
        "name:ar": "بابا جونز",
        "name:en": "papa johns"
      },
      "geometry": {
        "type": "Point",
        "coordinates": [
          46.6734283,
          24.7616257
        ]
      },
      "id": "node/10949221034"
    },
    {
      "type": "Feature",
      "properties": {
        "@id": "node/10949221035",
        "amenity": "fast_food",
        "check_date": "2023-06-03",
        "cuisine": "juice",
        "name:ar": "سيجنتشر",
        "name:en": "signature"
      },
      "geometry": {
        "type": "Point",
        "coordinates": [
          46.6733369,
          24.7616639
        ]
      },
      "id": "node/10949221035"
    },
    {
      "type": "Feature",
      "properties": {
        "@id": "node/10949221036",
        "amenity": "restaurant",
        "check_date": "2023-06-03",
        "cuisine": "pasta",
        "name:ar": "كازا باستا",
        "name:en": "caza pasta"
      },
      "geometry": {
        "type": "Point",
        "coordinates": [
          46.6730384,
          24.7615485
        ]
      },
      "id": "node/10949221036"
    },
    {
      "type": "Feature",
      "properties": {
        "@id": "node/10949221037",
        "amenity": "fast_food",
        "check_date": "2023-06-03",
        "cuisine": "burger",
        "name:ar": "ماكدونالدز"
      },
      "geometry": {
        "type": "Point",
        "coordinates": [
          46.6735066,
          24.7614425
        ]
      },
      "id": "node/10949221037"
    },
    {
      "type": "Feature",
      "properties": {
        "@id": "node/10949221038",
        "amenity": "restaurant",
        "check_date": "2023-06-03",
        "name": "chabo"
      },
      "geometry": {
        "type": "Point",
        "coordinates": [
          46.6732965,
          24.7616418
        ]
      },
      "id": "node/10949221038"
    },
    {
      "type": "Feature",
      "properties": {
        "@id": "node/10949221039",
        "amenity": "fast_food",
        "check_date": "2023-06-03",
        "cuisine": "chinese",
        "email": "info@canton-express.com",
        "name": "كانتون",
        "name:ar": "كانتون",
        "name:en": "Canton",
        "opening_hours": "Mo-Su 16:00-03:30",
        "phone": "+966 9200 00129",
        "website": "https://canton-express.com"
      },
      "geometry": {
        "type": "Point",
        "coordinates": [
          46.6732453,
          24.7616196
        ]
      },
      "id": "node/10949221039"
    },
    {
      "type": "Feature",
      "properties": {
        "@id": "node/10961541700",
        "amenity": "restaurant",
        "cuisine": "swiss;european;steak_house",
        "name": "Entrecôte Café de Paris",
        "phone": "+966920018998"
      },
      "geometry": {
        "type": "Point",
        "coordinates": [
          46.6338535,
          24.6904489
        ]
      },
      "id": "node/10961541700"
    },
    {
      "type": "Feature",
      "properties": {
        "@id": "node/11030946681",
        "addr:city": "RIYADH",
        "addr:housenumber": "7101",
        "addr:postcode": "13317",
        "addr:street": "أبي بكر الصديق",
        "amenity": "cafe",
        "cuisine": "coffee_shop;bakery",
        "internet_access": "yes",
        "internet_access:fee": "no",
        "name": "CENTURY CAFE",
        "opening_hours": "Mo-Sa 08:00-2:00",
        "outdoor_seating": "yes",
        "phone": "+966533331189"
      },
      "geometry": {
        "type": "Point",
        "coordinates": [
          46.6738422,
          24.8044397
        ]
      },
      "id": "node/11030946681"
    },
    {
      "type": "Feature",
      "properties": {
        "@id": "node/11057263223",
        "amenity": "restaurant",
        "check_date": "2023-07-20",
        "name:ar": "هاشم",
        "name:en": "Hashem"
      },
      "geometry": {
        "type": "Point",
        "coordinates": [
          46.6322209,
          24.7948041
        ]
      },
      "id": "node/11057263223"
    },
    {
      "type": "Feature",
      "properties": {
        "@id": "node/11057263224",
        "amenity": "restaurant",
        "check_date": "2023-07-20",
        "cuisine": "chicken",
        "name:ar": "بروستد أكشنها"
      },
      "geometry": {
        "type": "Point",
        "coordinates": [
          46.6321886,
          24.7947921
        ]
      },
      "id": "node/11057263224"
    },
    {
      "type": "Feature",
      "properties": {
        "@id": "node/11065545745",
        "amenity": "fast_food",
        "brand": "Hardee's",
        "brand:wikidata": "Q1585088",
        "cuisine": "burger",
        "name": "Hardee's",
        "takeaway": "yes"
      },
      "geometry": {
        "type": "Point",
        "coordinates": [
          46.684007,
          24.8357237
        ]
      },
      "id": "node/11065545745"
    },
    {
      "type": "Feature",
      "properties": {
        "@id": "node/11065545746",
        "amenity": "fast_food",
        "brand": "كرسبي كريم",
        "brand:ar": "كرسبي كريم",
        "brand:en": "Krispy Krem",
        "brand:wikidata": "Q1192805",
        "cuisine": "donut",
        "name": "كرسبي كريم",
        "name:ar": "كرسبي كريم",
        "name:en": "Krispy Krem",
        "takeaway": "yes"
      },
      "geometry": {
        "type": "Point",
        "coordinates": [
          46.6838059,
          24.8356601
        ]
      },
      "id": "node/11065545746"
    },
    {
      "type": "Feature",
      "properties": {
        "@id": "node/11111225105",
        "amenity": "restaurant",
        "name:en": "Dolan (Xin Jiang food)"
      },
      "geometry": {
        "type": "Point",
        "coordinates": [
          46.7013643,
          24.7900238
        ]
      },
      "id": "node/11111225105"
    },
    {
      "type": "Feature",
      "properties": {
        "@id": "node/11112424015",
        "amenity": "restaurant",
        "check_date": "2023-08-13",
        "name:ar": "فوال"
      },
      "geometry": {
        "type": "Point",
        "coordinates": [
          46.6663059,
          24.7987557
        ]
      },
      "id": "node/11112424015"
    },
    {
      "type": "Feature",
      "properties": {
        "@id": "node/11135774750",
        "addr:city": "riyadh",
        "addr:housenumber": "113317",
        "addr:street": "عثمان بن عفان",
        "amenity": "restaurant",
        "cuisine": "american",
        "diet:chicken": "yes",
        "diet:halal": "yes",
        "diet:meat": "yes",
        "name": "bof - بوف",
        "opening_hours": "Mo-Su 17:00-1:00",
        "phone": "+966536707039",
        "website": "https://www.bofksa.com/"
      },
      "geometry": {
        "type": "Point",
        "coordinates": [
          46.722583,
          24.7501152
        ]
      },
      "id": "node/11135774750"
    },
    {
      "type": "Feature",
      "properties": {
        "@id": "node/11219740989",
        "addr:city": "Riyadh",
        "addr:district": "Al Wadi",
        "addr:postcode": "11564",
        "addr:street": "Uthman Ibn Affan Rd",
        "air_conditioning": "yes",
        "amenity": "restaurant",
        "brewery": "no",
        "cuisine": "shawarma",
        "currency:SAR": "yes",
        "delivery": "no",
        "diet:halal": "yes",
        "internet_access": "no",
        "name": "Usta Asim",
        "opening_hours": "13:00 - 2:30",
        "outdoor_seating": "no",
        "payment:cards": "yes",
        "payment:cash": "yes",
        "payment:contactless": "yes",
        "payment:credit_cards": "yes",
        "payment:debit_cards": "yes",
        "payment:mada": "yes",
        "payment:mastercard": "yes",
        "payment:visa": "yes",
        "phone": "+966 55 326 0491",
        "website": "https://ustaasim.com"
      },
      "geometry": {
        "type": "Point",
        "coordinates": [
          46.6983377,
          24.795466
        ]
      },
      "id": "node/11219740989"
    },
    {
      "type": "Feature",
      "properties": {
        "@id": "node/11329082961",
        "addr:city": "الرياض",
        "addr:housenumber": "6157",
        "addr:postcode": "13323",
        "addr:street": "طريق أبي بكر الصديق",
        "air_conditioning": "yes",
        "amenity": "cafe",
        "cuisine": "coffee_shop",
        "internet_access": "yes",
        "internet_access:fee": "customers",
        "internet_access:ssid": "Repository Guest",
        "name": "Repository Coffee Roasters",
        "name:ar": "محمصة ريبوستري",
        "outdoor_seating": "no",
        "phone": "+966 53 772 2221",
        "website": "https://repository.sa/"
      },
      "geometry": {
        "type": "Point",
        "coordinates": [
          46.670064,
          24.8110205
        ]
      },
      "id": "node/11329082961"
    },
    {
      "type": "Feature",
      "properties": {
        "@id": "node/11330877669",
        "addr:street": "4823 King Abdulaziz Rd, Ar Rabi",
        "amenity": "restaurant",
        "diet:vegan": "yes",
        "level": "1",
        "name:en": "Terra's Table تيرا تيبل"
      },
      "geometry": {
        "type": "Point",
        "coordinates": [
          46.6582212,
          24.7861622
        ]
      },
      "id": "node/11330877669"
    },
    {
      "type": "Feature",
      "properties": {
        "@id": "node/11385783351",
        "amenity": "fast_food",
        "brand": "كودو",
        "brand:ar": "كودو",
        "brand:en": "Kudu",
        "brand:wikidata": "Q6441777",
        "cuisine": "sandwich",
        "drive_through": "no",
        "image": "https://ia601204.us.archive.org/16/items/img-20231130-160820-884/IMG_20231130_160820_356.jpg",
        "image:thumb": "https://ia601204.us.archive.org/16/items/img-20231130-160820-884/IMG_20231130_160820_356_thumb.jpg",
        "name": "كودو",
        "name:ar": "كودو",
        "name:en": "Kudu",
        "phone": "+966920006999",
        "takeaway": "yes",
        "website": "https://www.kudu.com.sa"
      },
      "geometry": {
        "type": "Point",
        "coordinates": [
          46.6552025,
          24.8236273
        ]
      },
      "id": "node/11385783351"
    },
    {
      "type": "Feature",
      "properties": {
        "@id": "node/11385783352",
        "amenity": "fast_food",
        "cuisine": "juice",
        "drive_through": "no",
        "image": "https://ia801204.us.archive.org/16/items/img-20231130-160820-884/IMG_20231130_160820_813.jpg",
        "image:thumb": "https://ia801204.us.archive.org/16/items/img-20231130-160820-884/IMG_20231130_160820_813_thumb.jpg",
        "name": "عصير كيفان",
        "name:en": "Kaifan Juice"
      },
      "geometry": {
        "type": "Point",
        "coordinates": [
          46.6552443,
          24.8235373
        ]
      },
      "id": "node/11385783352"
    },
    {
      "type": "Feature",
      "properties": {
        "@id": "node/11385783356",
        "amenity": "fast_food",
        "cuisine": "pizza",
        "image": "https://ia801204.us.archive.org/16/items/img-20231130-160820-884/IMG_20231130_160820_566.jpg",
        "image:thumb": "https://ia801204.us.archive.org/16/items/img-20231130-160820-884/IMG_20231130_160820_566_thumb.jpg",
        "name": "دومينوز",
        "name:en": "Domino's",
        "phone": "+966920006648",
        "website": "https://www.dominos.sa",
        "website:menu": "https://www.dominos.sa/en/pages/order/menu"
      },
      "geometry": {
        "type": "Point",
        "coordinates": [
          46.6555052,
          24.8233595
        ]
      },
      "id": "node/11385783356"
    },
    {
      "type": "Feature",
      "properties": {
        "@id": "node/11385783359",
        "amenity": "restaurant",
        "cuisine": "pizza",
        "image": "https://archive.org/download/img-20231130-160820-884/IMG_20231130_160821_586.jpg",
        "image:thumb": "https://archive.org/download/img-20231130-160820-884/IMG_20231130_160821_586_thumb.jpg",
        "name": "مايسترو بيتزا",
        "name:en": "Maestro Pizza",
        "website": "https://maestropizza.com",
        "website:menu": "https://maestropizza.com/menu"
      },
      "geometry": {
        "type": "Point",
        "coordinates": [
          46.6556942,
          24.8234401
        ]
      },
      "id": "node/11385783359"
    },
    {
      "type": "Feature",
      "properties": {
        "@id": "node/11385783363",
        "amenity": "restaurant",
        "cuisine": "asian",
        "image": "https://archive.org/download/img-20231130-160820-884/IMG_20231130_160821_629.jpg",
        "image:thumb": "https://archive.org/download/img-20231130-160820-884/IMG_20231130_160821_629_thumb.jpg",
        "name": "ووك كونج",
        "name:en": "WokKong"
      },
      "geometry": {
        "type": "Point",
        "coordinates": [
          46.6559329,
          24.8235439
        ]
      },
      "id": "node/11385783363"
    },
    {
      "type": "Feature",
      "properties": {
        "@id": "node/11385783364",
        "amenity": "fast_food",
        "cuisine": "burger",
        "image": "https://ia801204.us.archive.org/16/items/img-20231130-160820-884/IMG_20231130_160821_096.jpg",
        "image:thumb": "https://ia801204.us.archive.org/16/items/img-20231130-160820-884/IMG_20231130_160821_096_thumb.jpg",
        "name": "برجري",
        "name:en": "Burgery"
      },
      "geometry": {
        "type": "Point",
        "coordinates": [
          46.6559817,
          24.8235673
        ]
      },
      "id": "node/11385783364"
    },
    {
      "type": "Feature",
      "properties": {
        "@id": "node/11385783365",
        "amenity": "fast_food",
        "brand": "دانكن",
        "brand:ar": "دانكن",
        "brand:en": "Dunkin'",
        "brand:wikidata": "Q847743",
        "cuisine": "donut;coffee_shop",
        "image": "https://ia801204.us.archive.org/16/items/img-20231130-160820-884/IMG_20231130_160821_326.jpg",
        "image:thumb": "https://ia801204.us.archive.org/16/items/img-20231130-160820-884/IMG_20231130_160821_326_thumb.jpg",
        "name": "دانكن",
        "name:ar": "دانكن",
        "name:en": "Dunkin'",
        "smoking": "isolated",
        "takeaway": "yes"
      },
      "geometry": {
        "type": "Point",
        "coordinates": [
          46.6560447,
          24.8236352
        ]
      },
      "id": "node/11385783365"
    },
    {
      "type": "Feature",
      "properties": {
        "@id": "node/11387824385",
        "amenity": "fast_food",
        "email": "ulb@3bees.sa",
        "name": "Ulb",
        "opening_hours": "Mo-We,Sa-Su 12:00-01:00; Th 12:00-02:00, Fr 13:00-02:00",
        "phone": "+966 50 681 2579;+966 53 050 2053",
        "website": "https://order.ulb.sa/menu"
      },
      "geometry": {
        "type": "Point",
        "coordinates": [
          46.800052,
          24.6854463
        ]
      },
      "id": "node/11387824385"
    },
    {
      "type": "Feature",
      "properties": {
        "@id": "node/11387824386",
        "amenity": "fast_food",
        "email": "tiko@3bees.sa",
        "name": "Tiko",
        "opening_hours": "Mo-Su 12:00-01:00",
        "phone": "+966 53 205 0085;+966 53 721 0833",
        "website": "https://order.tiko.sa/menu"
      },
      "geometry": {
        "type": "Point",
        "coordinates": [
          46.6214222,
          24.7439764
        ]
      },
      "id": "node/11387824386"
    },
    {
      "type": "Feature",
      "properties": {
        "@id": "node/11387824387",
        "amenity": "fast_food",
        "email": "tiko@3bees.sa",
        "name": "Tiko",
        "opening_hours": "Fr 13:00-00:30; Mo-Th,Sa-Su 12:30-00:30",
        "phone": "+966 50 893 6477;+966 53 721 0833",
        "website": "https://order.tiko.sa/menu"
      },
      "geometry": {
        "type": "Point",
        "coordinates": [
          46.7576301,
          24.8447594
        ]
      },
      "id": "node/11387824387"
    },
    {
      "type": "Feature",
      "properties": {
        "@id": "node/11387824389",
        "amenity": "fast_food",
        "email": "tiko@3bees.sa",
        "name": "Tiko",
        "opening_hours": "Mo-We,Sa-Su 12:00-01:00; Th 12:00-02:00, Fr 13:00-02:00",
        "phone": "+966 53 721 0833",
        "website": "https://order.tiko.sa/menu"
      },
      "geometry": {
        "type": "Point",
        "coordinates": [
          46.780284,
          24.7967035
        ]
      },
      "id": "node/11387824389"
    },
    {
      "type": "Feature",
      "properties": {
        "@id": "node/11387824390",
        "amenity": "fast_food",
        "email": "tiko@3bees.sa",
        "name": "Tiko",
        "opening_hours": "Mo-We,Sa-Su 12:00-01:00; Th 12:00-02:00, Fr 13:00-02:00",
        "phone": "+966 53 721 0833",
        "website": "https://order.tiko.sa/menu"
      },
      "geometry": {
        "type": "Point",
        "coordinates": [
          46.7606341,
          24.7386172
        ]
      },
      "id": "node/11387824390"
    },
    {
      "type": "Feature",
      "properties": {
        "@id": "node/11387824391",
        "amenity": "fast_food",
        "email": "tiko@3bees.sa",
        "name": "Tiko",
        "opening_hours": "Mo-Su 12:00-04:00",
        "phone": "+966 53 500 2899;+966 53 721 0833",
        "website": "https://order.tiko.sa/menu"
      },
      "geometry": {
        "type": "Point",
        "coordinates": [
          46.6563875,
          24.5689184
        ]
      },
      "id": "node/11387824391"
    },
    {
      "type": "Feature",
      "properties": {
        "@id": "node/11387824392",
        "amenity": "fast_food",
        "email": "ulb@3bees.sa",
        "name": "Ulb",
        "opening_hours": "Mo-Su 12:00-01:00",
        "phone": "+966 50 681 2579;+966 53 205 0085",
        "website": "https://order.ulb.sa/menu"
      },
      "geometry": {
        "type": "Point",
        "coordinates": [
          46.6206874,
          24.7444149
        ]
      },
      "id": "node/11387824392"
    },
    {
      "type": "Feature",
      "properties": {
        "@id": "node/11387824393",
        "amenity": "fast_food",
        "email": "tiko@3bees.sa",
        "name": "Tiko",
        "opening_hours": "24/7",
        "phone": "+966 53 106 8387;+966 53 721 0833",
        "website": "https://order.tiko.sa/menu"
      },
      "geometry": {
        "type": "Point",
        "coordinates": [
          46.6485286,
          24.8016024
        ]
      },
      "id": "node/11387824393"
    },
    {
      "type": "Feature",
      "properties": {
        "@id": "node/11387824395",
        "amenity": "fast_food",
        "email": "ulb@3bees.sa",
        "name": "Ulb",
        "opening_hours": "Mo-We,Sa-Su 12:00-01:00; Th 12:00-02:00, Fr 13:00-02:00",
        "phone": "+966 50 681 2579;+966 50 901 2944",
        "website": "https://order.ulb.sa/menu"
      },
      "geometry": {
        "type": "Point",
        "coordinates": [
          46.5992403,
          24.8308217
        ]
      },
      "id": "node/11387824395"
    },
    {
      "type": "Feature",
      "properties": {
        "@id": "node/11387824396",
        "amenity": "fast_food",
        "email": "ulb@3bees.sa",
        "name": "Ulb",
        "opening_hours": "Mo-Su 12:00-00:00",
        "phone": "+966 50 681 2579;+966 50 894 3632",
        "website": "https://order.ulb.sa/menu"
      },
      "geometry": {
        "type": "Point",
        "coordinates": [
          46.6865194,
          24.7063451
        ]
      },
      "id": "node/11387824396"
    },
    {
      "type": "Feature",
      "properties": {
        "@id": "node/11387824398",
        "amenity": "fast_food",
        "email": "ulb@3bees.sa",
        "name": "Ulb",
        "opening_hours": "Mo-We,Sa-Su 12:00-01:00; Th 12:00-02:00, Fr 13:00-02:00",
        "phone": "+966 50 681 2579;+966 50 982 6481",
        "website": "https://order.ulb.sa/menu"
      },
      "geometry": {
        "type": "Point",
        "coordinates": [
          46.8032116,
          24.7685186
        ]
      },
      "id": "node/11387824398"
    },
    {
      "type": "Feature",
      "properties": {
        "@id": "node/11387824399",
        "amenity": "fast_food",
        "email": "ulb@3bees.sa",
        "name": "Ulb",
        "opening_hours": "Mo-We,Sa-Su 12:00-01:00; Th 12:00-02:00, Fr 13:00-02:00",
        "phone": "+966 50 681 2579;+966 50 951 4113",
        "website": "https://order.ulb.sa/menu"
      },
      "geometry": {
        "type": "Point",
        "coordinates": [
          46.7269265,
          24.661715
        ]
      },
      "id": "node/11387824399"
    },
    {
      "type": "Feature",
      "properties": {
        "@id": "node/11387824400",
        "amenity": "fast_food",
        "email": "ulb@3bees.sa",
        "name": "Ulb",
        "opening_hours": "Mo-Su 12:00-04:00",
        "phone": "+966 50 681 2579;+966 53 500 2899",
        "website": "https://order.ulb.sa/menu"
      },
      "geometry": {
        "type": "Point",
        "coordinates": [
          46.6560442,
          24.5683427
        ]
      },
      "id": "node/11387824400"
    },
    {
      "type": "Feature",
      "properties": {
        "@id": "node/11387824401",
        "amenity": "fast_food",
        "email": "ulb@3bees.sa",
        "name": "Ulb",
        "opening_hours": "Mo-We,Sa-Su 12:00-01:00; Th 12:00-02:00, Fr 13:00-02:00",
        "phone": "+966 50 681 2579",
        "website": "https://order.ulb.sa/menu"
      },
      "geometry": {
        "type": "Point",
        "coordinates": [
          46.7608272,
          24.739616
        ]
      },
      "id": "node/11387824401"
    },
    {
      "type": "Feature",
      "properties": {
        "@id": "node/11387824402",
        "amenity": "fast_food",
        "email": "ulb@3bees.sa",
        "name": "Ulb",
        "opening_hours": "Mo-We,Sa-Su 12:00-01:00; Th 12:00-02:00, Fr 13:00-02:00",
        "phone": "+966 50 681 2579;+966 53 367 9502",
        "website": "https://order.ulb.sa/menu"
      },
      "geometry": {
        "type": "Point",
        "coordinates": [
          46.7793132,
          24.7962408
        ]
      },
      "id": "node/11387824402"
    },
    {
      "type": "Feature",
      "properties": {
        "@id": "node/11387824403",
        "amenity": "fast_food",
        "email": "ulb@3bees.sa",
        "name": "Ulb",
        "opening_hours": "Fr 13:00-02:00; Mo-Th,Sa-Su 12:00-02:00",
        "phone": "+966 50 681 2579;+966 50 942 5138",
        "website": "https://order.ulb.sa/menu"
      },
      "geometry": {
        "type": "Point",
        "coordinates": [
          46.5638942,
          24.6351882
        ]
      },
      "id": "node/11387824403"
    },
    {
      "type": "Feature",
      "properties": {
        "@id": "node/11387824404",
        "amenity": "fast_food",
        "email": "ulb@3bees.sa",
        "name": "Ulb",
        "opening_hours": "24/7",
        "phone": "+966 50 681 2579;+966 53 106 8387",
        "website": "https://order.ulb.sa/menu"
      },
      "geometry": {
        "type": "Point",
        "coordinates": [
          46.6489631,
          24.8008476
        ]
      },
      "id": "node/11387824404"
    },
    {
      "type": "Feature",
      "properties": {
        "@id": "node/11387824405",
        "amenity": "cafe",
        "email": "sors@3bees.sa",
        "name": "Sors",
        "opening_hours": "Mo-Su 12:00-00:00",
        "phone": "+966 50 894 3632;+966 55 104 7144",
        "website": "https://order.sors.sa/menu"
      },
      "geometry": {
        "type": "Point",
        "coordinates": [
          46.6871631,
          24.7057554
        ]
      },
      "id": "node/11387824405"
    },
    {
      "type": "Feature",
      "properties": {
        "@id": "node/11387824416",
        "amenity": "fast_food",
        "email": "chkn@3bees.sa",
        "name": "Chkn",
        "opening_hours": "Mo-We,Sa-Su 12:00-01:00; Th 12:00-02:00, Fr 13:00-02:00",
        "phone": "+966 55 093 8954;+966 55 106 6944",
        "website": "https://order.chkn.sa/menu"
      },
      "geometry": {
        "type": "Point",
        "coordinates": [
          46.6917497,
          24.5437123
        ]
      },
      "id": "node/11387824416"
    },
    {
      "type": "Feature",
      "properties": {
        "@id": "node/11387824417",
        "amenity": "fast_food",
        "email": "chkn@3bees.sa",
        "name": "Chkn",
        "opening_hours": "Mo-We,Sa-Su 12:00-01:00; Th 12:00-02:00, Fr 13:00-02:00",
        "phone": "+966 50 901 2944;+966 55 106 6944",
        "website": "https://order.chkn.sa/menu"
      },
      "geometry": {
        "type": "Point",
        "coordinates": [
          46.598822,
          24.8306415
        ]
      },
      "id": "node/11387824417"
    },
    {
      "type": "Feature",
      "properties": {
        "@id": "node/11387824418",
        "amenity": "fast_food",
        "email": "chkn@3bees.sa",
        "name": "Chkn",
        "opening_hours": "Mo-Su 11:30-01:00",
        "phone": "+966 55 106 6944",
        "website": "https://order.chkn.sa/menu"
      },
      "geometry": {
        "type": "Point",
        "coordinates": [
          46.61094,
          24.573075
        ]
      },
      "id": "node/11387824418"
    },
    {
      "type": "Feature",
      "properties": {
        "@id": "node/11387824419",
        "amenity": "fast_food",
        "email": "chkn@3bees.sa",
        "name": "Chkn",
        "opening_hours": "Mo-Su 12:00-00:00",
        "phone": "+966 50 894 3632;+966 55 106 6944",
        "website": "https://order.chkn.sa/menu"
      },
      "geometry": {
        "type": "Point",
        "coordinates": [
          46.6856344,
          24.7052437
        ]
      },
      "id": "node/11387824419"
    },
    {
      "type": "Feature",
      "properties": {
        "@id": "node/11387824420",
        "amenity": "fast_food",
        "email": "chkn@3bees.sa",
        "name": "Chkn",
        "opening_hours": "Mo-Su 12:00-01:00",
        "phone": "+966 55 106 6944",
        "website": "https://order.chkn.sa/menu"
      },
      "geometry": {
        "type": "Point",
        "coordinates": [
          46.6209984,
          24.7440982
        ]
      },
      "id": "node/11387824420"
    },
    {
      "type": "Feature",
      "properties": {
        "@id": "node/11387824421",
        "amenity": "fast_food",
        "email": "chkn@3bees.sa",
        "name": "Chkn",
        "opening_hours": "Mo-Su 12:00-24:00",
        "phone": "+966 53 503 4379;+966 55 106 6944",
        "website": "https://order.chkn.sa/menu"
      },
      "geometry": {
        "type": "Point",
        "coordinates": [
          46.7072939,
          24.7668817
        ]
      },
      "id": "node/11387824421"
    },
    {
      "type": "Feature",
      "properties": {
        "@id": "node/11387824422",
        "amenity": "fast_food",
        "email": "chkn@3bees.sa",
        "name": "Chkn",
        "opening_hours": "Mo-We,Sa-Su 12:00-01:00; Th 12:00-02:00, Fr 13:00-02:00",
        "phone": "+966 50 951 4113;+966 55 106 6944",
        "website": "https://order.chkn.sa/menu"
      },
      "geometry": {
        "type": "Point",
        "coordinates": [
          46.7269617,
          24.6606537
        ]
      },
      "id": "node/11387824422"
    },
    {
      "type": "Feature",
      "properties": {
        "@id": "node/11387824423",
        "amenity": "fast_food",
        "email": "chkn@3bees.sa",
        "name": "Chkn",
        "opening_hours": "Mo-Su 12:00-24:00",
        "phone": "+966 50 981 6408",
        "website": "https://order.chkn.sa/menu"
      },
      "geometry": {
        "type": "Point",
        "coordinates": [
          46.6546921,
          24.7937913
        ]
      },
      "id": "node/11387824423"
    },
    {
      "type": "Feature",
      "properties": {
        "@id": "node/11387824424",
        "amenity": "fast_food",
        "email": "chkn@3bees.sa",
        "name": "Chkn",
        "opening_hours": "Mo-Su 12:00-04:00",
        "phone": "+966 53 500 2899;+966 55 106 6944",
        "website": "https://order.chkn.sa/menu"
      },
      "geometry": {
        "type": "Point",
        "coordinates": [
          46.6568755,
          24.5682451
        ]
      },
      "id": "node/11387824424"
    },
    {
      "type": "Feature",
      "properties": {
        "@id": "node/11387824425",
        "amenity": "fast_food",
        "email": "chkn@3bees.sa",
        "name": "Chkn",
        "opening_hours": "Mo-We,Sa-Su 12:00-01:00; Th 12:00-02:00, Fr 13:00-02:00",
        "phone": "+966 55 106 6944",
        "website": "https://order.chkn.sa/menu"
      },
      "geometry": {
        "type": "Point",
        "coordinates": [
          46.7596526,
          24.7389047
        ]
      },
      "id": "node/11387824425"
    },
    {
      "type": "Feature",
      "properties": {
        "@id": "node/11387824426",
        "amenity": "fast_food",
        "email": "chkn@3bees.sa",
        "name": "Chkn",
        "opening_hours": "Mo-Su 11:00-01:00",
        "phone": "+966 50 942 5138;+966 55 106 6944",
        "website": "https://order.chkn.sa/menu"
      },
      "geometry": {
        "type": "Point",
        "coordinates": [
          46.5650473,
          24.6336278
        ]
      },
      "id": "node/11387824426"
    },
    {
      "type": "Feature",
      "properties": {
        "@id": "node/11387824427",
        "amenity": "fast_food",
        "email": "chkn@3bees.sa",
        "name": "Chkn",
        "opening_hours": "Mo-We,Sa-Su 12:00-01:00; Th 12:00-02:00, Fr 13:00-02:00",
        "phone": "+966 55 106 6944",
        "website": "https://order.chkn.sa/menu"
      },
      "geometry": {
        "type": "Point",
        "coordinates": [
          46.8011945,
          24.6855828
        ]
      },
      "id": "node/11387824427"
    },
    {
      "type": "Feature",
      "properties": {
        "@id": "node/11387824428",
        "amenity": "fast_food",
        "email": "chkn@3bees.sa",
        "name": "Chkn",
        "opening_hours": "Fr 13:00-00:30; Mo-Th,Sa-Su 12:30-00:30",
        "phone": "+966 50 893 6477;+966 55 106 6944",
        "website": "https://order.chkn.sa/menu"
      },
      "geometry": {
        "type": "Point",
        "coordinates": [
          46.7582844,
          24.8453094
        ]
      },
      "id": "node/11387824428"
    },
    {
      "type": "Feature",
      "properties": {
        "@id": "node/11387824431",
        "amenity": "fast_food",
        "email": "chkn@3bees.sa",
        "name": "Chkn",
        "opening_hours": "Mo-We,Sa-Su 12:00-01:00; Th 12:00-02:00, Fr 13:00-02:00",
        "phone": "+966 50 982 6481;+966 55 106 6944",
        "website": "https://order.chkn.sa/menu"
      },
      "geometry": {
        "type": "Point",
        "coordinates": [
          46.8032599,
          24.7642321
        ]
      },
      "id": "node/11387824431"
    },
    {
      "type": "Feature",
      "properties": {
        "@id": "node/11391978570",
        "amenity": "fast_food",
        "name": "سلطان دي لايت برجر",
        "name:en": "Sultan Delight Burger",
        "phone": "+966920002919",
        "website": "https://sultandb.com"
      },
      "geometry": {
        "type": "Point",
        "coordinates": [
          46.6442879,
          24.8201429
        ]
      },
      "id": "node/11391978570"
    },
    {
      "type": "Feature",
      "properties": {
        "@id": "node/11399873870",
        "amenity": "restaurant",
        "name:en": "Brunch & Cake"
      },
      "geometry": {
        "type": "Point",
        "coordinates": [
          46.5742184,
          24.7369608
        ]
      },
      "id": "node/11399873870"
    },
    {
      "type": "Feature",
      "properties": {
        "@id": "node/11488394069",
        "amenity": "restaurant",
        "name": "مذاق ورق عنب",
        "name:en": "The taste of grape leaves",
        "opening_hours": "Su-Sa 09:00-00:00"
      },
      "geometry": {
        "type": "Point",
        "coordinates": [
          46.6463252,
          24.7220806
        ]
      },
      "id": "node/11488394069"
    },
    {
      "type": "Feature",
      "properties": {
        "@id": "node/11492267951",
        "amenity": "cafe",
        "check_date": "2024-12-26",
        "cuisine": "coffee_shop",
        "name": "كوفي بتيل",
        "name:en": "Cafe Bateel"
      },
      "geometry": {
        "type": "Point",
        "coordinates": [
          46.5745274,
          24.7343251
        ]
      },
      "id": "node/11492267951"
    },
    {
      "type": "Feature",
      "properties": {
        "@id": "node/11595077612",
        "amenity": "fast_food",
        "brand": "دانكن",
        "brand:ar": "دانكن",
        "brand:en": "Dunkin'",
        "brand:wikidata": "Q847743",
        "cuisine": "donut;coffee_shop",
        "name": "دانكن دونتس",
        "name:en": "Dunkin",
        "takeaway": "yes"
      },
      "geometry": {
        "type": "Point",
        "coordinates": [
          46.7265979,
          24.7534435
        ]
      },
      "id": "node/11595077612"
    },
    {
      "type": "Feature",
      "properties": {
        "@id": "node/11653423555",
        "amenity": "cafe",
        "brand": "ستاربكس",
        "brand:ar": "ستاربكس",
        "brand:en": "Starbucks",
        "brand:wikidata": "Q37158",
        "cuisine": "coffee_shop",
        "name": "ستاربكس",
        "name:ar": "ستاربكس",
        "name:en": "Starbucks",
        "official_name": "ستاربكس كافية",
        "official_name:ar": "ستاربكس كافية",
        "official_name:en": "Starbucks Coffee",
        "takeaway": "yes"
      },
      "geometry": {
        "type": "Point",
        "coordinates": [
          46.7318325,
          24.838724
        ]
      },
      "id": "node/11653423555"
    },
    {
      "type": "Feature",
      "properties": {
        "@id": "node/11653423556",
        "amenity": "cafe",
        "brand": "تيم هورتونز",
        "brand:ar": "تيم هورتونز",
        "brand:en": "Tim Hortons",
        "brand:wikidata": "Q175106",
        "cuisine": "coffee_shop",
        "name": "تيم هورتونز",
        "name:ar": "تيم هورتونز",
        "name:en": "Tim Hortons",
        "takeaway": "yes"
      },
      "geometry": {
        "type": "Point",
        "coordinates": [
          46.7325597,
          24.8387541
        ]
      },
      "id": "node/11653423556"
    },
    {
      "type": "Feature",
      "properties": {
        "@id": "node/11653423561",
        "amenity": "restaurant",
        "name": "Bateel El'an"
      },
      "geometry": {
        "type": "Point",
        "coordinates": [
          46.7339669,
          24.8426989
        ]
      },
      "id": "node/11653423561"
    },
    {
      "type": "Feature",
      "properties": {
        "@id": "node/11653472696",
        "amenity": "fast_food",
        "cuisine": "juice",
        "name": "Dhahia Juice"
      },
      "geometry": {
        "type": "Point",
        "coordinates": [
          46.732541,
          24.8393628
        ]
      },
      "id": "node/11653472696"
    },
    {
      "type": "Feature",
      "properties": {
        "@id": "node/11653475811",
        "amenity": "cafe",
        "email": "enquiries@urthcaffe.sa",
        "instagram": "https://www.instagram.com/urthcaffesaudi",
        "name": "Urth Caffe",
        "name:ar": "إيرث كافيه",
        "opening_hours": "Mo-We,Sa-Su 07:00-01:00; Th-Fr 07:00-02:00",
        "phone": "+966 9200 07498",
        "website": "https://www.urthcaffe.sa/welcome/index"
      },
      "geometry": {
        "type": "Point",
        "coordinates": [
          46.7330479,
          24.841741
        ]
      },
      "id": "node/11653475811"
    },
    {
      "type": "Feature",
      "properties": {
        "@id": "node/11653475812",
        "amenity": "restaurant",
        "name": "One Million"
      },
      "geometry": {
        "type": "Point",
        "coordinates": [
          46.7331393,
          24.8417852
        ]
      },
      "id": "node/11653475812"
    },
    {
      "type": "Feature",
      "properties": {
        "@id": "node/11654990374",
        "amenity": "restaurant",
        "name": "Jalsa Nard Cafe"
      },
      "geometry": {
        "type": "Point",
        "coordinates": [
          46.602982,
          24.7639301
        ]
      },
      "id": "node/11654990374"
    },
    {
      "type": "Feature",
      "properties": {
        "@id": "node/11654990376",
        "amenity": "restaurant",
        "name": "Frankie"
      },
      "geometry": {
        "type": "Point",
        "coordinates": [
          46.6026813,
          24.7643375
        ]
      },
      "id": "node/11654990376"
    },
    {
      "type": "Feature",
      "properties": {
        "@id": "node/11654990378",
        "amenity": "restaurant",
        "name": "Sedre Tea"
      },
      "geometry": {
        "type": "Point",
        "coordinates": [
          46.6022867,
          24.7650959
        ]
      },
      "id": "node/11654990378"
    },
    {
      "type": "Feature",
      "properties": {
        "@id": "node/11654990379",
        "amenity": "restaurant",
        "name": "Public"
      },
      "geometry": {
        "type": "Point",
        "coordinates": [
          46.6022188,
          24.7653395
        ]
      },
      "id": "node/11654990379"
    },
    {
      "type": "Feature",
      "properties": {
        "@id": "node/11654990380",
        "amenity": "restaurant",
        "name": "Shashi"
      },
      "geometry": {
        "type": "Point",
        "coordinates": [
          46.6021353,
          24.7655812
        ]
      },
      "id": "node/11654990380"
    },
    {
      "type": "Feature",
      "properties": {
        "@id": "node/11654990382",
        "amenity": "restaurant",
        "name": "Kabana"
      },
      "geometry": {
        "type": "Point",
        "coordinates": [
          46.602094,
          24.7662527
        ]
      },
      "id": "node/11654990382"
    },
    {
      "type": "Feature",
      "properties": {
        "@id": "node/11654990385",
        "amenity": "restaurant",
        "name": "Buffalo Wings & Rings"
      },
      "geometry": {
        "type": "Point",
        "coordinates": [
          46.6029836,
          24.7668038
        ]
      },
      "id": "node/11654990385"
    },
    {
      "type": "Feature",
      "properties": {
        "@id": "node/11654990387",
        "amenity": "restaurant",
        "name": "Al Nakheel Boulevard"
      },
      "geometry": {
        "type": "Point",
        "coordinates": [
          46.6027322,
          24.7661852
        ]
      },
      "id": "node/11654990387"
    },
    {
      "type": "Feature",
      "properties": {
        "@id": "node/11654990389",
        "amenity": "restaurant",
        "name": "Phantom House"
      },
      "geometry": {
        "type": "Point",
        "coordinates": [
          46.6032259,
          24.7662835
        ]
      },
      "id": "node/11654990389"
    },
    {
      "type": "Feature",
      "properties": {
        "@id": "node/11654990391",
        "amenity": "restaurant",
        "name": "Houn Beirut"
      },
      "geometry": {
        "type": "Point",
        "coordinates": [
          46.6035582,
          24.7661453
        ]
      },
      "id": "node/11654990391"
    },
    {
      "type": "Feature",
      "properties": {
        "@id": "node/11654990400",
        "amenity": "restaurant",
        "name": "Al Harafish"
      },
      "geometry": {
        "type": "Point",
        "coordinates": [
          46.6042958,
          24.7659293
        ]
      },
      "id": "node/11654990400"
    },
    {
      "type": "Feature",
      "properties": {
        "@id": "node/11654990403",
        "amenity": "restaurant",
        "name": "Layali Adan"
      },
      "geometry": {
        "type": "Point",
        "coordinates": [
          46.6046666,
          24.7651957
        ]
      },
      "id": "node/11654990403"
    },
    {
      "type": "Feature",
      "properties": {
        "@id": "node/11654990412",
        "amenity": "restaurant",
        "name": "Petit Cafe"
      },
      "geometry": {
        "type": "Point",
        "coordinates": [
          46.6043862,
          24.7648524
        ]
      },
      "id": "node/11654990412"
    },
    {
      "type": "Feature",
      "properties": {
        "@id": "node/11654990413",
        "amenity": "restaurant",
        "name": "Karamna"
      },
      "geometry": {
        "type": "Point",
        "coordinates": [
          46.6043728,
          24.7645528
        ]
      },
      "id": "node/11654990413"
    },
    {
      "type": "Feature",
      "properties": {
        "@id": "node/11654990416",
        "amenity": "restaurant",
        "name": "Beirut Khanum"
      },
      "geometry": {
        "type": "Point",
        "coordinates": [
          46.6042936,
          24.764244
        ]
      },
      "id": "node/11654990416"
    },
    {
      "type": "Feature",
      "properties": {
        "@id": "node/11655025068",
        "amenity": "restaurant",
        "name": "Grand Cafe"
      },
      "geometry": {
        "type": "Point",
        "coordinates": [
          46.6038356,
          24.7659528
        ]
      },
      "id": "node/11655025068"
    },
    {
      "type": "Feature",
      "properties": {
        "@id": "node/11655051170",
        "amenity": "fast_food",
        "brand": "دانكن",
        "brand:ar": "دانكن",
        "brand:en": "Dunkin'",
        "brand:wikidata": "Q847743",
        "cuisine": "donut;coffee_shop",
        "name": "دانكن دونتس",
        "name:ar": "دانكن دونتس",
        "name:en": "Dunkin' Donuts",
        "takeaway": "yes"
      },
      "geometry": {
        "type": "Point",
        "coordinates": [
          46.6039054,
          24.7690442
        ]
      },
      "id": "node/11655051170"
    },
    {
      "type": "Feature",
      "properties": {
        "@id": "node/11655051171",
        "amenity": "fast_food",
        "fast_food": "cafeteria",
        "name": "Creme"
      },
      "geometry": {
        "type": "Point",
        "coordinates": [
          46.6039871,
          24.7690052
        ]
      },
      "id": "node/11655051171"
    },
    {
      "type": "Feature",
      "properties": {
        "@id": "node/11655051183",
        "amenity": "fast_food",
        "fast_food": "cafeteria",
        "name": "North"
      },
      "geometry": {
        "type": "Point",
        "coordinates": [
          46.6048893,
          24.769382
        ]
      },
      "id": "node/11655051183"
    },
    {
      "type": "Feature",
      "properties": {
        "@id": "node/11655051184",
        "amenity": "fast_food",
        "brand": "Shake Shack",
        "brand:wikidata": "Q1058722",
        "cuisine": "burger",
        "name": "Shake Shack",
        "takeaway": "yes"
      },
      "geometry": {
        "type": "Point",
        "coordinates": [
          46.6049349,
          24.7692937
        ]
      },
      "id": "node/11655051184"
    },
    {
      "type": "Feature",
      "properties": {
        "@id": "node/11655051210",
        "amenity": "restaurant",
        "brand": "Chuck E. Cheese",
        "brand:wikidata": "Q2438391",
        "cuisine": "pizza",
        "leisure": "amusement_arcade",
        "name": "Chuck E. Cheese"
      },
      "geometry": {
        "type": "Point",
        "coordinates": [
          46.60543,
          24.7685681
        ]
      },
      "id": "node/11655051210"
    },
    {
      "type": "Feature",
      "properties": {
        "@id": "node/11655051211",
        "amenity": "cafe",
        "instagram": "https://www.instagram.com/urthcaffesaudi",
        "name": "Urth Caffe",
        "name:ar": "إيرث كافيه",
        "opening_hours": "Mo-Su 16:00-01:00",
        "phone": "+966 9200 07498",
        "website": "https://www.urthcaffe.sa/welcome/index"
      },
      "geometry": {
        "type": "Point",
        "coordinates": [
          46.6053792,
          24.7683984
        ]
      },
      "id": "node/11655051211"
    },
    {
      "type": "Feature",
      "properties": {
        "@id": "node/11655051212",
        "amenity": "fast_food",
        "brand": "ماكدونالدز",
        "brand:ar": "ماكدونالدز",
        "brand:en": "McDonald's",
        "brand:wikidata": "Q38076",
        "cuisine": "burger",
        "name": "ماكدونالدز",
        "name:ar": "ماكدونالدز",
        "name:en": "McDonald's",
        "takeaway": "yes"
      },
      "geometry": {
        "type": "Point",
        "coordinates": [
          46.605287,
          24.7682489
        ]
      },
      "id": "node/11655051212"
    },
    {
      "type": "Feature",
      "properties": {
        "@id": "node/11655051216",
        "amenity": "fast_food",
        "brand": "Papa John's",
        "brand:wikidata": "Q2759586",
        "cuisine": "pizza",
        "name": "Papa John's",
        "takeaway": "yes"
      },
      "geometry": {
        "type": "Point",
        "coordinates": [
          46.6049306,
          24.768013
        ]
      },
      "id": "node/11655051216"
    },
    {
      "type": "Feature",
      "properties": {
        "@id": "node/11655051217",
        "amenity": "fast_food",
        "cuisine": "burger",
        "name": "Burger Passion"
      },
      "geometry": {
        "type": "Point",
        "coordinates": [
          46.6048215,
          24.7678679
        ]
      },
      "id": "node/11655051217"
    },
    {
      "type": "Feature",
      "properties": {
        "@id": "node/11655051232",
        "amenity": "restaurant",
        "name": "Caliente Lounge"
      },
      "geometry": {
        "type": "Point",
        "coordinates": [
          46.6049875,
          24.7677044
        ]
      },
      "id": "node/11655051232"
    },
    {
      "type": "Feature",
      "properties": {
        "@id": "node/11655051235",
        "amenity": "fast_food",
        "fast_food": "cafeteria",
        "name": "Bafarat"
      },
      "geometry": {
        "type": "Point",
        "coordinates": [
          46.6045968,
          24.7672468
        ]
      },
      "id": "node/11655051235"
    },
    {
      "type": "Feature",
      "properties": {
        "@id": "node/11655051237",
        "amenity": "fast_food",
        "fast_food": "cafeteria",
        "name": "Chubby Chip"
      },
      "geometry": {
        "type": "Point",
        "coordinates": [
          46.6047022,
          24.767138
        ]
      },
      "id": "node/11655051237"
    },
    {
      "type": "Feature",
      "properties": {
        "@id": "node/11655051238",
        "amenity": "fast_food",
        "fast_food": "cafeteria",
        "name": "Fat Sal'a"
      },
      "geometry": {
        "type": "Point",
        "coordinates": [
          46.6047662,
          24.7670436
        ]
      },
      "id": "node/11655051238"
    },
    {
      "type": "Feature",
      "properties": {
        "@id": "node/11655051239",
        "amenity": "fast_food",
        "cuisine": "sushi",
        "fast_food": "cafeteria",
        "name": "Masami Sushi"
      },
      "geometry": {
        "type": "Point",
        "coordinates": [
          46.6048026,
          24.7669223
        ]
      },
      "id": "node/11655051239"
    },
    {
      "type": "Feature",
      "properties": {
        "@id": "node/11655051246",
        "amenity": "fast_food",
        "fast_food": "cafeteria",
        "name": "EL&N London"
      },
      "geometry": {
        "type": "Point",
        "coordinates": [
          46.6047326,
          24.7665873
        ]
      },
      "id": "node/11655051246"
    },
    {
      "type": "Feature",
      "properties": {
        "@id": "node/11655051247",
        "amenity": "cafe",
        "brand": "ستاربكس",
        "brand:ar": "ستاربكس",
        "brand:en": "Starbucks",
        "brand:wikidata": "Q37158",
        "cuisine": "coffee_shop",
        "name": "ستاربكس",
        "name:ar": "ستاربكس",
        "name:en": "Starbucks",
        "official_name": "ستاربكس كافية",
        "official_name:ar": "ستاربكس كافية",
        "official_name:en": "Starbucks Coffee",
        "takeaway": "yes"
      },
      "geometry": {
        "type": "Point",
        "coordinates": [
          46.6046985,
          24.7665454
        ]
      },
      "id": "node/11655051247"
    },
    {
      "type": "Feature",
      "properties": {
        "@id": "node/11655051249",
        "amenity": "cafe",
        "name": "1/2 M"
      },
      "geometry": {
        "type": "Point",
        "coordinates": [
          46.6045374,
          24.7664237
        ]
      },
      "id": "node/11655051249"
    },
    {
      "type": "Feature",
      "properties": {
        "@id": "node/11655051250",
        "amenity": "fast_food",
        "brand": "دانكن",
        "brand:ar": "دانكن",
        "brand:en": "Dunkin'",
        "brand:wikidata": "Q847743",
        "cuisine": "donut;coffee_shop",
        "name": "دانكن دونتس",
        "name:ar": "دانكن دونتس",
        "name:en": "Dunkin' Donuts",
        "takeaway": "yes"
      },
      "geometry": {
        "type": "Point",
        "coordinates": [
          46.6044883,
          24.766405
        ]
      },
      "id": "node/11655051250"
    },
    {
      "type": "Feature",
      "properties": {
        "@id": "node/11655051269",
        "amenity": "restaurant",
        "name": "Kutlet"
      },
      "geometry": {
        "type": "Point",
        "coordinates": [
          46.603735,
          24.7669053
        ]
      },
      "id": "node/11655051269"
    },
    {
      "type": "Feature",
      "properties": {
        "@id": "node/11655051270",
        "amenity": "restaurant",
        "name": "Okai"
      },
      "geometry": {
        "type": "Point",
        "coordinates": [
          46.6037387,
          24.7667917
        ]
      },
      "id": "node/11655051270"
    },
    {
      "type": "Feature",
      "properties": {
        "@id": "node/11655051271",
        "amenity": "cafe",
        "name": "Cafe Rutti"
      },
      "geometry": {
        "type": "Point",
        "coordinates": [
          46.6038443,
          24.7665559
        ]
      },
      "id": "node/11655051271"
    },
    {
      "type": "Feature",
      "properties": {
        "@id": "node/11655051272",
        "amenity": "restaurant",
        "name": "Layali"
      },
      "geometry": {
        "type": "Point",
        "coordinates": [
          46.6037792,
          24.7666358
        ]
      },
      "id": "node/11655051272"
    },
    {
      "type": "Feature",
      "properties": {
        "@id": "node/11659275170",
        "amenity": "restaurant",
        "name": "Samad Liraqi"
      },
      "geometry": {
        "type": "Point",
        "coordinates": [
          46.6041422,
          24.7673012
        ]
      },
      "id": "node/11659275170"
    },
    {
      "type": "Feature",
      "properties": {
        "@id": "node/11659275171",
        "amenity": "cafe",
        "name": "The Coffeeholics"
      },
      "geometry": {
        "type": "Point",
        "coordinates": [
          46.6042208,
          24.7674529
        ]
      },
      "id": "node/11659275171"
    },
    {
      "type": "Feature",
      "properties": {
        "@id": "node/11659275298",
        "amenity": "restaurant",
        "name": "Al Hilal"
      },
      "geometry": {
        "type": "Point",
        "coordinates": [
          46.6046423,
          24.7701195
        ]
      },
      "id": "node/11659275298"
    },
    {
      "type": "Feature",
      "properties": {
        "@id": "node/11659275299",
        "amenity": "fast_food",
        "cuisine": "donut",
        "name": "Randy's Donuts"
      },
      "geometry": {
        "type": "Point",
        "coordinates": [
          46.6048778,
          24.7695001
        ]
      },
      "id": "node/11659275299"
    },
    {
      "type": "Feature",
      "properties": {
        "@id": "node/11659275347",
        "amenity": "restaurant",
        "name": "Powr"
      },
      "geometry": {
        "type": "Point",
        "coordinates": [
          46.6038739,
          24.7708578
        ]
      },
      "id": "node/11659275347"
    },
    {
      "type": "Feature",
      "properties": {
        "@id": "node/11659275372",
        "leisure": "sports_centre",
        "name": "Firstaiment",
        "sport": "shooting"
      },
      "geometry": {
        "type": "Point",
        "coordinates": [
          46.604618,
          24.7711812
        ]
      },
      "id": "node/11659275372"
    },
    {
      "type": "Feature",
      "properties": {
        "@id": "node/11670324764",
        "amenity": "cafe",
        "name": "The Coffee Address"
      },
      "geometry": {
        "type": "Point",
        "coordinates": [
          46.7353315,
          24.8344179
        ]
      },
      "id": "node/11670324764"
    },
    {
      "type": "Feature",
      "properties": {
        "@id": "node/11670324765",
        "amenity": "fast_food",
        "brand": "دانكن",
        "brand:ar": "دانكن",
        "brand:en": "Dunkin'",
        "brand:wikidata": "Q847743",
        "cuisine": "donut;coffee_shop",
        "drive_through": "yes",
        "name": "دانكن دونتس",
        "name:ar": "دانكن دونتس",
        "name:en": "Dunkin' Donuts",
        "takeaway": "yes"
      },
      "geometry": {
        "type": "Point",
        "coordinates": [
          46.7354588,
          24.8346375
        ]
      },
      "id": "node/11670324765"
    },
    {
      "type": "Feature",
      "properties": {
        "@id": "node/11670324775",
        "amenity": "restaurant",
        "name": "Barn's"
      },
      "geometry": {
        "type": "Point",
        "coordinates": [
          46.733426,
          24.8334509
        ]
      },
      "id": "node/11670324775"
    },
    {
      "type": "Feature",
      "properties": {
        "@id": "node/11670324776",
        "amenity": "fast_food",
        "cuisine": "juice",
        "drive_through": "yes",
        "name": "Ranosh"
      },
      "geometry": {
        "type": "Point",
        "coordinates": [
          46.733879,
          24.8336759
        ]
      },
      "id": "node/11670324776"
    },
    {
      "type": "Feature",
      "properties": {
        "@id": "node/11674351862",
        "amenity": "restaurant",
        "name": "Crepes Des Alpes"
      },
      "geometry": {
        "type": "Point",
        "coordinates": [
          46.6031682,
          24.7672828
        ]
      },
      "id": "node/11674351862"
    },
    {
      "type": "Feature",
      "properties": {
        "@id": "node/11676398493",
        "amenity": "restaurant",
        "name": "Blanca"
      },
      "geometry": {
        "type": "Point",
        "coordinates": [
          46.7341221,
          24.8425484
        ]
      },
      "id": "node/11676398493"
    },
    {
      "type": "Feature",
      "properties": {
        "@id": "node/11705103542",
        "amenity": "cafe",
        "diet:halal": "only",
        "name": "Half Million",
        "opening_hours": "24/7"
      },
      "geometry": {
        "type": "Point",
        "coordinates": [
          46.59222,
          24.8277388
        ]
      },
      "id": "node/11705103542"
    },
    {
      "type": "Feature",
      "properties": {
        "@id": "node/11760389494",
        "amenity": "cafe"
      },
      "geometry": {
        "type": "Point",
        "coordinates": [
          46.6561242,
          24.7422447
        ]
      },
      "id": "node/11760389494"
    },
    {
      "type": "Feature",
      "properties": {
        "@id": "node/11763611266",
        "amenity": "cafe",
        "name": "Kaman Lounge"
      },
      "geometry": {
        "type": "Point",
        "coordinates": [
          46.7325524,
          24.8318742
        ]
      },
      "id": "node/11763611266"
    },
    {
      "type": "Feature",
      "properties": {
        "@id": "node/11763620155",
        "amenity": "cafe",
        "name": "Vero | فيرو"
      },
      "geometry": {
        "type": "Point",
        "coordinates": [
          46.6472064,
          24.787034
        ]
      },
      "id": "node/11763620155"
    },
    {
      "type": "Feature",
      "properties": {
        "@id": "node/11782713536",
        "amenity": "fast_food",
        "email": "info@saldwich.com",
        "instagram": "https://www.instagram.com/saldwich",
        "name": "سالدوتش",
        "name:en": "Saldwich",
        "opening_hours": "Mo-Th,Su 08:00-16:00",
        "phone": "+966 9200 23030",
        "tiktok": "https://www.tiktok.com/@saldwich",
        "twitter": "https://twitter.com/Saldwich",
        "website": "https://www.saldwich.com"
      },
      "geometry": {
        "type": "Point",
        "coordinates": [
          46.6918516,
          24.7533837
        ]
      },
      "id": "node/11782713536"
    },
    {
      "type": "Feature",
      "properties": {
        "@id": "node/11782713538",
        "amenity": "fast_food",
        "email": "info@saldwich.com",
        "instagram": "https://www.instagram.com/saldwich",
        "name": "سالدوتش",
        "name:en": "Saldwich",
        "opening_hours": "Fr-Sa 12:00-02:00; Mo-Th,Su 09:00-02:00",
        "phone": "+966 9200 23030",
        "tiktok": "https://www.tiktok.com/@saldwich",
        "twitter": "https://twitter.com/Saldwich",
        "website": "https://www.saldwich.com"
      },
      "geometry": {
        "type": "Point",
        "coordinates": [
          46.7946768,
          24.6862115
        ]
      },
      "id": "node/11782713538"
    },
    {
      "type": "Feature",
      "properties": {
        "@id": "node/11782713539",
        "amenity": "fast_food",
        "email": "info@saldwich.com",
        "instagram": "https://www.instagram.com/saldwich",
        "name": "سالدوتش",
        "name:en": "Saldwich",
        "opening_hours": "Fr-Sa 12:00-02:00; Mo-Th,Su 09:00-02:00",
        "phone": "+966 9200 23030",
        "tiktok": "https://www.tiktok.com/@saldwich",
        "twitter": "https://twitter.com/Saldwich",
        "website": "https://www.saldwich.com"
      },
      "geometry": {
        "type": "Point",
        "coordinates": [
          46.7487574,
          24.8403976
        ]
      },
      "id": "node/11782713539"
    },
    {
      "type": "Feature",
      "properties": {
        "@id": "node/11782713540",
        "amenity": "fast_food",
        "email": "info@saldwich.com",
        "instagram": "https://www.instagram.com/saldwich",
        "name": "سالدوتش",
        "name:en": "Saldwich",
        "opening_hours": "Mo-Th,Su 09:00-17:00",
        "phone": "+966 9200 23030",
        "tiktok": "https://www.tiktok.com/@saldwich",
        "twitter": "https://twitter.com/Saldwich",
        "website": "https://www.saldwich.com"
      },
      "geometry": {
        "type": "Point",
        "coordinates": [
          46.735629,
          24.854461
        ]
      },
      "id": "node/11782713540"
    },
    {
      "type": "Feature",
      "properties": {
        "@id": "node/11782713541",
        "amenity": "fast_food",
        "email": "info@saldwich.com",
        "instagram": "https://www.instagram.com/saldwich",
        "name": "سالدوتش",
        "name:en": "Saldwich",
        "opening_hours": "Fr-Sa 12:00-02:00; Mo-Th,Su 09:00-02:00",
        "phone": "+966 9200 23030",
        "tiktok": "https://www.tiktok.com/@saldwich",
        "twitter": "https://twitter.com/Saldwich",
        "website": "https://www.saldwich.com"
      },
      "geometry": {
        "type": "Point",
        "coordinates": [
          46.7143285,
          24.7637937
        ]
      },
      "id": "node/11782713541"
    },
    {
      "type": "Feature",
      "properties": {
        "@id": "node/11782713542",
        "amenity": "fast_food",
        "email": "info@saldwich.com",
        "instagram": "https://www.instagram.com/saldwich",
        "name": "سالدوتش",
        "name:en": "Saldwich",
        "opening_hours": "Fr-Sa 12:00-02:00; Mo-Th,Su 09:00-02:00",
        "phone": "+966 9200 23030",
        "tiktok": "https://www.tiktok.com/@saldwich",
        "twitter": "https://twitter.com/Saldwich",
        "website": "https://www.saldwich.com"
      },
      "geometry": {
        "type": "Point",
        "coordinates": [
          46.703325,
          24.557602
        ]
      },
      "id": "node/11782713542"
    },
    {
      "type": "Feature",
      "properties": {
        "@id": "node/11782713543",
        "amenity": "fast_food",
        "email": "info@saldwich.com",
        "instagram": "https://www.instagram.com/saldwich",
        "name": "سالدوتش",
        "name:en": "Saldwich",
        "opening_hours": "Fr-Sa 12:00-02:00; Mo-Th,Su 09:00-02:00",
        "phone": "+966 9200 23030",
        "tiktok": "https://www.tiktok.com/@saldwich",
        "twitter": "https://twitter.com/Saldwich",
        "website": "https://saldwich.com"
      },
      "geometry": {
        "type": "Point",
        "coordinates": [
          46.6045833,
          24.8034675
        ]
      },
      "id": "node/11782713543"
    },
    {
      "type": "Feature",
      "properties": {
        "@id": "node/11782713544",
        "amenity": "fast_food",
        "email": "info@saldwich.com",
        "instagram": "https://www.instagram.com/saldwich",
        "name": "سالدوتش",
        "name:en": "Saldwich",
        "opening_hours": "Mo-Sa 00:00-24:00; Su 00:00-03:00,07:00-24:00",
        "phone": "+966 9200 23030",
        "tiktok": "https://www.tiktok.com/@saldwich",
        "twitter": "https://twitter.com/Saldwich",
        "website": "https://www.saldwich.com"
      },
      "geometry": {
        "type": "Point",
        "coordinates": [
          46.7669428,
          24.7057797
        ]
      },
      "id": "node/11782713544"
    },
    {
      "type": "Feature",
      "properties": {
        "@id": "node/11782713546",
        "amenity": "fast_food",
        "email": "info@saldwich.com",
        "instagram": "https://www.instagram.com/saldwich",
        "name": "سالدوتش",
        "name:en": "Saldwich",
        "opening_hours": "Mo-Sa 00:00-24:00; Su 00:00-03:00,07:00-24:00",
        "phone": "+966 9200 23030",
        "tiktok": "https://www.tiktok.com/@saldwich",
        "twitter": "https://twitter.com/Saldwich",
        "website": "https://www.saldwich.com"
      },
      "geometry": {
        "type": "Point",
        "coordinates": [
          46.683194,
          24.666506
        ]
      },
      "id": "node/11782713546"
    },
    {
      "type": "Feature",
      "properties": {
        "@id": "node/11782713547",
        "amenity": "fast_food",
        "email": "info@saldwich.com",
        "instagram": "https://www.instagram.com/saldwich",
        "name": "سالدوتش",
        "name:en": "Saldwich",
        "opening_hours": "Mo-Th,Su 09:00-17:00",
        "phone": "+966 11 453 7556",
        "tiktok": "https://www.tiktok.com/@saldwich",
        "twitter": "https://twitter.com/Saldwich",
        "website": "https://www.saldwich.com"
      },
      "geometry": {
        "type": "Point",
        "coordinates": [
          46.601172,
          24.78178
        ]
      },
      "id": "node/11782713547"
    },
    {
      "type": "Feature",
      "properties": {
        "@id": "node/11782713548",
        "amenity": "fast_food",
        "email": "info@saldwich.com",
        "instagram": "https://www.instagram.com/saldwich",
        "name": "سالدوتش",
        "name:en": "Saldwich",
        "opening_hours": "Mo-Th,Sa-Su 08:00-21:00",
        "phone": "+966 9200 23030",
        "tiktok": "https://www.tiktok.com/@saldwich",
        "twitter": "https://twitter.com/Saldwich",
        "website": "https://www.saldwich.com"
      },
      "geometry": {
        "type": "Point",
        "coordinates": [
          46.676858,
          24.7053119
        ]
      },
      "id": "node/11782713548"
    },
    {
      "type": "Feature",
      "properties": {
        "@id": "node/11782713549",
        "amenity": "fast_food",
        "email": "info@saldwich.com",
        "instagram": "https://www.instagram.com/saldwich",
        "name": "سالدوتش",
        "name:en": "Saldwich",
        "opening_hours": "Fr-Sa 12:00-02:00; Mo-Th,Su 09:00-02:00",
        "phone": "+966 9200 23030",
        "tiktok": "https://www.tiktok.com/@saldwich",
        "twitter": "https://twitter.com/Saldwich",
        "website": "https://www.saldwich.com"
      },
      "geometry": {
        "type": "Point",
        "coordinates": [
          46.7882341,
          24.7797699
        ]
      },
      "id": "node/11782713549"
    },
    {
      "type": "Feature",
      "properties": {
        "@id": "node/11782713550",
        "amenity": "fast_food",
        "email": "info@saldwich.com",
        "instagram": "https://www.instagram.com/saldwich",
        "name": "سالدوتش",
        "name:en": "Saldwich",
        "opening_hours": "Fr-Sa 12:00-02:00; Mo-Th,Su 09:00-02:00",
        "phone": "+966 9200 23030",
        "tiktok": "https://www.tiktok.com/@saldwich",
        "twitter": "https://twitter.com/Saldwich",
        "website": "https://www.saldwich.com"
      },
      "geometry": {
        "type": "Point",
        "coordinates": [
          46.646871,
          24.859007
        ]
      },
      "id": "node/11782713550"
    },
    {
      "type": "Feature",
      "properties": {
        "@id": "node/11782713551",
        "amenity": "fast_food",
        "email": "info@saldwich.com",
        "instagram": "https://www.instagram.com/saldwich",
        "name": "سالدوتش",
        "name:en": "Saldwich",
        "opening_hours": "Fr-Sa 12:00-02:00; Mo-Th,Su 09:00-02:00",
        "phone": "+966 9200 23030",
        "tiktok": "https://www.tiktok.com/@saldwich",
        "twitter": "https://twitter.com/Saldwich",
        "website": "https://saldwich.com"
      },
      "geometry": {
        "type": "Point",
        "coordinates": [
          46.5772676,
          24.7680169
        ]
      },
      "id": "node/11782713551"
    },
    {
      "type": "Feature",
      "properties": {
        "@id": "node/11782713552",
        "amenity": "fast_food",
        "email": "info@saldwich.com",
        "instagram": "https://www.instagram.com/saldwich",
        "name": "سالدوتش",
        "name:en": "Saldwich",
        "opening_hours": "Fr-Sa 12:00-02:00; Mo-Th,Su 09:00-02:00",
        "phone": "+966 9200 23030",
        "tiktok": "https://www.tiktok.com/@saldwich",
        "twitter": "https://twitter.com/Saldwich",
        "website": "https://www.saldwich.com"
      },
      "geometry": {
        "type": "Point",
        "coordinates": [
          46.7007083,
          24.6914219
        ]
      },
      "id": "node/11782713552"
    },
    {
      "type": "Feature",
      "properties": {
        "@id": "node/11782713553",
        "amenity": "fast_food",
        "email": "info@saldwich.com",
        "instagram": "https://www.instagram.com/saldwich",
        "name": "سالدوتش",
        "name:en": "Saldwich",
        "opening_hours": "Fr-Sa 12:00-02:00; Mo-Th,Su 09:00-02:00",
        "phone": "+966 9200 23030",
        "tiktok": "https://www.tiktok.com/@saldwich",
        "twitter": "https://twitter.com/Saldwich",
        "website": "https://www.saldwich.com"
      },
      "geometry": {
        "type": "Point",
        "coordinates": [
          46.7842323,
          24.7331749
        ]
      },
      "id": "node/11782713553"
    },
    {
      "type": "Feature",
      "properties": {
        "@id": "node/11782713554",
        "amenity": "fast_food",
        "email": "info@saldwich.com",
        "instagram": "https://www.instagram.com/saldwich",
        "name": "سالدوتش",
        "name:en": "Saldwich",
        "opening_hours": "Mo-Sa 00:00-24:00; Su 00:00-03:00,07:00-24:00",
        "phone": "+966 9200 23030",
        "tiktok": "https://www.tiktok.com/@saldwich",
        "twitter": "https://twitter.com/Saldwich",
        "website": "https://www.saldwich.com"
      },
      "geometry": {
        "type": "Point",
        "coordinates": [
          46.7560798,
          24.7449215
        ]
      },
      "id": "node/11782713554"
    },
    {
      "type": "Feature",
      "properties": {
        "@id": "node/11782713555",
        "amenity": "fast_food",
        "email": "info@saldwich.com",
        "instagram": "https://www.instagram.com/saldwich",
        "name": "سالدوتش",
        "name:en": "Saldwich",
        "opening_hours": "Mo-Th,Su 08:00-17:30",
        "phone": "+966 9200 23030",
        "tiktok": "https://www.tiktok.com/@saldwich",
        "twitter": "https://twitter.com/Saldwich",
        "website": "https://www.saldwich.com"
      },
      "geometry": {
        "type": "Point",
        "coordinates": [
          46.7295,
          24.662234
        ]
      },
      "id": "node/11782713555"
    },
    {
      "type": "Feature",
      "properties": {
        "@id": "node/11782713556",
        "amenity": "fast_food",
        "email": "info@saldwich.com",
        "instagram": "https://www.instagram.com/saldwich",
        "name": "سالدوتش",
        "name:en": "Saldwich",
        "opening_hours": "Fr-Sa 12:00-02:00; Mo-Th,Su 09:00-02:00",
        "phone": "+966 9200 23030",
        "tiktok": "https://www.tiktok.com/@saldwich",
        "twitter": "https://twitter.com/Saldwich",
        "website": "https://www.saldwich.com"
      },
      "geometry": {
        "type": "Point",
        "coordinates": [
          46.6721917,
          24.7631683
        ]
      },
      "id": "node/11782713556"
    },
    {
      "type": "Feature",
      "properties": {
        "@id": "node/11782718095",
        "amenity": "fast_food",
        "email": "ulb@3bees.sa",
        "name": "Ulb",
        "opening_hours": "Mo-We,Sa-Su 12:00-01:00; Th 12:00-02:00, Fr 13:00-02:00",
        "phone": "+966 50 681 2579;+966 55 093 8954",
        "website": "https://order.ulb.sa/menu"
      },
      "geometry": {
        "type": "Point",
        "coordinates": [
          46.6914332,
          24.5431804
        ]
      },
      "id": "node/11782718095"
    },
    {
      "type": "Feature",
      "properties": {
        "@id": "node/11782718096",
        "amenity": "fast_food",
        "email": "ulb@3bees.sa",
        "name": "Ulb",
        "opening_hours": "Mo-Su 12:00-01:00",
        "phone": "+966 50 681 2579;+966 53 503 4379",
        "website": "https://order.ulb.sa/menu"
      },
      "geometry": {
        "type": "Point",
        "coordinates": [
          46.7066941,
          24.7668209
        ]
      },
      "id": "node/11782718096"
    },
    {
      "type": "Feature",
      "properties": {
        "@id": "node/11782718097",
        "amenity": "fast_food",
        "email": "ulb@3bees.sa",
        "name": "Ulb",
        "opening_hours": "Fr 13:00-00:30; Mo-Th,Sa-Su 12:30-00:30",
        "phone": "+966 50 681 2579;+966 50 893 6477",
        "website": "https://order.ulb.sa/menu"
      },
      "geometry": {
        "type": "Point",
        "coordinates": [
          46.7571205,
          24.8445257
        ]
      },
      "id": "node/11782718097"
    },
    {
      "type": "Feature",
      "properties": {
        "@id": "node/11782718107",
        "amenity": "fast_food",
        "email": "chkn@3bees.sa",
        "name": "Chkn",
        "opening_hours": "Mo-We,Sa-Su 12:00-01:00; Th 12:00-02:00, Fr 13:00-02:00",
        "phone": "+966 53 367 9502;+966 55 106 6944",
        "website": "https://order.chkn.sa/menu"
      },
      "geometry": {
        "type": "Point",
        "coordinates": [
          46.7802303,
          24.7967863
        ]
      },
      "id": "node/11782718107"
    },
    {
      "type": "Feature",
      "properties": {
        "@id": "node/11782718108",
        "amenity": "fast_food",
        "email": "chkn@3bees.sa",
        "name": "Chkn",
        "opening_hours": "Mo-We,Sa-Su 12:00-01:00; Th 12:00-02:00, Fr 13:00-02:00",
        "phone": "+966 53 028 5042;+966 55 106 6944",
        "website": "https://order.chkn.sa/menu"
      },
      "geometry": {
        "type": "Point",
        "coordinates": [
          46.6725209,
          24.7429582
        ]
      },
      "id": "node/11782718108"
    },
    {
      "type": "Feature",
      "properties": {
        "@id": "node/11807575538",
        "amenity": "restaurant",
        "name": "بيتزا سوبر غذاء",
        "name:ar": "بيتزا سوبر غذاء",
        "name:en": "Super Food Pizza"
      },
      "geometry": {
        "type": "Point",
        "coordinates": [
          46.7781677,
          24.8273582
        ]
      },
      "id": "node/11807575538"
    },
    {
      "type": "Feature",
      "properties": {
        "@id": "node/11808123769",
        "amenity": "restaurant",
        "name:en": "YunLai"
      },
      "geometry": {
        "type": "Point",
        "coordinates": [
          46.6698149,
          24.7150349
        ]
      },
      "id": "node/11808123769"
    },
    {
      "type": "Feature",
      "properties": {
        "@id": "node/11809698373",
        "amenity": "cafe",
        "name": "Dose Cafe"
      },
      "geometry": {
        "type": "Point",
        "coordinates": [
          46.7323744,
          24.8401038
        ]
      },
      "id": "node/11809698373"
    },
    {
      "type": "Feature",
      "properties": {
        "@id": "node/11816661277",
        "amenity": "fast_food",
        "brand": "دانكن",
        "brand:ar": "دانكن",
        "brand:en": "Dunkin'",
        "brand:wikidata": "Q847743",
        "check_date": "2024-05-31",
        "cuisine": "donut;coffee_shop",
        "drive_through": "no",
        "internet_access": "no",
        "name": "دانكن دونتس",
        "name:ar": "دانكن دونتس",
        "name:en": "Dunkin' Donuts",
        "takeaway": "yes"
      },
      "geometry": {
        "type": "Point",
        "coordinates": [
          46.5703625,
          24.747532
        ]
      },
      "id": "node/11816661277"
    },
    {
      "type": "Feature",
      "properties": {
        "@id": "node/11836570669",
        "amenity": "cafe",
        "name:en": "COFLEUR"
      },
      "geometry": {
        "type": "Point",
        "coordinates": [
          46.6741674,
          24.8043075
        ]
      },
      "id": "node/11836570669"
    },
    {
      "type": "Feature",
      "properties": {
        "@id": "node/11851224713",
        "amenity": "fast_food",
        "brand": "دانكن",
        "brand:ar": "دانكن",
        "brand:en": "Dunkin'",
        "brand:wikidata": "Q847743",
        "cuisine": "donut;coffee_shop",
        "name": "دانكن دونتس",
        "name:ar": "دانكن دونتس",
        "name:en": "Dunkin' Donuts",
        "takeaway": "yes"
      },
      "geometry": {
        "type": "Point",
        "coordinates": [
          46.6862018,
          24.8177774
        ]
      },
      "id": "node/11851224713"
    },
    {
      "type": "Feature",
      "properties": {
        "@id": "node/11851224714",
        "amenity": "fast_food",
        "brand": "دانكن",
        "brand:ar": "دانكن",
        "brand:en": "Dunkin'",
        "brand:wikidata": "Q847743",
        "cuisine": "donut;coffee_shop",
        "name": "دانكن دونتس",
        "name:ar": "دانكن دونتس",
        "name:en": "Dunkin' Donuts",
        "takeaway": "yes"
      },
      "geometry": {
        "type": "Point",
        "coordinates": [
          46.6866878,
          24.8185961
        ]
      },
      "id": "node/11851224714"
    },
    {
      "type": "Feature",
      "properties": {
        "@id": "node/11871306639",
        "alt_name": "Ḩadīqat Dawwār al Kuwayt",
        "alt_name:ar": "حديقة دوّار الكويت",
        "leisure": "park",
        "name": "حديقة دوار الكويت",
        "name:ar": "حديقة دوار الكويت",
        "name:en": "HadiqatDawwaralKuwayt",
        "source": "GNS"
      },
      "geometry": {
        "type": "Point",
        "coordinates": [
          46.72823,
          24.666211
        ]
      },
      "id": "node/11871306639"
    },
    {
      "type": "Feature",
      "properties": {
        "@id": "node/11886829443",
        "amenity": "fast_food",
        "email": "info@saldwich.com",
        "instagram": "https://www.instagram.com/saldwich",
        "name": "سالدوتش",
        "name:en": "Saldwich",
        "opening_hours": "Fr-Sa 12:00-02:00; Mo-Th,Su 09:00-02:00",
        "phone": "+966 9200 23030",
        "tiktok": "https://www.tiktok.com/@saldwich",
        "twitter": "https://twitter.com/Saldwich",
        "website": "https://saldwich.com"
      },
      "geometry": {
        "type": "Point",
        "coordinates": [
          46.755774,
          24.8060629
        ]
      },
      "id": "node/11886829443"
    },
    {
      "type": "Feature",
      "properties": {
        "@id": "node/11886829444",
        "amenity": "fast_food",
        "email": "info@saldwich.com",
        "instagram": "https://www.instagram.com/saldwich",
        "name": "سالدوتش",
        "name:en": "Saldwich",
        "opening_hours": "Mo-Sa 00:00-24:00; Su 00:00-03:00,07:00-24:00",
        "phone": "+966 9200 23030",
        "tiktok": "https://www.tiktok.com/@saldwich",
        "twitter": "https://twitter.com/Saldwich",
        "website": "https://www.saldwich.com"
      },
      "geometry": {
        "type": "Point",
        "coordinates": [
          46.6253006,
          24.5663521
        ]
      },
      "id": "node/11886829444"
    },
    {
      "type": "Feature",
      "properties": {
        "@id": "node/11886829446",
        "amenity": "fast_food",
        "email": "info@saldwich.com",
        "instagram": "https://www.instagram.com/saldwich",
        "name": "سالدوتش",
        "name:en": "Saldwich",
        "opening_hours": "Fr-Sa 12:00-02:00; Mo-Th,Su 09:00-02:00",
        "phone": "+966 9200 23030",
        "tiktok": "https://www.tiktok.com/@saldwich",
        "twitter": "https://twitter.com/Saldwich",
        "website": "https://www.saldwich.com"
      },
      "geometry": {
        "type": "Point",
        "coordinates": [
          46.7290325,
          24.6630084
        ]
      },
      "id": "node/11886829446"
    },
    {
      "type": "Feature",
      "properties": {
        "@id": "node/11890717030",
        "addr:city": "الرياض",
        "addr:postcode": "12381",
        "addr:street": "الإمام سعود بن عبدالعزيز بن محمد",
        "amenity": "restaurant",
        "cuisine": "lebanese",
        "name": "Be Karam بي كرم",
        "phone": "+966547006777",
        "website": "https://linktr.ee/bekaramofficial"
      },
      "geometry": {
        "type": "Point",
        "coordinates": [
          46.6463797,
          24.7413004
        ]
      },
      "id": "node/11890717030"
    },
    {
      "type": "Feature",
      "properties": {
        "@id": "node/11895957048",
        "addr:city": "Riyadh",
        "addr:housenumber": "3523",
        "addr:postcode": "13215",
        "addr:street": "Abi Saeed Al Khadri",
        "air_conditioning": "yes",
        "amenity": "cafe",
        "brand": "vendorcoffee",
        "capacity": "50",
        "cuisine": "coffee_shop;sandwich;pancake;donut;dessert",
        "delivery": "yes",
        "internet_access": "yes",
        "internet_access:fee": "no",
        "name": "Vendor Coffee - مقهى فيندور",
        "opening_hours": "Fr-Su 06:00-02:00",
        "outdoor_seating": "yes",
        "payment:app": "yes",
        "payment:cards": "yes",
        "payment:cash": "yes",
        "payment:credit_cards": "yes",
        "payment:debit_cards": "yes",
        "payment:mastercard": "yes",
        "payment:visa": "yes",
        "phone": "057 013 1508",
        "ref:vatin": "300386182100003",
        "smoking": "outside",
        "takeaway": "yes",
        "toilets": "yes",
        "website": "https://vendorcoffee.cafe/",
        "website:menu": "https://qr.me-qr.com/F5UQuA0W"
      },
      "geometry": {
        "type": "Point",
        "coordinates": [
          46.7718623,
          24.7558162
        ]
      },
      "id": "node/11895957048"
    },
    {
      "type": "Feature",
      "properties": {
        "@id": "node/11909647224",
        "amenity": "fast_food",
        "email": "Bukhari.alhara@3bees.sa",
        "name": "Bukhara Alhara",
        "opening_hours": "Mo-Su 11:00-02:00",
        "phone": "+966 53 503 4379",
        "website": "https://bukharihara.tryorder.net/menu"
      },
      "geometry": {
        "type": "Point",
        "coordinates": [
          46.707419,
          24.7670622
        ]
      },
      "id": "node/11909647224"
    },
    {
      "type": "Feature",
      "properties": {
        "@id": "node/11909647226",
        "amenity": "fast_food",
        "email": "chkn@3bees.sa",
        "name": "Chkn",
        "opening_hours": "Mo-We,Sa-Su 12:00-01:00; Th 12:00-02:00, Fr 13:00-02:00",
        "phone": "+966 53 503 4379",
        "website": "https://order.chkn.sa/menu"
      },
      "geometry": {
        "type": "Point",
        "coordinates": [
          46.5691138,
          24.6540526
        ]
      },
      "id": "node/11909647226"
    },
    {
      "type": "Feature",
      "properties": {
        "@id": "node/11909647227",
        "amenity": "fast_food",
        "email": "ulb@3bees.sa",
        "name": "Ulb",
        "opening_hours": "Mo-We,Sa-Su 12:00-01:00; Th 12:00-02:00, Fr 13:00-02:00",
        "phone": "+966 53 503 4379",
        "website": "https://order.ulb.sa/menu"
      },
      "geometry": {
        "type": "Point",
        "coordinates": [
          46.5700094,
          24.654311
        ]
      },
      "id": "node/11909647227"
    },
    {
      "type": "Feature",
      "properties": {
        "@id": "node/11909647228",
        "amenity": "cafe",
        "email": "TheHub@3bees.sa",
        "name": "The Hub",
        "opening_hours": "Mo-Su 12:00-01:00",
        "phone": "+966 55 026 9179",
        "website": "https://thehub.tryorder.net/menu"
      },
      "geometry": {
        "type": "Point",
        "coordinates": [
          46.6615215,
          24.5693477
        ]
      },
      "id": "node/11909647228"
    },
    {
      "type": "Feature",
      "properties": {
        "@id": "node/12031092556",
        "addr:city": "الرياض",
        "amenity": "cafe",
        "cuisine": "كنافة",
        "name": "مقهى الكنافة",
        "opening_hours": "12pm-1am",
        "phone": "0502405040"
      },
      "geometry": {
        "type": "Point",
        "coordinates": [
          46.6737246,
          24.7007992
        ]
      },
      "id": "node/12031092556"
    },
    {
      "type": "Feature",
      "properties": {
        "@id": "node/12032959681",
        "amenity": "cafe",
        "name": "LAS Cafe"
      },
      "geometry": {
        "type": "Point",
        "coordinates": [
          46.684199,
          24.6962967
        ]
      },
      "id": "node/12032959681"
    },
    {
      "type": "Feature",
      "properties": {
        "@id": "node/12032959682",
        "amenity": "cafe",
        "name": "Foam"
      },
      "geometry": {
        "type": "Point",
        "coordinates": [
          46.6842887,
          24.696121
        ]
      },
      "id": "node/12032959682"
    },
    {
      "type": "Feature",
      "properties": {
        "@id": "node/12032959683",
        "amenity": "cafe",
        "name": "تشيريه كافيه"
      },
      "geometry": {
        "type": "Point",
        "coordinates": [
          46.6843014,
          24.6958713
        ]
      },
      "id": "node/12032959683"
    },
    {
      "type": "Feature",
      "properties": {
        "@id": "node/12033031728",
        "addr:city": "الرياض",
        "addr:street": "طريق التخصصي",
        "leisure": "sports_centre",
        "sport": "swimming"
      },
      "geometry": {
        "type": "Point",
        "coordinates": [
          46.6754093,
          24.6857798
        ]
      },
      "id": "node/12033031728"
    },
    {
      "type": "Feature",
      "properties": {
        "@id": "node/12033031729",
        "addr:city": "Riyadh",
        "addr:street": "الجهاد",
        "leisure": "sports_centre",
        "sport": "swimming"
      },
      "geometry": {
        "type": "Point",
        "coordinates": [
          46.6735414,
          24.6908422
        ]
      },
      "id": "node/12033031729"
    },
    {
      "type": "Feature",
      "properties": {
        "@id": "node/12033031730",
        "addr:city": "الرياض",
        "addr:street": "أبي عبدالله الموصلي",
        "leisure": "sports_centre",
        "sport": "swimming"
      },
      "geometry": {
        "type": "Point",
        "coordinates": [
          46.6814447,
          24.6895211
        ]
      },
      "id": "node/12033031730"
    },
    {
      "type": "Feature",
      "properties": {
        "@id": "node/12033031731",
        "addr:city": "الرياض",
        "addr:street": "آجلي",
        "leisure": "sports_centre",
        "sport": "swimming"
      },
      "geometry": {
        "type": "Point",
        "coordinates": [
          46.6812569,
          24.688957
        ]
      },
      "id": "node/12033031731"
    },
    {
      "type": "Feature",
      "properties": {
        "@id": "node/12033031736",
        "addr:city": "الرياض",
        "addr:street": "التغلبي",
        "leisure": "sports_centre",
        "sport": "swimming"
      },
      "geometry": {
        "type": "Point",
        "coordinates": [
          46.67767,
          24.6925719
        ]
      },
      "id": "node/12033031736"
    },
    {
      "type": "Feature",
      "properties": {
        "@id": "node/12033031737",
        "addr:city": "الرياض",
        "addr:street": "القعقاع بن عطية",
        "leisure": "sports_centre",
        "sport": "swimming"
      },
      "geometry": {
        "type": "Point",
        "coordinates": [
          46.6794544,
          24.6921145
        ]
      },
      "id": "node/12033031737"
    },
    {
      "type": "Feature",
      "properties": {
        "@id": "node/12035810898",
        "addr:city": "الرياض",
        "addr:street": "طريق التخصصي",
        "amenity": "cafe",
        "cuisine": "coffee_shop",
        "name": "دانكن"
      },
      "geometry": {
        "type": "Point",
        "coordinates": [
          46.6750969,
          24.6862858
        ]
      },
      "id": "node/12035810898"
    },
    {
      "type": "Feature",
      "properties": {
        "@id": "node/12035810919",
        "addr:city": "الرياض",
        "addr:street": "طريق التخصصي",
        "amenity": "restaurant",
        "name": "جوبي فرايز"
      },
      "geometry": {
        "type": "Point",
        "coordinates": [
          46.675264,
          24.6859072
        ]
      },
      "id": "node/12035810919"
    },
    {
      "type": "Feature",
      "properties": {
        "@id": "node/12035810920",
        "addr:city": "الرياض",
        "addr:street": "طريق التخصصي",
        "amenity": "restaurant",
        "name": "الطازج"
      },
      "geometry": {
        "type": "Point",
        "coordinates": [
          46.6751447,
          24.686114
        ]
      },
      "id": "node/12035810920"
    },
    {
      "type": "Feature",
      "properties": {
        "@id": "node/12035810936",
        "addr:city": "الرياض",
        "addr:street": "الأمير سلطان بن عبدالعزيز",
        "amenity": "restaurant",
        "name": "فوال حارة الشريف"
      },
      "geometry": {
        "type": "Point",
        "coordinates": [
          46.6771184,
          24.6856071
        ]
      },
      "id": "node/12035810936"
    },
    {
      "type": "Feature",
      "properties": {
        "@id": "node/12035810940",
        "addr:city": "الرياض",
        "addr:street": "الأمير سلطان بن عبدالعزيز",
        "amenity": "restaurant",
        "name": "بوفية صباح الوائد"
      },
      "geometry": {
        "type": "Point",
        "coordinates": [
          46.6775096,
          24.6857777
        ]
      },
      "id": "node/12035810940"
    },
    {
      "type": "Feature",
      "properties": {
        "@id": "node/12039494039",
        "amenity": "cafe",
        "name": "Boss.co Roastery"
      },
      "geometry": {
        "type": "Point",
        "coordinates": [
          46.6846725,
          24.6951606
        ]
      },
      "id": "node/12039494039"
    },
    {
      "type": "Feature",
      "properties": {
        "@id": "node/12039494041",
        "amenity": "cafe",
        "cuisine": "coffee_shop",
        "name": "ليمون كافيه",
        "name:en": "Limon Cafe"
      },
      "geometry": {
        "type": "Point",
        "coordinates": [
          46.684843,
          24.6949327
        ]
      },
      "id": "node/12039494041"
    },
    {
      "type": "Feature",
      "properties": {
        "@id": "node/12041563469",
        "addr:city": "الرياض",
        "addr:street": "ابن الخريف",
        "leisure": "sports_centre",
        "sport": "swimming"
      },
      "geometry": {
        "type": "Point",
        "coordinates": [
          46.6674708,
          24.7070084
        ]
      },
      "id": "node/12041563469"
    },
    {
      "type": "Feature",
      "properties": {
        "@id": "node/12042517316",
        "amenity": "restaurant"
      },
      "geometry": {
        "type": "Point",
        "coordinates": [
          46.6704006,
          24.839577
        ]
      },
      "id": "node/12042517316"
    },
    {
      "type": "Feature",
      "properties": {
        "@id": "node/12042517320",
        "amenity": "cafe",
        "name": "Never Enough Bakehouse"
      },
      "geometry": {
        "type": "Point",
        "coordinates": [
          46.6679051,
          24.8389908
        ]
      },
      "id": "node/12042517320"
    },
    {
      "type": "Feature",
      "properties": {
        "@id": "node/12042517325",
        "amenity": "cafe",
        "name": "مون كافيه",
        "name:en": "Mooncafe"
      },
      "geometry": {
        "type": "Point",
        "coordinates": [
          46.6695439,
          24.8493677
        ]
      },
      "id": "node/12042517325"
    },
    {
      "type": "Feature",
      "properties": {
        "@id": "node/12042517337",
        "amenity": "cafe",
        "name": "بِك كافيه"
      },
      "geometry": {
        "type": "Point",
        "coordinates": [
          46.6739497,
          24.8508911
        ]
      },
      "id": "node/12042517337"
    },
    {
      "type": "Feature",
      "properties": {
        "@id": "node/12042517338",
        "amenity": "restaurant",
        "name": "مطعم العم خليل"
      },
      "geometry": {
        "type": "Point",
        "coordinates": [
          46.6743288,
          24.8510513
        ]
      },
      "id": "node/12042517338"
    },
    {
      "type": "Feature",
      "properties": {
        "@id": "node/12043322516",
        "leisure": "sports_centre",
        "sport": "swimming"
      },
      "geometry": {
        "type": "Point",
        "coordinates": [
          46.6987564,
          24.6811967
        ]
      },
      "id": "node/12043322516"
    },
    {
      "type": "Feature",
      "properties": {
        "@id": "node/12043379479",
        "leisure": "sports_centre",
        "sport": "swimming"
      },
      "geometry": {
        "type": "Point",
        "coordinates": [
          46.6987056,
          24.6805909
        ]
      },
      "id": "node/12043379479"
    },
    {
      "type": "Feature",
      "properties": {
        "@id": "node/12043452881",
        "addr:city": "الرياض",
        "addr:street": "الحرة",
        "leisure": "sports_centre",
        "sport": "swimming"
      },
      "geometry": {
        "type": "Point",
        "coordinates": [
          46.6984864,
          24.6873019
        ]
      },
      "id": "node/12043452881"
    },
    {
      "type": "Feature",
      "properties": {
        "@id": "node/12045517142",
        "addr:city": "Riyadh",
        "addr:street": "ابن شريح",
        "leisure": "sports_centre",
        "sport": "swimming"
      },
      "geometry": {
        "type": "Point",
        "coordinates": [
          46.6784856,
          24.6956849
        ]
      },
      "id": "node/12045517142"
    },
    {
      "type": "Feature",
      "properties": {
        "@id": "node/12045517143",
        "addr:city": "Riyadh",
        "addr:street": "ابن شريح",
        "leisure": "sports_centre",
        "sport": "swimming"
      },
      "geometry": {
        "type": "Point",
        "coordinates": [
          46.6782912,
          24.6955944
        ]
      },
      "id": "node/12045517143"
    },
    {
      "type": "Feature",
      "properties": {
        "@id": "node/12045681440",
        "leisure": "sports_centre",
        "sport": "swimming"
      },
      "geometry": {
        "type": "Point",
        "coordinates": [
          46.6718469,
          24.6993341
        ]
      },
      "id": "node/12045681440"
    },
    {
      "type": "Feature",
      "properties": {
        "@id": "node/12058781547",
        "amenity": "fast_food",
        "delivery": "yes",
        "name": "البيك",
        "opening_hours": "06:00-02:00",
        "takeaway": "yes"
      },
      "geometry": {
        "type": "Point",
        "coordinates": [
          46.7105205,
          24.657252
        ]
      },
      "id": "node/12058781547"
    },
    {
      "type": "Feature",
      "properties": {
        "@id": "node/12060824185",
        "addr:street": "Al Taief",
        "amenity": "restaurant",
        "name": "KFC"
      },
      "geometry": {
        "type": "Point",
        "coordinates": [
          46.5339122,
          24.6359825
        ]
      },
      "id": "node/12060824185"
    },
    {
      "type": "Feature",
      "properties": {
        "@id": "node/12071123856",
        "leisure": "sports_centre",
        "sport": "swimming"
      },
      "geometry": {
        "type": "Point",
        "coordinates": [
          46.7439017,
          24.7020423
        ]
      },
      "id": "node/12071123856"
    },
    {
      "type": "Feature",
      "properties": {
        "@id": "node/12071168573",
        "leisure": "sports_centre",
        "sport": "swimming"
      },
      "geometry": {
        "type": "Point",
        "coordinates": [
          46.7434804,
          24.701794
        ]
      },
      "id": "node/12071168573"
    },
    {
      "type": "Feature",
      "properties": {
        "@id": "node/12071257481",
        "leisure": "sports_centre",
        "sport": "swimming"
      },
      "geometry": {
        "type": "Point",
        "coordinates": [
          46.7407924,
          24.6972779
        ]
      },
      "id": "node/12071257481"
    },
    {
      "type": "Feature",
      "properties": {
        "@id": "node/12071257524",
        "leisure": "sports_centre",
        "sport": "swimming"
      },
      "geometry": {
        "type": "Point",
        "coordinates": [
          46.7404834,
          24.6973357
        ]
      },
      "id": "node/12071257524"
    },
    {
      "type": "Feature",
      "properties": {
        "@id": "node/12071325031",
        "leisure": "sports_centre",
        "sport": "swimming"
      },
      "geometry": {
        "type": "Point",
        "coordinates": [
          46.7425614,
          24.6972203
        ]
      },
      "id": "node/12071325031"
    },
    {
      "type": "Feature",
      "properties": {
        "@id": "node/12071325052",
        "leisure": "sports_centre",
        "sport": "swimming"
      },
      "geometry": {
        "type": "Point",
        "coordinates": [
          46.743233,
          24.697712
        ]
      },
      "id": "node/12071325052"
    },
    {
      "type": "Feature",
      "properties": {
        "@id": "node/12071473245",
        "leisure": "sports_centre",
        "sport": "swimming"
      },
      "geometry": {
        "type": "Point",
        "coordinates": [
          46.7403426,
          24.6984101
        ]
      },
      "id": "node/12071473245"
    },
    {
      "type": "Feature",
      "properties": {
        "@id": "node/12071491051",
        "leisure": "sports_centre",
        "sport": "swimming"
      },
      "geometry": {
        "type": "Point",
        "coordinates": [
          46.7445874,
          24.6982184
        ]
      },
      "id": "node/12071491051"
    },
    {
      "type": "Feature",
      "properties": {
        "@id": "node/12071624593",
        "leisure": "sports_centre",
        "sport": "swimming"
      },
      "geometry": {
        "type": "Point",
        "coordinates": [
          46.7456368,
          24.7009468
        ]
      },
      "id": "node/12071624593"
    },
    {
      "type": "Feature",
      "properties": {
        "@id": "node/12071624617",
        "leisure": "sports_centre",
        "sport": "swimming"
      },
      "geometry": {
        "type": "Point",
        "coordinates": [
          46.7455917,
          24.7005117
        ]
      },
      "id": "node/12071624617"
    },
    {
      "type": "Feature",
      "properties": {
        "@id": "node/12071624748",
        "leisure": "sports_centre",
        "sport": "swimming"
      },
      "geometry": {
        "type": "Point",
        "coordinates": [
          46.7449706,
          24.6981671
        ]
      },
      "id": "node/12071624748"
    },
    {
      "type": "Feature",
      "properties": {
        "@id": "node/12073388870",
        "leisure": "sports_centre",
        "sport": "swimming"
      },
      "geometry": {
        "type": "Point",
        "coordinates": [
          46.7507395,
          24.6892077
        ]
      },
      "id": "node/12073388870"
    },
    {
      "type": "Feature",
      "properties": {
        "@id": "node/12077331861",
        "amenity": "fast_food",
        "brand": "دانكن",
        "brand:ar": "دانكن",
        "brand:en": "Dunkin'",
        "brand:wikidata": "Q847743",
        "cuisine": "donut;coffee_shop",
        "name": "دانكن دونتس",
        "name:ar": "دانكن دونتس",
        "name:en": "Dunkin' Donuts",
        "takeaway": "yes"
      },
      "geometry": {
        "type": "Point",
        "coordinates": [
          46.7421336,
          24.8372899
        ]
      },
      "id": "node/12077331861"
    },
    {
      "type": "Feature",
      "properties": {
        "@id": "node/12078014562",
        "leisure": "sports_centre",
        "sport": "swimming"
      },
      "geometry": {
        "type": "Point",
        "coordinates": [
          46.7460017,
          24.6925088
        ]
      },
      "id": "node/12078014562"
    },
    {
      "type": "Feature",
      "properties": {
        "@id": "node/12078120012",
        "leisure": "sports_centre",
        "sport": "swimming"
      },
      "geometry": {
        "type": "Point",
        "coordinates": [
          46.7458542,
          24.6873779
        ]
      },
      "id": "node/12078120012"
    },
    {
      "type": "Feature",
      "properties": {
        "@id": "node/12082619927",
        "amenity": "fast_food",
        "email": "Bukhari.alhara@3bees.sa",
        "name": "Bukhara Alhara",
        "opening_hours": "Mo-Su 12:00-01:00",
        "phone": "+966 53 503 4379",
        "website": "https://bukharihara.tryorder.net/menu"
      },
      "geometry": {
        "type": "Point",
        "coordinates": [
          46.6568262,
          24.5683822
        ]
      },
      "id": "node/12082619927"
    },
    {
      "type": "Feature",
      "properties": {
        "@id": "node/12084710438",
        "leisure": "park",
        "name": "حديقة حي النخيل"
      },
      "geometry": {
        "type": "Point",
        "coordinates": [
          46.6495901,
          24.7468932
        ]
      },
      "id": "node/12084710438"
    },
    {
      "type": "Feature",
      "properties": {
        "@id": "node/12085319395",
        "leisure": "sports_centre",
        "sport": "swimming"
      },
      "geometry": {
        "type": "Point",
        "coordinates": [
          46.6454526,
          24.7499818
        ]
      },
      "id": "node/12085319395"
    },
    {
      "type": "Feature",
      "properties": {
        "@id": "node/12087247170",
        "leisure": "sports_centre",
        "sport": "swimming"
      },
      "geometry": {
        "type": "Point",
        "coordinates": [
          46.7111211,
          24.7628111
        ]
      },
      "id": "node/12087247170"
    },
    {
      "type": "Feature",
      "properties": {
        "@id": "node/12087247171",
        "leisure": "sports_centre",
        "sport": "swimming"
      },
      "geometry": {
        "type": "Point",
        "coordinates": [
          46.712189,
          24.7632558
        ]
      },
      "id": "node/12087247171"
    },
    {
      "type": "Feature",
      "properties": {
        "@id": "node/12100233754",
        "access": "yes",
        "leisure": "park"
      },
      "geometry": {
        "type": "Point",
        "coordinates": [
          46.7389439,
          24.7760205
        ]
      },
      "id": "node/12100233754"
    },
    {
      "type": "Feature",
      "properties": {
        "@id": "node/12100233755",
        "tourism": "attraction"
      },
      "geometry": {
        "type": "Point",
        "coordinates": [
          46.7390602,
          24.7758177
        ]
      },
      "id": "node/12100233755"
    },
    {
      "type": "Feature",
      "properties": {
        "@id": "node/12105614594",
        "leisure": "sports_centre",
        "sport": "swimming"
      },
      "geometry": {
        "type": "Point",
        "coordinates": [
          46.5805195,
          24.8267141
        ]
      },
      "id": "node/12105614594"
    },
    {
      "type": "Feature",
      "properties": {
        "@id": "node/12132615458",
        "amenity": "cafe",
        "name": "Wayne's Coffee"
      },
      "geometry": {
        "type": "Point",
        "coordinates": [
          46.6203137,
          24.7451726
        ]
      },
      "id": "node/12132615458"
    },
    {
      "type": "Feature",
      "properties": {
        "@id": "node/12132804449",
        "amenity": "cafe",
        "brand": "تيم هورتونز",
        "brand:ar": "تيم هورتونز",
        "brand:en": "Tim Hortons",
        "brand:wikidata": "Q175106",
        "cuisine": "coffee_shop",
        "name": "تيم هورتونز",
        "name:ar": "تيم هورتونز",
        "name:en": "Tim Hortons",
        "takeaway": "yes"
      },
      "geometry": {
        "type": "Point",
        "coordinates": [
          46.6204348,
          24.7450596
        ]
      },
      "id": "node/12132804449"
    },
    {
      "type": "Feature",
      "properties": {
        "@id": "node/12146894385",
        "amenity": "cafe",
        "name": "NOC",
        "opening_hours": "24/7"
      },
      "geometry": {
        "type": "Point",
        "coordinates": [
          46.5768143,
          24.7682095
        ]
      },
      "id": "node/12146894385"
    },
    {
      "type": "Feature",
      "properties": {
        "@id": "node/12167934305",
        "amenity": "fast_food",
        "email": "Bukhari.alhara@3bees.sa",
        "name": "Bukhara Alhara",
        "name:en": "As Sahafah",
        "opening_hours": "Mo-Su 11:00-02:00",
        "phone": "+966 53 106 8387",
        "website": "https://bukharihara.tryorder.net/menu"
      },
      "geometry": {
        "type": "Point",
        "coordinates": [
          46.6490973,
          24.8008476
        ]
      },
      "id": "node/12167934305"
    },
    {
      "type": "Feature",
      "properties": {
        "@id": "node/12184478535",
        "amenity": "fast_food",
        "brand": "دجاج كنتاكي",
        "brand:ar": "دجاج كنتاكي",
        "brand:en": "KFC",
        "brand:wikidata": "Q524757",
        "cuisine": "chicken",
        "name": "دجاج كنتاكي",
        "name:ar": "دجاج كنتاكي",
        "name:en": "KFC",
        "takeaway": "yes"
      },
      "geometry": {
        "type": "Point",
        "coordinates": [
          46.6471784,
          24.8563331
        ]
      },
      "id": "node/12184478535"
    },
    {
      "type": "Feature",
      "properties": {
        "@id": "node/12261188844",
        "amenity": "fast_food",
        "email": "info@saldwich.com",
        "instagram": "https://www.instagram.com/saldwich",
        "name": "سالدوتش",
        "name:en": "Saldwich",
        "opening_hours": "Mo-Th,Su 08:00-17:30",
        "phone": "+966 9200 23030",
        "tiktok": "https://www.tiktok.com/@saldwich",
        "twitter": "https://twitter.com/Saldwich",
        "website": "https://saldwich.com/"
      },
      "geometry": {
        "type": "Point",
        "coordinates": [
          46.6014262,
          24.8078305
        ]
      },
      "id": "node/12261188844"
    },
    {
      "type": "Feature",
      "properties": {
        "@id": "node/12264395282",
        "amenity": "cafe",
        "diet:halal": "only",
        "name": "Bliss Cafe"
      },
      "geometry": {
        "type": "Point",
        "coordinates": [
          46.5909279,
          24.7655002
        ]
      },
      "id": "node/12264395282"
    },
    {
      "type": "Feature",
      "properties": {
        "@id": "node/12320267849",
        "amenity": "fast_food",
        "name": "Nevermind"
      },
      "geometry": {
        "type": "Point",
        "coordinates": [
          46.6846816,
          24.7049025
        ]
      },
      "id": "node/12320267849"
    },
    {
      "type": "Feature",
      "properties": {
        "@id": "node/12452629303",
        "amenity": "fast_food"
      },
      "geometry": {
        "type": "Point",
        "coordinates": [
          46.3751585,
          24.9030061
        ]
      },
      "id": "node/12452629303"
    },
    {
      "type": "Feature",
      "properties": {
        "@id": "node/12452857825",
        "name": "Traditional Architecture Museum",
        "tourism": "museum"
      },
      "geometry": {
        "type": "Point",
        "coordinates": [
          46.5738151,
          24.733609
        ]
      },
      "id": "node/12452857825"
    },
    {
      "type": "Feature",
      "properties": {
        "@id": "node/12452948993",
        "amenity": "fast_food",
        "check_date": "2024-12-26",
        "name": "Shawarma Avenue"
      },
      "geometry": {
        "type": "Point",
        "coordinates": [
          46.5738642,
          24.7512891
        ]
      },
      "id": "node/12452948993"
    },
    {
      "type": "Feature",
      "properties": {
        "@id": "node/12452948994",
        "amenity": "fast_food",
        "check_date": "2024-12-26",
        "name": "Shawarma Classic"
      },
      "geometry": {
        "type": "Point",
        "coordinates": [
          46.5739743,
          24.7513718
        ]
      },
      "id": "node/12452948994"
    },
    {
      "type": "Feature",
      "properties": {
        "@id": "node/12452948995",
        "amenity": "fast_food",
        "check_date": "2024-12-26",
        "name": "Emperor Shawarma"
      },
      "geometry": {
        "type": "Point",
        "coordinates": [
          46.5736693,
          24.7511256
        ]
      },
      "id": "node/12452948995"
    },
    {
      "type": "Feature",
      "properties": {
        "@id": "node/12456094965",
        "amenity": "restaurant",
        "check_date": "2024-12-26",
        "name": "Countryside Grapes"
      },
      "geometry": {
        "type": "Point",
        "coordinates": [
          46.6370693,
          24.8084572
        ]
      },
      "id": "node/12456094965"
    },
    {
      "type": "Feature",
      "properties": {
        "@id": "node/12486665688",
        "addr:housenumber": "+966",
        "addr:street": "920013063",
        "amenity": "fast_food",
        "name": "مطاعم ذوق الرواد"
      },
      "geometry": {
        "type": "Point",
        "coordinates": [
          46.5141621,
          24.5514835
        ]
      },
      "id": "node/12486665688"
    },
    {
      "type": "Feature",
      "properties": {
        "@id": "node/12529593089",
        "addr:city": "Riyadh",
        "addr:housenumber": "3004",
        "addr:postcode": "13519",
        "addr:street": "Innovation Blvd",
        "amenity": "restaurant",
        "cuisine": "japanese;peruvian",
        "name": "Chotto Matte Riyadh",
        "opening_hours": "Mo-Su 17:00-01:00",
        "phone": "+966 9200 15023",
        "website": "https://chotto-matte.com/riyadh/"
      },
      "geometry": {
        "type": "Point",
        "coordinates": [
          46.6404435,
          24.7677084
        ]
      },
      "id": "node/12529593089"
    },
    {
      "type": "Feature",
      "properties": {
        "@id": "node/12578193601",
        "addr:street": "الملك فهد",
        "amenity": "restaurant",
        "name": "ساندوتشات سعيد"
      },
      "geometry": {
        "type": "Point",
        "coordinates": [
          46.7029103,
          24.6405468
        ]
      },
      "id": "node/12578193601"
    },
    {
      "type": "Feature",
      "properties": {
        "@id": "node/12759195656",
        "amenity": "fast_food",
        "email": "info@saldwich.com",
        "instagram": "https://www.instagram.com/saldwich",
        "name": "سالدوتش",
        "name:en": "Saldwich",
        "opening_hours": "Fr-Sa 12:00-21:00; Mo-Th,Su 09:00-21:00",
        "phone": "+966 9200 23030",
        "tiktok": "https://www.tiktok.com/@saldwich",
        "twitter": "https://twitter.com/Saldwich",
        "website": "https://saldwich.com"
      },
      "geometry": {
        "type": "Point",
        "coordinates": [
          46.6241848,
          24.8116846
        ]
      },
      "id": "node/12759195656"
    },
    {
      "type": "Feature",
      "properties": {
        "@id": "node/12759195657",
        "amenity": "fast_food",
        "email": "info@saldwich.com",
        "instagram": "https://www.instagram.com/saldwich",
        "name": "سالدوتش",
        "name:en": "Saldwich",
        "opening_hours": "Mo-Th,Su 08:00-16:00",
        "phone": "+966 9200 23030",
        "tiktok": "https://www.tiktok.com/@saldwich",
        "twitter": "https://twitter.com/Saldwich",
        "website": "https://saldwich.com"
      },
      "geometry": {
        "type": "Point",
        "coordinates": [
          46.6335083,
          24.7405758
        ]
      },
      "id": "node/12759195657"
    },
    {
      "type": "Feature",
      "properties": {
        "@id": "node/12799847559",
        "amenity": "cafe",
        "instagram": "https://www.instagram.com/urthcaffesaudi",
        "name": "Urth Caffe",
        "name:ar": "إيرث كافيه",
        "opening_hours": "Fr 13:00-24:00; Mo-Th,Sa-Su 08:00-24:00",
        "phone": "+966 9200 07498",
        "website": "https://www.urthcaffe.sa/welcome/index"
      },
      "geometry": {
        "type": "Point",
        "coordinates": [
          46.6302112,
          24.7562198
        ]
      },
      "id": "node/12799847559"
    },
    {
      "type": "Feature",
      "properties": {
        "@id": "node/12799847561",
        "amenity": "cafe",
        "instagram": "https://www.instagram.com/urthcaffesaudi",
        "name": "Urth Caffe",
        "name:ar": "إيرث كافيه",
        "opening_hours": "Mo-Su 16:00-01:00",
        "phone": "+966 9200 07498",
        "website": "https://www.urthcaffe.sa/welcome/index"
      },
      "geometry": {
        "type": "Point",
        "coordinates": [
          46.5754465,
          24.7622544
        ]
      },
      "id": "node/12799847561"
    },
    {
      "type": "Feature",
      "properties": {
        "@id": "node/12799847563",
        "amenity": "cafe",
        "cuisine": "coffee_shop",
        "instagram": "https://www.instagram.com/urthcaffesaudi",
        "name": "Urth Caffe",
        "name:ar": "إيرث كافيه",
        "opening_hours": "Mo-Su 07:00-01:00",
        "phone": "+966 9200 07498",
        "website": "https://www.urthcaffe.sa/welcome/index"
      },
      "geometry": {
        "type": "Point",
        "coordinates": [
          46.6246864,
          24.6749932
        ]
      },
      "id": "node/12799847563"
    },
    {
      "type": "Feature",
      "properties": {
        "@id": "node/12799847564",
        "amenity": "cafe",
        "instagram": "https://www.instagram.com/urthcaffesaudi",
        "name": "إيرث كافيه",
        "name:en": "Urth Cafe",
        "opening_hours": "Mo-Su 07:00-01:00",
        "phone": "+966 9200 07498",
        "website": "https://www.urthcaffe.sa/welcome/index"
      },
      "geometry": {
        "type": "Point",
        "coordinates": [
          46.6404549,
          24.7609843
        ]
      },
      "id": "node/12799847564"
    },
    {
      "type": "Feature",
      "properties": {
        "@id": "node/12799847567",
        "amenity": "cafe",
        "instagram": "https://www.instagram.com/urthcaffesaudi",
        "name": "Urth Caffe",
        "name:ar": "إيرث كافيه",
        "opening_hours": "Mo-Su 07:00-01:00",
        "phone": "+966 9200 07498",
        "website": "https://www.urthcaffe.sa/welcome/index"
      },
      "geometry": {
        "type": "Point",
        "coordinates": [
          46.7056408,
          24.705692
        ]
      },
      "id": "node/12799847567"
    },
    {
      "type": "Feature",
      "properties": {
        "@id": "node/12799847569",
        "amenity": "cafe",
        "instagram": "https://www.instagram.com/urthcaffesaudi",
        "name": "Urth Caffe",
        "name:ar": "إيرث كافيه",
        "opening_hours": "Mo-Su 07:00-01:00",
        "phone": "+966 9200 07498",
        "website": "https://www.urthcaffe.sa/welcome/index"
      },
      "geometry": {
        "type": "Point",
        "coordinates": [
          46.591253,
          24.7842396
        ]
      },
      "id": "node/12799847569"
    },
    {
      "type": "Feature",
      "properties": {
        "@id": "node/12799882443",
        "amenity": "fast_food",
        "cuisine": "chinese",
        "email": "info@canton-express.com",
        "name": "كانتون",
        "name:en": "Canton",
        "opening_hours": "Mo-Su 17:00-02:30",
        "phone": "+966 9200 00129",
        "website": "https://canton-express.com"
      },
      "geometry": {
        "type": "Point",
        "coordinates": [
          46.6792533,
          24.7432578
        ]
      },
      "id": "node/12799882443"
    },
    {
      "type": "Feature",
      "properties": {
        "@id": "node/12799882444",
        "amenity": "fast_food",
        "cuisine": "chinese",
        "email": "info@canton-express.com",
        "name": "كانتون",
        "name:en": "Canton",
        "opening_hours": "Mo-Su 17:00-02:30",
        "phone": "+966 9200 00129",
        "website": "https://canton-express.com"
      },
      "geometry": {
        "type": "Point",
        "coordinates": [
          46.8225625,
          24.7509815
        ]
      },
      "id": "node/12799882444"
    },
    {
      "type": "Feature",
      "properties": {
        "@id": "node/12799882445",
        "amenity": "fast_food",
        "cuisine": "chinese",
        "email": "info@canton-express.com",
        "name": "كانتون",
        "name:en": "Canton",
        "opening_hours": "Mo-Su 17:00-02:30",
        "phone": "+966 9200 00129",
        "website": "https://canton-express.com"
      },
      "geometry": {
        "type": "Point",
        "coordinates": [
          46.658732,
          24.742659
        ]
      },
      "id": "node/12799882445"
    },
    {
      "type": "Feature",
      "properties": {
        "@id": "node/12799882446",
        "amenity": "fast_food",
        "cuisine": "chinese",
        "email": "info@canton-express.com",
        "name": "كانتون",
        "name:en": "Canton",
        "opening_hours": "Mo-Su 17:00-02:30",
        "phone": "+966 9200 00129",
        "website": "https://canton-express.com"
      },
      "geometry": {
        "type": "Point",
        "coordinates": [
          46.7154415,
          24.7679633
        ]
      },
      "id": "node/12799882446"
    },
    {
      "type": "Feature",
      "properties": {
        "@id": "node/12799882447",
        "amenity": "fast_food",
        "cuisine": "chinese",
        "email": "info@canton-express.com",
        "name": "كانتون",
        "name:en": "Canton",
        "opening_hours": "Mo-Su 16:00-03:30",
        "phone": "+966 9200 00129",
        "website": "https://canton-express.com"
      },
      "geometry": {
        "type": "Point",
        "coordinates": [
          46.7694112,
          24.8114338
        ]
      },
      "id": "node/12799882447"
    },
    {
      "type": "Feature",
      "properties": {
        "@id": "node/12799882448",
        "amenity": "fast_food",
        "cuisine": "chinese",
        "email": "info@canton-express.com",
        "name": "كانتون",
        "name:en": "Canton",
        "opening_hours": "Mo-Su 16:00-03:30",
        "phone": "+966 9200 00129",
        "website": "https://canton-express.com"
      },
      "geometry": {
        "type": "Point",
        "coordinates": [
          46.7144332,
          24.758633
        ]
      },
      "id": "node/12799882448"
    },
    {
      "type": "Feature",
      "properties": {
        "@id": "node/12799882449",
        "amenity": "fast_food",
        "cuisine": "chinese",
        "email": "info@canton-express.com",
        "name": "كانتون",
        "name:en": "Canton",
        "opening_hours": "Mo-Su 17:00-02:30",
        "phone": "+966 9200 00129",
        "website": "https://canton-express.com"
      },
      "geometry": {
        "type": "Point",
        "coordinates": [
          46.7311684,
          24.7813131
        ]
      },
      "id": "node/12799882449"
    },
    {
      "type": "Feature",
      "properties": {
        "@id": "node/12799882450",
        "amenity": "fast_food",
        "cuisine": "chinese",
        "email": "info@canton-express.com",
        "name": "كانتون",
        "name:en": "Canton",
        "opening_hours": "Mo-Su 17:00-02:30",
        "phone": "+966 9200 00129",
        "website": "https://canton-express.com"
      },
      "geometry": {
        "type": "Point",
        "coordinates": [
          46.7751744,
          24.684872
        ]
      },
      "id": "node/12799882450"
    },
    {
      "type": "Feature",
      "properties": {
        "@id": "node/12799882451",
        "amenity": "fast_food",
        "cuisine": "chinese",
        "email": "info@canton-express.com",
        "name": "كانتون",
        "name:en": "Canton",
        "opening_hours": "Mo-Su 12:30-04:00",
        "phone": "+966 9200 00129",
        "website": "https://canton-express.com"
      },
      "geometry": {
        "type": "Point",
        "coordinates": [
          46.8225745,
          24.7506921
        ]
      },
      "id": "node/12799882451"
    },
    {
      "type": "Feature",
      "properties": {
        "@id": "node/12799882452",
        "amenity": "fast_food",
        "cuisine": "chinese",
        "email": "info@canton-express.com",
        "name": "كانتون",
        "name:en": "Canton",
        "opening_hours": "Mo-Su 17:00-02:30",
        "phone": "+966 9200 00129",
        "website": "https://canton-express.com"
      },
      "geometry": {
        "type": "Point",
        "coordinates": [
          46.6698724,
          24.6914305
        ]
      },
      "id": "node/12799882452"
    },
    {
      "type": "Feature",
      "properties": {
        "@id": "node/12799882453",
        "amenity": "fast_food",
        "cuisine": "chinese",
        "email": "info@canton-express.com",
        "name": "كانتون",
        "name:en": "Canton",
        "opening_hours": "Mo-Su 16:00-03:30",
        "phone": "+966 9200 00129",
        "website": "https://canton-express.com"
      },
      "geometry": {
        "type": "Point",
        "coordinates": [
          46.6038323,
          24.8016463
        ]
      },
      "id": "node/12799882453"
    },
    {
      "type": "Feature",
      "properties": {
        "@id": "node/12799882454",
        "amenity": "fast_food",
        "cuisine": "chinese",
        "email": "info@canton-express.com",
        "name": "كانتون",
        "name:en": "Canton",
        "opening_hours": "Mo-Su 16:00-03:30",
        "phone": "+966 9200 00129",
        "website": "https://canton-express.com"
      },
      "geometry": {
        "type": "Point",
        "coordinates": [
          46.6698492,
          24.808371
        ]
      },
      "id": "node/12799882454"
    },
    {
      "type": "Feature",
      "properties": {
        "@id": "node/12799882455",
        "amenity": "fast_food",
        "cuisine": "chinese",
        "email": "info@canton-express.com",
        "name": "كانتون",
        "name:en": "Canton",
        "opening_hours": "Mo-Su 17:00-02:30",
        "phone": "+966 9200 00129",
        "website": "https://canton-express.com"
      },
      "geometry": {
        "type": "Point",
        "coordinates": [
          46.6475898,
          24.6863651
        ]
      },
      "id": "node/12799882455"
    },
    {
      "type": "Feature",
      "properties": {
        "@id": "node/12799882456",
        "amenity": "fast_food",
        "cuisine": "chinese",
        "email": "info@canton-express.com",
        "name": "كانتون",
        "name:en": "Canton",
        "opening_hours": "Mo-Su 11:00-03:30",
        "phone": "+966 9200 00129",
        "website": "https://canton-express.com"
      },
      "geometry": {
        "type": "Point",
        "coordinates": [
          46.6904448,
          24.5420874
        ]
      },
      "id": "node/12799882456"
    },
    {
      "type": "Feature",
      "properties": {
        "@id": "node/12799882457",
        "amenity": "fast_food",
        "cuisine": "chinese",
        "email": "info@canton-express.com",
        "name": "كانتون",
        "name:en": "Canton",
        "opening_hours": "Mo-Su 11:30-04:00",
        "phone": "+966 9200 00129",
        "website": "https://canton-express.com"
      },
      "geometry": {
        "type": "Point",
        "coordinates": [
          46.7505652,
          24.8250499
        ]
      },
      "id": "node/12799882457"
    },
    {
      "type": "Feature",
      "properties": {
        "@id": "node/12799882458",
        "amenity": "fast_food",
        "cuisine": "chinese",
        "email": "info@canton-express.com",
        "name": "كانتون",
        "name:en": "Canton",
        "opening_hours": "Mo-Su 16:00-03:30",
        "phone": "+966 9200 00129",
        "website": "https://canton-express.com"
      },
      "geometry": {
        "type": "Point",
        "coordinates": [
          46.5528249,
          24.624114
        ]
      },
      "id": "node/12799882458"
    },
    {
      "type": "Feature",
      "properties": {
        "@id": "node/12799882459",
        "amenity": "fast_food",
        "cuisine": "chinese",
        "email": "info@canton-express.com",
        "name": "كانتون",
        "name:en": "Canton",
        "opening_hours": "Mo-Su 16:00-03:30",
        "phone": "+966 9200 00129",
        "website": "https://canton-express.com"
      },
      "geometry": {
        "type": "Point",
        "coordinates": [
          46.6481638,
          24.8543659
        ]
      },
      "id": "node/12799882459"
    },
    {
      "type": "Feature",
      "properties": {
        "@id": "node/12799882460",
        "amenity": "fast_food",
        "cuisine": "chinese",
        "email": "info@canton-express.com",
        "name": "كانتون",
        "name:en": "Canton",
        "opening_hours": "Mo-Su 13:00-03:30",
        "phone": "+966 9200 00129",
        "website": "https://canton-express.com"
      },
      "geometry": {
        "type": "Point",
        "coordinates": [
          46.8774476,
          24.7879677
        ]
      },
      "id": "node/12799882460"
    },
    {
      "type": "Feature",
      "properties": {
        "@id": "node/12799882461",
        "amenity": "fast_food",
        "cuisine": "chinese",
        "email": "info@canton-express.com",
        "name": "كانتون",
        "name:en": "Canton",
        "opening_hours": "We-Su 16:00-03:30",
        "phone": "+966 9200 00129",
        "website": "https://canton-express.com"
      },
      "geometry": {
        "type": "Point",
        "coordinates": [
          46.732203,
          24.6711944
        ]
      },
      "id": "node/12799882461"
    },
    {
      "type": "Feature",
      "properties": {
        "@id": "node/12799882462",
        "amenity": "fast_food",
        "cuisine": "chinese",
        "email": "info@canton-express.com",
        "name": "كانتون",
        "name:en": "Canton",
        "opening_hours": "Mo-Su 16:00-03:30",
        "phone": "+966 9200 00129",
        "website": "https://canton-express.com"
      },
      "geometry": {
        "type": "Point",
        "coordinates": [
          46.6308958,
          24.580356
        ]
      },
      "id": "node/12799882462"
    },
    {
      "type": "Feature",
      "properties": {
        "@id": "node/12799882466",
        "amenity": "fast_food",
        "cuisine": "chinese",
        "email": "info@canton-express.com",
        "name": "كانتون",
        "name:en": "Canton",
        "opening_hours": "Mo-Su 17:00-02:30",
        "phone": "+966 9200 00129",
        "website": "https://canton-express.com"
      },
      "geometry": {
        "type": "Point",
        "coordinates": [
          46.698922,
          24.601063
        ]
      },
      "id": "node/12799882466"
    },
    {
      "type": "Feature",
      "properties": {
        "@id": "node/12850256844",
        "amenity": "restaurant",
        "contact:email": "enquiries@beefar.sa",
        "contact:instagram": "https://www.instagram.com/beefbar_riyadh",
        "contact:phone": "+966 9200 04146",
        "contact:website": "https://beefbar.com/riyadh/",
        "name": "Beefbar",
        "opening_hours": "Mo-We,Sa-Su 13:00-24:00; Th-Fr 13:00-01:00"
      },
      "geometry": {
        "type": "Point",
        "coordinates": [
          46.7059386,
          24.7043323
        ]
      },
      "id": "node/12850256844"
    },
    {
      "type": "Feature",
      "properties": {
        "@id": "node/12850265795",
        "amenity": "restaurant",
        "contact:email": "enquiries@signorsassi.sa",
        "contact:instagram": "https://www.instagram.com/signorsassiriyadh",
        "contact:phone": "+966 9200 11877",
        "contact:website": "https://www.signorsassi.sa/en",
        "cuisine": "italian",
        "name": "Signor Sassi",
        "opening_hours": "Mo-We,Sa-Su 13:00-24:00; Th-Fr 13:00-01:00"
      },
      "geometry": {
        "type": "Point",
        "coordinates": [
          46.7047665,
          24.6996074
        ]
      },
      "id": "node/12850265795"
    },
    {
      "type": "Feature",
      "properties": {
        "@id": "node/12850275220",
        "amenity": "restaurant",
        "contact:instagram": "https://www.instagram.com/crazypizza.saudi",
        "contact:phone": "+966 9200 07275",
        "contact:website": "https://crazypizza.com/riyadh/",
        "cuisine": "italian",
        "name": "Crazy Pizza",
        "opening_hours": "Mo-We,Sa-Su 13:00-24:00; Th-Fr 13:00-01:00"
      },
      "geometry": {
        "type": "Point",
        "coordinates": [
          46.7053592,
          24.7057895
        ]
      },
      "id": "node/12850275220"
    },
    {
      "type": "Feature",
      "properties": {
        "@id": "node/12850275222",
        "amenity": "restaurant",
        "contact:instagram": "https://www.instagram.com/crazypizza.saudi",
        "contact:phone": "+966 9200 07275",
        "contact:website": "https://crazypizza.com/riyadh/",
        "cuisine": "italian",
        "name": "Crazy Pizza",
        "opening_hours": "Mo-We,Sa-Su 13:00-24:00; Th-Fr 13:00-01:00"
      },
      "geometry": {
        "type": "Point",
        "coordinates": [
          46.6249792,
          24.6752569
        ]
      },
      "id": "node/12850275222"
    },
    {
      "type": "Feature",
      "properties": {
        "@id": "node/12850275223",
        "amenity": "restaurant",
        "contact:instagram": "https://www.instagram.com/crazypizza.saudi",
        "contact:phone": "+966 9200 07275",
        "contact:website": "https://crazypizza.com/riyadh/",
        "cuisine": "italian",
        "name": "Crazy Pizza",
        "opening_hours": "Mo-We,Sa-Su 13:00-24:00; Th-Fr 13:00-01:00"
      },
      "geometry": {
        "type": "Point",
        "coordinates": [
          46.5912956,
          24.7840729
        ]
      },
      "id": "node/12850275223"
    },
    {
      "type": "Feature",
      "properties": {
        "@id": "node/12850281339",
        "amenity": "restaurant",
        "contact:instagram": "https://www.instagram.com/myazusaudi",
        "contact:phone": "+966 9200 09686",
        "contact:website": "https://myazu.com/",
        "cuisine": "japanese",
        "name": "Myazu",
        "name:en": "Myazu",
        "opening_hours": "Mo-We,Sa-Su 13:00-24:00; Th-Fr 13:00-01:00"
      },
      "geometry": {
        "type": "Point",
        "coordinates": [
          46.7048928,
          24.6999939
        ]
      },
      "id": "node/12850281339"
    },
    {
      "type": "Feature",
      "properties": {
        "@id": "node/12850282301",
        "amenity": "restaurant",
        "contact:instagram": "https://www.instagram.com/kayzo.saudi",
        "contact:phone": "+966 9200 14156",
        "contact:website": "https://www.kayzo.com",
        "name": "Kayzo",
        "name:en": "Kayzo",
        "opening_hours": "Mo-We,Sa-Su 13:00-24:00; Th-Fr 13:00-01:00"
      },
      "geometry": {
        "type": "Point",
        "coordinates": [
          46.7064966,
          24.7039425
        ]
      },
      "id": "node/12850282301"
    },
    {
      "type": "Feature",
      "properties": {
        "@id": "node/12850294388",
        "amenity": "restaurant",
        "contact:phone": "+966 9200 13860",
        "contact:website": "https://www.agio.sa",
        "cuisine": "italian",
        "name": "Agio",
        "opening_hours": "Mo-We,Sa-Su 13:00-24:00; Th-Fr 13:00-01:00"
      },
      "geometry": {
        "type": "Point",
        "coordinates": [
          46.624429,
          24.7521049
        ]
      },
      "id": "node/12850294388"
    },
    {
      "type": "Feature",
      "properties": {
        "@id": "node/12850303891",
        "amenity": "restaurant",
        "contact:instagram": "https://www.instagram.com/cicchettisaudi",
        "contact:phone": "+966 9200 10679",
        "contact:website": "https://www.sancarlocicchetti.sa",
        "cuisine": "italian",
        "name": "San Carlo Cicchetti",
        "opening_hours": "Mo-We,Sa-Su 13:00-24:00; Th-Fr 13:00-01:00"
      },
      "geometry": {
        "type": "Point",
        "coordinates": [
          46.705378,
          24.7012182
        ]
      },
      "id": "node/12850303891"
    },
    {
      "type": "Feature",
      "properties": {
        "@id": "node/12856099293",
        "leisure": "park",
        "name": "حديقة السعودية"
      },
      "geometry": {
        "type": "Point",
        "coordinates": [
          46.6439506,
          25.0051742
        ]
      },
      "id": "node/12856099293"
    },
    {
      "type": "Feature",
      "properties": {
        "@id": "node/12926461427",
        "amenity": "restaurant",
        "name": "QEUZ"
      },
      "geometry": {
        "type": "Point",
        "coordinates": [
          46.6607622,
          24.8049729
        ]
      },
      "id": "node/12926461427"
    },
    {
      "type": "Feature",
      "properties": {
        "@id": "node/12942334755",
        "access": "yes",
        "addr:city": "Riyadh",
        "alt_name": "Promenade - وجهة البرومينيد",
        "dog": "leashed",
        "leisure": "park",
        "name": "Sports Boulevard - المسار الرياضي",
        "opening_hours": "24/7",
        "operator": "Sports Boulevard Foundation",
        "operator:type": "government",
        "website": "https://sportsboulevard.sa"
      },
      "geometry": {
        "type": "Point",
        "coordinates": [
          46.5868573,
          24.755431
        ]
      },
      "id": "node/12942334755"
    },
    {
      "type": "Feature",
      "properties": {
        "@id": "node/12956071985",
        "amenity": "restaurant",
        "contact:instagram": "https://www.instagram.com/coyariyadh",
        "contact:phone": "+966 9200 10352",
        "contact:website": "https://coyarestaurant.com",
        "cuisine": "peruvian",
        "name": "Coya",
        "opening_hours": "Mo-We,Sa 13:00-24:00; Th-Fr 13:00-01:00"
      },
      "geometry": {
        "type": "Point",
        "coordinates": [
          46.7057789,
          24.7045628
        ]
      },
      "id": "node/12956071985"
    },
    {
      "type": "Feature",
      "properties": {
        "@id": "node/12978851355",
        "amenity": "fast_food",
        "brand": "هرفي",
        "brand:ar": "هرفي",
        "brand:en": "Herfy",
        "brand:wikidata": "Q5738371",
        "cuisine": "burger",
        "name": "هرفي",
        "name:ar": "هرفي",
        "name:en": "Herfy",
        "takeaway": "yes"
      },
      "geometry": {
        "type": "Point",
        "coordinates": [
          46.6820093,
          24.6132011
        ]
      },
      "id": "node/12978851355"
    },
    {
      "type": "Feature",
      "properties": {
        "@id": "node/12983375603",
        "addr:city": "الرياض",
        "addr:housenumber": "الخليج",
        "addr:postcode": "13224",
        "addr:street": "طريق ابن الهيثم",
        "amenity": "cafe",
        "cuisine": "coffee_shop",
        "internet_access": "yes",
        "internet_access:fee": "no",
        "name": "سرمديه كافيه",
        "opening_hours": "24/7",
        "phone": "+966502362024"
      },
      "geometry": {
        "type": "Point",
        "coordinates": [
          46.8150774,
          24.7896153
        ]
      },
      "id": "node/12983375603"
    },
    {
      "type": "Feature",
      "properties": {
        "@id": "node/13077566784",
        "amenity": "fast_food",
        "cuisine": "chinese",
        "email": "info@canton-express.com",
        "name": "كانتون",
        "name:en": "Canton",
        "opening_hours": "Mo-Su 16:00-03:30",
        "phone": "+966 9200 00129",
        "website": "https://canton-express.com"
      },
      "geometry": {
        "type": "Point",
        "coordinates": [
          46.6935816,
          24.5457179
        ]
      },
      "id": "node/13077566784"
    },
    {
      "type": "Feature",
      "properties": {
        "@id": "node/13077566785",
        "amenity": "fast_food",
        "cuisine": "chinese",
        "email": "info@canton-express.com",
        "name": "كانتون",
        "name:en": "Canton",
        "opening_hours": "Mo-Su 16:00-03:00",
        "phone": "+966 9200 00129",
        "website": "https://canton-express.com"
      },
      "geometry": {
        "type": "Point",
        "coordinates": [
          46.810431,
          24.6925033
        ]
      },
      "id": "node/13077566785"
    },
    {
      "type": "Feature",
      "properties": {
        "@id": "node/13077566786",
        "amenity": "fast_food",
        "cuisine": "chinese",
        "email": "info@canton-express.com",
        "name": "كانتون",
        "name:en": "Canton",
        "opening_hours": "Mo-Su 17:00-02:30",
        "phone": "+966 9200 00129",
        "website": "https://canton-express.com"
      },
      "geometry": {
        "type": "Point",
        "coordinates": [
          46.6812919,
          24.6790804
        ]
      },
      "id": "node/13077566786"
    },
    {
      "type": "Feature",
      "properties": {
        "@id": "node/13116719334",
        "amenity": "restaurant",
        "level": "0",
        "name": "PICK",
        "payment:cards": "yes",
        "payment:cash": "yes",
        "payment:visa": "yes"
      },
      "geometry": {
        "type": "Point",
        "coordinates": [
          46.6252762,
          24.67467
        ]
      },
      "id": "node/13116719334"
    },
    {
      "type": "Feature",
      "properties": {
        "@id": "node/13153856961",
        "addr:city": "Riyadh",
        "addr:street": "شارع ظبية بنت البراء",
        "air_conditioning": "yes",
        "amenity": "cafe",
        "cuisine": "coffee_shop",
        "name": "Loom",
        "outdoor_seating": "yes"
      },
      "geometry": {
        "type": "Point",
        "coordinates": [
          46.6864604,
          24.7587139
        ]
      },
      "id": "node/13153856961"
    },
    {
      "type": "Feature",
      "properties": {
        "@id": "node/13153880056",
        "addr:city": "الرياض",
        "addr:street": "البركة",
        "amenity": "cafe",
        "cuisine": "coffee_shop",
        "internet_access": "no",
        "name": "Mood Master Specialty Coffee Roasters and Cafe",
        "name:ar": "محمصة ومقهى مود ماسترز للقهوة المختصة"
      },
      "geometry": {
        "type": "Point",
        "coordinates": [
          46.7071438,
          24.8013936
        ]
      },
      "id": "node/13153880056"
    },
    {
      "type": "Feature",
      "properties": {
        "@id": "node/13153880057",
        "addr:street": "الشيخ عبدالله المخضوب",
        "air_conditioning": "yes",
        "amenity": "cafe",
        "cuisine": "coffee_shop",
        "internet_access": "yes",
        "internet_access:fee": "customers",
        "internet_access:ssid": "Bow_5G",
        "name": "Bow Specialty Coffee",
        "name:ar": "بو قهوة مختصة"
      },
      "geometry": {
        "type": "Point",
        "coordinates": [
          46.7037951,
          24.7954245
        ]
      },
      "id": "node/13153880057"
    },
    {
      "type": "Feature",
      "properties": {
        "@id": "node/13153880058",
        "air_conditioning": "yes",
        "amenity": "cafe",
        "cuisine": "tea",
        "internet_access": "no",
        "name": "شاي شبرا",
        "opening_hours": "24/7",
        "outdoor_seating": "yes"
      },
      "geometry": {
        "type": "Point",
        "coordinates": [
          46.7082359,
          24.7976824
        ]
      },
      "id": "node/13153880058"
    },
    {
      "type": "Feature",
      "properties": {
        "@id": "node/13153977498",
        "amenity": "fast_food",
        "cuisine": "shawarma;burger;chicken",
        "drive_through": "no",
        "name": "Shawarma House",
        "name:ar": "بيت الشاورما",
        "opening_hours": "Mo-Su 05:00-3:30"
      },
      "geometry": {
        "type": "Point",
        "coordinates": [
          46.6568924,
          24.756185
        ]
      },
      "id": "node/13153977498"
    },
    {
      "type": "Feature",
      "properties": {
        "@id": "node/13154007612",
        "air_conditioning": "yes",
        "amenity": "cafe",
        "cuisine": "coffee_shop",
        "internet_access": "wlan",
        "internet_access:fee": "customers",
        "internet_access:ssid": "CACTI",
        "name": "Cacti Cafe",
        "name:ar": "كاكتي",
        "opening_hours": "24/7",
        "outdoor_seating": "yes"
      },
      "geometry": {
        "type": "Point",
        "coordinates": [
          46.7355671,
          24.8340533
        ]
      },
      "id": "node/13154007612"
    },
    {
      "type": "Feature",
      "properties": {
        "@id": "node/13154007613",
        "air_conditioning": "yes",
        "amenity": "cafe",
        "cuisine": "coffee_shop",
        "drive_through": "no",
        "internet_access": "wlan",
        "internet_access:fee": "customers",
        "internet_access:ssid": "KHVA_5G",
        "name": "KHVA Cafe",
        "name:ar": "كهڤا",
        "opening_hours": "24/7",
        "outdoor_seating": "yes"
      },
      "geometry": {
        "type": "Point",
        "coordinates": [
          46.7356202,
          24.8340814
        ]
      },
      "id": "node/13154007613"
    },
    {
      "type": "Feature",
      "properties": {
        "@id": "node/13154007614",
        "amenity": "cafe",
        "cuisine": "coffee_shop",
        "name": "Inspiration Cafe"
      },
      "geometry": {
        "type": "Point",
        "coordinates": [
          46.7355907,
          24.8340695
        ]
      },
      "id": "node/13154007614"
    },
    {
      "type": "Feature",
      "properties": {
        "@id": "node/13154007616",
        "amenity": "cafe",
        "cuisine": "coffee_shop;dessert",
        "name": "Jadeel",
        "name:ar": "جديل",
        "outdoor_seating": "no"
      },
      "geometry": {
        "type": "Point",
        "coordinates": [
          46.6910404,
          24.7692758
        ]
      },
      "id": "node/13154007616"
    },
    {
      "type": "Feature",
      "properties": {
        "@id": "node/13154007617",
        "amenity": "cafe",
        "cuisine": "coffee_shop;dessert",
        "name": "Camel Step",
        "name:ar": "خطوة جمل",
        "outdoor_seating": "no"
      },
      "geometry": {
        "type": "Point",
        "coordinates": [
          46.6910138,
          24.7693423
        ]
      },
      "id": "node/13154007617"
    },
    {
      "type": "Feature",
      "properties": {
        "@id": "node/13154159193",
        "air_conditioning": "yes",
        "amenity": "restaurant",
        "cuisine": "turkish;shawarma;kebab;chicken",
        "name": "ذوق المذاق",
        "name:en": "zoq al mazaq",
        "outdoor_seating": "yes",
        "phone": "+966 54 361 8492",
        "website": "zoqalmazaq.com",
        "wheelchair": "yes"
      },
      "geometry": {
        "type": "Point",
        "coordinates": [
          46.6994231,
          24.7509161
        ]
      },
      "id": "node/13154159193"
    },
    {
      "type": "Feature",
      "properties": {
        "@id": "node/13154159194",
        "air_conditioning": "yes",
        "amenity": "cafe",
        "brand": "ستاربكس",
        "brand:ar": "ستاربكس",
        "brand:en": "Starbucks",
        "brand:wikidata": "Q37158",
        "cuisine": "coffee_shop",
        "drive_through": "yes",
        "name": "ستاربكس",
        "name:ar": "ستاربكس",
        "name:en": "Starbucks",
        "official_name": "ستاربكس كافية",
        "official_name:ar": "ستاربكس كافية",
        "official_name:en": "Starbucks Coffee",
        "outdoor_seating": "no",
        "takeaway": "yes"
      },
      "geometry": {
        "type": "Point",
        "coordinates": [
          46.6999424,
          24.7495119
        ]
      },
      "id": "node/13154159194"
    },
    {
      "type": "Feature",
      "properties": {
        "@id": "node/13154159195",
        "amenity": "cafe",
        "brand": "تيم هورتونز",
        "brand:ar": "تيم هورتونز",
        "brand:en": "Tim Hortons",
        "brand:wikidata": "Q175106",
        "cuisine": "coffee_shop",
        "name": "تيم هورتونز",
        "name:ar": "تيم هورتونز",
        "name:en": "Tim Hortons",
        "outdoor_seating": "no",
        "takeaway": "yes"
      },
      "geometry": {
        "type": "Point",
        "coordinates": [
          46.7000912,
          24.7491964
        ]
      },
      "id": "node/13154159195"
    },
    {
      "type": "Feature",
      "properties": {
        "@id": "node/13154170701",
        "amenity": "fast_food",
        "brand": "الطازج",
        "brand:ar": "الطازج",
        "brand:en": "Al Tazaj",
        "brand:wikidata": "Q4704878",
        "cuisine": "chicken",
        "name": "الطازج",
        "name:ar": "الطازج",
        "name:en": "Al Tazaj",
        "takeaway": "yes"
      },
      "geometry": {
        "type": "Point",
        "coordinates": [
          46.6561546,
          24.7561287
        ]
      },
      "id": "node/13154170701"
    },
    {
      "type": "Feature",
      "properties": {
        "@id": "node/13154170702",
        "amenity": "fast_food",
        "brand": "هرفي",
        "brand:ar": "هرفي",
        "brand:en": "Herfy",
        "brand:wikidata": "Q5738371",
        "cuisine": "burger",
        "name": "هرفي",
        "name:ar": "هرفي",
        "name:en": "Herfy",
        "takeaway": "yes"
      },
      "geometry": {
        "type": "Point",
        "coordinates": [
          46.6575232,
          24.7559937
        ]
      },
      "id": "node/13154170702"
    },
    {
      "type": "Feature",
      "properties": {
        "@id": "node/13154170703",
        "amenity": "fast_food",
        "cuisine": "pizza",
        "drive_through": "no",
        "name": "Lorenzo Pizza"
      },
      "geometry": {
        "type": "Point",
        "coordinates": [
          46.6568871,
          24.7557346
        ]
      },
      "id": "node/13154170703"
    },
    {
      "type": "Feature",
      "properties": {
        "@id": "node/13154170705",
        "amenity": "fast_food",
        "branch": "McCafe",
        "brand": "ماكدونالدز",
        "brand:ar": "ماكدونالدز",
        "brand:en": "McDonald's",
        "brand:wikidata": "Q38076",
        "cuisine": "burger",
        "drive_through": "yes",
        "name": "ماكدونالدز",
        "name:ar": "ماكدونالدز",
        "name:en": "McDonald's",
        "takeaway": "yes"
      },
      "geometry": {
        "type": "Point",
        "coordinates": [
          46.6551,
          24.754999
        ]
      },
      "id": "node/13154170705"
    },
    {
      "type": "Feature",
      "properties": {
        "@id": "node/13154206159",
        "addr:city": "الرياض",
        "addr:postcode": "12468",
        "addr:street": "شارع زهير بن أبي سلمي",
        "air_conditioning": "yes",
        "amenity": "cafe",
        "cuisine": "coffee_shop;dessert",
        "internet_access": "wlan",
        "internet_access:fee": "customers",
        "name": "O2 Coffee",
        "opening_hours": "24/7",
        "outdoor_seating": "yes",
        "phone": "+966 56 692 3197",
        "toilets": "no"
      },
      "geometry": {
        "type": "Point",
        "coordinates": [
          46.6799527,
          24.7664811
        ]
      },
      "id": "node/13154206159"
    },
    {
      "type": "Feature",
      "properties": {
        "@id": "node/13154206160",
        "amenity": "restaurant",
        "name": "كبدة وفحمة"
      },
      "geometry": {
        "type": "Point",
        "coordinates": [
          46.6799056,
          24.7665838
        ]
      },
      "id": "node/13154206160"
    },
    {
      "type": "Feature",
      "properties": {
        "@id": "node/13154206161",
        "amenity": "restaurant",
        "cuisine": "middle_eastern;arab;breakfast",
        "name": "مطاعم الافراح"
      },
      "geometry": {
        "type": "Point",
        "coordinates": [
          46.692568,
          24.7645343
        ]
      },
      "id": "node/13154206161"
    },
    {
      "type": "Feature",
      "properties": {
        "@id": "node/13163719740",
        "amenity": "fast_food",
        "brand": "ماكدونالدز",
        "brand:ar": "ماكدونالدز",
        "brand:en": "McDonald's",
        "brand:wikidata": "Q38076",
        "cuisine": "burger",
        "drive_through": "yes",
        "name": "ماكدونالدز",
        "name:ar": "ماكدونالدز",
        "name:en": "McDonald's",
        "takeaway": "yes"
      },
      "geometry": {
        "type": "Point",
        "coordinates": [
          46.5752495,
          24.5645508
        ]
      },
      "id": "node/13163719740"
    },
    {
      "type": "Feature",
      "properties": {
        "@id": "node/13163719742",
        "amenity": "fast_food",
        "brand": "Subway",
        "brand:wikidata": "Q244457",
        "cuisine": "sandwich",
        "name": "Subway",
        "takeaway": "yes"
      },
      "geometry": {
        "type": "Point",
        "coordinates": [
          46.5753409,
          24.5648486
        ]
      },
      "id": "node/13163719742"
    },
    {
      "type": "Feature",
      "properties": {
        "@id": "node/13163719744",
        "amenity": "restaurant",
        "brand": "Pizza Hut",
        "brand:wikidata": "Q191615",
        "cuisine": "pizza",
        "name": "Pizza Hut"
      },
      "geometry": {
        "type": "Point",
        "coordinates": [
          46.575345,
          24.5649633
        ]
      },
      "id": "node/13163719744"
    },
    {
      "type": "Feature",
      "properties": {
        "@id": "node/13163959769",
        "amenity": "cafe",
        "cuisine": "coffee_shop",
        "name": "Okrio Coffee"
      },
      "geometry": {
        "type": "Point",
        "coordinates": [
          46.666938,
          24.7803282
        ]
      },
      "id": "node/13163959769"
    },
    {
      "type": "Feature",
      "properties": {
        "@id": "node/13167770468",
        "amenity": "fast_food",
        "brand": "ماكدونالدز",
        "brand:ar": "ماكدونالدز",
        "brand:en": "McDonald's",
        "brand:wikidata": "Q38076",
        "cuisine": "burger",
        "delivery": "yes",
        "drive_through": "yes",
        "name": "ماكدونالدز",
        "name:ar": "ماكدونالدز",
        "name:en": "McDonald's",
        "takeaway": "yes",
        "toilets": "yes"
      },
      "geometry": {
        "type": "Point",
        "coordinates": [
          46.6952563,
          24.7608687
        ]
      },
      "id": "node/13167770468"
    },
    {
      "type": "Feature",
      "properties": {
        "@id": "node/13167791053",
        "amenity": "fast_food",
        "cuisine": "sandwich",
        "drive_through": "no",
        "name": "قريب",
        "name:en": "GRYB"
      },
      "geometry": {
        "type": "Point",
        "coordinates": [
          46.7115361,
          24.7699242
        ]
      },
      "id": "node/13167791053"
    },
    {
      "type": "Feature",
      "properties": {
        "@id": "node/13167791054",
        "amenity": "fast_food",
        "brand": "دجاج كنتاكي",
        "brand:ar": "دجاج كنتاكي",
        "brand:en": "KFC",
        "brand:wikidata": "Q524757",
        "cuisine": "chicken",
        "name": "دجاج كنتاكي",
        "name:ar": "دجاج كنتاكي",
        "name:en": "KFC",
        "takeaway": "yes"
      },
      "geometry": {
        "type": "Point",
        "coordinates": [
          46.7123114,
          24.770343
        ]
      },
      "id": "node/13167791054"
    },
    {
      "type": "Feature",
      "properties": {
        "@id": "node/13167791055",
        "amenity": "fast_food",
        "brand": "Hardee's",
        "brand:wikidata": "Q1585088",
        "cuisine": "burger",
        "name": "Hardee's",
        "takeaway": "yes"
      },
      "geometry": {
        "type": "Point",
        "coordinates": [
          46.7123328,
          24.7702785
        ]
      },
      "id": "node/13167791055"
    },
    {
      "type": "Feature",
      "properties": {
        "@id": "node/13168508934",
        "air_conditioning": "yes",
        "amenity": "cafe",
        "cuisine": "coffee_shop",
        "internet_access": "wlan",
        "internet_access:fee": "customers",
        "internet_access:ssid": "CACTI",
        "name": "Cacti Cafe",
        "name:ar": "كاكتي",
        "opening_hours": "24/7",
        "outdoor_seating": "yes"
      },
      "geometry": {
        "type": "Point",
        "coordinates": [
          46.7026472,
          24.7647429
        ]
      },
      "id": "node/13168508934"
    },
    {
      "type": "Feature",
      "properties": {
        "@id": "node/13168508935",
        "amenity": "fast_food",
        "brand": "كودو",
        "brand:ar": "كودو",
        "brand:en": "Kudu",
        "brand:wikidata": "Q6441777",
        "cuisine": "sandwich",
        "name": "كودو",
        "name:ar": "كودو",
        "name:en": "Kudu",
        "takeaway": "yes"
      },
      "geometry": {
        "type": "Point",
        "coordinates": [
          46.6981263,
          24.7628126
        ]
      },
      "id": "node/13168508935"
    },
    {
      "type": "Feature",
      "properties": {
        "@id": "node/13168508936",
        "amenity": "fast_food",
        "brand": "دجاج كنتاكي",
        "brand:ar": "دجاج كنتاكي",
        "brand:en": "KFC",
        "brand:wikidata": "Q524757",
        "cuisine": "chicken",
        "drive_through": "yes",
        "name": "دجاج كنتاكي",
        "name:ar": "دجاج كنتاكي",
        "name:en": "KFC",
        "takeaway": "yes"
      },
      "geometry": {
        "type": "Point",
        "coordinates": [
          46.6950259,
          24.7615722
        ]
      },
      "id": "node/13168508936"
    },
    {
      "type": "Feature",
      "properties": {
        "@id": "node/13168508937",
        "amenity": "fast_food",
        "brand": "Hardee's",
        "brand:wikidata": "Q1585088",
        "cuisine": "burger",
        "drive_through": "yes",
        "name": "Hardee's",
        "takeaway": "yes"
      },
      "geometry": {
        "type": "Point",
        "coordinates": [
          46.6949481,
          24.7615475
        ]
      },
      "id": "node/13168508937"
    },
    {
      "type": "Feature",
      "properties": {
        "@id": "node/13168508940",
        "amenity": "restaurant",
        "cuisine": "arab;middle_eastern",
        "name": "مطاعم وادى الزمرد",
        "name:en": "Wadi Al Zomorod"
      },
      "geometry": {
        "type": "Point",
        "coordinates": [
          46.6866194,
          24.7583909
        ]
      },
      "id": "node/13168508940"
    },
    {
      "type": "Feature",
      "properties": {
        "@id": "node/13168508941",
        "amenity": "restaurant",
        "brand": "الزلال",
        "cuisine": "indian;pakistani",
        "name": "مطاعم الزلال",
        "name:en": "Al ZALAL RESTAURANT"
      },
      "geometry": {
        "type": "Point",
        "coordinates": [
          46.6742,
          24.7616213
        ]
      },
      "id": "node/13168508941"
    },
    {
      "type": "Feature",
      "properties": {
        "@id": "node/13168508942",
        "amenity": "fast_food",
        "brand": "كودو",
        "brand:ar": "كودو",
        "brand:en": "Kudu",
        "brand:wikidata": "Q6441777",
        "cuisine": "sandwich",
        "name": "كودو",
        "name:ar": "كودو",
        "name:en": "Kudu",
        "takeaway": "yes"
      },
      "geometry": {
        "type": "Point",
        "coordinates": [
          46.6736773,
          24.7602037
        ]
      },
      "id": "node/13168508942"
    },
    {
      "type": "Feature",
      "properties": {
        "@id": "node/13168516502",
        "amenity": "restaurant",
        "cuisine": "dessert;sandwich",
        "name": "دوار السعادة"
      },
      "geometry": {
        "type": "Point",
        "coordinates": [
          46.674634,
          24.7582768
        ]
      },
      "id": "node/13168516502"
    },
    {
      "type": "Feature",
      "properties": {
        "@id": "node/13168516503",
        "amenity": "fast_food",
        "cuisine": "burger",
        "name": "777 برجر مشوي",
        "name:en": "777 Burger"
      },
      "geometry": {
        "type": "Point",
        "coordinates": [
          46.6746602,
          24.7582186
        ]
      },
      "id": "node/13168516503"
    },
    {
      "type": "Feature",
      "properties": {
        "@id": "node/13168516504",
        "amenity": "fast_food",
        "cuisine": "burger",
        "name": "Animal burger"
      },
      "geometry": {
        "type": "Point",
        "coordinates": [
          46.6728143,
          24.7618752
        ]
      },
      "id": "node/13168516504"
    },
    {
      "type": "Feature",
      "properties": {
        "@id": "node/13168516505",
        "amenity": "restaurant",
        "cuisine": "middle_eastern;arab",
        "name": "بخاري",
        "note": "(نسيت الاسم)"
      },
      "geometry": {
        "type": "Point",
        "coordinates": [
          46.6728833,
          24.7616992
        ]
      },
      "id": "node/13168516505"
    },
    {
      "type": "Feature",
      "properties": {
        "@id": "node/13168547964",
        "amenity": "restaurant",
        "cuisine": "egyptian;1",
        "name": "مطعم مصري مأكولات نعمه"
      },
      "geometry": {
        "type": "Point",
        "coordinates": [
          46.6828036,
          24.7658938
        ]
      },
      "id": "node/13168547964"
    },
    {
      "type": "Feature",
      "properties": {
        "@id": "node/13168547968",
        "amenity": "cafe",
        "cuisine": "tea",
        "name": "شاي رسلان"
      },
      "geometry": {
        "type": "Point",
        "coordinates": [
          46.6850076,
          24.7615565
        ]
      },
      "id": "node/13168547968"
    },
    {
      "type": "Feature",
      "properties": {
        "@id": "node/13168547970",
        "amenity": "restaurant",
        "cuisine": "levantine;lebanese",
        "name": "دار رمان"
      },
      "geometry": {
        "type": "Point",
        "coordinates": [
          46.6862123,
          24.7591845
        ]
      },
      "id": "node/13168547970"
    },
    {
      "type": "Feature",
      "properties": {
        "@id": "node/13168547971",
        "amenity": "cafe",
        "cuisine": "coffee_shop",
        "name": "قهوة صحبة",
        "name:en": "Sohba Coffee",
        "outdoor_seating": "yes"
      },
      "geometry": {
        "type": "Point",
        "coordinates": [
          46.6870622,
          24.7575877
        ]
      },
      "id": "node/13168547971"
    },
    {
      "type": "Feature",
      "properties": {
        "@id": "node/13169532901",
        "addr:postcode": "14226",
        "addr:street": "ابن البواب",
        "amenity": "fast_food",
        "cuisine": "burger;fish_and_chips",
        "name": "تسالي بيان عبدالله",
        "opening_hours": "Mo-Su 12:00-02:00",
        "phone": "0553315371"
      },
      "geometry": {
        "type": "Point",
        "coordinates": [
          46.8100669,
          24.6997696
        ]
      },
      "id": "node/13169532901"
    },
    {
      "type": "Feature",
      "properties": {
        "@id": "node/13172732786",
        "amenity": "fast_food",
        "email": "info@saldwich.com",
        "instagram": "https://www.instagram.com/saldwich",
        "name": "سالدوتش",
        "name:en": "Saldwich",
        "opening_hours": "Mo-Th,Su 08:00-17:30",
        "phone": "+966 9200 23030",
        "tiktok": "https://www.tiktok.com/@saldwich",
        "twitter": "https://twitter.com/Saldwich",
        "website": "https://saldwich.com/"
      },
      "geometry": {
        "type": "Point",
        "coordinates": [
          46.6793578,
          24.7059308
        ]
      },
      "id": "node/13172732786"
    },
    {
      "type": "Feature",
      "properties": {
        "@id": "node/13172732787",
        "amenity": "fast_food",
        "email": "info@saldwich.com",
        "instagram": "https://www.instagram.com/saldwich",
        "name": "سالدوتش",
        "name:en": "Saldwich",
        "opening_hours": "Fr-Sa 12:00-02:00; Mo-Th,Su 09:00-02:00",
        "phone": "+966 9200 23030",
        "tiktok": "https://www.tiktok.com/@saldwich",
        "twitter": "https://twitter.com/Saldwich",
        "website": "https://saldwich.com/"
      },
      "geometry": {
        "type": "Point",
        "coordinates": [
          46.6069838,
          24.6942439
        ]
      },
      "id": "node/13172732787"
    },
    {
      "type": "Feature",
      "properties": {
        "@id": "node/13180709733",
        "addr:city": "الرياض",
        "addr:postcode": "14243",
        "addr:street": "شارع أبي هريرة",
        "amenity": "restaurant",
        "branch": "شاورما عرب فرع النسيم",
        "cuisine": "sandwich;chicken",
        "diet:vegetarian": "yes",
        "name": "شاورما عرب",
        "opening_hours": "24/7",
        "phone": "00966538646403"
      },
      "geometry": {
        "type": "Point",
        "coordinates": [
          46.8421397,
          24.7305435
        ]
      },
      "id": "node/13180709733"
    },
    {
      "type": "Feature",
      "properties": {
        "@id": "node/13183461713",
        "amenity": "fast_food",
        "brand": "Cinnabon",
        "brand:wikidata": "Q1092539",
        "cuisine": "dessert",
        "name": "Cinnabon",
        "takeaway": "yes"
      },
      "geometry": {
        "type": "Point",
        "coordinates": [
          46.692708,
          24.8062938
        ]
      },
      "id": "node/13183461713"
    },
    {
      "type": "Feature",
      "properties": {
        "@id": "node/13183461716",
        "amenity": "restaurant",
        "cuisine": "dessert",
        "name": "مولتن"
      },
      "geometry": {
        "type": "Point",
        "coordinates": [
          46.6928146,
          24.8064239
        ]
      },
      "id": "node/13183461716"
    },
    {
      "type": "Feature",
      "properties": {
        "@id": "node/13183461717",
        "amenity": "fast_food",
        "brand": "دانكن",
        "brand:ar": "دانكن",
        "brand:en": "Dunkin'",
        "brand:wikidata": "Q847743",
        "cuisine": "donut;coffee_shop",
        "drive_through": "no",
        "name": "دانكن دونتس",
        "name:ar": "دانكن دونتس",
        "name:en": "Dunkin' Donuts",
        "takeaway": "yes"
      },
      "geometry": {
        "type": "Point",
        "coordinates": [
          46.6926832,
          24.8063444
        ]
      },
      "id": "node/13183461717"
    },
    {
      "type": "Feature",
      "properties": {
        "@id": "node/13183461718",
        "amenity": "fast_food",
        "brand": "Papa John's",
        "brand:wikidata": "Q2759586",
        "cuisine": "pizza",
        "drive_through": "no",
        "name": "Papa John's",
        "takeaway": "yes"
      },
      "geometry": {
        "type": "Point",
        "coordinates": [
          46.6928208,
          24.8060982
        ]
      },
      "id": "node/13183461718"
    },
    {
      "type": "Feature",
      "properties": {
        "@id": "node/13183461719",
        "amenity": "fast_food",
        "cuisine": "burger",
        "name": "برغرايزر"
      },
      "geometry": {
        "type": "Point",
        "coordinates": [
          46.6928535,
          24.8060276
        ]
      },
      "id": "node/13183461719"
    },
    {
      "type": "Feature",
      "properties": {
        "@id": "node/13183461720",
        "amenity": "fast_food",
        "cuisine": "burger",
        "name": "روزاليا برجر"
      },
      "geometry": {
        "type": "Point",
        "coordinates": [
          46.6928391,
          24.8060683
        ]
      },
      "id": "node/13183461720"
    },
    {
      "type": "Feature",
      "properties": {
        "@id": "node/13197834688",
        "amenity": "restaurant",
        "cuisine": "moroccan",
        "name": "تنجه"
      },
      "geometry": {
        "type": "Point",
        "coordinates": [
          46.6749519,
          24.7522673
        ]
      },
      "id": "node/13197834688"
    },
    {
      "type": "Feature",
      "properties": {
        "@id": "node/13197834689",
        "amenity": "fast_food",
        "cuisine": "juice",
        "name": "وقت العصير"
      },
      "geometry": {
        "type": "Point",
        "coordinates": [
          46.6751615,
          24.7525172
        ]
      },
      "id": "node/13197834689"
    },
    {
      "type": "Feature",
      "properties": {
        "@id": "node/13197849168",
        "amenity": "restaurant",
        "cuisine": "middle_eastern",
        "diet:halal": "yes",
        "name": "حاشي باشا"
      },
      "geometry": {
        "type": "Point",
        "coordinates": [
          46.6789905,
          24.754934
        ]
      },
      "id": "node/13197849168"
    },
    {
      "type": "Feature",
      "properties": {
        "@id": "node/13197866774",
        "amenity": "fast_food",
        "cuisine": "juice",
        "name": "٥٠ فاكهة"
      },
      "geometry": {
        "type": "Point",
        "coordinates": [
          46.6760015,
          24.7528941
        ]
      },
      "id": "node/13197866774"
    },
    {
      "type": "Feature",
      "properties": {
        "@id": "node/13197917562",
        "amenity": "restaurant",
        "cuisine": "dessert",
        "name": "كنافة علي ابو الهوس"
      },
      "geometry": {
        "type": "Point",
        "coordinates": [
          46.6761779,
          24.7529547
        ]
      },
      "id": "node/13197917562"
    },
    {
      "type": "Feature",
      "properties": {
        "@id": "node/13197917563",
        "amenity": "restaurant",
        "cuisine": "barbecue",
        "name": "عناب"
      },
      "geometry": {
        "type": "Point",
        "coordinates": [
          46.676322,
          24.7530078
        ]
      },
      "id": "node/13197917563"
    },
    {
      "type": "Feature",
      "properties": {
        "@id": "node/13202911365",
        "amenity": "cafe",
        "brand": "Joe & The Juice",
        "brand:wikidata": "Q26221514",
        "cuisine": "coffee_shop",
        "name": "Joe & The Juice",
        "takeaway": "yes"
      },
      "geometry": {
        "type": "Point",
        "coordinates": [
          46.6422873,
          24.737877
        ]
      },
      "id": "node/13202911365"
    },
    {
      "type": "Feature",
      "properties": {
        "@id": "node/13204246286",
        "amenity": "restaurant",
        "brand": "Pizza Hut",
        "brand:wikidata": "Q191615",
        "cuisine": "pizza",
        "name": "Pizza Hut"
      },
      "geometry": {
        "type": "Point",
        "coordinates": [
          46.6840885,
          24.7561431
        ]
      },
      "id": "node/13204246286"
    },
    {
      "type": "Feature",
      "properties": {
        "@id": "node/13204246287",
        "amenity": "fast_food",
        "brand": "هرفي",
        "brand:ar": "هرفي",
        "brand:en": "Herfy",
        "brand:wikidata": "Q5738371",
        "cuisine": "burger",
        "name": "هرفي",
        "name:ar": "هرفي",
        "name:en": "Herfy",
        "takeaway": "yes"
      },
      "geometry": {
        "type": "Point",
        "coordinates": [
          46.6842388,
          24.7562113
        ]
      },
      "id": "node/13204246287"
    },
    {
      "type": "Feature",
      "properties": {
        "@id": "node/13204246288",
        "amenity": "fast_food",
        "brand": "Subway",
        "brand:wikidata": "Q244457",
        "cuisine": "sandwich",
        "drive_through": "no",
        "name": "Subway",
        "takeaway": "yes"
      },
      "geometry": {
        "type": "Point",
        "coordinates": [
          46.6835904,
          24.7559388
        ]
      },
      "id": "node/13204246288"
    },
    {
      "type": "Feature",
      "properties": {
        "@id": "node/13204305437",
        "amenity": "fast_food",
        "brand": "هرفي",
        "brand:ar": "هرفي",
        "brand:en": "Herfy",
        "brand:wikidata": "Q5738371",
        "cuisine": "burger",
        "name": "هرفي",
        "name:ar": "هرفي",
        "name:en": "Herfy",
        "takeaway": "yes"
      },
      "geometry": {
        "type": "Point",
        "coordinates": [
          46.673573,
          24.7608633
        ]
      },
      "id": "node/13204305437"
    },
    {
      "type": "Feature",
      "properties": {
        "@id": "node/13206010825",
        "addr:city": "الرياض",
        "addr:housenumber": "1",
        "addr:postcode": "13934",
        "addr:street": "العمارية",
        "leisure": "park",
        "name": "منتجع السلاطين",
        "opening_hours": "24/7",
        "operator": "منتجع",
        "operator:type": "business"
      },
      "geometry": {
        "type": "Point",
        "coordinates": [
          46.4121777,
          24.7993749
        ]
      },
      "id": "node/13206010825"
    },
    {
      "type": "Feature",
      "properties": {
        "@id": "node/13230273417",
        "amenity": "fast_food",
        "brand": "Hardee's",
        "brand:wikidata": "Q1585088",
        "cuisine": "burger",
        "name": "Hardee's",
        "takeaway": "yes"
      },
      "geometry": {
        "type": "Point",
        "coordinates": [
          46.5674114,
          24.7852362
        ]
      },
      "id": "node/13230273417"
    },
    {
      "type": "Feature",
      "properties": {
        "@id": "node/13233175395",
        "amenity": "cafe",
        "brand": "ستاربكس",
        "brand:ar": "ستاربكس",
        "brand:en": "Starbucks",
        "brand:wikidata": "Q37158",
        "cuisine": "coffee_shop",
        "name": "ستاربكس",
        "name:ar": "ستاربكس",
        "name:en": "Starbucks",
        "official_name": "ستاربكس كافية",
        "official_name:ar": "ستاربكس كافية",
        "official_name:en": "Starbucks Coffee",
        "takeaway": "yes"
      },
      "geometry": {
        "type": "Point",
        "coordinates": [
          46.678414,
          24.7332742
        ]
      },
      "id": "node/13233175395"
    },
    {
      "type": "Feature",
      "properties": {
        "@id": "node/13287940083",
        "amenity": "cafe",
        "cuisine": "coffee_shop",
        "name": "OJI"
      },
      "geometry": {
        "type": "Point",
        "coordinates": [
          46.7255933,
          24.7774223
        ]
      },
      "id": "node/13287940083"
    },
    {
      "type": "Feature",
      "properties": {
        "@id": "node/13288309889",
        "addr:city": "الرياض",
        "addr:housenumber": "السعودية",
        "addr:postcode": "13324",
        "addr:street": "طريق أبي بكر الصديق",
        "amenity": "cafe",
        "cuisine": "coffee_shop",
        "internet_access": "yes",
        "internet_access:fee": "customers",
        "name": "نهار NAHAR",
        "opening_hours": "Mo-Fr 09:00-17:00",
        "phone": "+966552466128",
        "website": "https://www.instagram.com/nahar_bakery"
      },
      "geometry": {
        "type": "Point",
        "coordinates": [
          46.6600229,
          24.8314319
        ]
      },
      "id": "node/13288309889"
    },
    {
      "type": "Feature",
      "properties": {
        "@id": "node/13319156291",
        "name": "طائرات كانيون",
        "name:ar": "طائرات كانيون",
        "name:en": "Canyon Charters",
        "source": "survey",
        "tourism": "attraction"
      },
      "geometry": {
        "type": "Point",
        "coordinates": [
          46.3335475,
          24.5890744
        ]
      },
      "id": "node/13319156291"
    },
    {
      "type": "Feature",
      "properties": {
        "@id": "node/13319156293",
        "attraction": "roller_coaster",
        "name": "الأدرينا-لاين",
        "name:ar": "الأدرينا-لاين",
        "name:en": "Adrena-Line",
        "source": "survey",
        "tourism": "attraction"
      },
      "geometry": {
        "type": "Point",
        "coordinates": [
          46.3321673,
          24.5876014
        ]
      },
      "id": "node/13319156293"
    },
    {
      "type": "Feature",
      "properties": {
        "@id": "node/13319156294",
        "attraction": "roller_coaster",
        "name": "فالكون فلايت",
        "name:ar": "فالكون فلايت",
        "name:en": "Falcons Flight",
        "source": "survey",
        "tourism": "attraction"
      },
      "geometry": {
        "type": "Point",
        "coordinates": [
          46.3331062,
          24.5874318
        ]
      },
      "id": "node/13319156294"
    },
    {
      "type": "Feature",
      "properties": {
        "@id": "node/13319156296",
        "name": "توايلايت إكسبرس",
        "name:ar": "توايلايت إكسبرس",
        "name:en": "Twilight Express",
        "source": "survey",
        "tourism": "attraction"
      },
      "geometry": {
        "type": "Point",
        "coordinates": [
          46.3331302,
          24.5894897
        ]
      },
      "id": "node/13319156296"
    },
    {
      "type": "Feature",
      "properties": {
        "@id": "node/13319156297",
        "name": "بالونات كلايدوسكوب",
        "name:ar": "بالونات كلايدوسكوب",
        "name:en": "Kaleidoscope Balloons",
        "source": "survey",
        "tourism": "attraction"
      },
      "geometry": {
        "type": "Point",
        "coordinates": [
          46.3332056,
          24.590091
        ]
      },
      "id": "node/13319156297"
    },
    {
      "type": "Feature",
      "properties": {
        "@id": "node/13319156298",
        "name": "الخيول العربية",
        "name:ar": "الخيول العربية",
        "name:en": "Arabian Carousel",
        "source": "survey",
        "tourism": "attraction"
      },
      "geometry": {
        "type": "Point",
        "coordinates": [
          46.3344151,
          24.5880258
        ]
      },
      "id": "node/13319156298"
    },
    {
      "type": "Feature",
      "properties": {
        "@id": "node/13319156299",
        "name": "الدلو المائي",
        "name:ar": "الدلو المائي",
        "name:en": "Water Wheel",
        "source": "survey",
        "tourism": "attraction"
      },
      "geometry": {
        "type": "Point",
        "coordinates": [
          46.3321215,
          24.5889732
        ]
      },
      "id": "node/13319156299"
    },
    {
      "type": "Feature",
      "properties": {
        "@id": "node/13319197401",
        "attraction": "roller_coaster",
        "name": "العملاق",
        "name:ar": "العملاق",
        "name:en": "Colossus",
        "source": "survey",
        "tourism": "attraction"
      },
      "geometry": {
        "type": "Point",
        "coordinates": [
          46.3341213,
          24.5874853
        ]
      },
      "id": "node/13319197401"
    },
    {
      "type": "Feature",
      "properties": {
        "@id": "node/13319197403",
        "attraction": "roller_coaster",
        "name": "سبروكنايتر",
        "name:ar": "سبروكنايتر",
        "name:en": "Spitfire",
        "source": "survey",
        "tourism": "attraction"
      },
      "geometry": {
        "type": "Point",
        "coordinates": [
          46.3347405,
          24.5895833
        ]
      },
      "id": "node/13319197403"
    },
    {
      "type": "Feature",
      "properties": {
        "@id": "node/13319197404",
        "name": "سكاي واتش",
        "name:ar": "سكاي واتش",
        "name:en": "Skywatch",
        "source": "survey",
        "tourism": "attraction"
      },
      "geometry": {
        "type": "Point",
        "coordinates": [
          46.3338341,
          24.5893394
        ]
      },
      "id": "node/13319197404"
    },
    {
      "type": "Feature",
      "properties": {
        "@id": "node/13319197405",
        "attraction": "bumper_car",
        "name": "الدُوار",
        "name:ar": "الدُوار",
        "name:en": "Roundabout",
        "source": "survey",
        "tourism": "attraction"
      },
      "geometry": {
        "type": "Point",
        "coordinates": [
          46.333278,
          24.588293
        ]
      },
      "id": "node/13319197405"
    },
    {
      "type": "Feature",
      "properties": {
        "@id": "node/13319197406",
        "attraction": "roller_coaster",
        "name": "راتلر",
        "name:ar": "راتلر",
        "name:en": "Iron Rattler",
        "source": "survey",
        "tourism": "attraction"
      },
      "geometry": {
        "type": "Point",
        "coordinates": [
          46.3322603,
          24.5898947
        ]
      },
      "id": "node/13319197406"
    },
    {
      "type": "Feature",
      "properties": {
        "@id": "node/13319197407",
        "attraction": "roller_coaster",
        "name": "سي ستاليون",
        "name:ar": "سي ستاليون",
        "name:en": "Sea Stallion",
        "source": "survey",
        "tourism": "attraction"
      },
      "geometry": {
        "type": "Point",
        "coordinates": [
          46.3316351,
          24.588476
        ]
      },
      "id": "node/13319197407"
    },
    {
      "type": "Feature",
      "properties": {
        "@id": "node/13319197408",
        "name": "درب الكنز",
        "name:ar": "درب الكنز",
        "name:en": "Treasure Trail",
        "source": "survey",
        "tourism": "attraction"
      },
      "geometry": {
        "type": "Point",
        "coordinates": [
          46.3337811,
          24.5888723
        ]
      },
      "id": "node/13319197408"
    },
    {
      "type": "Feature",
      "properties": {
        "@id": "node/13319197409",
        "leisure": "playground",
        "name": "مُلتقى المغامرات",
        "name:ar": "مُلتقى المغامرات",
        "name:en": "Adventure Junction",
        "source": "survey",
        "tourism": "attraction"
      },
      "geometry": {
        "type": "Point",
        "coordinates": [
          46.3324531,
          24.5893301
        ]
      },
      "id": "node/13319197409"
    },
    {
      "type": "Feature",
      "properties": {
        "@id": "node/13319197410",
        "name": "إنشانتد جرينهاوس",
        "name:ar": "إنشانتد جرينهاوس",
        "name:en": "The Enchanted Greenhouse",
        "source": "survey",
        "tourism": "attraction"
      },
      "geometry": {
        "type": "Point",
        "coordinates": [
          46.3331035,
          24.5899188
        ]
      },
      "id": "node/13319197410"
    },
    {
      "type": "Feature",
      "properties": {
        "@id": "node/13319197414",
        "name": "ستيل ستامبيد",
        "name:ar": "ستيل ستامبيد",
        "name:en": "Steel Stampede",
        "source": "survey",
        "tourism": "attraction"
      },
      "geometry": {
        "type": "Point",
        "coordinates": [
          46.3317738,
          24.5896641
        ]
      },
      "id": "node/13319197414"
    },
    {
      "type": "Feature",
      "properties": {
        "@id": "node/13319197415",
        "name": "أميرة البُحيرة",
        "name:ar": "أميرة البُحيرة",
        "name:en": "Amirat Al Buhayra",
        "source": "survey",
        "tourism": "attraction"
      },
      "geometry": {
        "type": "Point",
        "coordinates": [
          46.3336065,
          24.5901529
        ]
      },
      "id": "node/13319197415"
    },
    {
      "type": "Feature",
      "properties": {
        "@id": "node/13319197416",
        "name": "أكواتوبيا",
        "name:ar": "أكواتوبيا",
        "name:en": "Aquatopia",
        "source": "survey",
        "tourism": "attraction"
      },
      "geometry": {
        "type": "Point",
        "coordinates": [
          46.331767,
          24.5888333
        ]
      },
      "id": "node/13319197416"
    },
    {
      "type": "Feature",
      "properties": {
        "@id": "node/13319197417",
        "attraction": "amusement_ride",
        "name": "سبتفاير",
        "name:ar": "سبتفاير",
        "name:en": "Sprockenator",
        "source": "survey",
        "tourism": "attraction"
      },
      "geometry": {
        "type": "Point",
        "coordinates": [
          46.3325383,
          24.5890266
        ]
      },
      "id": "node/13319197417"
    },
    {
      "type": "Feature",
      "properties": {
        "@id": "node/13375677201",
        "addr:street": "الزبير بن العوام",
        "amenity": "cafe",
        "name": "Breehant",
        "name:ar": "بريهانت"
      },
      "geometry": {
        "type": "Point",
        "coordinates": [
          46.809894,
          24.706384
        ]
      },
      "id": "node/13375677201"
    },
    {
      "type": "Feature",
      "properties": {
        "@id": "node/13375845301",
        "addr:street": "شارع العليا",
        "amenity": "cafe",
        "name": "بريهانت",
        "name:en": "Breehant"
      },
      "geometry": {
        "type": "Point",
        "coordinates": [
          46.6254879,
          24.8128563
        ]
      },
      "id": "node/13375845301"
    },
    {
      "type": "Feature",
      "properties": {
        "@id": "node/13385739201",
        "addr:street": "الإمام أحمد بن حنبل",
        "amenity": "restaurant",
        "contact:instagram": "wister_sa",
        "cuisine": "american;burger",
        "name": "ويستر",
        "name:en": "WISTER",
        "opening_hours": "Su-Th 13:00-01:00; Fr-Sa 13:00-02:00",
        "self_service": "yes"
      },
      "geometry": {
        "type": "Point",
        "coordinates": [
          46.7941364,
          24.7129194
        ]
      },
      "id": "node/13385739201"
    },
    {
      "type": "Feature",
      "properties": {
        "@id": "node/13387648801",
        "amenity": "cafe",
        "name": "محمصة كيرف",
        "name:en": "Curve Roastery"
      },
      "geometry": {
        "type": "Point",
        "coordinates": [
          46.7612447,
          24.6975992
        ]
      },
      "id": "node/13387648801"
    },
    {
      "type": "Feature",
      "properties": {
        "@id": "node/13390454001",
        "amenity": "cafe",
        "internet_access": "wlan",
        "name:en": "Dr. Cafe coffee"
      },
      "geometry": {
        "type": "Point",
        "coordinates": [
          46.6778658,
          24.7057424
        ]
      },
      "id": "node/13390454001"
    },
    {
      "type": "Feature",
      "properties": {
        "@id": "node/13397769619",
        "addr:city": "riyadh",
        "addr:housenumber": "6323",
        "addr:postcode": "13516",
        "addr:street": "طريق الأمير محمد بن سلمان بن عبدالعزيز",
        "leisure": "park",
        "name": "المسار الرياضي - ذا قروف",
        "opening_hours": "24/7",
        "operator": "المسار الرياضي | Sports Boulevard",
        "operator:type": "public"
      },
      "geometry": {
        "type": "Point",
        "coordinates": [
          46.6059637,
          24.7629696
        ]
      },
      "id": "node/13397769619"
    },
    {
      "type": "Feature",
      "properties": {
        "@id": "node/13408699625",
        "addr:street": "سعد بن عتيق",
        "amenity": "restaurant",
        "name": "بيتزا لمة"
      },
      "geometry": {
        "type": "Point",
        "coordinates": [
          46.6613148,
          24.5959349
        ]
      },
      "id": "node/13408699625"
    },
    {
      "type": "Feature",
      "properties": {
        "@id": "node/13415346082",
        "name": "مهد آل سعود",
        "name:ar": "مهد آل سعود",
        "name:en": "Birthplace of the House of Saud",
        "tourism": "museum",
        "wikidata": "Q31711",
        "wikipedia": "ar:آل سعود"
      },
      "geometry": {
        "type": "Point",
        "coordinates": [
          46.575797,
          24.7340566
        ]
      },
      "id": "node/13415346082"
    },
    {
      "type": "Feature",
      "properties": {
        "@id": "node/13415346083",
        "name": "مهد الوهابية",
        "name:ar": "مهد الوهابية",
        "name:en": "Birthplace of Wahhabism",
        "tourism": "attraction",
        "wikidata": "Q163140",
        "wikipedia": "ar:الوهابية"
      },
      "geometry": {
        "type": "Point",
        "coordinates": [
          46.3737336,
          24.9027814
        ]
      },
      "id": "node/13415346083"
    },
    {
      "type": "Feature",
      "properties": {
        "@id": "node/13423578650",
        "addr:city": "الرياض",
        "addr:housenumber": "6700",
        "addr:postcode": "14913",
        "addr:street": "خديجة بنت خويلد",
        "air_conditioning": "yes",
        "amenity": "restaurant",
        "branch": "فرع خديجة بنت خويبد",
        "brand": "مطعم شواية النخبة البخاري",
        "cuisine": "regional;barbecue;مطعم_بخاري;أفضل_مطعم_بخاري_في_الرياض;مطعم_رز_بخاري;مطعم;مطعم_فاتح_الآن;مطعم_سعودي;مطعم_دجاج",
        "diet:halal": "yes",
        "name": "مطعم شواية النخبة البخاري",
        "name:en": "Elite Bukhari Grill Restaurant |",
        "opening_hours": "10:00-23:00",
        "phone": "+966553643368",
        "reservation": "yes",
        "website": "https://linktr.ee/sh_alnkhbah.sa"
      },
      "geometry": {
        "type": "Point",
        "coordinates": [
          46.5929318,
          24.5901386
        ]
      },
      "id": "node/13423578650"
    },
    {
      "type": "Feature",
      "properties": {
        "@id": "node/13426560901",
        "amenity": "cafe",
        "name:en": "Dunkin"
      },
      "geometry": {
        "type": "Point",
        "coordinates": [
          46.7628213,
          24.8554298
        ]
      },
      "id": "node/13426560901"
    },
    {
      "type": "Feature",
      "properties": {
        "@id": "node/13426993302",
        "amenity": "cafe",
        "name:en": "Mamma Bunz Cafe"
      },
      "geometry": {
        "type": "Point",
        "coordinates": [
          46.76309,
          24.8555446
        ]
      },
      "id": "node/13426993302"
    },
    {
      "type": "Feature",
      "properties": {
        "@id": "node/13434815673",
        "amenity": "restaurant",
        "name": "فطيرة الفلافل"
      },
      "geometry": {
        "type": "Point",
        "coordinates": [
          46.6362412,
          24.5961247
        ]
      },
      "id": "node/13434815673"
    },
    {
      "type": "Feature",
      "properties": {
        "@id": "node/13435253364",
        "amenity": "restaurant",
        "name": "شواية الخليج"
      },
      "geometry": {
        "type": "Point",
        "coordinates": [
          46.6364544,
          24.5962576
        ]
      },
      "id": "node/13435253364"
    },
    {
      "type": "Feature",
      "properties": {
        "@id": "node/13446018192",
        "air_conditioning": "yes",
        "amenity": "fast_food",
        "brand": "دجاج كنتاكي",
        "brand:ar": "دجاج كنتاكي",
        "brand:en": "KFC",
        "brand:wikidata": "Q524757",
        "cuisine": "chicken",
        "drive_through": "yes",
        "highchair": "no",
        "name": "دجاج كنتاكي",
        "name:ar": "دجاج كنتاكي",
        "name:en": "KFC",
        "outdoor_seating": "no",
        "stroller": "yes",
        "takeaway": "yes",
        "toilets": "yes",
        "website": "https://saudi.kfc.me"
      },
      "geometry": {
        "type": "Point",
        "coordinates": [
          46.8634136,
          24.8523546
        ]
      },
      "id": "node/13446018192"
    },
    {
      "type": "Feature",
      "properties": {
        "@id": "node/13477392859",
        "amenity": "cafe",
        "brand": "% Arabica",
        "brand:wikidata": "Q107639197",
        "cuisine": "coffee_shop",
        "indoor_seating": "yes",
        "name": "% Arabica Roastery ‎",
        "opening_hours": "Mo-We 07:00-23:00; Th-Fr 07:00-03:00; Sa-Su 07:00-23:00",
        "phone": "+966 11 209 4970",
        "takeaway": "yes",
        "website": "https://arabica.com/en/location/arabica-riyadh-roastery/"
      },
      "geometry": {
        "type": "Point",
        "coordinates": [
          46.6218755,
          24.7668649
        ]
      },
      "id": "node/13477392859"
    },
    {
      "type": "Feature",
      "properties": {
        "@id": "node/13477669739",
        "amenity": "cafe",
        "brand": "% Arabica",
        "brand:wikidata": "Q107639197",
        "cuisine": "coffee_shop",
        "indoor_seating": "yes",
        "opening_hours": "Mo-Th 07:00-00:00; Fr 07:00-02:00; Sa-Su 07:00-00:00",
        "takeaway": "yes",
        "website": "https://arabica.com/en/location/arabica-riyadh-the-zone/"
      },
      "geometry": {
        "type": "Point",
        "coordinates": [
          46.6479569,
          24.7317399
        ]
      },
      "id": "node/13477669739"
    },
    {
      "type": "Feature",
      "properties": {
        "@id": "node/13519212361",
        "amenity": "fast_food",
        "cuisine": "pizza",
        "name": "Lorenzo"
      },
      "geometry": {
        "type": "Point",
        "coordinates": [
          46.7033988,
          24.7855041
        ]
      },
      "id": "node/13519212361"
    },
    {
      "type": "Feature",
      "properties": {
        "@id": "node/13546074101",
        "amenity": "cafe",
        "name": "ستاربكس",
        "name:en": "Starbucks"
      },
      "geometry": {
        "type": "Point",
        "coordinates": [
          46.772221,
          24.678181
        ]
      },
      "id": "node/13546074101"
    },
    {
      "type": "Feature",
      "properties": {
        "@id": "node/13556482201",
        "amenity": "restaurant",
        "name": "مولتو",
        "name:en": "Molto"
      },
      "geometry": {
        "type": "Point",
        "coordinates": [
          46.6467521,
          24.8000079
        ]
      },
      "id": "node/13556482201"
    },
    {
      "type": "Feature",
      "properties": {
        "@id": "node/13566300103",
        "amenity": "cafe",
        "indoor_seating": "yes",
        "name": "Social Cafe & Roastery",
        "opening_hours": "Mo-We,Sa-Su 07:00-01:00; PH unknown; Th 07:00-02:00; Fr 12:00-02:00",
        "outdoor_seating": "yes"
      },
      "geometry": {
        "type": "Point",
        "coordinates": [
          46.6435527,
          24.7256873
        ]
      },
      "id": "node/13566300103"
    },
    {
      "type": "Feature",
      "properties": {
        "@id": "node/13571945897",
        "amenity": "restaurant",
        "name": "خب / زه",
        "name:ar": "خب / زه",
        "name:en": "K A B / A Z A"
      },
      "geometry": {
        "type": "Point",
        "coordinates": [
          46.6433582,
          24.7257951
        ]
      },
      "id": "node/13571945897"
    },
    {
      "type": "Feature",
      "properties": {
        "@id": "node/13571945899",
        "amenity": "restaurant",
        "cuisine": "sushi",
        "name": "Sushi Library"
      },
      "geometry": {
        "type": "Point",
        "coordinates": [
          46.6423442,
          24.726406
        ]
      },
      "id": "node/13571945899"
    },
    {
      "type": "Feature",
      "properties": {
        "@id": "node/13571945900",
        "amenity": "restaurant",
        "name": "ARCOMI"
      },
      "geometry": {
        "type": "Point",
        "coordinates": [
          46.6422747,
          24.7266455
        ]
      },
      "id": "node/13571945900"
    },
    {
      "type": "Feature",
      "properties": {
        "@id": "node/13572496434",
        "amenity": "restaurant",
        "name": "Calo Right",
        "name:ar": "كالو رايت"
      },
      "geometry": {
        "type": "Point",
        "coordinates": [
          46.6040997,
          24.7420418
        ]
      },
      "id": "node/13572496434"
    },
    {
      "type": "Feature",
      "properties": {
        "@id": "node/13572499788",
        "amenity": "restaurant",
        "name": "BZT Murvey Food"
      },
      "geometry": {
        "type": "Point",
        "coordinates": [
          46.6039941,
          24.7415755
        ]
      },
      "id": "node/13572499788"
    },
    {
      "type": "Feature",
      "properties": {
        "@id": "node/13572507574",
        "amenity": "fast_food",
        "brand": "دانكن",
        "brand:ar": "دانكن",
        "brand:en": "Dunkin'",
        "brand:wikidata": "Q847743",
        "cuisine": "donut;coffee_shop",
        "name": "دانكن دونتس",
        "name:ar": "دانكن دونتس",
        "name:en": "Dunkin' Donuts",
        "takeaway": "yes"
      },
      "geometry": {
        "type": "Point",
        "coordinates": [
          46.6040472,
          24.7416013
        ]
      },
      "id": "node/13572507574"
    },
    {
      "type": "Feature",
      "properties": {
        "@id": "node/13572507575",
        "amenity": "restaurant",
        "name": "Fish Face"
      },
      "geometry": {
        "type": "Point",
        "coordinates": [
          46.6042019,
          24.741664
        ]
      },
      "id": "node/13572507575"
    },
    {
      "type": "Feature",
      "properties": {
        "@id": "node/13572515134",
        "amenity": "restaurant",
        "brand": "Pizza Hut",
        "brand:wikidata": "Q191615",
        "cuisine": "pizza",
        "name": "Pizza Hut"
      },
      "geometry": {
        "type": "Point",
        "coordinates": [
          46.6041362,
          24.7416426
        ]
      },
      "id": "node/13572515134"
    },
    {
      "type": "Feature",
      "properties": {
        "@id": "node/13572532173",
        "amenity": "restaurant",
        "name": "Fatte w Snoubar"
      },
      "geometry": {
        "type": "Point",
        "coordinates": [
          46.604063,
          24.7421169
        ]
      },
      "id": "node/13572532173"
    },
    {
      "type": "Feature",
      "properties": {
        "@id": "node/13572535070",
        "amenity": "restaurant",
        "name": "Acus",
        "name:ar": "آقوس"
      },
      "geometry": {
        "type": "Point",
        "coordinates": [
          46.6040909,
          24.7416255
        ]
      },
      "id": "node/13572535070"
    },
    {
      "type": "Feature",
      "properties": {
        "@id": "node/13572543245",
        "amenity": "restaurant",
        "name": "Olla"
      },
      "geometry": {
        "type": "Point",
        "coordinates": [
          46.6041378,
          24.7419654
        ]
      },
      "id": "node/13572543245"
    },
    {
      "type": "Feature",
      "properties": {
        "@id": "node/13579823701",
        "addr:street": "الأمير سعد بن عبدالرحمن الأول",
        "amenity": "restaurant",
        "cuisine": "arab",
        "name": "فلافل ثمار",
        "name:en": "Falafel Themar",
        "opening_hours": "Mo-Su 10:00-04:15",
        "phone": "9200 31222",
        "website": "https://themarfoods.com"
      },
      "geometry": {
        "type": "Point",
        "coordinates": [
          46.8146931,
          24.6946938
        ]
      },
      "id": "node/13579823701"
    }
  ]
}