ERROR 2026-04-01 10:23:43 log 22656 23336 Invalid HTTP_HOST header: 'testserver'. You may need to add 'testserver' to ALLOWED_HOSTS.
Traceback (most recent call last):
  File "C:\Users\majd9\OneDrive\Desktop\tizahab_project1\tizahab-web\.venv\Lib\site-packages\django\core\handlers\exception.py", line 55, in inner
    response = get_response(request)
  File "C:\Users\majd9\OneDrive\Desktop\tizahab_project1\tizahab-web\.venv\Lib\site-packages\django\utils\deprecation.py", line 308, in __call__
    response = self.process_request(request)
  File "C:\Users\majd9\OneDrive\Desktop\tizahab_project1\tizahab-web\.venv\Lib\site-packages\django\middleware\common.py", line 48, in process_request
    host = request.get_host()
  File "C:\Users\majd9\OneDrive\Desktop\tizahab_project1\tizahab-web\.venv\Lib\site-packages\django\http\request.py", line 205, in get_host
    raise DisallowedHost(msg)
django.core.exceptions.DisallowedHost: Invalid HTTP_HOST header: 'testserver'. You may need to add 'testserver' to ALLOWED_HOSTS.
ERROR 2026-04-01 10:23:43 log 22656 23336 Invalid HTTP_HOST header: 'testserver'. You may need to add 'testserver' to ALLOWED_HOSTS.
Traceback (most recent call last):
  File "C:\Users\majd9\OneDrive\Desktop\tizahab_project1\tizahab-web\.venv\Lib\site-packages\django\core\handlers\exception.py", line 55, in inner
    response = get_response(request)
  File "C:\Users\majd9\OneDrive\Desktop\tizahab_project1\tizahab-web\.venv\Lib\site-packages\django\utils\deprecation.py", line 308, in __call__
    response = self.process_request(request)
  File "C:\Users\majd9\OneDrive\Desktop\tizahab_project1\tizahab-web\.venv\Lib\site-packages\django\middleware\common.py", line 48, in process_request
    host = request.get_host()
  File "C:\Users\majd9\OneDrive\Desktop\tizahab_project1\tizahab-web\.venv\Lib\site-packages\django\http\request.py", line 205, in get_host
    raise DisallowedHost(msg)
django.core.exceptions.DisallowedHost: Invalid HTTP_HOST header: 'testserver'. You may need to add 'testserver' to ALLOWED_HOSTS.
ERROR 2026-04-01 10:23:43 log 22656 23336 Invalid HTTP_HOST header: 'testserver'. You may need to add 'testserver' to ALLOWED_HOSTS.
Traceback (most recent call last):
  File "C:\Users\majd9\OneDrive\Desktop\tizahab_project1\tizahab-web\.venv\Lib\site-packages\django\core\handlers\exception.py", line 55, in inner
    response = get_response(request)
  File "C:\Users\majd9\OneDrive\Desktop\tizahab_project1\tizahab-web\.venv\Lib\site-packages\django\utils\deprecation.py", line 308, in __call__
    response = self.process_request(request)
  File "C:\Users\majd9\OneDrive\Desktop\tizahab_project1\tizahab-web\.venv\Lib\site-packages\django\middleware\common.py", line 48, in process_request
    host = request.get_host()
  File "C:\Users\majd9\OneDrive\Desktop\tizahab_project1\tizahab-web\.venv\Lib\site-packages\django\http\request.py", line 205, in get_host
    raise DisallowedHost(msg)
django.core.exceptions.DisallowedHost: Invalid HTTP_HOST header: 'testserver'. You may need to add 'testserver' to ALLOWED_HOSTS.
ERROR 2026-04-01 10:23:43 log 22656 23336 Invalid HTTP_HOST header: 'testserver'. You may need to add 'testserver' to ALLOWED_HOSTS.
Traceback (most recent call last):
  File "C:\Users\majd9\OneDrive\Desktop\tizahab_project1\tizahab-web\.venv\Lib\site-packages\django\core\handlers\exception.py", line 55, in inner
    response = get_response(request)
  File "C:\Users\majd9\OneDrive\Desktop\tizahab_project1\tizahab-web\.venv\Lib\site-packages\django\utils\deprecation.py", line 308, in __call__
    response = self.process_request(request)
  File "C:\Users\majd9\OneDrive\Desktop\tizahab_project1\tizahab-web\.venv\Lib\site-packages\django\middleware\common.py", line 48, in process_request
    host = request.get_host()
  File "C:\Users\majd9\OneDrive\Desktop\tizahab_project1\tizahab-web\.venv\Lib\site-packages\django\http\request.py", line 205, in get_host
    raise DisallowedHost(msg)
django.core.exceptions.DisallowedHost: Invalid HTTP_HOST header: 'testserver'. You may need to add 'testserver' to ALLOWED_HOSTS.
ERROR 2026-04-07 15:35:25 log 20436 16452 Invalid HTTP_HOST header: 'testserver'. You may need to add 'testserver' to ALLOWED_HOSTS.
Traceback (most recent call last):
  File "C:\Users\majd9\OneDrive\Desktop\tizahab_project1\tizahab-web\.venv\Lib\site-packages\django\core\handlers\exception.py", line 55, in inner
    response = get_response(request)
  File "C:\Users\majd9\OneDrive\Desktop\tizahab_project1\tizahab-web\.venv\Lib\site-packages\django\utils\deprecation.py", line 308, in __call__
    response = self.process_request(request)
  File "C:\Users\majd9\OneDrive\Desktop\tizahab_project1\tizahab-web\.venv\Lib\site-packages\django\middleware\common.py", line 48, in process_request
    host = request.get_host()
  File "C:\Users\majd9\OneDrive\Desktop\tizahab_project1\tizahab-web\.venv\Lib\site-packages\django\http\request.py", line 205, in get_host
    raise DisallowedHost(msg)
django.core.exceptions.DisallowedHost: Invalid HTTP_HOST header: 'testserver'. You may need to add 'testserver' to ALLOWED_HOSTS.
ERROR 2026-04-12 10:37:20 log 3352 12748 Internal Server Error: /api/auth/me/
Traceback (most recent call last):
  File "C:\Users\majd9\OneDrive\Desktop\tizahab_project1\tizahab-web\.venv\Lib\site-packages\django\db\backends\utils.py", line 105, in _execute
    return self.cursor.execute(sql, params)
           ~~~~~~~~~~~~~~~~~~~^^^^^^^^^^^^^
  File "C:\Users\majd9\OneDrive\Desktop\tizahab_project1\tizahab-web\.venv\Lib\site-packages\django\db\backends\sqlite3\base.py", line 359, in execute
    return super().execute(query, params)
           ~~~~~~~~~~~~~~~^^^^^^^^^^^^^^^
sqlite3.OperationalError: no such column: accounts_userpreferences.trip_duration

The above exception was the direct cause of the following exception:

Traceback (most recent call last):
  File "C:\Users\majd9\OneDrive\Desktop\tizahab_project1\tizahab-web\.venv\Lib\site-packages\django\core\handlers\exception.py", line 55, in inner
    response = get_response(request)
  File "C:\Users\majd9\OneDrive\Desktop\tizahab_project1\tizahab-web\.venv\Lib\site-packages\django\core\handlers\base.py", line 198, in _get_response
    response = wrapped_callback(request, *callback_args, **callback_kwargs)
  File "C:\Users\majd9\OneDrive\Desktop\tizahab_project1\tizahab-web\.venv\Lib\site-packages\django\views\decorators\csrf.py", line 65, in _view_wrapper
    return view_func(request, *args, **kwargs)
  File "C:\Users\majd9\OneDrive\Desktop\tizahab_project1\tizahab-web\.venv\Lib\site-packages\django\views\generic\base.py", line 106, in view
    return self.dispatch(request, *args, **kwargs)
           ~~~~~~~~~~~~~^^^^^^^^^^^^^^^^^^^^^^^^^^
  File "C:\Users\majd9\OneDrive\Desktop\tizahab_project1\tizahab-web\.venv\Lib\site-packages\rest_framework\views.py", line 515, in dispatch
    response = self.handle_exception(exc)
  File "C:\Users\majd9\OneDrive\Desktop\tizahab_project1\tizahab-web\.venv\Lib\site-packages\rest_framework\views.py", line 475, in handle_exception
    self.raise_uncaught_exception(exc)
    ~~~~~~~~~~~~~~~~~~~~~~~~~~~~~^^^^^
  File "C:\Users\majd9\OneDrive\Desktop\tizahab_project1\tizahab-web\.venv\Lib\site-packages\rest_framework\views.py", line 486, in raise_uncaught_exception
    raise exc
  File "C:\Users\majd9\OneDrive\Desktop\tizahab_project1\tizahab-web\.venv\Lib\site-packages\rest_framework\views.py", line 512, in dispatch
    response = handler(request, *args, **kwargs)
  File "C:\Users\majd9\OneDrive\Desktop\tizahab_project1\tizahab-web\accounts\views.py", line 280, in get
    preferences, _ = UserPreferences.objects.get_or_create(user=user)
                     ~~~~~~~~~~~~~~~~~~~~~~~~~~~~~~~~~~~~~^^^^^^^^^^^
  File "C:\Users\majd9\OneDrive\Desktop\tizahab_project1\tizahab-web\.venv\Lib\site-packages\django\db\models\manager.py", line 87, in manager_method
    return getattr(self.get_queryset(), name)(*args, **kwargs)
           ~~~~~~~~~~~~~~~~~~~~~~~~~~~~~~~~~~^^^^^^^^^^^^^^^^^
  File "C:\Users\majd9\OneDrive\Desktop\tizahab_project1\tizahab-web\.venv\Lib\site-packages\django\db\models\query.py", line 987, in get_or_create
    return self.get(**kwargs), False
           ~~~~~~~~^^^^^^^^^^
  File "C:\Users\majd9\OneDrive\Desktop\tizahab_project1\tizahab-web\.venv\Lib\site-packages\django\db\models\query.py", line 635, in get
    num = len(clone)
  File "C:\Users\majd9\OneDrive\Desktop\tizahab_project1\tizahab-web\.venv\Lib\site-packages\django\db\models\query.py", line 372, in __len__
    self._fetch_all()
    ~~~~~~~~~~~~~~~^^
  File "C:\Users\majd9\OneDrive\Desktop\tizahab_project1\tizahab-web\.venv\Lib\site-packages\django\db\models\query.py", line 2000, in _fetch_all
    self._result_cache = list(self._iterable_class(self))
                         ~~~~^^^^^^^^^^^^^^^^^^^^^^^^^^^^
  File "C:\Users\majd9\OneDrive\Desktop\tizahab_project1\tizahab-web\.venv\Lib\site-packages\django\db\models\query.py", line 95, in __iter__
    results = compiler.execute_sql(
        chunked_fetch=self.chunked_fetch, chunk_size=self.chunk_size
    )
  File "C:\Users\majd9\OneDrive\Desktop\tizahab_project1\tizahab-web\.venv\Lib\site-packages\django\db\models\sql\compiler.py", line 1624, in execute_sql
    cursor.execute(sql, params)
    ~~~~~~~~~~~~~~^^^^^^^^^^^^^
  File "C:\Users\majd9\OneDrive\Desktop\tizahab_project1\tizahab-web\.venv\Lib\site-packages\django\db\backends\utils.py", line 122, in execute
    return super().execute(sql, params)
           ~~~~~~~~~~~~~~~^^^^^^^^^^^^^
  File "C:\Users\majd9\OneDrive\Desktop\tizahab_project1\tizahab-web\.venv\Lib\site-packages\django\db\backends\utils.py", line 79, in execute
    return self._execute_with_wrappers(
           ~~~~~~~~~~~~~~~~~~~~~~~~~~~^
        sql, params, many=False, executor=self._execute
        ^^^^^^^^^^^^^^^^^^^^^^^^^^^^^^^^^^^^^^^^^^^^^^^
    )
    ^
  File "C:\Users\majd9\OneDrive\Desktop\tizahab_project1\tizahab-web\.venv\Lib\site-packages\django\db\backends\utils.py", line 92, in _execute_with_wrappers
    return executor(sql, params, many, context)
  File "C:\Users\majd9\OneDrive\Desktop\tizahab_project1\tizahab-web\.venv\Lib\site-packages\django\db\backends\utils.py", line 100, in _execute
    with self.db.wrap_database_errors:
         ^^^^^^^^^^^^^^^^^^^^^^^^^^^^
  File "C:\Users\majd9\OneDrive\Desktop\tizahab_project1\tizahab-web\.venv\Lib\site-packages\django\db\utils.py", line 94, in __exit__
    raise dj_exc_value.with_traceback(traceback) from exc_value
  File "C:\Users\majd9\OneDrive\Desktop\tizahab_project1\tizahab-web\.venv\Lib\site-packages\django\db\backends\utils.py", line 105, in _execute
    return self.cursor.execute(sql, params)
           ~~~~~~~~~~~~~~~~~~~^^^^^^^^^^^^^
  File "C:\Users\majd9\OneDrive\Desktop\tizahab_project1\tizahab-web\.venv\Lib\site-packages\django\db\backends\sqlite3\base.py", line 359, in execute
    return super().execute(query, params)
           ~~~~~~~~~~~~~~~^^^^^^^^^^^^^^^
django.db.utils.OperationalError: no such column: accounts_userpreferences.trip_duration
ERROR 2026-04-12 10:37:20 log 3352 15068 Internal Server Error: /api/events/filtered/
Traceback (most recent call last):
  File "C:\Users\majd9\OneDrive\Desktop\tizahab_project1\tizahab-web\.venv\Lib\site-packages\django\db\models\fields\related_descriptors.py", line 502, in __get__
    rel_obj = self.related.get_cached_value(instance)
  File "C:\Users\majd9\OneDrive\Desktop\tizahab_project1\tizahab-web\.venv\Lib\site-packages\django\db\models\fields\mixins.py", line 21, in get_cached_value
    return instance._state.fields_cache[self.cache_name]
           ~~~~~~~~~~~~~~~~~~~~~~~~~~~~^^^^^^^^^^^^^^^^^
KeyError: 'preferences'

During handling of the above exception, another exception occurred:

Traceback (most recent call last):
  File "C:\Users\majd9\OneDrive\Desktop\tizahab_project1\tizahab-web\.venv\Lib\site-packages\django\db\backends\utils.py", line 105, in _execute
    return self.cursor.execute(sql, params)
           ~~~~~~~~~~~~~~~~~~~^^^^^^^^^^^^^
  File "C:\Users\majd9\OneDrive\Desktop\tizahab_project1\tizahab-web\.venv\Lib\site-packages\django\db\backends\sqlite3\base.py", line 359, in execute
    return super().execute(query, params)
           ~~~~~~~~~~~~~~~^^^^^^^^^^^^^^^
sqlite3.OperationalError: no such column: accounts_userpreferences.trip_duration

The above exception was the direct cause of the following exception:

Traceback (most recent call last):
  File "C:\Users\majd9\OneDrive\Desktop\tizahab_project1\tizahab-web\.venv\Lib\site-packages\django\core\handlers\exception.py", line 55, in inner
    response = get_response(request)
  File "C:\Users\majd9\OneDrive\Desktop\tizahab_project1\tizahab-web\.venv\Lib\site-packages\django\core\handlers\base.py", line 198, in _get_response
    response = wrapped_callback(request, *callback_args, **callback_kwargs)
  File "C:\Users\majd9\OneDrive\Desktop\tizahab_project1\tizahab-web\.venv\Lib\site-packages\django\views\decorators\csrf.py", line 65, in _view_wrapper
    return view_func(request, *args, **kwargs)
  File "C:\Users\majd9\OneDrive\Desktop\tizahab_project1\tizahab-web\.venv\Lib\site-packages\django\views\generic\base.py", line 106, in view
    return self.dispatch(request, *args, **kwargs)
           ~~~~~~~~~~~~~^^^^^^^^^^^^^^^^^^^^^^^^^^
  File "C:\Users\majd9\OneDrive\Desktop\tizahab_project1\tizahab-web\.venv\Lib\site-packages\rest_framework\views.py", line 515, in dispatch
    response = self.handle_exception(exc)
  File "C:\Users\majd9\OneDrive\Desktop\tizahab_project1\tizahab-web\.venv\Lib\site-packages\rest_framework\views.py", line 475, in handle_exception
    self.raise_uncaught_exception(exc)
    ~~~~~~~~~~~~~~~~~~~~~~~~~~~~~^^^^^
  File "C:\Users\majd9\OneDrive\Desktop\tizahab_project1\tizahab-web\.venv\Lib\site-packages\rest_framework\views.py", line 486, in raise_uncaught_exception
    raise exc
  File "C:\Users\majd9\OneDrive\Desktop\tizahab_project1\tizahab-web\.venv\Lib\site-packages\rest_framework\views.py", line 512, in dispatch
    response = handler(request, *args, **kwargs)
  File "C:\Users\majd9\OneDrive\Desktop\tizahab_project1\tizahab-web\.venv\Lib\site-packages\rest_framework\generics.py", line 203, in get
    return self.list(request, *args, **kwargs)
           ~~~~~~~~~^^^^^^^^^^^^^^^^^^^^^^^^^^
  File "C:\Users\majd9\OneDrive\Desktop\tizahab_project1\tizahab-web\.venv\Lib\site-packages\rest_framework\mixins.py", line 38, in list
    queryset = self.filter_queryset(self.get_queryset())
                                    ~~~~~~~~~~~~~~~~~^^
  File "C:\Users\majd9\OneDrive\Desktop\tizahab_project1\tizahab-web\events\views.py", line 79, in get_queryset
    prefs = getattr(self.request.user, "preferences", None)
  File "C:\Users\majd9\OneDrive\Desktop\tizahab_project1\tizahab-web\.venv\Lib\site-packages\django\db\models\fields\related_descriptors.py", line 509, in __get__
    rel_obj = self.get_queryset(instance=instance).get(**filter_args)
  File "C:\Users\majd9\OneDrive\Desktop\tizahab_project1\tizahab-web\.venv\Lib\site-packages\django\db\models\query.py", line 635, in get
    num = len(clone)
  File "C:\Users\majd9\OneDrive\Desktop\tizahab_project1\tizahab-web\.venv\Lib\site-packages\django\db\models\query.py", line 372, in __len__
    self._fetch_all()
    ~~~~~~~~~~~~~~~^^
  File "C:\Users\majd9\OneDrive\Desktop\tizahab_project1\tizahab-web\.venv\Lib\site-packages\django\db\models\query.py", line 2000, in _fetch_all
    self._result_cache = list(self._iterable_class(self))
                         ~~~~^^^^^^^^^^^^^^^^^^^^^^^^^^^^
  File "C:\Users\majd9\OneDrive\Desktop\tizahab_project1\tizahab-web\.venv\Lib\site-packages\django\db\models\query.py", line 95, in __iter__
    results = compiler.execute_sql(
        chunked_fetch=self.chunked_fetch, chunk_size=self.chunk_size
    )
  File "C:\Users\majd9\OneDrive\Desktop\tizahab_project1\tizahab-web\.venv\Lib\site-packages\django\db\models\sql\compiler.py", line 1624, in execute_sql
    cursor.execute(sql, params)
    ~~~~~~~~~~~~~~^^^^^^^^^^^^^
  File "C:\Users\majd9\OneDrive\Desktop\tizahab_project1\tizahab-web\.venv\Lib\site-packages\django\db\backends\utils.py", line 122, in execute
    return super().execute(sql, params)
           ~~~~~~~~~~~~~~~^^^^^^^^^^^^^
  File "C:\Users\majd9\OneDrive\Desktop\tizahab_project1\tizahab-web\.venv\Lib\site-packages\django\db\backends\utils.py", line 79, in execute
    return self._execute_with_wrappers(
           ~~~~~~~~~~~~~~~~~~~~~~~~~~~^
        sql, params, many=False, executor=self._execute
        ^^^^^^^^^^^^^^^^^^^^^^^^^^^^^^^^^^^^^^^^^^^^^^^
    )
    ^
  File "C:\Users\majd9\OneDrive\Desktop\tizahab_project1\tizahab-web\.venv\Lib\site-packages\django\db\backends\utils.py", line 92, in _execute_with_wrappers
    return executor(sql, params, many, context)
  File "C:\Users\majd9\OneDrive\Desktop\tizahab_project1\tizahab-web\.venv\Lib\site-packages\django\db\backends\utils.py", line 100, in _execute
    with self.db.wrap_database_errors:
         ^^^^^^^^^^^^^^^^^^^^^^^^^^^^
  File "C:\Users\majd9\OneDrive\Desktop\tizahab_project1\tizahab-web\.venv\Lib\site-packages\django\db\utils.py", line 94, in __exit__
    raise dj_exc_value.with_traceback(traceback) from exc_value
  File "C:\Users\majd9\OneDrive\Desktop\tizahab_project1\tizahab-web\.venv\Lib\site-packages\django\db\backends\utils.py", line 105, in _execute
    return self.cursor.execute(sql, params)
           ~~~~~~~~~~~~~~~~~~~^^^^^^^^^^^^^
  File "C:\Users\majd9\OneDrive\Desktop\tizahab_project1\tizahab-web\.venv\Lib\site-packages\django\db\backends\sqlite3\base.py", line 359, in execute
    return super().execute(query, params)
           ~~~~~~~~~~~~~~~^^^^^^^^^^^^^^^
django.db.utils.OperationalError: no such column: accounts_userpreferences.trip_duration
ERROR 2026-04-12 10:37:20 log 3352 12748 "GET /api/auth/me/ HTTP/1.1" 500 185077
ERROR 2026-04-12 10:37:20 log 3352 15068 "GET /api/events/filtered/ HTTP/1.1" 500 198160
ERROR 2026-04-12 10:37:23 log 3352 15068 Internal Server Error: /api/auth/me/
Traceback (most recent call last):
  File "C:\Users\majd9\OneDrive\Desktop\tizahab_project1\tizahab-web\.venv\Lib\site-packages\django\db\backends\utils.py", line 105, in _execute
    return self.cursor.execute(sql, params)
           ~~~~~~~~~~~~~~~~~~~^^^^^^^^^^^^^
  File "C:\Users\majd9\OneDrive\Desktop\tizahab_project1\tizahab-web\.venv\Lib\site-packages\django\db\backends\sqlite3\base.py", line 359, in execute
    return super().execute(query, params)
           ~~~~~~~~~~~~~~~^^^^^^^^^^^^^^^
sqlite3.OperationalError: no such column: accounts_userpreferences.trip_duration

The above exception was the direct cause of the following exception:

Traceback (most recent call last):
  File "C:\Users\majd9\OneDrive\Desktop\tizahab_project1\tizahab-web\.venv\Lib\site-packages\django\core\handlers\exception.py", line 55, in inner
    response = get_response(request)
  File "C:\Users\majd9\OneDrive\Desktop\tizahab_project1\tizahab-web\.venv\Lib\site-packages\django\core\handlers\base.py", line 198, in _get_response
    response = wrapped_callback(request, *callback_args, **callback_kwargs)
  File "C:\Users\majd9\OneDrive\Desktop\tizahab_project1\tizahab-web\.venv\Lib\site-packages\django\views\decorators\csrf.py", line 65, in _view_wrapper
    return view_func(request, *args, **kwargs)
  File "C:\Users\majd9\OneDrive\Desktop\tizahab_project1\tizahab-web\.venv\Lib\site-packages\django\views\generic\base.py", line 106, in view
    return self.dispatch(request, *args, **kwargs)
           ~~~~~~~~~~~~~^^^^^^^^^^^^^^^^^^^^^^^^^^
  File "C:\Users\majd9\OneDrive\Desktop\tizahab_project1\tizahab-web\.venv\Lib\site-packages\rest_framework\views.py", line 515, in dispatch
    response = self.handle_exception(exc)
  File "C:\Users\majd9\OneDrive\Desktop\tizahab_project1\tizahab-web\.venv\Lib\site-packages\rest_framework\views.py", line 475, in handle_exception
    self.raise_uncaught_exception(exc)
    ~~~~~~~~~~~~~~~~~~~~~~~~~~~~~^^^^^
  File "C:\Users\majd9\OneDrive\Desktop\tizahab_project1\tizahab-web\.venv\Lib\site-packages\rest_framework\views.py", line 486, in raise_uncaught_exception
    raise exc
  File "C:\Users\majd9\OneDrive\Desktop\tizahab_project1\tizahab-web\.venv\Lib\site-packages\rest_framework\views.py", line 512, in dispatch
    response = handler(request, *args, **kwargs)
  File "C:\Users\majd9\OneDrive\Desktop\tizahab_project1\tizahab-web\accounts\views.py", line 280, in get
    preferences, _ = UserPreferences.objects.get_or_create(user=user)
                     ~~~~~~~~~~~~~~~~~~~~~~~~~~~~~~~~~~~~~^^^^^^^^^^^
  File "C:\Users\majd9\OneDrive\Desktop\tizahab_project1\tizahab-web\.venv\Lib\site-packages\django\db\models\manager.py", line 87, in manager_method
    return getattr(self.get_queryset(), name)(*args, **kwargs)
           ~~~~~~~~~~~~~~~~~~~~~~~~~~~~~~~~~~^^^^^^^^^^^^^^^^^
  File "C:\Users\majd9\OneDrive\Desktop\tizahab_project1\tizahab-web\.venv\Lib\site-packages\django\db\models\query.py", line 987, in get_or_create
    return self.get(**kwargs), False
           ~~~~~~~~^^^^^^^^^^
  File "C:\Users\majd9\OneDrive\Desktop\tizahab_project1\tizahab-web\.venv\Lib\site-packages\django\db\models\query.py", line 635, in get
    num = len(clone)
  File "C:\Users\majd9\OneDrive\Desktop\tizahab_project1\tizahab-web\.venv\Lib\site-packages\django\db\models\query.py", line 372, in __len__
    self._fetch_all()
    ~~~~~~~~~~~~~~~^^
  File "C:\Users\majd9\OneDrive\Desktop\tizahab_project1\tizahab-web\.venv\Lib\site-packages\django\db\models\query.py", line 2000, in _fetch_all
    self._result_cache = list(self._iterable_class(self))
                         ~~~~^^^^^^^^^^^^^^^^^^^^^^^^^^^^
  File "C:\Users\majd9\OneDrive\Desktop\tizahab_project1\tizahab-web\.venv\Lib\site-packages\django\db\models\query.py", line 95, in __iter__
    results = compiler.execute_sql(
        chunked_fetch=self.chunked_fetch, chunk_size=self.chunk_size
    )
  File "C:\Users\majd9\OneDrive\Desktop\tizahab_project1\tizahab-web\.venv\Lib\site-packages\django\db\models\sql\compiler.py", line 1624, in execute_sql
    cursor.execute(sql, params)
    ~~~~~~~~~~~~~~^^^^^^^^^^^^^
  File "C:\Users\majd9\OneDrive\Desktop\tizahab_project1\tizahab-web\.venv\Lib\site-packages\django\db\backends\utils.py", line 122, in execute
    return super().execute(sql, params)
           ~~~~~~~~~~~~~~~^^^^^^^^^^^^^
  File "C:\Users\majd9\OneDrive\Desktop\tizahab_project1\tizahab-web\.venv\Lib\site-packages\django\db\backends\utils.py", line 79, in execute
    return self._execute_with_wrappers(
           ~~~~~~~~~~~~~~~~~~~~~~~~~~~^
        sql, params, many=False, executor=self._execute
        ^^^^^^^^^^^^^^^^^^^^^^^^^^^^^^^^^^^^^^^^^^^^^^^
    )
    ^
  File "C:\Users\majd9\OneDrive\Desktop\tizahab_project1\tizahab-web\.venv\Lib\site-packages\django\db\backends\utils.py", line 92, in _execute_with_wrappers
    return executor(sql, params, many, context)
  File "C:\Users\majd9\OneDrive\Desktop\tizahab_project1\tizahab-web\.venv\Lib\site-packages\django\db\backends\utils.py", line 100, in _execute
    with self.db.wrap_database_errors:
         ^^^^^^^^^^^^^^^^^^^^^^^^^^^^
  File "C:\Users\majd9\OneDrive\Desktop\tizahab_project1\tizahab-web\.venv\Lib\site-packages\django\db\utils.py", line 94, in __exit__
    raise dj_exc_value.with_traceback(traceback) from exc_value
  File "C:\Users\majd9\OneDrive\Desktop\tizahab_project1\tizahab-web\.venv\Lib\site-packages\django\db\backends\utils.py", line 105, in _execute
    return self.cursor.execute(sql, params)
           ~~~~~~~~~~~~~~~~~~~^^^^^^^^^^^^^
  File "C:\Users\majd9\OneDrive\Desktop\tizahab_project1\tizahab-web\.venv\Lib\site-packages\django\db\backends\sqlite3\base.py", line 359, in execute
    return super().execute(query, params)
           ~~~~~~~~~~~~~~~^^^^^^^^^^^^^^^
django.db.utils.OperationalError: no such column: accounts_userpreferences.trip_duration
ERROR 2026-04-12 10:37:23 log 3352 15068 "GET /api/auth/me/ HTTP/1.1" 500 185076
ERROR 2026-04-12 10:37:35 log 3352 15068 Internal Server Error: /api/auth/me/
Traceback (most recent call last):
  File "C:\Users\majd9\OneDrive\Desktop\tizahab_project1\tizahab-web\.venv\Lib\site-packages\django\db\backends\utils.py", line 105, in _execute
    return self.cursor.execute(sql, params)
           ~~~~~~~~~~~~~~~~~~~^^^^^^^^^^^^^
  File "C:\Users\majd9\OneDrive\Desktop\tizahab_project1\tizahab-web\.venv\Lib\site-packages\django\db\backends\sqlite3\base.py", line 359, in execute
    return super().execute(query, params)
           ~~~~~~~~~~~~~~~^^^^^^^^^^^^^^^
sqlite3.OperationalError: no such column: accounts_userpreferences.trip_duration

The above exception was the direct cause of the following exception:

Traceback (most recent call last):
  File "C:\Users\majd9\OneDrive\Desktop\tizahab_project1\tizahab-web\.venv\Lib\site-packages\django\core\handlers\exception.py", line 55, in inner
    response = get_response(request)
  File "C:\Users\majd9\OneDrive\Desktop\tizahab_project1\tizahab-web\.venv\Lib\site-packages\django\core\handlers\base.py", line 198, in _get_response
    response = wrapped_callback(request, *callback_args, **callback_kwargs)
  File "C:\Users\majd9\OneDrive\Desktop\tizahab_project1\tizahab-web\.venv\Lib\site-packages\django\views\decorators\csrf.py", line 65, in _view_wrapper
    return view_func(request, *args, **kwargs)
  File "C:\Users\majd9\OneDrive\Desktop\tizahab_project1\tizahab-web\.venv\Lib\site-packages\django\views\generic\base.py", line 106, in view
    return self.dispatch(request, *args, **kwargs)
           ~~~~~~~~~~~~~^^^^^^^^^^^^^^^^^^^^^^^^^^
  File "C:\Users\majd9\OneDrive\Desktop\tizahab_project1\tizahab-web\.venv\Lib\site-packages\rest_framework\views.py", line 515, in dispatch
    response = self.handle_exception(exc)
  File "C:\Users\majd9\OneDrive\Desktop\tizahab_project1\tizahab-web\.venv\Lib\site-packages\rest_framework\views.py", line 475, in handle_exception
    self.raise_uncaught_exception(exc)
    ~~~~~~~~~~~~~~~~~~~~~~~~~~~~~^^^^^
  File "C:\Users\majd9\OneDrive\Desktop\tizahab_project1\tizahab-web\.venv\Lib\site-packages\rest_framework\views.py", line 486, in raise_uncaught_exception
    raise exc
  File "C:\Users\majd9\OneDrive\Desktop\tizahab_project1\tizahab-web\.venv\Lib\site-packages\rest_framework\views.py", line 512, in dispatch
    response = handler(request, *args, **kwargs)
  File "C:\Users\majd9\OneDrive\Desktop\tizahab_project1\tizahab-web\accounts\views.py", line 280, in get
    preferences, _ = UserPreferences.objects.get_or_create(user=user)
                     ~~~~~~~~~~~~~~~~~~~~~~~~~~~~~~~~~~~~~^^^^^^^^^^^
  File "C:\Users\majd9\OneDrive\Desktop\tizahab_project1\tizahab-web\.venv\Lib\site-packages\django\db\models\manager.py", line 87, in manager_method
    return getattr(self.get_queryset(), name)(*args, **kwargs)
           ~~~~~~~~~~~~~~~~~~~~~~~~~~~~~~~~~~^^^^^^^^^^^^^^^^^
  File "C:\Users\majd9\OneDrive\Desktop\tizahab_project1\tizahab-web\.venv\Lib\site-packages\django\db\models\query.py", line 987, in get_or_create
    return self.get(**kwargs), False
           ~~~~~~~~^^^^^^^^^^
  File "C:\Users\majd9\OneDrive\Desktop\tizahab_project1\tizahab-web\.venv\Lib\site-packages\django\db\models\query.py", line 635, in get
    num = len(clone)
  File "C:\Users\majd9\OneDrive\Desktop\tizahab_project1\tizahab-web\.venv\Lib\site-packages\django\db\models\query.py", line 372, in __len__
    self._fetch_all()
    ~~~~~~~~~~~~~~~^^
  File "C:\Users\majd9\OneDrive\Desktop\tizahab_project1\tizahab-web\.venv\Lib\site-packages\django\db\models\query.py", line 2000, in _fetch_all
    self._result_cache = list(self._iterable_class(self))
                         ~~~~^^^^^^^^^^^^^^^^^^^^^^^^^^^^
  File "C:\Users\majd9\OneDrive\Desktop\tizahab_project1\tizahab-web\.venv\Lib\site-packages\django\db\models\query.py", line 95, in __iter__
    results = compiler.execute_sql(
        chunked_fetch=self.chunked_fetch, chunk_size=self.chunk_size
    )
  File "C:\Users\majd9\OneDrive\Desktop\tizahab_project1\tizahab-web\.venv\Lib\site-packages\django\db\models\sql\compiler.py", line 1624, in execute_sql
    cursor.execute(sql, params)
    ~~~~~~~~~~~~~~^^^^^^^^^^^^^
  File "C:\Users\majd9\OneDrive\Desktop\tizahab_project1\tizahab-web\.venv\Lib\site-packages\django\db\backends\utils.py", line 122, in execute
    return super().execute(sql, params)
           ~~~~~~~~~~~~~~~^^^^^^^^^^^^^
  File "C:\Users\majd9\OneDrive\Desktop\tizahab_project1\tizahab-web\.venv\Lib\site-packages\django\db\backends\utils.py", line 79, in execute
    return self._execute_with_wrappers(
           ~~~~~~~~~~~~~~~~~~~~~~~~~~~^
        sql, params, many=False, executor=self._execute
        ^^^^^^^^^^^^^^^^^^^^^^^^^^^^^^^^^^^^^^^^^^^^^^^
    )
    ^
  File "C:\Users\majd9\OneDrive\Desktop\tizahab_project1\tizahab-web\.venv\Lib\site-packages\django\db\backends\utils.py", line 92, in _execute_with_wrappers
    return executor(sql, params, many, context)
  File "C:\Users\majd9\OneDrive\Desktop\tizahab_project1\tizahab-web\.venv\Lib\site-packages\django\db\backends\utils.py", line 100, in _execute
    with self.db.wrap_database_errors:
         ^^^^^^^^^^^^^^^^^^^^^^^^^^^^
  File "C:\Users\majd9\OneDrive\Desktop\tizahab_project1\tizahab-web\.venv\Lib\site-packages\django\db\utils.py", line 94, in __exit__
    raise dj_exc_value.with_traceback(traceback) from exc_value
  File "C:\Users\majd9\OneDrive\Desktop\tizahab_project1\tizahab-web\.venv\Lib\site-packages\django\db\backends\utils.py", line 105, in _execute
    return self.cursor.execute(sql, params)
           ~~~~~~~~~~~~~~~~~~~^^^^^^^^^^^^^
  File "C:\Users\majd9\OneDrive\Desktop\tizahab_project1\tizahab-web\.venv\Lib\site-packages\django\db\backends\sqlite3\base.py", line 359, in execute
    return super().execute(query, params)
           ~~~~~~~~~~~~~~~^^^^^^^^^^^^^^^
django.db.utils.OperationalError: no such column: accounts_userpreferences.trip_duration
ERROR 2026-04-12 10:37:35 log 3352 15068 "GET /api/auth/me/ HTTP/1.1" 500 185083
ERROR 2026-04-12 10:37:35 log 3352 8852 Internal Server Error: /api/auth/me/
Traceback (most recent call last):
  File "C:\Users\majd9\OneDrive\Desktop\tizahab_project1\tizahab-web\.venv\Lib\site-packages\django\db\backends\utils.py", line 105, in _execute
    return self.cursor.execute(sql, params)
           ~~~~~~~~~~~~~~~~~~~^^^^^^^^^^^^^
  File "C:\Users\majd9\OneDrive\Desktop\tizahab_project1\tizahab-web\.venv\Lib\site-packages\django\db\backends\sqlite3\base.py", line 359, in execute
    return super().execute(query, params)
           ~~~~~~~~~~~~~~~^^^^^^^^^^^^^^^
sqlite3.OperationalError: no such column: accounts_userpreferences.trip_duration

The above exception was the direct cause of the following exception:

Traceback (most recent call last):
  File "C:\Users\majd9\OneDrive\Desktop\tizahab_project1\tizahab-web\.venv\Lib\site-packages\django\core\handlers\exception.py", line 55, in inner
    response = get_response(request)
  File "C:\Users\majd9\OneDrive\Desktop\tizahab_project1\tizahab-web\.venv\Lib\site-packages\django\core\handlers\base.py", line 198, in _get_response
    response = wrapped_callback(request, *callback_args, **callback_kwargs)
  File "C:\Users\majd9\OneDrive\Desktop\tizahab_project1\tizahab-web\.venv\Lib\site-packages\django\views\decorators\csrf.py", line 65, in _view_wrapper
    return view_func(request, *args, **kwargs)
  File "C:\Users\majd9\OneDrive\Desktop\tizahab_project1\tizahab-web\.venv\Lib\site-packages\django\views\generic\base.py", line 106, in view
    return self.dispatch(request, *args, **kwargs)
           ~~~~~~~~~~~~~^^^^^^^^^^^^^^^^^^^^^^^^^^
  File "C:\Users\majd9\OneDrive\Desktop\tizahab_project1\tizahab-web\.venv\Lib\site-packages\rest_framework\views.py", line 515, in dispatch
    response = self.handle_exception(exc)
  File "C:\Users\majd9\OneDrive\Desktop\tizahab_project1\tizahab-web\.venv\Lib\site-packages\rest_framework\views.py", line 475, in handle_exception
    self.raise_uncaught_exception(exc)
    ~~~~~~~~~~~~~~~~~~~~~~~~~~~~~^^^^^
  File "C:\Users\majd9\OneDrive\Desktop\tizahab_project1\tizahab-web\.venv\Lib\site-packages\rest_framework\views.py", line 486, in raise_uncaught_exception
    raise exc
  File "C:\Users\majd9\OneDrive\Desktop\tizahab_project1\tizahab-web\.venv\Lib\site-packages\rest_framework\views.py", line 512, in dispatch
    response = handler(request, *args, **kwargs)
  File "C:\Users\majd9\OneDrive\Desktop\tizahab_project1\tizahab-web\accounts\views.py", line 280, in get
    preferences, _ = UserPreferences.objects.get_or_create(user=user)
                     ~~~~~~~~~~~~~~~~~~~~~~~~~~~~~~~~~~~~~^^^^^^^^^^^
  File "C:\Users\majd9\OneDrive\Desktop\tizahab_project1\tizahab-web\.venv\Lib\site-packages\django\db\models\manager.py", line 87, in manager_method
    return getattr(self.get_queryset(), name)(*args, **kwargs)
           ~~~~~~~~~~~~~~~~~~~~~~~~~~~~~~~~~~^^^^^^^^^^^^^^^^^
  File "C:\Users\majd9\OneDrive\Desktop\tizahab_project1\tizahab-web\.venv\Lib\site-packages\django\db\models\query.py", line 987, in get_or_create
    return self.get(**kwargs), False
           ~~~~~~~~^^^^^^^^^^
  File "C:\Users\majd9\OneDrive\Desktop\tizahab_project1\tizahab-web\.venv\Lib\site-packages\django\db\models\query.py", line 635, in get
    num = len(clone)
  File "C:\Users\majd9\OneDrive\Desktop\tizahab_project1\tizahab-web\.venv\Lib\site-packages\django\db\models\query.py", line 372, in __len__
    self._fetch_all()
    ~~~~~~~~~~~~~~~^^
  File "C:\Users\majd9\OneDrive\Desktop\tizahab_project1\tizahab-web\.venv\Lib\site-packages\django\db\models\query.py", line 2000, in _fetch_all
    self._result_cache = list(self._iterable_class(self))
                         ~~~~^^^^^^^^^^^^^^^^^^^^^^^^^^^^
  File "C:\Users\majd9\OneDrive\Desktop\tizahab_project1\tizahab-web\.venv\Lib\site-packages\django\db\models\query.py", line 95, in __iter__
    results = compiler.execute_sql(
        chunked_fetch=self.chunked_fetch, chunk_size=self.chunk_size
    )
  File "C:\Users\majd9\OneDrive\Desktop\tizahab_project1\tizahab-web\.venv\Lib\site-packages\django\db\models\sql\compiler.py", line 1624, in execute_sql
    cursor.execute(sql, params)
    ~~~~~~~~~~~~~~^^^^^^^^^^^^^
  File "C:\Users\majd9\OneDrive\Desktop\tizahab_project1\tizahab-web\.venv\Lib\site-packages\django\db\backends\utils.py", line 122, in execute
    return super().execute(sql, params)
           ~~~~~~~~~~~~~~~^^^^^^^^^^^^^
  File "C:\Users\majd9\OneDrive\Desktop\tizahab_project1\tizahab-web\.venv\Lib\site-packages\django\db\backends\utils.py", line 79, in execute
    return self._execute_with_wrappers(
           ~~~~~~~~~~~~~~~~~~~~~~~~~~~^
        sql, params, many=False, executor=self._execute
        ^^^^^^^^^^^^^^^^^^^^^^^^^^^^^^^^^^^^^^^^^^^^^^^
    )
    ^
  File "C:\Users\majd9\OneDrive\Desktop\tizahab_project1\tizahab-web\.venv\Lib\site-packages\django\db\backends\utils.py", line 92, in _execute_with_wrappers
    return executor(sql, params, many, context)
  File "C:\Users\majd9\OneDrive\Desktop\tizahab_project1\tizahab-web\.venv\Lib\site-packages\django\db\backends\utils.py", line 100, in _execute
    with self.db.wrap_database_errors:
         ^^^^^^^^^^^^^^^^^^^^^^^^^^^^
  File "C:\Users\majd9\OneDrive\Desktop\tizahab_project1\tizahab-web\.venv\Lib\site-packages\django\db\utils.py", line 94, in __exit__
    raise dj_exc_value.with_traceback(traceback) from exc_value
  File "C:\Users\majd9\OneDrive\Desktop\tizahab_project1\tizahab-web\.venv\Lib\site-packages\django\db\backends\utils.py", line 105, in _execute
    return self.cursor.execute(sql, params)
           ~~~~~~~~~~~~~~~~~~~^^^^^^^^^^^^^
  File "C:\Users\majd9\OneDrive\Desktop\tizahab_project1\tizahab-web\.venv\Lib\site-packages\django\db\backends\sqlite3\base.py", line 359, in execute
    return super().execute(query, params)
           ~~~~~~~~~~~~~~~^^^^^^^^^^^^^^^
django.db.utils.OperationalError: no such column: accounts_userpreferences.trip_duration
ERROR 2026-04-12 10:37:35 log 3352 8852 "GET /api/auth/me/ HTTP/1.1" 500 185083
ERROR 2026-04-12 10:37:39 log 3352 15068 Internal Server Error: /api/auth/me/
Traceback (most recent call last):
  File "C:\Users\majd9\OneDrive\Desktop\tizahab_project1\tizahab-web\.venv\Lib\site-packages\django\db\backends\utils.py", line 105, in _execute
    return self.cursor.execute(sql, params)
           ~~~~~~~~~~~~~~~~~~~^^^^^^^^^^^^^
  File "C:\Users\majd9\OneDrive\Desktop\tizahab_project1\tizahab-web\.venv\Lib\site-packages\django\db\backends\sqlite3\base.py", line 359, in execute
    return super().execute(query, params)
           ~~~~~~~~~~~~~~~^^^^^^^^^^^^^^^
sqlite3.OperationalError: no such column: accounts_userpreferences.trip_duration

The above exception was the direct cause of the following exception:

Traceback (most recent call last):
  File "C:\Users\majd9\OneDrive\Desktop\tizahab_project1\tizahab-web\.venv\Lib\site-packages\django\core\handlers\exception.py", line 55, in inner
    response = get_response(request)
  File "C:\Users\majd9\OneDrive\Desktop\tizahab_project1\tizahab-web\.venv\Lib\site-packages\django\core\handlers\base.py", line 198, in _get_response
    response = wrapped_callback(request, *callback_args, **callback_kwargs)
  File "C:\Users\majd9\OneDrive\Desktop\tizahab_project1\tizahab-web\.venv\Lib\site-packages\django\views\decorators\csrf.py", line 65, in _view_wrapper
    return view_func(request, *args, **kwargs)
  File "C:\Users\majd9\OneDrive\Desktop\tizahab_project1\tizahab-web\.venv\Lib\site-packages\django\views\generic\base.py", line 106, in view
    return self.dispatch(request, *args, **kwargs)
           ~~~~~~~~~~~~~^^^^^^^^^^^^^^^^^^^^^^^^^^
  File "C:\Users\majd9\OneDrive\Desktop\tizahab_project1\tizahab-web\.venv\Lib\site-packages\rest_framework\views.py", line 515, in dispatch
    response = self.handle_exception(exc)
  File "C:\Users\majd9\OneDrive\Desktop\tizahab_project1\tizahab-web\.venv\Lib\site-packages\rest_framework\views.py", line 475, in handle_exception
    self.raise_uncaught_exception(exc)
    ~~~~~~~~~~~~~~~~~~~~~~~~~~~~~^^^^^
  File "C:\Users\majd9\OneDrive\Desktop\tizahab_project1\tizahab-web\.venv\Lib\site-packages\rest_framework\views.py", line 486, in raise_uncaught_exception
    raise exc
  File "C:\Users\majd9\OneDrive\Desktop\tizahab_project1\tizahab-web\.venv\Lib\site-packages\rest_framework\views.py", line 512, in dispatch
    response = handler(request, *args, **kwargs)
  File "C:\Users\majd9\OneDrive\Desktop\tizahab_project1\tizahab-web\accounts\views.py", line 280, in get
    preferences, _ = UserPreferences.objects.get_or_create(user=user)
                     ~~~~~~~~~~~~~~~~~~~~~~~~~~~~~~~~~~~~~^^^^^^^^^^^
  File "C:\Users\majd9\OneDrive\Desktop\tizahab_project1\tizahab-web\.venv\Lib\site-packages\django\db\models\manager.py", line 87, in manager_method
    return getattr(self.get_queryset(), name)(*args, **kwargs)
           ~~~~~~~~~~~~~~~~~~~~~~~~~~~~~~~~~~^^^^^^^^^^^^^^^^^
  File "C:\Users\majd9\OneDrive\Desktop\tizahab_project1\tizahab-web\.venv\Lib\site-packages\django\db\models\query.py", line 987, in get_or_create
    return self.get(**kwargs), False
           ~~~~~~~~^^^^^^^^^^
  File "C:\Users\majd9\OneDrive\Desktop\tizahab_project1\tizahab-web\.venv\Lib\site-packages\django\db\models\query.py", line 635, in get
    num = len(clone)
  File "C:\Users\majd9\OneDrive\Desktop\tizahab_project1\tizahab-web\.venv\Lib\site-packages\django\db\models\query.py", line 372, in __len__
    self._fetch_all()
    ~~~~~~~~~~~~~~~^^
  File "C:\Users\majd9\OneDrive\Desktop\tizahab_project1\tizahab-web\.venv\Lib\site-packages\django\db\models\query.py", line 2000, in _fetch_all
    self._result_cache = list(self._iterable_class(self))
                         ~~~~^^^^^^^^^^^^^^^^^^^^^^^^^^^^
  File "C:\Users\majd9\OneDrive\Desktop\tizahab_project1\tizahab-web\.venv\Lib\site-packages\django\db\models\query.py", line 95, in __iter__
    results = compiler.execute_sql(
        chunked_fetch=self.chunked_fetch, chunk_size=self.chunk_size
    )
  File "C:\Users\majd9\OneDrive\Desktop\tizahab_project1\tizahab-web\.venv\Lib\site-packages\django\db\models\sql\compiler.py", line 1624, in execute_sql
    cursor.execute(sql, params)
    ~~~~~~~~~~~~~~^^^^^^^^^^^^^
  File "C:\Users\majd9\OneDrive\Desktop\tizahab_project1\tizahab-web\.venv\Lib\site-packages\django\db\backends\utils.py", line 122, in execute
    return super().execute(sql, params)
           ~~~~~~~~~~~~~~~^^^^^^^^^^^^^
  File "C:\Users\majd9\OneDrive\Desktop\tizahab_project1\tizahab-web\.venv\Lib\site-packages\django\db\backends\utils.py", line 79, in execute
    return self._execute_with_wrappers(
           ~~~~~~~~~~~~~~~~~~~~~~~~~~~^
        sql, params, many=False, executor=self._execute
        ^^^^^^^^^^^^^^^^^^^^^^^^^^^^^^^^^^^^^^^^^^^^^^^
    )
    ^
  File "C:\Users\majd9\OneDrive\Desktop\tizahab_project1\tizahab-web\.venv\Lib\site-packages\django\db\backends\utils.py", line 92, in _execute_with_wrappers
    return executor(sql, params, many, context)
  File "C:\Users\majd9\OneDrive\Desktop\tizahab_project1\tizahab-web\.venv\Lib\site-packages\django\db\backends\utils.py", line 100, in _execute
    with self.db.wrap_database_errors:
         ^^^^^^^^^^^^^^^^^^^^^^^^^^^^
  File "C:\Users\majd9\OneDrive\Desktop\tizahab_project1\tizahab-web\.venv\Lib\site-packages\django\db\utils.py", line 94, in __exit__
    raise dj_exc_value.with_traceback(traceback) from exc_value
  File "C:\Users\majd9\OneDrive\Desktop\tizahab_project1\tizahab-web\.venv\Lib\site-packages\django\db\backends\utils.py", line 105, in _execute
    return self.cursor.execute(sql, params)
           ~~~~~~~~~~~~~~~~~~~^^^^^^^^^^^^^
  File "C:\Users\majd9\OneDrive\Desktop\tizahab_project1\tizahab-web\.venv\Lib\site-packages\django\db\backends\sqlite3\base.py", line 359, in execute
    return super().execute(query, params)
           ~~~~~~~~~~~~~~~^^^^^^^^^^^^^^^
django.db.utils.OperationalError: no such column: accounts_userpreferences.trip_duration
ERROR 2026-04-12 10:37:39 log 3352 15068 "GET /api/auth/me/ HTTP/1.1" 500 185084
ERROR 2026-04-12 10:37:46 log 3352 8852 Internal Server Error: /api/auth/me/
Traceback (most recent call last):
  File "C:\Users\majd9\OneDrive\Desktop\tizahab_project1\tizahab-web\.venv\Lib\site-packages\django\db\backends\utils.py", line 105, in _execute
    return self.cursor.execute(sql, params)
           ~~~~~~~~~~~~~~~~~~~^^^^^^^^^^^^^
  File "C:\Users\majd9\OneDrive\Desktop\tizahab_project1\tizahab-web\.venv\Lib\site-packages\django\db\backends\sqlite3\base.py", line 359, in execute
    return super().execute(query, params)
           ~~~~~~~~~~~~~~~^^^^^^^^^^^^^^^
sqlite3.OperationalError: no such column: accounts_userpreferences.trip_duration

The above exception was the direct cause of the following exception:

Traceback (most recent call last):
  File "C:\Users\majd9\OneDrive\Desktop\tizahab_project1\tizahab-web\.venv\Lib\site-packages\django\core\handlers\exception.py", line 55, in inner
    response = get_response(request)
  File "C:\Users\majd9\OneDrive\Desktop\tizahab_project1\tizahab-web\.venv\Lib\site-packages\django\core\handlers\base.py", line 198, in _get_response
    response = wrapped_callback(request, *callback_args, **callback_kwargs)
  File "C:\Users\majd9\OneDrive\Desktop\tizahab_project1\tizahab-web\.venv\Lib\site-packages\django\views\decorators\csrf.py", line 65, in _view_wrapper
    return view_func(request, *args, **kwargs)
  File "C:\Users\majd9\OneDrive\Desktop\tizahab_project1\tizahab-web\.venv\Lib\site-packages\django\views\generic\base.py", line 106, in view
    return self.dispatch(request, *args, **kwargs)
           ~~~~~~~~~~~~~^^^^^^^^^^^^^^^^^^^^^^^^^^
  File "C:\Users\majd9\OneDrive\Desktop\tizahab_project1\tizahab-web\.venv\Lib\site-packages\rest_framework\views.py", line 515, in dispatch
    response = self.handle_exception(exc)
  File "C:\Users\majd9\OneDrive\Desktop\tizahab_project1\tizahab-web\.venv\Lib\site-packages\rest_framework\views.py", line 475, in handle_exception
    self.raise_uncaught_exception(exc)
    ~~~~~~~~~~~~~~~~~~~~~~~~~~~~~^^^^^
  File "C:\Users\majd9\OneDrive\Desktop\tizahab_project1\tizahab-web\.venv\Lib\site-packages\rest_framework\views.py", line 486, in raise_uncaught_exception
    raise exc
  File "C:\Users\majd9\OneDrive\Desktop\tizahab_project1\tizahab-web\.venv\Lib\site-packages\rest_framework\views.py", line 512, in dispatch
    response = handler(request, *args, **kwargs)
  File "C:\Users\majd9\OneDrive\Desktop\tizahab_project1\tizahab-web\accounts\views.py", line 280, in get
    preferences, _ = UserPreferences.objects.get_or_create(user=user)
                     ~~~~~~~~~~~~~~~~~~~~~~~~~~~~~~~~~~~~~^^^^^^^^^^^
  File "C:\Users\majd9\OneDrive\Desktop\tizahab_project1\tizahab-web\.venv\Lib\site-packages\django\db\models\manager.py", line 87, in manager_method
    return getattr(self.get_queryset(), name)(*args, **kwargs)
           ~~~~~~~~~~~~~~~~~~~~~~~~~~~~~~~~~~^^^^^^^^^^^^^^^^^
  File "C:\Users\majd9\OneDrive\Desktop\tizahab_project1\tizahab-web\.venv\Lib\site-packages\django\db\models\query.py", line 987, in get_or_create
    return self.get(**kwargs), False
           ~~~~~~~~^^^^^^^^^^
  File "C:\Users\majd9\OneDrive\Desktop\tizahab_project1\tizahab-web\.venv\Lib\site-packages\django\db\models\query.py", line 635, in get
    num = len(clone)
  File "C:\Users\majd9\OneDrive\Desktop\tizahab_project1\tizahab-web\.venv\Lib\site-packages\django\db\models\query.py", line 372, in __len__
    self._fetch_all()
    ~~~~~~~~~~~~~~~^^
  File "C:\Users\majd9\OneDrive\Desktop\tizahab_project1\tizahab-web\.venv\Lib\site-packages\django\db\models\query.py", line 2000, in _fetch_all
    self._result_cache = list(self._iterable_class(self))
                         ~~~~^^^^^^^^^^^^^^^^^^^^^^^^^^^^
  File "C:\Users\majd9\OneDrive\Desktop\tizahab_project1\tizahab-web\.venv\Lib\site-packages\django\db\models\query.py", line 95, in __iter__
    results = compiler.execute_sql(
        chunked_fetch=self.chunked_fetch, chunk_size=self.chunk_size
    )
  File "C:\Users\majd9\OneDrive\Desktop\tizahab_project1\tizahab-web\.venv\Lib\site-packages\django\db\models\sql\compiler.py", line 1624, in execute_sql
    cursor.execute(sql, params)
    ~~~~~~~~~~~~~~^^^^^^^^^^^^^
  File "C:\Users\majd9\OneDrive\Desktop\tizahab_project1\tizahab-web\.venv\Lib\site-packages\django\db\backends\utils.py", line 122, in execute
    return super().execute(sql, params)
           ~~~~~~~~~~~~~~~^^^^^^^^^^^^^
  File "C:\Users\majd9\OneDrive\Desktop\tizahab_project1\tizahab-web\.venv\Lib\site-packages\django\db\backends\utils.py", line 79, in execute
    return self._execute_with_wrappers(
           ~~~~~~~~~~~~~~~~~~~~~~~~~~~^
        sql, params, many=False, executor=self._execute
        ^^^^^^^^^^^^^^^^^^^^^^^^^^^^^^^^^^^^^^^^^^^^^^^
    )
    ^
  File "C:\Users\majd9\OneDrive\Desktop\tizahab_project1\tizahab-web\.venv\Lib\site-packages\django\db\backends\utils.py", line 92, in _execute_with_wrappers
    return executor(sql, params, many, context)
  File "C:\Users\majd9\OneDrive\Desktop\tizahab_project1\tizahab-web\.venv\Lib\site-packages\django\db\backends\utils.py", line 100, in _execute
    with self.db.wrap_database_errors:
         ^^^^^^^^^^^^^^^^^^^^^^^^^^^^
  File "C:\Users\majd9\OneDrive\Desktop\tizahab_project1\tizahab-web\.venv\Lib\site-packages\django\db\utils.py", line 94, in __exit__
    raise dj_exc_value.with_traceback(traceback) from exc_value
  File "C:\Users\majd9\OneDrive\Desktop\tizahab_project1\tizahab-web\.venv\Lib\site-packages\django\db\backends\utils.py", line 105, in _execute
    return self.cursor.execute(sql, params)
           ~~~~~~~~~~~~~~~~~~~^^^^^^^^^^^^^
  File "C:\Users\majd9\OneDrive\Desktop\tizahab_project1\tizahab-web\.venv\Lib\site-packages\django\db\backends\sqlite3\base.py", line 359, in execute
    return super().execute(query, params)
           ~~~~~~~~~~~~~~~^^^^^^^^^^^^^^^
django.db.utils.OperationalError: no such column: accounts_userpreferences.trip_duration
ERROR 2026-04-12 10:37:46 log 3352 8852 "GET /api/auth/me/ HTTP/1.1" 500 185083
ERROR 2026-04-12 10:37:46 log 3352 20368 Internal Server Error: /api/auth/me/
Traceback (most recent call last):
  File "C:\Users\majd9\OneDrive\Desktop\tizahab_project1\tizahab-web\.venv\Lib\site-packages\django\db\backends\utils.py", line 105, in _execute
    return self.cursor.execute(sql, params)
           ~~~~~~~~~~~~~~~~~~~^^^^^^^^^^^^^
  File "C:\Users\majd9\OneDrive\Desktop\tizahab_project1\tizahab-web\.venv\Lib\site-packages\django\db\backends\sqlite3\base.py", line 359, in execute
    return super().execute(query, params)
           ~~~~~~~~~~~~~~~^^^^^^^^^^^^^^^
sqlite3.OperationalError: no such column: accounts_userpreferences.trip_duration

The above exception was the direct cause of the following exception:

Traceback (most recent call last):
  File "C:\Users\majd9\OneDrive\Desktop\tizahab_project1\tizahab-web\.venv\Lib\site-packages\django\core\handlers\exception.py", line 55, in inner
    response = get_response(request)
  File "C:\Users\majd9\OneDrive\Desktop\tizahab_project1\tizahab-web\.venv\Lib\site-packages\django\core\handlers\base.py", line 198, in _get_response
    response = wrapped_callback(request, *callback_args, **callback_kwargs)
  File "C:\Users\majd9\OneDrive\Desktop\tizahab_project1\tizahab-web\.venv\Lib\site-packages\django\views\decorators\csrf.py", line 65, in _view_wrapper
    return view_func(request, *args, **kwargs)
  File "C:\Users\majd9\OneDrive\Desktop\tizahab_project1\tizahab-web\.venv\Lib\site-packages\django\views\generic\base.py", line 106, in view
    return self.dispatch(request, *args, **kwargs)
           ~~~~~~~~~~~~~^^^^^^^^^^^^^^^^^^^^^^^^^^
  File "C:\Users\majd9\OneDrive\Desktop\tizahab_project1\tizahab-web\.venv\Lib\site-packages\rest_framework\views.py", line 515, in dispatch
    response = self.handle_exception(exc)
  File "C:\Users\majd9\OneDrive\Desktop\tizahab_project1\tizahab-web\.venv\Lib\site-packages\rest_framework\views.py", line 475, in handle_exception
    self.raise_uncaught_exception(exc)
    ~~~~~~~~~~~~~~~~~~~~~~~~~~~~~^^^^^
  File "C:\Users\majd9\OneDrive\Desktop\tizahab_project1\tizahab-web\.venv\Lib\site-packages\rest_framework\views.py", line 486, in raise_uncaught_exception
    raise exc
  File "C:\Users\majd9\OneDrive\Desktop\tizahab_project1\tizahab-web\.venv\Lib\site-packages\rest_framework\views.py", line 512, in dispatch
    response = handler(request, *args, **kwargs)
  File "C:\Users\majd9\OneDrive\Desktop\tizahab_project1\tizahab-web\accounts\views.py", line 280, in get
    preferences, _ = UserPreferences.objects.get_or_create(user=user)
                     ~~~~~~~~~~~~~~~~~~~~~~~~~~~~~~~~~~~~~^^^^^^^^^^^
  File "C:\Users\majd9\OneDrive\Desktop\tizahab_project1\tizahab-web\.venv\Lib\site-packages\django\db\models\manager.py", line 87, in manager_method
    return getattr(self.get_queryset(), name)(*args, **kwargs)
           ~~~~~~~~~~~~~~~~~~~~~~~~~~~~~~~~~~^^^^^^^^^^^^^^^^^
  File "C:\Users\majd9\OneDrive\Desktop\tizahab_project1\tizahab-web\.venv\Lib\site-packages\django\db\models\query.py", line 987, in get_or_create
    return self.get(**kwargs), False
           ~~~~~~~~^^^^^^^^^^
  File "C:\Users\majd9\OneDrive\Desktop\tizahab_project1\tizahab-web\.venv\Lib\site-packages\django\db\models\query.py", line 635, in get
    num = len(clone)
  File "C:\Users\majd9\OneDrive\Desktop\tizahab_project1\tizahab-web\.venv\Lib\site-packages\django\db\models\query.py", line 372, in __len__
    self._fetch_all()
    ~~~~~~~~~~~~~~~^^
  File "C:\Users\majd9\OneDrive\Desktop\tizahab_project1\tizahab-web\.venv\Lib\site-packages\django\db\models\query.py", line 2000, in _fetch_all
    self._result_cache = list(self._iterable_class(self))
                         ~~~~^^^^^^^^^^^^^^^^^^^^^^^^^^^^
  File "C:\Users\majd9\OneDrive\Desktop\tizahab_project1\tizahab-web\.venv\Lib\site-packages\django\db\models\query.py", line 95, in __iter__
    results = compiler.execute_sql(
        chunked_fetch=self.chunked_fetch, chunk_size=self.chunk_size
    )
  File "C:\Users\majd9\OneDrive\Desktop\tizahab_project1\tizahab-web\.venv\Lib\site-packages\django\db\models\sql\compiler.py", line 1624, in execute_sql
    cursor.execute(sql, params)
    ~~~~~~~~~~~~~~^^^^^^^^^^^^^
  File "C:\Users\majd9\OneDrive\Desktop\tizahab_project1\tizahab-web\.venv\Lib\site-packages\django\db\backends\utils.py", line 122, in execute
    return super().execute(sql, params)
           ~~~~~~~~~~~~~~~^^^^^^^^^^^^^
  File "C:\Users\majd9\OneDrive\Desktop\tizahab_project1\tizahab-web\.venv\Lib\site-packages\django\db\backends\utils.py", line 79, in execute
    return self._execute_with_wrappers(
           ~~~~~~~~~~~~~~~~~~~~~~~~~~~^
        sql, params, many=False, executor=self._execute
        ^^^^^^^^^^^^^^^^^^^^^^^^^^^^^^^^^^^^^^^^^^^^^^^
    )
    ^
  File "C:\Users\majd9\OneDrive\Desktop\tizahab_project1\tizahab-web\.venv\Lib\site-packages\django\db\backends\utils.py", line 92, in _execute_with_wrappers
    return executor(sql, params, many, context)
  File "C:\Users\majd9\OneDrive\Desktop\tizahab_project1\tizahab-web\.venv\Lib\site-packages\django\db\backends\utils.py", line 100, in _execute
    with self.db.wrap_database_errors:
         ^^^^^^^^^^^^^^^^^^^^^^^^^^^^
  File "C:\Users\majd9\OneDrive\Desktop\tizahab_project1\tizahab-web\.venv\Lib\site-packages\django\db\utils.py", line 94, in __exit__
    raise dj_exc_value.with_traceback(traceback) from exc_value
  File "C:\Users\majd9\OneDrive\Desktop\tizahab_project1\tizahab-web\.venv\Lib\site-packages\django\db\backends\utils.py", line 105, in _execute
    return self.cursor.execute(sql, params)
           ~~~~~~~~~~~~~~~~~~~^^^^^^^^^^^^^
  File "C:\Users\majd9\OneDrive\Desktop\tizahab_project1\tizahab-web\.venv\Lib\site-packages\django\db\backends\sqlite3\base.py", line 359, in execute
    return super().execute(query, params)
           ~~~~~~~~~~~~~~~^^^^^^^^^^^^^^^
django.db.utils.OperationalError: no such column: accounts_userpreferences.trip_duration
ERROR 2026-04-12 10:37:46 log 3352 20368 "GET /api/auth/me/ HTTP/1.1" 500 185083
ERROR 2026-04-12 10:38:43 log 3352 20368 Internal Server Error: /api/auth/me/
Traceback (most recent call last):
  File "C:\Users\majd9\OneDrive\Desktop\tizahab_project1\tizahab-web\.venv\Lib\site-packages\django\db\backends\utils.py", line 105, in _execute
    return self.cursor.execute(sql, params)
           ~~~~~~~~~~~~~~~~~~~^^^^^^^^^^^^^
  File "C:\Users\majd9\OneDrive\Desktop\tizahab_project1\tizahab-web\.venv\Lib\site-packages\django\db\backends\sqlite3\base.py", line 359, in execute
    return super().execute(query, params)
           ~~~~~~~~~~~~~~~^^^^^^^^^^^^^^^
sqlite3.OperationalError: no such column: accounts_userpreferences.trip_duration

The above exception was the direct cause of the following exception:

Traceback (most recent call last):
  File "C:\Users\majd9\OneDrive\Desktop\tizahab_project1\tizahab-web\.venv\Lib\site-packages\django\core\handlers\exception.py", line 55, in inner
    response = get_response(request)
  File "C:\Users\majd9\OneDrive\Desktop\tizahab_project1\tizahab-web\.venv\Lib\site-packages\django\core\handlers\base.py", line 198, in _get_response
    response = wrapped_callback(request, *callback_args, **callback_kwargs)
  File "C:\Users\majd9\OneDrive\Desktop\tizahab_project1\tizahab-web\.venv\Lib\site-packages\django\views\decorators\csrf.py", line 65, in _view_wrapper
    return view_func(request, *args, **kwargs)
  File "C:\Users\majd9\OneDrive\Desktop\tizahab_project1\tizahab-web\.venv\Lib\site-packages\django\views\generic\base.py", line 106, in view
    return self.dispatch(request, *args, **kwargs)
           ~~~~~~~~~~~~~^^^^^^^^^^^^^^^^^^^^^^^^^^
  File "C:\Users\majd9\OneDrive\Desktop\tizahab_project1\tizahab-web\.venv\Lib\site-packages\rest_framework\views.py", line 515, in dispatch
    response = self.handle_exception(exc)
  File "C:\Users\majd9\OneDrive\Desktop\tizahab_project1\tizahab-web\.venv\Lib\site-packages\rest_framework\views.py", line 475, in handle_exception
    self.raise_uncaught_exception(exc)
    ~~~~~~~~~~~~~~~~~~~~~~~~~~~~~^^^^^
  File "C:\Users\majd9\OneDrive\Desktop\tizahab_project1\tizahab-web\.venv\Lib\site-packages\rest_framework\views.py", line 486, in raise_uncaught_exception
    raise exc
  File "C:\Users\majd9\OneDrive\Desktop\tizahab_project1\tizahab-web\.venv\Lib\site-packages\rest_framework\views.py", line 512, in dispatch
    response = handler(request, *args, **kwargs)
  File "C:\Users\majd9\OneDrive\Desktop\tizahab_project1\tizahab-web\accounts\views.py", line 280, in get
    preferences, _ = UserPreferences.objects.get_or_create(user=user)
                     ~~~~~~~~~~~~~~~~~~~~~~~~~~~~~~~~~~~~~^^^^^^^^^^^
  File "C:\Users\majd9\OneDrive\Desktop\tizahab_project1\tizahab-web\.venv\Lib\site-packages\django\db\models\manager.py", line 87, in manager_method
    return getattr(self.get_queryset(), name)(*args, **kwargs)
           ~~~~~~~~~~~~~~~~~~~~~~~~~~~~~~~~~~^^^^^^^^^^^^^^^^^
  File "C:\Users\majd9\OneDrive\Desktop\tizahab_project1\tizahab-web\.venv\Lib\site-packages\django\db\models\query.py", line 987, in get_or_create
    return self.get(**kwargs), False
           ~~~~~~~~^^^^^^^^^^
  File "C:\Users\majd9\OneDrive\Desktop\tizahab_project1\tizahab-web\.venv\Lib\site-packages\django\db\models\query.py", line 635, in get
    num = len(clone)
  File "C:\Users\majd9\OneDrive\Desktop\tizahab_project1\tizahab-web\.venv\Lib\site-packages\django\db\models\query.py", line 372, in __len__
    self._fetch_all()
    ~~~~~~~~~~~~~~~^^
  File "C:\Users\majd9\OneDrive\Desktop\tizahab_project1\tizahab-web\.venv\Lib\site-packages\django\db\models\query.py", line 2000, in _fetch_all
    self._result_cache = list(self._iterable_class(self))
                         ~~~~^^^^^^^^^^^^^^^^^^^^^^^^^^^^
  File "C:\Users\majd9\OneDrive\Desktop\tizahab_project1\tizahab-web\.venv\Lib\site-packages\django\db\models\query.py", line 95, in __iter__
    results = compiler.execute_sql(
        chunked_fetch=self.chunked_fetch, chunk_size=self.chunk_size
    )
  File "C:\Users\majd9\OneDrive\Desktop\tizahab_project1\tizahab-web\.venv\Lib\site-packages\django\db\models\sql\compiler.py", line 1624, in execute_sql
    cursor.execute(sql, params)
    ~~~~~~~~~~~~~~^^^^^^^^^^^^^
  File "C:\Users\majd9\OneDrive\Desktop\tizahab_project1\tizahab-web\.venv\Lib\site-packages\django\db\backends\utils.py", line 122, in execute
    return super().execute(sql, params)
           ~~~~~~~~~~~~~~~^^^^^^^^^^^^^
  File "C:\Users\majd9\OneDrive\Desktop\tizahab_project1\tizahab-web\.venv\Lib\site-packages\django\db\backends\utils.py", line 79, in execute
    return self._execute_with_wrappers(
           ~~~~~~~~~~~~~~~~~~~~~~~~~~~^
        sql, params, many=False, executor=self._execute
        ^^^^^^^^^^^^^^^^^^^^^^^^^^^^^^^^^^^^^^^^^^^^^^^
    )
    ^
  File "C:\Users\majd9\OneDrive\Desktop\tizahab_project1\tizahab-web\.venv\Lib\site-packages\django\db\backends\utils.py", line 92, in _execute_with_wrappers
    return executor(sql, params, many, context)
  File "C:\Users\majd9\OneDrive\Desktop\tizahab_project1\tizahab-web\.venv\Lib\site-packages\django\db\backends\utils.py", line 100, in _execute
    with self.db.wrap_database_errors:
         ^^^^^^^^^^^^^^^^^^^^^^^^^^^^
  File "C:\Users\majd9\OneDrive\Desktop\tizahab_project1\tizahab-web\.venv\Lib\site-packages\django\db\utils.py", line 94, in __exit__
    raise dj_exc_value.with_traceback(traceback) from exc_value
  File "C:\Users\majd9\OneDrive\Desktop\tizahab_project1\tizahab-web\.venv\Lib\site-packages\django\db\backends\utils.py", line 105, in _execute
    return self.cursor.execute(sql, params)
           ~~~~~~~~~~~~~~~~~~~^^^^^^^^^^^^^
  File "C:\Users\majd9\OneDrive\Desktop\tizahab_project1\tizahab-web\.venv\Lib\site-packages\django\db\backends\sqlite3\base.py", line 359, in execute
    return super().execute(query, params)
           ~~~~~~~~~~~~~~~^^^^^^^^^^^^^^^
django.db.utils.OperationalError: no such column: accounts_userpreferences.trip_duration
ERROR 2026-04-12 10:38:43 log 3352 20368 "GET /api/auth/me/ HTTP/1.1" 500 185084
ERROR 2026-04-12 10:38:46 log 3352 20368 Internal Server Error: /api/auth/me/
Traceback (most recent call last):
  File "C:\Users\majd9\OneDrive\Desktop\tizahab_project1\tizahab-web\.venv\Lib\site-packages\django\db\backends\utils.py", line 105, in _execute
    return self.cursor.execute(sql, params)
           ~~~~~~~~~~~~~~~~~~~^^^^^^^^^^^^^
  File "C:\Users\majd9\OneDrive\Desktop\tizahab_project1\tizahab-web\.venv\Lib\site-packages\django\db\backends\sqlite3\base.py", line 359, in execute
    return super().execute(query, params)
           ~~~~~~~~~~~~~~~^^^^^^^^^^^^^^^
sqlite3.OperationalError: no such column: accounts_userpreferences.trip_duration

The above exception was the direct cause of the following exception:

Traceback (most recent call last):
  File "C:\Users\majd9\OneDrive\Desktop\tizahab_project1\tizahab-web\.venv\Lib\site-packages\django\core\handlers\exception.py", line 55, in inner
    response = get_response(request)
  File "C:\Users\majd9\OneDrive\Desktop\tizahab_project1\tizahab-web\.venv\Lib\site-packages\django\core\handlers\base.py", line 198, in _get_response
    response = wrapped_callback(request, *callback_args, **callback_kwargs)
  File "C:\Users\majd9\OneDrive\Desktop\tizahab_project1\tizahab-web\.venv\Lib\site-packages\django\views\decorators\csrf.py", line 65, in _view_wrapper
    return view_func(request, *args, **kwargs)
  File "C:\Users\majd9\OneDrive\Desktop\tizahab_project1\tizahab-web\.venv\Lib\site-packages\django\views\generic\base.py", line 106, in view
    return self.dispatch(request, *args, **kwargs)
           ~~~~~~~~~~~~~^^^^^^^^^^^^^^^^^^^^^^^^^^
  File "C:\Users\majd9\OneDrive\Desktop\tizahab_project1\tizahab-web\.venv\Lib\site-packages\rest_framework\views.py", line 515, in dispatch
    response = self.handle_exception(exc)
  File "C:\Users\majd9\OneDrive\Desktop\tizahab_project1\tizahab-web\.venv\Lib\site-packages\rest_framework\views.py", line 475, in handle_exception
    self.raise_uncaught_exception(exc)
    ~~~~~~~~~~~~~~~~~~~~~~~~~~~~~^^^^^
  File "C:\Users\majd9\OneDrive\Desktop\tizahab_project1\tizahab-web\.venv\Lib\site-packages\rest_framework\views.py", line 486, in raise_uncaught_exception
    raise exc
  File "C:\Users\majd9\OneDrive\Desktop\tizahab_project1\tizahab-web\.venv\Lib\site-packages\rest_framework\views.py", line 512, in dispatch
    response = handler(request, *args, **kwargs)
  File "C:\Users\majd9\OneDrive\Desktop\tizahab_project1\tizahab-web\accounts\views.py", line 280, in get
    preferences, _ = UserPreferences.objects.get_or_create(user=user)
                     ~~~~~~~~~~~~~~~~~~~~~~~~~~~~~~~~~~~~~^^^^^^^^^^^
  File "C:\Users\majd9\OneDrive\Desktop\tizahab_project1\tizahab-web\.venv\Lib\site-packages\django\db\models\manager.py", line 87, in manager_method
    return getattr(self.get_queryset(), name)(*args, **kwargs)
           ~~~~~~~~~~~~~~~~~~~~~~~~~~~~~~~~~~^^^^^^^^^^^^^^^^^
  File "C:\Users\majd9\OneDrive\Desktop\tizahab_project1\tizahab-web\.venv\Lib\site-packages\django\db\models\query.py", line 987, in get_or_create
    return self.get(**kwargs), False
           ~~~~~~~~^^^^^^^^^^
  File "C:\Users\majd9\OneDrive\Desktop\tizahab_project1\tizahab-web\.venv\Lib\site-packages\django\db\models\query.py", line 635, in get
    num = len(clone)
  File "C:\Users\majd9\OneDrive\Desktop\tizahab_project1\tizahab-web\.venv\Lib\site-packages\django\db\models\query.py", line 372, in __len__
    self._fetch_all()
    ~~~~~~~~~~~~~~~^^
  File "C:\Users\majd9\OneDrive\Desktop\tizahab_project1\tizahab-web\.venv\Lib\site-packages\django\db\models\query.py", line 2000, in _fetch_all
    self._result_cache = list(self._iterable_class(self))
                         ~~~~^^^^^^^^^^^^^^^^^^^^^^^^^^^^
  File "C:\Users\majd9\OneDrive\Desktop\tizahab_project1\tizahab-web\.venv\Lib\site-packages\django\db\models\query.py", line 95, in __iter__
    results = compiler.execute_sql(
        chunked_fetch=self.chunked_fetch, chunk_size=self.chunk_size
    )
  File "C:\Users\majd9\OneDrive\Desktop\tizahab_project1\tizahab-web\.venv\Lib\site-packages\django\db\models\sql\compiler.py", line 1624, in execute_sql
    cursor.execute(sql, params)
    ~~~~~~~~~~~~~~^^^^^^^^^^^^^
  File "C:\Users\majd9\OneDrive\Desktop\tizahab_project1\tizahab-web\.venv\Lib\site-packages\django\db\backends\utils.py", line 122, in execute
    return super().execute(sql, params)
           ~~~~~~~~~~~~~~~^^^^^^^^^^^^^
  File "C:\Users\majd9\OneDrive\Desktop\tizahab_project1\tizahab-web\.venv\Lib\site-packages\django\db\backends\utils.py", line 79, in execute
    return self._execute_with_wrappers(
           ~~~~~~~~~~~~~~~~~~~~~~~~~~~^
        sql, params, many=False, executor=self._execute
        ^^^^^^^^^^^^^^^^^^^^^^^^^^^^^^^^^^^^^^^^^^^^^^^
    )
    ^
  File "C:\Users\majd9\OneDrive\Desktop\tizahab_project1\tizahab-web\.venv\Lib\site-packages\django\db\backends\utils.py", line 92, in _execute_with_wrappers
    return executor(sql, params, many, context)
  File "C:\Users\majd9\OneDrive\Desktop\tizahab_project1\tizahab-web\.venv\Lib\site-packages\django\db\backends\utils.py", line 100, in _execute
    with self.db.wrap_database_errors:
         ^^^^^^^^^^^^^^^^^^^^^^^^^^^^
  File "C:\Users\majd9\OneDrive\Desktop\tizahab_project1\tizahab-web\.venv\Lib\site-packages\django\db\utils.py", line 94, in __exit__
    raise dj_exc_value.with_traceback(traceback) from exc_value
  File "C:\Users\majd9\OneDrive\Desktop\tizahab_project1\tizahab-web\.venv\Lib\site-packages\django\db\backends\utils.py", line 105, in _execute
    return self.cursor.execute(sql, params)
           ~~~~~~~~~~~~~~~~~~~^^^^^^^^^^^^^
  File "C:\Users\majd9\OneDrive\Desktop\tizahab_project1\tizahab-web\.venv\Lib\site-packages\django\db\backends\sqlite3\base.py", line 359, in execute
    return super().execute(query, params)
           ~~~~~~~~~~~~~~~^^^^^^^^^^^^^^^
django.db.utils.OperationalError: no such column: accounts_userpreferences.trip_duration
ERROR 2026-04-12 10:38:46 log 3352 20368 "GET /api/auth/me/ HTTP/1.1" 500 185083
ERROR 2026-04-12 10:38:46 log 3352 12748 Internal Server Error: /api/auth/me/
Traceback (most recent call last):
  File "C:\Users\majd9\OneDrive\Desktop\tizahab_project1\tizahab-web\.venv\Lib\site-packages\django\db\backends\utils.py", line 105, in _execute
    return self.cursor.execute(sql, params)
           ~~~~~~~~~~~~~~~~~~~^^^^^^^^^^^^^
  File "C:\Users\majd9\OneDrive\Desktop\tizahab_project1\tizahab-web\.venv\Lib\site-packages\django\db\backends\sqlite3\base.py", line 359, in execute
    return super().execute(query, params)
           ~~~~~~~~~~~~~~~^^^^^^^^^^^^^^^
sqlite3.OperationalError: no such column: accounts_userpreferences.trip_duration

The above exception was the direct cause of the following exception:

Traceback (most recent call last):
  File "C:\Users\majd9\OneDrive\Desktop\tizahab_project1\tizahab-web\.venv\Lib\site-packages\django\core\handlers\exception.py", line 55, in inner
    response = get_response(request)
  File "C:\Users\majd9\OneDrive\Desktop\tizahab_project1\tizahab-web\.venv\Lib\site-packages\django\core\handlers\base.py", line 198, in _get_response
    response = wrapped_callback(request, *callback_args, **callback_kwargs)
  File "C:\Users\majd9\OneDrive\Desktop\tizahab_project1\tizahab-web\.venv\Lib\site-packages\django\views\decorators\csrf.py", line 65, in _view_wrapper
    return view_func(request, *args, **kwargs)
  File "C:\Users\majd9\OneDrive\Desktop\tizahab_project1\tizahab-web\.venv\Lib\site-packages\django\views\generic\base.py", line 106, in view
    return self.dispatch(request, *args, **kwargs)
           ~~~~~~~~~~~~~^^^^^^^^^^^^^^^^^^^^^^^^^^
  File "C:\Users\majd9\OneDrive\Desktop\tizahab_project1\tizahab-web\.venv\Lib\site-packages\rest_framework\views.py", line 515, in dispatch
    response = self.handle_exception(exc)
  File "C:\Users\majd9\OneDrive\Desktop\tizahab_project1\tizahab-web\.venv\Lib\site-packages\rest_framework\views.py", line 475, in handle_exception
    self.raise_uncaught_exception(exc)
    ~~~~~~~~~~~~~~~~~~~~~~~~~~~~~^^^^^
  File "C:\Users\majd9\OneDrive\Desktop\tizahab_project1\tizahab-web\.venv\Lib\site-packages\rest_framework\views.py", line 486, in raise_uncaught_exception
    raise exc
  File "C:\Users\majd9\OneDrive\Desktop\tizahab_project1\tizahab-web\.venv\Lib\site-packages\rest_framework\views.py", line 512, in dispatch
    response = handler(request, *args, **kwargs)
  File "C:\Users\majd9\OneDrive\Desktop\tizahab_project1\tizahab-web\accounts\views.py", line 280, in get
    preferences, _ = UserPreferences.objects.get_or_create(user=user)
                     ~~~~~~~~~~~~~~~~~~~~~~~~~~~~~~~~~~~~~^^^^^^^^^^^
  File "C:\Users\majd9\OneDrive\Desktop\tizahab_project1\tizahab-web\.venv\Lib\site-packages\django\db\models\manager.py", line 87, in manager_method
    return getattr(self.get_queryset(), name)(*args, **kwargs)
           ~~~~~~~~~~~~~~~~~~~~~~~~~~~~~~~~~~^^^^^^^^^^^^^^^^^
  File "C:\Users\majd9\OneDrive\Desktop\tizahab_project1\tizahab-web\.venv\Lib\site-packages\django\db\models\query.py", line 987, in get_or_create
    return self.get(**kwargs), False
           ~~~~~~~~^^^^^^^^^^
  File "C:\Users\majd9\OneDrive\Desktop\tizahab_project1\tizahab-web\.venv\Lib\site-packages\django\db\models\query.py", line 635, in get
    num = len(clone)
  File "C:\Users\majd9\OneDrive\Desktop\tizahab_project1\tizahab-web\.venv\Lib\site-packages\django\db\models\query.py", line 372, in __len__
    self._fetch_all()
    ~~~~~~~~~~~~~~~^^
  File "C:\Users\majd9\OneDrive\Desktop\tizahab_project1\tizahab-web\.venv\Lib\site-packages\django\db\models\query.py", line 2000, in _fetch_all
    self._result_cache = list(self._iterable_class(self))
                         ~~~~^^^^^^^^^^^^^^^^^^^^^^^^^^^^
  File "C:\Users\majd9\OneDrive\Desktop\tizahab_project1\tizahab-web\.venv\Lib\site-packages\django\db\models\query.py", line 95, in __iter__
    results = compiler.execute_sql(
        chunked_fetch=self.chunked_fetch, chunk_size=self.chunk_size
    )
  File "C:\Users\majd9\OneDrive\Desktop\tizahab_project1\tizahab-web\.venv\Lib\site-packages\django\db\models\sql\compiler.py", line 1624, in execute_sql
    cursor.execute(sql, params)
    ~~~~~~~~~~~~~~^^^^^^^^^^^^^
  File "C:\Users\majd9\OneDrive\Desktop\tizahab_project1\tizahab-web\.venv\Lib\site-packages\django\db\backends\utils.py", line 122, in execute
    return super().execute(sql, params)
           ~~~~~~~~~~~~~~~^^^^^^^^^^^^^
  File "C:\Users\majd9\OneDrive\Desktop\tizahab_project1\tizahab-web\.venv\Lib\site-packages\django\db\backends\utils.py", line 79, in execute
    return self._execute_with_wrappers(
           ~~~~~~~~~~~~~~~~~~~~~~~~~~~^
        sql, params, many=False, executor=self._execute
        ^^^^^^^^^^^^^^^^^^^^^^^^^^^^^^^^^^^^^^^^^^^^^^^
    )
    ^
  File "C:\Users\majd9\OneDrive\Desktop\tizahab_project1\tizahab-web\.venv\Lib\site-packages\django\db\backends\utils.py", line 92, in _execute_with_wrappers
    return executor(sql, params, many, context)
  File "C:\Users\majd9\OneDrive\Desktop\tizahab_project1\tizahab-web\.venv\Lib\site-packages\django\db\backends\utils.py", line 100, in _execute
    with self.db.wrap_database_errors:
         ^^^^^^^^^^^^^^^^^^^^^^^^^^^^
  File "C:\Users\majd9\OneDrive\Desktop\tizahab_project1\tizahab-web\.venv\Lib\site-packages\django\db\utils.py", line 94, in __exit__
    raise dj_exc_value.with_traceback(traceback) from exc_value
  File "C:\Users\majd9\OneDrive\Desktop\tizahab_project1\tizahab-web\.venv\Lib\site-packages\django\db\backends\utils.py", line 105, in _execute
    return self.cursor.execute(sql, params)
           ~~~~~~~~~~~~~~~~~~~^^^^^^^^^^^^^
  File "C:\Users\majd9\OneDrive\Desktop\tizahab_project1\tizahab-web\.venv\Lib\site-packages\django\db\backends\sqlite3\base.py", line 359, in execute
    return super().execute(query, params)
           ~~~~~~~~~~~~~~~^^^^^^^^^^^^^^^
django.db.utils.OperationalError: no such column: accounts_userpreferences.trip_duration
ERROR 2026-04-12 10:38:46 log 3352 12748 "GET /api/auth/me/ HTTP/1.1" 500 185083
ERROR 2026-04-12 10:38:49 log 3352 12748 Internal Server Error: /api/auth/me/
Traceback (most recent call last):
  File "C:\Users\majd9\OneDrive\Desktop\tizahab_project1\tizahab-web\.venv\Lib\site-packages\django\db\backends\utils.py", line 105, in _execute
    return self.cursor.execute(sql, params)
           ~~~~~~~~~~~~~~~~~~~^^^^^^^^^^^^^
  File "C:\Users\majd9\OneDrive\Desktop\tizahab_project1\tizahab-web\.venv\Lib\site-packages\django\db\backends\sqlite3\base.py", line 359, in execute
    return super().execute(query, params)
           ~~~~~~~~~~~~~~~^^^^^^^^^^^^^^^
sqlite3.OperationalError: no such column: accounts_userpreferences.trip_duration

The above exception was the direct cause of the following exception:

Traceback (most recent call last):
  File "C:\Users\majd9\OneDrive\Desktop\tizahab_project1\tizahab-web\.venv\Lib\site-packages\django\core\handlers\exception.py", line 55, in inner
    response = get_response(request)
  File "C:\Users\majd9\OneDrive\Desktop\tizahab_project1\tizahab-web\.venv\Lib\site-packages\django\core\handlers\base.py", line 198, in _get_response
    response = wrapped_callback(request, *callback_args, **callback_kwargs)
  File "C:\Users\majd9\OneDrive\Desktop\tizahab_project1\tizahab-web\.venv\Lib\site-packages\django\views\decorators\csrf.py", line 65, in _view_wrapper
    return view_func(request, *args, **kwargs)
  File "C:\Users\majd9\OneDrive\Desktop\tizahab_project1\tizahab-web\.venv\Lib\site-packages\django\views\generic\base.py", line 106, in view
    return self.dispatch(request, *args, **kwargs)
           ~~~~~~~~~~~~~^^^^^^^^^^^^^^^^^^^^^^^^^^
  File "C:\Users\majd9\OneDrive\Desktop\tizahab_project1\tizahab-web\.venv\Lib\site-packages\rest_framework\views.py", line 515, in dispatch
    response = self.handle_exception(exc)
  File "C:\Users\majd9\OneDrive\Desktop\tizahab_project1\tizahab-web\.venv\Lib\site-packages\rest_framework\views.py", line 475, in handle_exception
    self.raise_uncaught_exception(exc)
    ~~~~~~~~~~~~~~~~~~~~~~~~~~~~~^^^^^
  File "C:\Users\majd9\OneDrive\Desktop\tizahab_project1\tizahab-web\.venv\Lib\site-packages\rest_framework\views.py", line 486, in raise_uncaught_exception
    raise exc
  File "C:\Users\majd9\OneDrive\Desktop\tizahab_project1\tizahab-web\.venv\Lib\site-packages\rest_framework\views.py", line 512, in dispatch
    response = handler(request, *args, **kwargs)
  File "C:\Users\majd9\OneDrive\Desktop\tizahab_project1\tizahab-web\accounts\views.py", line 280, in get
    preferences, _ = UserPreferences.objects.get_or_create(user=user)
                     ~~~~~~~~~~~~~~~~~~~~~~~~~~~~~~~~~~~~~^^^^^^^^^^^
  File "C:\Users\majd9\OneDrive\Desktop\tizahab_project1\tizahab-web\.venv\Lib\site-packages\django\db\models\manager.py", line 87, in manager_method
    return getattr(self.get_queryset(), name)(*args, **kwargs)
           ~~~~~~~~~~~~~~~~~~~~~~~~~~~~~~~~~~^^^^^^^^^^^^^^^^^
  File "C:\Users\majd9\OneDrive\Desktop\tizahab_project1\tizahab-web\.venv\Lib\site-packages\django\db\models\query.py", line 987, in get_or_create
    return self.get(**kwargs), False
           ~~~~~~~~^^^^^^^^^^
  File "C:\Users\majd9\OneDrive\Desktop\tizahab_project1\tizahab-web\.venv\Lib\site-packages\django\db\models\query.py", line 635, in get
    num = len(clone)
  File "C:\Users\majd9\OneDrive\Desktop\tizahab_project1\tizahab-web\.venv\Lib\site-packages\django\db\models\query.py", line 372, in __len__
    self._fetch_all()
    ~~~~~~~~~~~~~~~^^
  File "C:\Users\majd9\OneDrive\Desktop\tizahab_project1\tizahab-web\.venv\Lib\site-packages\django\db\models\query.py", line 2000, in _fetch_all
    self._result_cache = list(self._iterable_class(self))
                         ~~~~^^^^^^^^^^^^^^^^^^^^^^^^^^^^
  File "C:\Users\majd9\OneDrive\Desktop\tizahab_project1\tizahab-web\.venv\Lib\site-packages\django\db\models\query.py", line 95, in __iter__
    results = compiler.execute_sql(
        chunked_fetch=self.chunked_fetch, chunk_size=self.chunk_size
    )
  File "C:\Users\majd9\OneDrive\Desktop\tizahab_project1\tizahab-web\.venv\Lib\site-packages\django\db\models\sql\compiler.py", line 1624, in execute_sql
    cursor.execute(sql, params)
    ~~~~~~~~~~~~~~^^^^^^^^^^^^^
  File "C:\Users\majd9\OneDrive\Desktop\tizahab_project1\tizahab-web\.venv\Lib\site-packages\django\db\backends\utils.py", line 122, in execute
    return super().execute(sql, params)
           ~~~~~~~~~~~~~~~^^^^^^^^^^^^^
  File "C:\Users\majd9\OneDrive\Desktop\tizahab_project1\tizahab-web\.venv\Lib\site-packages\django\db\backends\utils.py", line 79, in execute
    return self._execute_with_wrappers(
           ~~~~~~~~~~~~~~~~~~~~~~~~~~~^
        sql, params, many=False, executor=self._execute
        ^^^^^^^^^^^^^^^^^^^^^^^^^^^^^^^^^^^^^^^^^^^^^^^
    )
    ^
  File "C:\Users\majd9\OneDrive\Desktop\tizahab_project1\tizahab-web\.venv\Lib\site-packages\django\db\backends\utils.py", line 92, in _execute_with_wrappers
    return executor(sql, params, many, context)
  File "C:\Users\majd9\OneDrive\Desktop\tizahab_project1\tizahab-web\.venv\Lib\site-packages\django\db\backends\utils.py", line 100, in _execute
    with self.db.wrap_database_errors:
         ^^^^^^^^^^^^^^^^^^^^^^^^^^^^
  File "C:\Users\majd9\OneDrive\Desktop\tizahab_project1\tizahab-web\.venv\Lib\site-packages\django\db\utils.py", line 94, in __exit__
    raise dj_exc_value.with_traceback(traceback) from exc_value
  File "C:\Users\majd9\OneDrive\Desktop\tizahab_project1\tizahab-web\.venv\Lib\site-packages\django\db\backends\utils.py", line 105, in _execute
    return self.cursor.execute(sql, params)
           ~~~~~~~~~~~~~~~~~~~^^^^^^^^^^^^^
  File "C:\Users\majd9\OneDrive\Desktop\tizahab_project1\tizahab-web\.venv\Lib\site-packages\django\db\backends\sqlite3\base.py", line 359, in execute
    return super().execute(query, params)
           ~~~~~~~~~~~~~~~^^^^^^^^^^^^^^^
django.db.utils.OperationalError: no such column: accounts_userpreferences.trip_duration
ERROR 2026-04-12 10:38:49 log 3352 12748 "GET /api/auth/me/ HTTP/1.1" 500 185083
ERROR 2026-04-12 10:38:49 views 3352 12748 Unexpected error generating multi-day plan for user 10: no such column: accounts_userpreferences.trip_duration
Traceback (most recent call last):
  File "C:\Users\majd9\OneDrive\Desktop\tizahab_project1\tizahab-web\.venv\Lib\site-packages\django\db\backends\utils.py", line 105, in _execute
    return self.cursor.execute(sql, params)
           ~~~~~~~~~~~~~~~~~~~^^^^^^^^^^^^^
  File "C:\Users\majd9\OneDrive\Desktop\tizahab_project1\tizahab-web\.venv\Lib\site-packages\django\db\backends\sqlite3\base.py", line 359, in execute
    return super().execute(query, params)
           ~~~~~~~~~~~~~~~^^^^^^^^^^^^^^^
sqlite3.OperationalError: no such column: accounts_userpreferences.trip_duration

The above exception was the direct cause of the following exception:

Traceback (most recent call last):
  File "C:\Users\majd9\OneDrive\Desktop\tizahab_project1\tizahab-web\daily_plan\views.py", line 194, in post
    generated_days = generate_multiday_plan(user, start_date_str)
  File "C:\Users\majd9\OneDrive\Desktop\tizahab_project1\tizahab-web\daily_plan\services.py", line 250, in generate_multiday_plan
    preferences = UserPreferences.objects.filter(user=user).first()
  File "C:\Users\majd9\OneDrive\Desktop\tizahab_project1\tizahab-web\.venv\Lib\site-packages\django\db\models\query.py", line 1145, in first
    for obj in queryset[:1]:
               ~~~~~~~~^^^^
  File "C:\Users\majd9\OneDrive\Desktop\tizahab_project1\tizahab-web\.venv\Lib\site-packages\django\db\models\query.py", line 390, in __iter__
    self._fetch_all()
    ~~~~~~~~~~~~~~~^^
  File "C:\Users\majd9\OneDrive\Desktop\tizahab_project1\tizahab-web\.venv\Lib\site-packages\django\db\models\query.py", line 2000, in _fetch_all
    self._result_cache = list(self._iterable_class(self))
                         ~~~~^^^^^^^^^^^^^^^^^^^^^^^^^^^^
  File "C:\Users\majd9\OneDrive\Desktop\tizahab_project1\tizahab-web\.venv\Lib\site-packages\django\db\models\query.py", line 95, in __iter__
    results = compiler.execute_sql(
        chunked_fetch=self.chunked_fetch, chunk_size=self.chunk_size
    )
  File "C:\Users\majd9\OneDrive\Desktop\tizahab_project1\tizahab-web\.venv\Lib\site-packages\django\db\models\sql\compiler.py", line 1624, in execute_sql
    cursor.execute(sql, params)
    ~~~~~~~~~~~~~~^^^^^^^^^^^^^
  File "C:\Users\majd9\OneDrive\Desktop\tizahab_project1\tizahab-web\.venv\Lib\site-packages\django\db\backends\utils.py", line 122, in execute
    return super().execute(sql, params)
           ~~~~~~~~~~~~~~~^^^^^^^^^^^^^
  File "C:\Users\majd9\OneDrive\Desktop\tizahab_project1\tizahab-web\.venv\Lib\site-packages\django\db\backends\utils.py", line 79, in execute
    return self._execute_with_wrappers(
           ~~~~~~~~~~~~~~~~~~~~~~~~~~~^
        sql, params, many=False, executor=self._execute
        ^^^^^^^^^^^^^^^^^^^^^^^^^^^^^^^^^^^^^^^^^^^^^^^
    )
    ^
  File "C:\Users\majd9\OneDrive\Desktop\tizahab_project1\tizahab-web\.venv\Lib\site-packages\django\db\backends\utils.py", line 92, in _execute_with_wrappers
    return executor(sql, params, many, context)
  File "C:\Users\majd9\OneDrive\Desktop\tizahab_project1\tizahab-web\.venv\Lib\site-packages\django\db\backends\utils.py", line 100, in _execute
    with self.db.wrap_database_errors:
         ^^^^^^^^^^^^^^^^^^^^^^^^^^^^
  File "C:\Users\majd9\OneDrive\Desktop\tizahab_project1\tizahab-web\.venv\Lib\site-packages\django\db\utils.py", line 94, in __exit__
    raise dj_exc_value.with_traceback(traceback) from exc_value
  File "C:\Users\majd9\OneDrive\Desktop\tizahab_project1\tizahab-web\.venv\Lib\site-packages\django\db\backends\utils.py", line 105, in _execute
    return self.cursor.execute(sql, params)
           ~~~~~~~~~~~~~~~~~~~^^^^^^^^^^^^^
  File "C:\Users\majd9\OneDrive\Desktop\tizahab_project1\tizahab-web\.venv\Lib\site-packages\django\db\backends\sqlite3\base.py", line 359, in execute
    return super().execute(query, params)
           ~~~~~~~~~~~~~~~^^^^^^^^^^^^^^^
django.db.utils.OperationalError: no such column: accounts_userpreferences.trip_duration
ERROR 2026-04-12 10:38:49 log 3352 12748 Internal Server Error: /api/daily-plan/generate-multiday/
ERROR 2026-04-12 10:38:49 log 3352 12748 "POST /api/daily-plan/generate-multiday/ HTTP/1.1" 500 52
ERROR 2026-04-12 10:38:50 log 3352 12748 Internal Server Error: /api/auth/me/
Traceback (most recent call last):
  File "C:\Users\majd9\OneDrive\Desktop\tizahab_project1\tizahab-web\.venv\Lib\site-packages\django\db\backends\utils.py", line 105, in _execute
    return self.cursor.execute(sql, params)
           ~~~~~~~~~~~~~~~~~~~^^^^^^^^^^^^^
  File "C:\Users\majd9\OneDrive\Desktop\tizahab_project1\tizahab-web\.venv\Lib\site-packages\django\db\backends\sqlite3\base.py", line 359, in execute
    return super().execute(query, params)
           ~~~~~~~~~~~~~~~^^^^^^^^^^^^^^^
sqlite3.OperationalError: no such column: accounts_userpreferences.trip_duration

The above exception was the direct cause of the following exception:

Traceback (most recent call last):
  File "C:\Users\majd9\OneDrive\Desktop\tizahab_project1\tizahab-web\.venv\Lib\site-packages\django\core\handlers\exception.py", line 55, in inner
    response = get_response(request)
  File "C:\Users\majd9\OneDrive\Desktop\tizahab_project1\tizahab-web\.venv\Lib\site-packages\django\core\handlers\base.py", line 198, in _get_response
    response = wrapped_callback(request, *callback_args, **callback_kwargs)
  File "C:\Users\majd9\OneDrive\Desktop\tizahab_project1\tizahab-web\.venv\Lib\site-packages\django\views\decorators\csrf.py", line 65, in _view_wrapper
    return view_func(request, *args, **kwargs)
  File "C:\Users\majd9\OneDrive\Desktop\tizahab_project1\tizahab-web\.venv\Lib\site-packages\django\views\generic\base.py", line 106, in view
    return self.dispatch(request, *args, **kwargs)
           ~~~~~~~~~~~~~^^^^^^^^^^^^^^^^^^^^^^^^^^
  File "C:\Users\majd9\OneDrive\Desktop\tizahab_project1\tizahab-web\.venv\Lib\site-packages\rest_framework\views.py", line 515, in dispatch
    response = self.handle_exception(exc)
  File "C:\Users\majd9\OneDrive\Desktop\tizahab_project1\tizahab-web\.venv\Lib\site-packages\rest_framework\views.py", line 475, in handle_exception
    self.raise_uncaught_exception(exc)
    ~~~~~~~~~~~~~~~~~~~~~~~~~~~~~^^^^^
  File "C:\Users\majd9\OneDrive\Desktop\tizahab_project1\tizahab-web\.venv\Lib\site-packages\rest_framework\views.py", line 486, in raise_uncaught_exception
    raise exc
  File "C:\Users\majd9\OneDrive\Desktop\tizahab_project1\tizahab-web\.venv\Lib\site-packages\rest_framework\views.py", line 512, in dispatch
    response = handler(request, *args, **kwargs)
  File "C:\Users\majd9\OneDrive\Desktop\tizahab_project1\tizahab-web\accounts\views.py", line 280, in get
    preferences, _ = UserPreferences.objects.get_or_create(user=user)
                     ~~~~~~~~~~~~~~~~~~~~~~~~~~~~~~~~~~~~~^^^^^^^^^^^
  File "C:\Users\majd9\OneDrive\Desktop\tizahab_project1\tizahab-web\.venv\Lib\site-packages\django\db\models\manager.py", line 87, in manager_method
    return getattr(self.get_queryset(), name)(*args, **kwargs)
           ~~~~~~~~~~~~~~~~~~~~~~~~~~~~~~~~~~^^^^^^^^^^^^^^^^^
  File "C:\Users\majd9\OneDrive\Desktop\tizahab_project1\tizahab-web\.venv\Lib\site-packages\django\db\models\query.py", line 987, in get_or_create
    return self.get(**kwargs), False
           ~~~~~~~~^^^^^^^^^^
  File "C:\Users\majd9\OneDrive\Desktop\tizahab_project1\tizahab-web\.venv\Lib\site-packages\django\db\models\query.py", line 635, in get
    num = len(clone)
  File "C:\Users\majd9\OneDrive\Desktop\tizahab_project1\tizahab-web\.venv\Lib\site-packages\django\db\models\query.py", line 372, in __len__
    self._fetch_all()
    ~~~~~~~~~~~~~~~^^
  File "C:\Users\majd9\OneDrive\Desktop\tizahab_project1\tizahab-web\.venv\Lib\site-packages\django\db\models\query.py", line 2000, in _fetch_all
    self._result_cache = list(self._iterable_class(self))
                         ~~~~^^^^^^^^^^^^^^^^^^^^^^^^^^^^
  File "C:\Users\majd9\OneDrive\Desktop\tizahab_project1\tizahab-web\.venv\Lib\site-packages\django\db\models\query.py", line 95, in __iter__
    results = compiler.execute_sql(
        chunked_fetch=self.chunked_fetch, chunk_size=self.chunk_size
    )
  File "C:\Users\majd9\OneDrive\Desktop\tizahab_project1\tizahab-web\.venv\Lib\site-packages\django\db\models\sql\compiler.py", line 1624, in execute_sql
    cursor.execute(sql, params)
    ~~~~~~~~~~~~~~^^^^^^^^^^^^^
  File "C:\Users\majd9\OneDrive\Desktop\tizahab_project1\tizahab-web\.venv\Lib\site-packages\django\db\backends\utils.py", line 122, in execute
    return super().execute(sql, params)
           ~~~~~~~~~~~~~~~^^^^^^^^^^^^^
  File "C:\Users\majd9\OneDrive\Desktop\tizahab_project1\tizahab-web\.venv\Lib\site-packages\django\db\backends\utils.py", line 79, in execute
    return self._execute_with_wrappers(
           ~~~~~~~~~~~~~~~~~~~~~~~~~~~^
        sql, params, many=False, executor=self._execute
        ^^^^^^^^^^^^^^^^^^^^^^^^^^^^^^^^^^^^^^^^^^^^^^^
    )
    ^
  File "C:\Users\majd9\OneDrive\Desktop\tizahab_project1\tizahab-web\.venv\Lib\site-packages\django\db\backends\utils.py", line 92, in _execute_with_wrappers
    return executor(sql, params, many, context)
  File "C:\Users\majd9\OneDrive\Desktop\tizahab_project1\tizahab-web\.venv\Lib\site-packages\django\db\backends\utils.py", line 100, in _execute
    with self.db.wrap_database_errors:
         ^^^^^^^^^^^^^^^^^^^^^^^^^^^^
  File "C:\Users\majd9\OneDrive\Desktop\tizahab_project1\tizahab-web\.venv\Lib\site-packages\django\db\utils.py", line 94, in __exit__
    raise dj_exc_value.with_traceback(traceback) from exc_value
  File "C:\Users\majd9\OneDrive\Desktop\tizahab_project1\tizahab-web\.venv\Lib\site-packages\django\db\backends\utils.py", line 105, in _execute
    return self.cursor.execute(sql, params)
           ~~~~~~~~~~~~~~~~~~~^^^^^^^^^^^^^
  File "C:\Users\majd9\OneDrive\Desktop\tizahab_project1\tizahab-web\.venv\Lib\site-packages\django\db\backends\sqlite3\base.py", line 359, in execute
    return super().execute(query, params)
           ~~~~~~~~~~~~~~~^^^^^^^^^^^^^^^
django.db.utils.OperationalError: no such column: accounts_userpreferences.trip_duration
ERROR 2026-04-12 10:38:50 log 3352 12748 "GET /api/auth/me/ HTTP/1.1" 500 185083
ERROR 2026-04-12 10:38:50 views 3352 12748 Unexpected error generating multi-day plan for user 10: no such column: accounts_userpreferences.trip_duration
Traceback (most recent call last):
  File "C:\Users\majd9\OneDrive\Desktop\tizahab_project1\tizahab-web\.venv\Lib\site-packages\django\db\backends\utils.py", line 105, in _execute
    return self.cursor.execute(sql, params)
           ~~~~~~~~~~~~~~~~~~~^^^^^^^^^^^^^
  File "C:\Users\majd9\OneDrive\Desktop\tizahab_project1\tizahab-web\.venv\Lib\site-packages\django\db\backends\sqlite3\base.py", line 359, in execute
    return super().execute(query, params)
           ~~~~~~~~~~~~~~~^^^^^^^^^^^^^^^
sqlite3.OperationalError: no such column: accounts_userpreferences.trip_duration

The above exception was the direct cause of the following exception:

Traceback (most recent call last):
  File "C:\Users\majd9\OneDrive\Desktop\tizahab_project1\tizahab-web\daily_plan\views.py", line 194, in post
    generated_days = generate_multiday_plan(user, start_date_str)
  File "C:\Users\majd9\OneDrive\Desktop\tizahab_project1\tizahab-web\daily_plan\services.py", line 250, in generate_multiday_plan
    preferences = UserPreferences.objects.filter(user=user).first()
  File "C:\Users\majd9\OneDrive\Desktop\tizahab_project1\tizahab-web\.venv\Lib\site-packages\django\db\models\query.py", line 1145, in first
    for obj in queryset[:1]:
               ~~~~~~~~^^^^
  File "C:\Users\majd9\OneDrive\Desktop\tizahab_project1\tizahab-web\.venv\Lib\site-packages\django\db\models\query.py", line 390, in __iter__
    self._fetch_all()
    ~~~~~~~~~~~~~~~^^
  File "C:\Users\majd9\OneDrive\Desktop\tizahab_project1\tizahab-web\.venv\Lib\site-packages\django\db\models\query.py", line 2000, in _fetch_all
    self._result_cache = list(self._iterable_class(self))
                         ~~~~^^^^^^^^^^^^^^^^^^^^^^^^^^^^
  File "C:\Users\majd9\OneDrive\Desktop\tizahab_project1\tizahab-web\.venv\Lib\site-packages\django\db\models\query.py", line 95, in __iter__
    results = compiler.execute_sql(
        chunked_fetch=self.chunked_fetch, chunk_size=self.chunk_size
    )
  File "C:\Users\majd9\OneDrive\Desktop\tizahab_project1\tizahab-web\.venv\Lib\site-packages\django\db\models\sql\compiler.py", line 1624, in execute_sql
    cursor.execute(sql, params)
    ~~~~~~~~~~~~~~^^^^^^^^^^^^^
  File "C:\Users\majd9\OneDrive\Desktop\tizahab_project1\tizahab-web\.venv\Lib\site-packages\django\db\backends\utils.py", line 122, in execute
    return super().execute(sql, params)
           ~~~~~~~~~~~~~~~^^^^^^^^^^^^^
  File "C:\Users\majd9\OneDrive\Desktop\tizahab_project1\tizahab-web\.venv\Lib\site-packages\django\db\backends\utils.py", line 79, in execute
    return self._execute_with_wrappers(
           ~~~~~~~~~~~~~~~~~~~~~~~~~~~^
        sql, params, many=False, executor=self._execute
        ^^^^^^^^^^^^^^^^^^^^^^^^^^^^^^^^^^^^^^^^^^^^^^^
    )
    ^
  File "C:\Users\majd9\OneDrive\Desktop\tizahab_project1\tizahab-web\.venv\Lib\site-packages\django\db\backends\utils.py", line 92, in _execute_with_wrappers
    return executor(sql, params, many, context)
  File "C:\Users\majd9\OneDrive\Desktop\tizahab_project1\tizahab-web\.venv\Lib\site-packages\django\db\backends\utils.py", line 100, in _execute
    with self.db.wrap_database_errors:
         ^^^^^^^^^^^^^^^^^^^^^^^^^^^^
  File "C:\Users\majd9\OneDrive\Desktop\tizahab_project1\tizahab-web\.venv\Lib\site-packages\django\db\utils.py", line 94, in __exit__
    raise dj_exc_value.with_traceback(traceback) from exc_value
  File "C:\Users\majd9\OneDrive\Desktop\tizahab_project1\tizahab-web\.venv\Lib\site-packages\django\db\backends\utils.py", line 105, in _execute
    return self.cursor.execute(sql, params)
           ~~~~~~~~~~~~~~~~~~~^^^^^^^^^^^^^
  File "C:\Users\majd9\OneDrive\Desktop\tizahab_project1\tizahab-web\.venv\Lib\site-packages\django\db\backends\sqlite3\base.py", line 359, in execute
    return super().execute(query, params)
           ~~~~~~~~~~~~~~~^^^^^^^^^^^^^^^
django.db.utils.OperationalError: no such column: accounts_userpreferences.trip_duration
ERROR 2026-04-12 10:38:50 log 3352 12748 Internal Server Error: /api/daily-plan/generate-multiday/
ERROR 2026-04-12 10:38:50 log 3352 12748 "POST /api/daily-plan/generate-multiday/ HTTP/1.1" 500 52
ERROR 2026-04-12 12:05:42 log 356 15780 Internal Server Error: /api/auth/me/
Traceback (most recent call last):
  File "C:\Users\majd9\OneDrive\Desktop\tizahab_project1\tizahab-web\.venv\Lib\site-packages\django\db\backends\utils.py", line 105, in _execute
    return self.cursor.execute(sql, params)
           ~~~~~~~~~~~~~~~~~~~^^^^^^^^^^^^^
  File "C:\Users\majd9\OneDrive\Desktop\tizahab_project1\tizahab-web\.venv\Lib\site-packages\django\db\backends\sqlite3\base.py", line 359, in execute
    return super().execute(query, params)
           ~~~~~~~~~~~~~~~^^^^^^^^^^^^^^^
sqlite3.OperationalError: no such column: accounts_userpreferences.trip_duration

The above exception was the direct cause of the following exception:

Traceback (most recent call last):
  File "C:\Users\majd9\OneDrive\Desktop\tizahab_project1\tizahab-web\.venv\Lib\site-packages\django\core\handlers\exception.py", line 55, in inner
    response = get_response(request)
  File "C:\Users\majd9\OneDrive\Desktop\tizahab_project1\tizahab-web\.venv\Lib\site-packages\django\core\handlers\base.py", line 198, in _get_response
    response = wrapped_callback(request, *callback_args, **callback_kwargs)
  File "C:\Users\majd9\OneDrive\Desktop\tizahab_project1\tizahab-web\.venv\Lib\site-packages\django\views\decorators\csrf.py", line 65, in _view_wrapper
    return view_func(request, *args, **kwargs)
  File "C:\Users\majd9\OneDrive\Desktop\tizahab_project1\tizahab-web\.venv\Lib\site-packages\django\views\generic\base.py", line 106, in view
    return self.dispatch(request, *args, **kwargs)
           ~~~~~~~~~~~~~^^^^^^^^^^^^^^^^^^^^^^^^^^
  File "C:\Users\majd9\OneDrive\Desktop\tizahab_project1\tizahab-web\.venv\Lib\site-packages\rest_framework\views.py", line 515, in dispatch
    response = self.handle_exception(exc)
  File "C:\Users\majd9\OneDrive\Desktop\tizahab_project1\tizahab-web\.venv\Lib\site-packages\rest_framework\views.py", line 475, in handle_exception
    self.raise_uncaught_exception(exc)
    ~~~~~~~~~~~~~~~~~~~~~~~~~~~~~^^^^^
  File "C:\Users\majd9\OneDrive\Desktop\tizahab_project1\tizahab-web\.venv\Lib\site-packages\rest_framework\views.py", line 486, in raise_uncaught_exception
    raise exc
  File "C:\Users\majd9\OneDrive\Desktop\tizahab_project1\tizahab-web\.venv\Lib\site-packages\rest_framework\views.py", line 512, in dispatch
    response = handler(request, *args, **kwargs)
  File "C:\Users\majd9\OneDrive\Desktop\tizahab_project1\tizahab-web\accounts\views.py", line 280, in get
    preferences, _ = UserPreferences.objects.get_or_create(user=user)
                     ~~~~~~~~~~~~~~~~~~~~~~~~~~~~~~~~~~~~~^^^^^^^^^^^
  File "C:\Users\majd9\OneDrive\Desktop\tizahab_project1\tizahab-web\.venv\Lib\site-packages\django\db\models\manager.py", line 87, in manager_method
    return getattr(self.get_queryset(), name)(*args, **kwargs)
           ~~~~~~~~~~~~~~~~~~~~~~~~~~~~~~~~~~^^^^^^^^^^^^^^^^^
  File "C:\Users\majd9\OneDrive\Desktop\tizahab_project1\tizahab-web\.venv\Lib\site-packages\django\db\models\query.py", line 987, in get_or_create
    return self.get(**kwargs), False
           ~~~~~~~~^^^^^^^^^^
  File "C:\Users\majd9\OneDrive\Desktop\tizahab_project1\tizahab-web\.venv\Lib\site-packages\django\db\models\query.py", line 635, in get
    num = len(clone)
  File "C:\Users\majd9\OneDrive\Desktop\tizahab_project1\tizahab-web\.venv\Lib\site-packages\django\db\models\query.py", line 372, in __len__
    self._fetch_all()
    ~~~~~~~~~~~~~~~^^
  File "C:\Users\majd9\OneDrive\Desktop\tizahab_project1\tizahab-web\.venv\Lib\site-packages\django\db\models\query.py", line 2000, in _fetch_all
    self._result_cache = list(self._iterable_class(self))
                         ~~~~^^^^^^^^^^^^^^^^^^^^^^^^^^^^
  File "C:\Users\majd9\OneDrive\Desktop\tizahab_project1\tizahab-web\.venv\Lib\site-packages\django\db\models\query.py", line 95, in __iter__
    results = compiler.execute_sql(
        chunked_fetch=self.chunked_fetch, chunk_size=self.chunk_size
    )
  File "C:\Users\majd9\OneDrive\Desktop\tizahab_project1\tizahab-web\.venv\Lib\site-packages\django\db\models\sql\compiler.py", line 1624, in execute_sql
    cursor.execute(sql, params)
    ~~~~~~~~~~~~~~^^^^^^^^^^^^^
  File "C:\Users\majd9\OneDrive\Desktop\tizahab_project1\tizahab-web\.venv\Lib\site-packages\django\db\backends\utils.py", line 122, in execute
    return super().execute(sql, params)
           ~~~~~~~~~~~~~~~^^^^^^^^^^^^^
  File "C:\Users\majd9\OneDrive\Desktop\tizahab_project1\tizahab-web\.venv\Lib\site-packages\django\db\backends\utils.py", line 79, in execute
    return self._execute_with_wrappers(
           ~~~~~~~~~~~~~~~~~~~~~~~~~~~^
        sql, params, many=False, executor=self._execute
        ^^^^^^^^^^^^^^^^^^^^^^^^^^^^^^^^^^^^^^^^^^^^^^^
    )
    ^
  File "C:\Users\majd9\OneDrive\Desktop\tizahab_project1\tizahab-web\.venv\Lib\site-packages\django\db\backends\utils.py", line 92, in _execute_with_wrappers
    return executor(sql, params, many, context)
  File "C:\Users\majd9\OneDrive\Desktop\tizahab_project1\tizahab-web\.venv\Lib\site-packages\django\db\backends\utils.py", line 100, in _execute
    with self.db.wrap_database_errors:
         ^^^^^^^^^^^^^^^^^^^^^^^^^^^^
  File "C:\Users\majd9\OneDrive\Desktop\tizahab_project1\tizahab-web\.venv\Lib\site-packages\django\db\utils.py", line 94, in __exit__
    raise dj_exc_value.with_traceback(traceback) from exc_value
  File "C:\Users\majd9\OneDrive\Desktop\tizahab_project1\tizahab-web\.venv\Lib\site-packages\django\db\backends\utils.py", line 105, in _execute
    return self.cursor.execute(sql, params)
           ~~~~~~~~~~~~~~~~~~~^^^^^^^^^^^^^
  File "C:\Users\majd9\OneDrive\Desktop\tizahab_project1\tizahab-web\.venv\Lib\site-packages\django\db\backends\sqlite3\base.py", line 359, in execute
    return super().execute(query, params)
           ~~~~~~~~~~~~~~~^^^^^^^^^^^^^^^
django.db.utils.OperationalError: no such column: accounts_userpreferences.trip_duration
ERROR 2026-04-12 12:05:42 log 356 19760 Internal Server Error: /api/events/filtered/
Traceback (most recent call last):
  File "C:\Users\majd9\OneDrive\Desktop\tizahab_project1\tizahab-web\.venv\Lib\site-packages\django\db\models\fields\related_descriptors.py", line 502, in __get__
    rel_obj = self.related.get_cached_value(instance)
  File "C:\Users\majd9\OneDrive\Desktop\tizahab_project1\tizahab-web\.venv\Lib\site-packages\django\db\models\fields\mixins.py", line 21, in get_cached_value
    return instance._state.fields_cache[self.cache_name]
           ~~~~~~~~~~~~~~~~~~~~~~~~~~~~^^^^^^^^^^^^^^^^^
KeyError: 'preferences'

During handling of the above exception, another exception occurred:

Traceback (most recent call last):
  File "C:\Users\majd9\OneDrive\Desktop\tizahab_project1\tizahab-web\.venv\Lib\site-packages\django\db\backends\utils.py", line 105, in _execute
    return self.cursor.execute(sql, params)
           ~~~~~~~~~~~~~~~~~~~^^^^^^^^^^^^^
  File "C:\Users\majd9\OneDrive\Desktop\tizahab_project1\tizahab-web\.venv\Lib\site-packages\django\db\backends\sqlite3\base.py", line 359, in execute
    return super().execute(query, params)
           ~~~~~~~~~~~~~~~^^^^^^^^^^^^^^^
sqlite3.OperationalError: no such column: accounts_userpreferences.trip_duration

The above exception was the direct cause of the following exception:

Traceback (most recent call last):
  File "C:\Users\majd9\OneDrive\Desktop\tizahab_project1\tizahab-web\.venv\Lib\site-packages\django\core\handlers\exception.py", line 55, in inner
    response = get_response(request)
  File "C:\Users\majd9\OneDrive\Desktop\tizahab_project1\tizahab-web\.venv\Lib\site-packages\django\core\handlers\base.py", line 198, in _get_response
    response = wrapped_callback(request, *callback_args, **callback_kwargs)
  File "C:\Users\majd9\OneDrive\Desktop\tizahab_project1\tizahab-web\.venv\Lib\site-packages\django\views\decorators\csrf.py", line 65, in _view_wrapper
    return view_func(request, *args, **kwargs)
  File "C:\Users\majd9\OneDrive\Desktop\tizahab_project1\tizahab-web\.venv\Lib\site-packages\django\views\generic\base.py", line 106, in view
    return self.dispatch(request, *args, **kwargs)
           ~~~~~~~~~~~~~^^^^^^^^^^^^^^^^^^^^^^^^^^
  File "C:\Users\majd9\OneDrive\Desktop\tizahab_project1\tizahab-web\.venv\Lib\site-packages\rest_framework\views.py", line 515, in dispatch
    response = self.handle_exception(exc)
  File "C:\Users\majd9\OneDrive\Desktop\tizahab_project1\tizahab-web\.venv\Lib\site-packages\rest_framework\views.py", line 475, in handle_exception
    self.raise_uncaught_exception(exc)
    ~~~~~~~~~~~~~~~~~~~~~~~~~~~~~^^^^^
  File "C:\Users\majd9\OneDrive\Desktop\tizahab_project1\tizahab-web\.venv\Lib\site-packages\rest_framework\views.py", line 486, in raise_uncaught_exception
    raise exc
  File "C:\Users\majd9\OneDrive\Desktop\tizahab_project1\tizahab-web\.venv\Lib\site-packages\rest_framework\views.py", line 512, in dispatch
    response = handler(request, *args, **kwargs)
  File "C:\Users\majd9\OneDrive\Desktop\tizahab_project1\tizahab-web\.venv\Lib\site-packages\rest_framework\generics.py", line 203, in get
    return self.list(request, *args, **kwargs)
           ~~~~~~~~~^^^^^^^^^^^^^^^^^^^^^^^^^^
  File "C:\Users\majd9\OneDrive\Desktop\tizahab_project1\tizahab-web\.venv\Lib\site-packages\rest_framework\mixins.py", line 38, in list
    queryset = self.filter_queryset(self.get_queryset())
                                    ~~~~~~~~~~~~~~~~~^^
  File "C:\Users\majd9\OneDrive\Desktop\tizahab_project1\tizahab-web\events\views.py", line 79, in get_queryset
    prefs = getattr(self.request.user, "preferences", None)
  File "C:\Users\majd9\OneDrive\Desktop\tizahab_project1\tizahab-web\.venv\Lib\site-packages\django\db\models\fields\related_descriptors.py", line 509, in __get__
    rel_obj = self.get_queryset(instance=instance).get(**filter_args)
  File "C:\Users\majd9\OneDrive\Desktop\tizahab_project1\tizahab-web\.venv\Lib\site-packages\django\db\models\query.py", line 635, in get
    num = len(clone)
  File "C:\Users\majd9\OneDrive\Desktop\tizahab_project1\tizahab-web\.venv\Lib\site-packages\django\db\models\query.py", line 372, in __len__
    self._fetch_all()
    ~~~~~~~~~~~~~~~^^
  File "C:\Users\majd9\OneDrive\Desktop\tizahab_project1\tizahab-web\.venv\Lib\site-packages\django\db\models\query.py", line 2000, in _fetch_all
    self._result_cache = list(self._iterable_class(self))
                         ~~~~^^^^^^^^^^^^^^^^^^^^^^^^^^^^
  File "C:\Users\majd9\OneDrive\Desktop\tizahab_project1\tizahab-web\.venv\Lib\site-packages\django\db\models\query.py", line 95, in __iter__
    results = compiler.execute_sql(
        chunked_fetch=self.chunked_fetch, chunk_size=self.chunk_size
    )
  File "C:\Users\majd9\OneDrive\Desktop\tizahab_project1\tizahab-web\.venv\Lib\site-packages\django\db\models\sql\compiler.py", line 1624, in execute_sql
    cursor.execute(sql, params)
    ~~~~~~~~~~~~~~^^^^^^^^^^^^^
  File "C:\Users\majd9\OneDrive\Desktop\tizahab_project1\tizahab-web\.venv\Lib\site-packages\django\db\backends\utils.py", line 122, in execute
    return super().execute(sql, params)
           ~~~~~~~~~~~~~~~^^^^^^^^^^^^^
  File "C:\Users\majd9\OneDrive\Desktop\tizahab_project1\tizahab-web\.venv\Lib\site-packages\django\db\backends\utils.py", line 79, in execute
    return self._execute_with_wrappers(
           ~~~~~~~~~~~~~~~~~~~~~~~~~~~^
        sql, params, many=False, executor=self._execute
        ^^^^^^^^^^^^^^^^^^^^^^^^^^^^^^^^^^^^^^^^^^^^^^^
    )
    ^
  File "C:\Users\majd9\OneDrive\Desktop\tizahab_project1\tizahab-web\.venv\Lib\site-packages\django\db\backends\utils.py", line 92, in _execute_with_wrappers
    return executor(sql, params, many, context)
  File "C:\Users\majd9\OneDrive\Desktop\tizahab_project1\tizahab-web\.venv\Lib\site-packages\django\db\backends\utils.py", line 100, in _execute
    with self.db.wrap_database_errors:
         ^^^^^^^^^^^^^^^^^^^^^^^^^^^^
  File "C:\Users\majd9\OneDrive\Desktop\tizahab_project1\tizahab-web\.venv\Lib\site-packages\django\db\utils.py", line 94, in __exit__
    raise dj_exc_value.with_traceback(traceback) from exc_value
  File "C:\Users\majd9\OneDrive\Desktop\tizahab_project1\tizahab-web\.venv\Lib\site-packages\django\db\backends\utils.py", line 105, in _execute
    return self.cursor.execute(sql, params)
           ~~~~~~~~~~~~~~~~~~~^^^^^^^^^^^^^
  File "C:\Users\majd9\OneDrive\Desktop\tizahab_project1\tizahab-web\.venv\Lib\site-packages\django\db\backends\sqlite3\base.py", line 359, in execute
    return super().execute(query, params)
           ~~~~~~~~~~~~~~~^^^^^^^^^^^^^^^
django.db.utils.OperationalError: no such column: accounts_userpreferences.trip_duration
ERROR 2026-04-12 12:05:42 log 356 15780 "GET /api/auth/me/ HTTP/1.1" 500 185078
ERROR 2026-04-12 12:05:42 log 356 19760 "GET /api/events/filtered/ HTTP/1.1" 500 198161
ERROR 2026-04-12 13:51:04 log 24548 2896 Internal Server Error: /api/auth/me/
Traceback (most recent call last):
  File "C:\Users\majd9\OneDrive\Desktop\tizahab_project1\tizahab-web\.venv\Lib\site-packages\django\db\backends\utils.py", line 105, in _execute
    return self.cursor.execute(sql, params)
           ~~~~~~~~~~~~~~~~~~~^^^^^^^^^^^^^
  File "C:\Users\majd9\OneDrive\Desktop\tizahab_project1\tizahab-web\.venv\Lib\site-packages\django\db\backends\sqlite3\base.py", line 359, in execute
    return super().execute(query, params)
           ~~~~~~~~~~~~~~~^^^^^^^^^^^^^^^
sqlite3.OperationalError: no such column: accounts_userpreferences.trip_duration

The above exception was the direct cause of the following exception:

Traceback (most recent call last):
  File "C:\Users\majd9\OneDrive\Desktop\tizahab_project1\tizahab-web\.venv\Lib\site-packages\django\core\handlers\exception.py", line 55, in inner
    response = get_response(request)
  File "C:\Users\majd9\OneDrive\Desktop\tizahab_project1\tizahab-web\.venv\Lib\site-packages\django\core\handlers\base.py", line 198, in _get_response
    response = wrapped_callback(request, *callback_args, **callback_kwargs)
  File "C:\Users\majd9\OneDrive\Desktop\tizahab_project1\tizahab-web\.venv\Lib\site-packages\django\views\decorators\csrf.py", line 65, in _view_wrapper
    return view_func(request, *args, **kwargs)
  File "C:\Users\majd9\OneDrive\Desktop\tizahab_project1\tizahab-web\.venv\Lib\site-packages\django\views\generic\base.py", line 106, in view
    return self.dispatch(request, *args, **kwargs)
           ~~~~~~~~~~~~~^^^^^^^^^^^^^^^^^^^^^^^^^^
  File "C:\Users\majd9\OneDrive\Desktop\tizahab_project1\tizahab-web\.venv\Lib\site-packages\rest_framework\views.py", line 515, in dispatch
    response = self.handle_exception(exc)
  File "C:\Users\majd9\OneDrive\Desktop\tizahab_project1\tizahab-web\.venv\Lib\site-packages\rest_framework\views.py", line 475, in handle_exception
    self.raise_uncaught_exception(exc)
    ~~~~~~~~~~~~~~~~~~~~~~~~~~~~~^^^^^
  File "C:\Users\majd9\OneDrive\Desktop\tizahab_project1\tizahab-web\.venv\Lib\site-packages\rest_framework\views.py", line 486, in raise_uncaught_exception
    raise exc
  File "C:\Users\majd9\OneDrive\Desktop\tizahab_project1\tizahab-web\.venv\Lib\site-packages\rest_framework\views.py", line 512, in dispatch
    response = handler(request, *args, **kwargs)
  File "C:\Users\majd9\OneDrive\Desktop\tizahab_project1\tizahab-web\accounts\views.py", line 280, in get
    preferences, _ = UserPreferences.objects.get_or_create(user=user)
                     ~~~~~~~~~~~~~~~~~~~~~~~~~~~~~~~~~~~~~^^^^^^^^^^^
  File "C:\Users\majd9\OneDrive\Desktop\tizahab_project1\tizahab-web\.venv\Lib\site-packages\django\db\models\manager.py", line 87, in manager_method
    return getattr(self.get_queryset(), name)(*args, **kwargs)
           ~~~~~~~~~~~~~~~~~~~~~~~~~~~~~~~~~~^^^^^^^^^^^^^^^^^
  File "C:\Users\majd9\OneDrive\Desktop\tizahab_project1\tizahab-web\.venv\Lib\site-packages\django\db\models\query.py", line 987, in get_or_create
    return self.get(**kwargs), False
           ~~~~~~~~^^^^^^^^^^
  File "C:\Users\majd9\OneDrive\Desktop\tizahab_project1\tizahab-web\.venv\Lib\site-packages\django\db\models\query.py", line 635, in get
    num = len(clone)
  File "C:\Users\majd9\OneDrive\Desktop\tizahab_project1\tizahab-web\.venv\Lib\site-packages\django\db\models\query.py", line 372, in __len__
    self._fetch_all()
    ~~~~~~~~~~~~~~~^^
  File "C:\Users\majd9\OneDrive\Desktop\tizahab_project1\tizahab-web\.venv\Lib\site-packages\django\db\models\query.py", line 2000, in _fetch_all
    self._result_cache = list(self._iterable_class(self))
                         ~~~~^^^^^^^^^^^^^^^^^^^^^^^^^^^^
  File "C:\Users\majd9\OneDrive\Desktop\tizahab_project1\tizahab-web\.venv\Lib\site-packages\django\db\models\query.py", line 95, in __iter__
    results = compiler.execute_sql(
        chunked_fetch=self.chunked_fetch, chunk_size=self.chunk_size
    )
  File "C:\Users\majd9\OneDrive\Desktop\tizahab_project1\tizahab-web\.venv\Lib\site-packages\django\db\models\sql\compiler.py", line 1624, in execute_sql
    cursor.execute(sql, params)
    ~~~~~~~~~~~~~~^^^^^^^^^^^^^
  File "C:\Users\majd9\OneDrive\Desktop\tizahab_project1\tizahab-web\.venv\Lib\site-packages\django\db\backends\utils.py", line 122, in execute
    return super().execute(sql, params)
           ~~~~~~~~~~~~~~~^^^^^^^^^^^^^
  File "C:\Users\majd9\OneDrive\Desktop\tizahab_project1\tizahab-web\.venv\Lib\site-packages\django\db\backends\utils.py", line 79, in execute
    return self._execute_with_wrappers(
           ~~~~~~~~~~~~~~~~~~~~~~~~~~~^
        sql, params, many=False, executor=self._execute
        ^^^^^^^^^^^^^^^^^^^^^^^^^^^^^^^^^^^^^^^^^^^^^^^
    )
    ^
  File "C:\Users\majd9\OneDrive\Desktop\tizahab_project1\tizahab-web\.venv\Lib\site-packages\django\db\backends\utils.py", line 92, in _execute_with_wrappers
    return executor(sql, params, many, context)
  File "C:\Users\majd9\OneDrive\Desktop\tizahab_project1\tizahab-web\.venv\Lib\site-packages\django\db\backends\utils.py", line 100, in _execute
    with self.db.wrap_database_errors:
         ^^^^^^^^^^^^^^^^^^^^^^^^^^^^
  File "C:\Users\majd9\OneDrive\Desktop\tizahab_project1\tizahab-web\.venv\Lib\site-packages\django\db\utils.py", line 94, in __exit__
    raise dj_exc_value.with_traceback(traceback) from exc_value
  File "C:\Users\majd9\OneDrive\Desktop\tizahab_project1\tizahab-web\.venv\Lib\site-packages\django\db\backends\utils.py", line 105, in _execute
    return self.cursor.execute(sql, params)
           ~~~~~~~~~~~~~~~~~~~^^^^^^^^^^^^^
  File "C:\Users\majd9\OneDrive\Desktop\tizahab_project1\tizahab-web\.venv\Lib\site-packages\django\db\backends\sqlite3\base.py", line 359, in execute
    return super().execute(query, params)
           ~~~~~~~~~~~~~~~^^^^^^^^^^^^^^^
django.db.utils.OperationalError: no such column: accounts_userpreferences.trip_duration
ERROR 2026-04-12 13:51:04 log 24548 19148 Internal Server Error: /api/events/filtered/
Traceback (most recent call last):
  File "C:\Users\majd9\OneDrive\Desktop\tizahab_project1\tizahab-web\.venv\Lib\site-packages\django\db\models\fields\related_descriptors.py", line 502, in __get__
    rel_obj = self.related.get_cached_value(instance)
  File "C:\Users\majd9\OneDrive\Desktop\tizahab_project1\tizahab-web\.venv\Lib\site-packages\django\db\models\fields\mixins.py", line 21, in get_cached_value
    return instance._state.fields_cache[self.cache_name]
           ~~~~~~~~~~~~~~~~~~~~~~~~~~~~^^^^^^^^^^^^^^^^^
KeyError: 'preferences'

During handling of the above exception, another exception occurred:

Traceback (most recent call last):
  File "C:\Users\majd9\OneDrive\Desktop\tizahab_project1\tizahab-web\.venv\Lib\site-packages\django\db\backends\utils.py", line 105, in _execute
    return self.cursor.execute(sql, params)
           ~~~~~~~~~~~~~~~~~~~^^^^^^^^^^^^^
  File "C:\Users\majd9\OneDrive\Desktop\tizahab_project1\tizahab-web\.venv\Lib\site-packages\django\db\backends\sqlite3\base.py", line 359, in execute
    return super().execute(query, params)
           ~~~~~~~~~~~~~~~^^^^^^^^^^^^^^^
sqlite3.OperationalError: no such column: accounts_userpreferences.trip_duration

The above exception was the direct cause of the following exception:

Traceback (most recent call last):
  File "C:\Users\majd9\OneDrive\Desktop\tizahab_project1\tizahab-web\.venv\Lib\site-packages\django\core\handlers\exception.py", line 55, in inner
    response = get_response(request)
  File "C:\Users\majd9\OneDrive\Desktop\tizahab_project1\tizahab-web\.venv\Lib\site-packages\django\core\handlers\base.py", line 198, in _get_response
    response = wrapped_callback(request, *callback_args, **callback_kwargs)
  File "C:\Users\majd9\OneDrive\Desktop\tizahab_project1\tizahab-web\.venv\Lib\site-packages\django\views\decorators\csrf.py", line 65, in _view_wrapper
    return view_func(request, *args, **kwargs)
  File "C:\Users\majd9\OneDrive\Desktop\tizahab_project1\tizahab-web\.venv\Lib\site-packages\django\views\generic\base.py", line 106, in view
    return self.dispatch(request, *args, **kwargs)
           ~~~~~~~~~~~~~^^^^^^^^^^^^^^^^^^^^^^^^^^
  File "C:\Users\majd9\OneDrive\Desktop\tizahab_project1\tizahab-web\.venv\Lib\site-packages\rest_framework\views.py", line 515, in dispatch
    response = self.handle_exception(exc)
  File "C:\Users\majd9\OneDrive\Desktop\tizahab_project1\tizahab-web\.venv\Lib\site-packages\rest_framework\views.py", line 475, in handle_exception
    self.raise_uncaught_exception(exc)
    ~~~~~~~~~~~~~~~~~~~~~~~~~~~~~^^^^^
  File "C:\Users\majd9\OneDrive\Desktop\tizahab_project1\tizahab-web\.venv\Lib\site-packages\rest_framework\views.py", line 486, in raise_uncaught_exception
    raise exc
  File "C:\Users\majd9\OneDrive\Desktop\tizahab_project1\tizahab-web\.venv\Lib\site-packages\rest_framework\views.py", line 512, in dispatch
    response = handler(request, *args, **kwargs)
  File "C:\Users\majd9\OneDrive\Desktop\tizahab_project1\tizahab-web\.venv\Lib\site-packages\rest_framework\generics.py", line 203, in get
    return self.list(request, *args, **kwargs)
           ~~~~~~~~~^^^^^^^^^^^^^^^^^^^^^^^^^^
  File "C:\Users\majd9\OneDrive\Desktop\tizahab_project1\tizahab-web\.venv\Lib\site-packages\rest_framework\mixins.py", line 38, in list
    queryset = self.filter_queryset(self.get_queryset())
                                    ~~~~~~~~~~~~~~~~~^^
  File "C:\Users\majd9\OneDrive\Desktop\tizahab_project1\tizahab-web\events\views.py", line 79, in get_queryset
    prefs = getattr(self.request.user, "preferences", None)
  File "C:\Users\majd9\OneDrive\Desktop\tizahab_project1\tizahab-web\.venv\Lib\site-packages\django\db\models\fields\related_descriptors.py", line 509, in __get__
    rel_obj = self.get_queryset(instance=instance).get(**filter_args)
  File "C:\Users\majd9\OneDrive\Desktop\tizahab_project1\tizahab-web\.venv\Lib\site-packages\django\db\models\query.py", line 635, in get
    num = len(clone)
  File "C:\Users\majd9\OneDrive\Desktop\tizahab_project1\tizahab-web\.venv\Lib\site-packages\django\db\models\query.py", line 372, in __len__
    self._fetch_all()
    ~~~~~~~~~~~~~~~^^
  File "C:\Users\majd9\OneDrive\Desktop\tizahab_project1\tizahab-web\.venv\Lib\site-packages\django\db\models\query.py", line 2000, in _fetch_all
    self._result_cache = list(self._iterable_class(self))
                         ~~~~^^^^^^^^^^^^^^^^^^^^^^^^^^^^
  File "C:\Users\majd9\OneDrive\Desktop\tizahab_project1\tizahab-web\.venv\Lib\site-packages\django\db\models\query.py", line 95, in __iter__
    results = compiler.execute_sql(
        chunked_fetch=self.chunked_fetch, chunk_size=self.chunk_size
    )
  File "C:\Users\majd9\OneDrive\Desktop\tizahab_project1\tizahab-web\.venv\Lib\site-packages\django\db\models\sql\compiler.py", line 1624, in execute_sql
    cursor.execute(sql, params)
    ~~~~~~~~~~~~~~^^^^^^^^^^^^^
  File "C:\Users\majd9\OneDrive\Desktop\tizahab_project1\tizahab-web\.venv\Lib\site-packages\django\db\backends\utils.py", line 122, in execute
    return super().execute(sql, params)
           ~~~~~~~~~~~~~~~^^^^^^^^^^^^^
  File "C:\Users\majd9\OneDrive\Desktop\tizahab_project1\tizahab-web\.venv\Lib\site-packages\django\db\backends\utils.py", line 79, in execute
    return self._execute_with_wrappers(
           ~~~~~~~~~~~~~~~~~~~~~~~~~~~^
        sql, params, many=False, executor=self._execute
        ^^^^^^^^^^^^^^^^^^^^^^^^^^^^^^^^^^^^^^^^^^^^^^^
    )
    ^
  File "C:\Users\majd9\OneDrive\Desktop\tizahab_project1\tizahab-web\.venv\Lib\site-packages\django\db\backends\utils.py", line 92, in _execute_with_wrappers
    return executor(sql, params, many, context)
  File "C:\Users\majd9\OneDrive\Desktop\tizahab_project1\tizahab-web\.venv\Lib\site-packages\django\db\backends\utils.py", line 100, in _execute
    with self.db.wrap_database_errors:
         ^^^^^^^^^^^^^^^^^^^^^^^^^^^^
  File "C:\Users\majd9\OneDrive\Desktop\tizahab_project1\tizahab-web\.venv\Lib\site-packages\django\db\utils.py", line 94, in __exit__
    raise dj_exc_value.with_traceback(traceback) from exc_value
  File "C:\Users\majd9\OneDrive\Desktop\tizahab_project1\tizahab-web\.venv\Lib\site-packages\django\db\backends\utils.py", line 105, in _execute
    return self.cursor.execute(sql, params)
           ~~~~~~~~~~~~~~~~~~~^^^^^^^^^^^^^
  File "C:\Users\majd9\OneDrive\Desktop\tizahab_project1\tizahab-web\.venv\Lib\site-packages\django\db\backends\sqlite3\base.py", line 359, in execute
    return super().execute(query, params)
           ~~~~~~~~~~~~~~~^^^^^^^^^^^^^^^
django.db.utils.OperationalError: no such column: accounts_userpreferences.trip_duration
ERROR 2026-04-12 13:51:04 log 24548 2896 "GET /api/auth/me/ HTTP/1.1" 500 185078
ERROR 2026-04-12 13:51:04 log 24548 19148 "GET /api/events/filtered/ HTTP/1.1" 500 198161
ERROR 2026-04-12 13:51:07 log 24548 19148 Internal Server Error: /api/auth/me/
Traceback (most recent call last):
  File "C:\Users\majd9\OneDrive\Desktop\tizahab_project1\tizahab-web\.venv\Lib\site-packages\django\db\backends\utils.py", line 105, in _execute
    return self.cursor.execute(sql, params)
           ~~~~~~~~~~~~~~~~~~~^^^^^^^^^^^^^
  File "C:\Users\majd9\OneDrive\Desktop\tizahab_project1\tizahab-web\.venv\Lib\site-packages\django\db\backends\sqlite3\base.py", line 359, in execute
    return super().execute(query, params)
           ~~~~~~~~~~~~~~~^^^^^^^^^^^^^^^
sqlite3.OperationalError: no such column: accounts_userpreferences.trip_duration

The above exception was the direct cause of the following exception:

Traceback (most recent call last):
  File "C:\Users\majd9\OneDrive\Desktop\tizahab_project1\tizahab-web\.venv\Lib\site-packages\django\core\handlers\exception.py", line 55, in inner
    response = get_response(request)
  File "C:\Users\majd9\OneDrive\Desktop\tizahab_project1\tizahab-web\.venv\Lib\site-packages\django\core\handlers\base.py", line 198, in _get_response
    response = wrapped_callback(request, *callback_args, **callback_kwargs)
  File "C:\Users\majd9\OneDrive\Desktop\tizahab_project1\tizahab-web\.venv\Lib\site-packages\django\views\decorators\csrf.py", line 65, in _view_wrapper
    return view_func(request, *args, **kwargs)
  File "C:\Users\majd9\OneDrive\Desktop\tizahab_project1\tizahab-web\.venv\Lib\site-packages\django\views\generic\base.py", line 106, in view
    return self.dispatch(request, *args, **kwargs)
           ~~~~~~~~~~~~~^^^^^^^^^^^^^^^^^^^^^^^^^^
  File "C:\Users\majd9\OneDrive\Desktop\tizahab_project1\tizahab-web\.venv\Lib\site-packages\rest_framework\views.py", line 515, in dispatch
    response = self.handle_exception(exc)
  File "C:\Users\majd9\OneDrive\Desktop\tizahab_project1\tizahab-web\.venv\Lib\site-packages\rest_framework\views.py", line 475, in handle_exception
    self.raise_uncaught_exception(exc)
    ~~~~~~~~~~~~~~~~~~~~~~~~~~~~~^^^^^
  File "C:\Users\majd9\OneDrive\Desktop\tizahab_project1\tizahab-web\.venv\Lib\site-packages\rest_framework\views.py", line 486, in raise_uncaught_exception
    raise exc
  File "C:\Users\majd9\OneDrive\Desktop\tizahab_project1\tizahab-web\.venv\Lib\site-packages\rest_framework\views.py", line 512, in dispatch
    response = handler(request, *args, **kwargs)
  File "C:\Users\majd9\OneDrive\Desktop\tizahab_project1\tizahab-web\accounts\views.py", line 280, in get
    preferences, _ = UserPreferences.objects.get_or_create(user=user)
                     ~~~~~~~~~~~~~~~~~~~~~~~~~~~~~~~~~~~~~^^^^^^^^^^^
  File "C:\Users\majd9\OneDrive\Desktop\tizahab_project1\tizahab-web\.venv\Lib\site-packages\django\db\models\manager.py", line 87, in manager_method
    return getattr(self.get_queryset(), name)(*args, **kwargs)
           ~~~~~~~~~~~~~~~~~~~~~~~~~~~~~~~~~~^^^^^^^^^^^^^^^^^
  File "C:\Users\majd9\OneDrive\Desktop\tizahab_project1\tizahab-web\.venv\Lib\site-packages\django\db\models\query.py", line 987, in get_or_create
    return self.get(**kwargs), False
           ~~~~~~~~^^^^^^^^^^
  File "C:\Users\majd9\OneDrive\Desktop\tizahab_project1\tizahab-web\.venv\Lib\site-packages\django\db\models\query.py", line 635, in get
    num = len(clone)
  File "C:\Users\majd9\OneDrive\Desktop\tizahab_project1\tizahab-web\.venv\Lib\site-packages\django\db\models\query.py", line 372, in __len__
    self._fetch_all()
    ~~~~~~~~~~~~~~~^^
  File "C:\Users\majd9\OneDrive\Desktop\tizahab_project1\tizahab-web\.venv\Lib\site-packages\django\db\models\query.py", line 2000, in _fetch_all
    self._result_cache = list(self._iterable_class(self))
                         ~~~~^^^^^^^^^^^^^^^^^^^^^^^^^^^^
  File "C:\Users\majd9\OneDrive\Desktop\tizahab_project1\tizahab-web\.venv\Lib\site-packages\django\db\models\query.py", line 95, in __iter__
    results = compiler.execute_sql(
        chunked_fetch=self.chunked_fetch, chunk_size=self.chunk_size
    )
  File "C:\Users\majd9\OneDrive\Desktop\tizahab_project1\tizahab-web\.venv\Lib\site-packages\django\db\models\sql\compiler.py", line 1624, in execute_sql
    cursor.execute(sql, params)
    ~~~~~~~~~~~~~~^^^^^^^^^^^^^
  File "C:\Users\majd9\OneDrive\Desktop\tizahab_project1\tizahab-web\.venv\Lib\site-packages\django\db\backends\utils.py", line 122, in execute
    return super().execute(sql, params)
           ~~~~~~~~~~~~~~~^^^^^^^^^^^^^
  File "C:\Users\majd9\OneDrive\Desktop\tizahab_project1\tizahab-web\.venv\Lib\site-packages\django\db\backends\utils.py", line 79, in execute
    return self._execute_with_wrappers(
           ~~~~~~~~~~~~~~~~~~~~~~~~~~~^
        sql, params, many=False, executor=self._execute
        ^^^^^^^^^^^^^^^^^^^^^^^^^^^^^^^^^^^^^^^^^^^^^^^
    )
    ^
  File "C:\Users\majd9\OneDrive\Desktop\tizahab_project1\tizahab-web\.venv\Lib\site-packages\django\db\backends\utils.py", line 92, in _execute_with_wrappers
    return executor(sql, params, many, context)
  File "C:\Users\majd9\OneDrive\Desktop\tizahab_project1\tizahab-web\.venv\Lib\site-packages\django\db\backends\utils.py", line 100, in _execute
    with self.db.wrap_database_errors:
         ^^^^^^^^^^^^^^^^^^^^^^^^^^^^
  File "C:\Users\majd9\OneDrive\Desktop\tizahab_project1\tizahab-web\.venv\Lib\site-packages\django\db\utils.py", line 94, in __exit__
    raise dj_exc_value.with_traceback(traceback) from exc_value
  File "C:\Users\majd9\OneDrive\Desktop\tizahab_project1\tizahab-web\.venv\Lib\site-packages\django\db\backends\utils.py", line 105, in _execute
    return self.cursor.execute(sql, params)
           ~~~~~~~~~~~~~~~~~~~^^^^^^^^^^^^^
  File "C:\Users\majd9\OneDrive\Desktop\tizahab_project1\tizahab-web\.venv\Lib\site-packages\django\db\backends\sqlite3\base.py", line 359, in execute
    return super().execute(query, params)
           ~~~~~~~~~~~~~~~^^^^^^^^^^^^^^^
django.db.utils.OperationalError: no such column: accounts_userpreferences.trip_duration
ERROR 2026-04-12 13:51:07 log 24548 19148 "GET /api/auth/me/ HTTP/1.1" 500 185084
ERROR 2026-04-12 13:51:07 log 24548 2896 Internal Server Error: /api/auth/me/
Traceback (most recent call last):
  File "C:\Users\majd9\OneDrive\Desktop\tizahab_project1\tizahab-web\.venv\Lib\site-packages\django\db\backends\utils.py", line 105, in _execute
    return self.cursor.execute(sql, params)
           ~~~~~~~~~~~~~~~~~~~^^^^^^^^^^^^^
  File "C:\Users\majd9\OneDrive\Desktop\tizahab_project1\tizahab-web\.venv\Lib\site-packages\django\db\backends\sqlite3\base.py", line 359, in execute
    return super().execute(query, params)
           ~~~~~~~~~~~~~~~^^^^^^^^^^^^^^^
sqlite3.OperationalError: no such column: accounts_userpreferences.trip_duration

The above exception was the direct cause of the following exception:

Traceback (most recent call last):
  File "C:\Users\majd9\OneDrive\Desktop\tizahab_project1\tizahab-web\.venv\Lib\site-packages\django\core\handlers\exception.py", line 55, in inner
    response = get_response(request)
  File "C:\Users\majd9\OneDrive\Desktop\tizahab_project1\tizahab-web\.venv\Lib\site-packages\django\core\handlers\base.py", line 198, in _get_response
    response = wrapped_callback(request, *callback_args, **callback_kwargs)
  File "C:\Users\majd9\OneDrive\Desktop\tizahab_project1\tizahab-web\.venv\Lib\site-packages\django\views\decorators\csrf.py", line 65, in _view_wrapper
    return view_func(request, *args, **kwargs)
  File "C:\Users\majd9\OneDrive\Desktop\tizahab_project1\tizahab-web\.venv\Lib\site-packages\django\views\generic\base.py", line 106, in view
    return self.dispatch(request, *args, **kwargs)
           ~~~~~~~~~~~~~^^^^^^^^^^^^^^^^^^^^^^^^^^
  File "C:\Users\majd9\OneDrive\Desktop\tizahab_project1\tizahab-web\.venv\Lib\site-packages\rest_framework\views.py", line 515, in dispatch
    response = self.handle_exception(exc)
  File "C:\Users\majd9\OneDrive\Desktop\tizahab_project1\tizahab-web\.venv\Lib\site-packages\rest_framework\views.py", line 475, in handle_exception
    self.raise_uncaught_exception(exc)
    ~~~~~~~~~~~~~~~~~~~~~~~~~~~~~^^^^^
  File "C:\Users\majd9\OneDrive\Desktop\tizahab_project1\tizahab-web\.venv\Lib\site-packages\rest_framework\views.py", line 486, in raise_uncaught_exception
    raise exc
  File "C:\Users\majd9\OneDrive\Desktop\tizahab_project1\tizahab-web\.venv\Lib\site-packages\rest_framework\views.py", line 512, in dispatch
    response = handler(request, *args, **kwargs)
  File "C:\Users\majd9\OneDrive\Desktop\tizahab_project1\tizahab-web\accounts\views.py", line 280, in get
    preferences, _ = UserPreferences.objects.get_or_create(user=user)
                     ~~~~~~~~~~~~~~~~~~~~~~~~~~~~~~~~~~~~~^^^^^^^^^^^
  File "C:\Users\majd9\OneDrive\Desktop\tizahab_project1\tizahab-web\.venv\Lib\site-packages\django\db\models\manager.py", line 87, in manager_method
    return getattr(self.get_queryset(), name)(*args, **kwargs)
           ~~~~~~~~~~~~~~~~~~~~~~~~~~~~~~~~~~^^^^^^^^^^^^^^^^^
  File "C:\Users\majd9\OneDrive\Desktop\tizahab_project1\tizahab-web\.venv\Lib\site-packages\django\db\models\query.py", line 987, in get_or_create
    return self.get(**kwargs), False
           ~~~~~~~~^^^^^^^^^^
  File "C:\Users\majd9\OneDrive\Desktop\tizahab_project1\tizahab-web\.venv\Lib\site-packages\django\db\models\query.py", line 635, in get
    num = len(clone)
  File "C:\Users\majd9\OneDrive\Desktop\tizahab_project1\tizahab-web\.venv\Lib\site-packages\django\db\models\query.py", line 372, in __len__
    self._fetch_all()
    ~~~~~~~~~~~~~~~^^
  File "C:\Users\majd9\OneDrive\Desktop\tizahab_project1\tizahab-web\.venv\Lib\site-packages\django\db\models\query.py", line 2000, in _fetch_all
    self._result_cache = list(self._iterable_class(self))
                         ~~~~^^^^^^^^^^^^^^^^^^^^^^^^^^^^
  File "C:\Users\majd9\OneDrive\Desktop\tizahab_project1\tizahab-web\.venv\Lib\site-packages\django\db\models\query.py", line 95, in __iter__
    results = compiler.execute_sql(
        chunked_fetch=self.chunked_fetch, chunk_size=self.chunk_size
    )
  File "C:\Users\majd9\OneDrive\Desktop\tizahab_project1\tizahab-web\.venv\Lib\site-packages\django\db\models\sql\compiler.py", line 1624, in execute_sql
    cursor.execute(sql, params)
    ~~~~~~~~~~~~~~^^^^^^^^^^^^^
  File "C:\Users\majd9\OneDrive\Desktop\tizahab_project1\tizahab-web\.venv\Lib\site-packages\django\db\backends\utils.py", line 122, in execute
    return super().execute(sql, params)
           ~~~~~~~~~~~~~~~^^^^^^^^^^^^^
  File "C:\Users\majd9\OneDrive\Desktop\tizahab_project1\tizahab-web\.venv\Lib\site-packages\django\db\backends\utils.py", line 79, in execute
    return self._execute_with_wrappers(
           ~~~~~~~~~~~~~~~~~~~~~~~~~~~^
        sql, params, many=False, executor=self._execute
        ^^^^^^^^^^^^^^^^^^^^^^^^^^^^^^^^^^^^^^^^^^^^^^^
    )
    ^
  File "C:\Users\majd9\OneDrive\Desktop\tizahab_project1\tizahab-web\.venv\Lib\site-packages\django\db\backends\utils.py", line 92, in _execute_with_wrappers
    return executor(sql, params, many, context)
  File "C:\Users\majd9\OneDrive\Desktop\tizahab_project1\tizahab-web\.venv\Lib\site-packages\django\db\backends\utils.py", line 100, in _execute
    with self.db.wrap_database_errors:
         ^^^^^^^^^^^^^^^^^^^^^^^^^^^^
  File "C:\Users\majd9\OneDrive\Desktop\tizahab_project1\tizahab-web\.venv\Lib\site-packages\django\db\utils.py", line 94, in __exit__
    raise dj_exc_value.with_traceback(traceback) from exc_value
  File "C:\Users\majd9\OneDrive\Desktop\tizahab_project1\tizahab-web\.venv\Lib\site-packages\django\db\backends\utils.py", line 105, in _execute
    return self.cursor.execute(sql, params)
           ~~~~~~~~~~~~~~~~~~~^^^^^^^^^^^^^
  File "C:\Users\majd9\OneDrive\Desktop\tizahab_project1\tizahab-web\.venv\Lib\site-packages\django\db\backends\sqlite3\base.py", line 359, in execute
    return super().execute(query, params)
           ~~~~~~~~~~~~~~~^^^^^^^^^^^^^^^
django.db.utils.OperationalError: no such column: accounts_userpreferences.trip_duration
ERROR 2026-04-12 13:51:07 log 24548 2896 "GET /api/auth/me/ HTTP/1.1" 500 185084
ERROR 2026-04-12 13:51:08 log 24548 2896 Internal Server Error: /api/auth/me/
Traceback (most recent call last):
  File "C:\Users\majd9\OneDrive\Desktop\tizahab_project1\tizahab-web\.venv\Lib\site-packages\django\db\backends\utils.py", line 105, in _execute
    return self.cursor.execute(sql, params)
           ~~~~~~~~~~~~~~~~~~~^^^^^^^^^^^^^
  File "C:\Users\majd9\OneDrive\Desktop\tizahab_project1\tizahab-web\.venv\Lib\site-packages\django\db\backends\sqlite3\base.py", line 359, in execute
    return super().execute(query, params)
           ~~~~~~~~~~~~~~~^^^^^^^^^^^^^^^
sqlite3.OperationalError: no such column: accounts_userpreferences.trip_duration

The above exception was the direct cause of the following exception:

Traceback (most recent call last):
  File "C:\Users\majd9\OneDrive\Desktop\tizahab_project1\tizahab-web\.venv\Lib\site-packages\django\core\handlers\exception.py", line 55, in inner
    response = get_response(request)
  File "C:\Users\majd9\OneDrive\Desktop\tizahab_project1\tizahab-web\.venv\Lib\site-packages\django\core\handlers\base.py", line 198, in _get_response
    response = wrapped_callback(request, *callback_args, **callback_kwargs)
  File "C:\Users\majd9\OneDrive\Desktop\tizahab_project1\tizahab-web\.venv\Lib\site-packages\django\views\decorators\csrf.py", line 65, in _view_wrapper
    return view_func(request, *args, **kwargs)
  File "C:\Users\majd9\OneDrive\Desktop\tizahab_project1\tizahab-web\.venv\Lib\site-packages\django\views\generic\base.py", line 106, in view
    return self.dispatch(request, *args, **kwargs)
           ~~~~~~~~~~~~~^^^^^^^^^^^^^^^^^^^^^^^^^^
  File "C:\Users\majd9\OneDrive\Desktop\tizahab_project1\tizahab-web\.venv\Lib\site-packages\rest_framework\views.py", line 515, in dispatch
    response = self.handle_exception(exc)
  File "C:\Users\majd9\OneDrive\Desktop\tizahab_project1\tizahab-web\.venv\Lib\site-packages\rest_framework\views.py", line 475, in handle_exception
    self.raise_uncaught_exception(exc)
    ~~~~~~~~~~~~~~~~~~~~~~~~~~~~~^^^^^
  File "C:\Users\majd9\OneDrive\Desktop\tizahab_project1\tizahab-web\.venv\Lib\site-packages\rest_framework\views.py", line 486, in raise_uncaught_exception
    raise exc
  File "C:\Users\majd9\OneDrive\Desktop\tizahab_project1\tizahab-web\.venv\Lib\site-packages\rest_framework\views.py", line 512, in dispatch
    response = handler(request, *args, **kwargs)
  File "C:\Users\majd9\OneDrive\Desktop\tizahab_project1\tizahab-web\accounts\views.py", line 280, in get
    preferences, _ = UserPreferences.objects.get_or_create(user=user)
                     ~~~~~~~~~~~~~~~~~~~~~~~~~~~~~~~~~~~~~^^^^^^^^^^^
  File "C:\Users\majd9\OneDrive\Desktop\tizahab_project1\tizahab-web\.venv\Lib\site-packages\django\db\models\manager.py", line 87, in manager_method
    return getattr(self.get_queryset(), name)(*args, **kwargs)
           ~~~~~~~~~~~~~~~~~~~~~~~~~~~~~~~~~~^^^^^^^^^^^^^^^^^
  File "C:\Users\majd9\OneDrive\Desktop\tizahab_project1\tizahab-web\.venv\Lib\site-packages\django\db\models\query.py", line 987, in get_or_create
    return self.get(**kwargs), False
           ~~~~~~~~^^^^^^^^^^
  File "C:\Users\majd9\OneDrive\Desktop\tizahab_project1\tizahab-web\.venv\Lib\site-packages\django\db\models\query.py", line 635, in get
    num = len(clone)
  File "C:\Users\majd9\OneDrive\Desktop\tizahab_project1\tizahab-web\.venv\Lib\site-packages\django\db\models\query.py", line 372, in __len__
    self._fetch_all()
    ~~~~~~~~~~~~~~~^^
  File "C:\Users\majd9\OneDrive\Desktop\tizahab_project1\tizahab-web\.venv\Lib\site-packages\django\db\models\query.py", line 2000, in _fetch_all
    self._result_cache = list(self._iterable_class(self))
                         ~~~~^^^^^^^^^^^^^^^^^^^^^^^^^^^^
  File "C:\Users\majd9\OneDrive\Desktop\tizahab_project1\tizahab-web\.venv\Lib\site-packages\django\db\models\query.py", line 95, in __iter__
    results = compiler.execute_sql(
        chunked_fetch=self.chunked_fetch, chunk_size=self.chunk_size
    )
  File "C:\Users\majd9\OneDrive\Desktop\tizahab_project1\tizahab-web\.venv\Lib\site-packages\django\db\models\sql\compiler.py", line 1624, in execute_sql
    cursor.execute(sql, params)
    ~~~~~~~~~~~~~~^^^^^^^^^^^^^
  File "C:\Users\majd9\OneDrive\Desktop\tizahab_project1\tizahab-web\.venv\Lib\site-packages\django\db\backends\utils.py", line 122, in execute
    return super().execute(sql, params)
           ~~~~~~~~~~~~~~~^^^^^^^^^^^^^
  File "C:\Users\majd9\OneDrive\Desktop\tizahab_project1\tizahab-web\.venv\Lib\site-packages\django\db\backends\utils.py", line 79, in execute
    return self._execute_with_wrappers(
           ~~~~~~~~~~~~~~~~~~~~~~~~~~~^
        sql, params, many=False, executor=self._execute
        ^^^^^^^^^^^^^^^^^^^^^^^^^^^^^^^^^^^^^^^^^^^^^^^
    )
    ^
  File "C:\Users\majd9\OneDrive\Desktop\tizahab_project1\tizahab-web\.venv\Lib\site-packages\django\db\backends\utils.py", line 92, in _execute_with_wrappers
    return executor(sql, params, many, context)
  File "C:\Users\majd9\OneDrive\Desktop\tizahab_project1\tizahab-web\.venv\Lib\site-packages\django\db\backends\utils.py", line 100, in _execute
    with self.db.wrap_database_errors:
         ^^^^^^^^^^^^^^^^^^^^^^^^^^^^
  File "C:\Users\majd9\OneDrive\Desktop\tizahab_project1\tizahab-web\.venv\Lib\site-packages\django\db\utils.py", line 94, in __exit__
    raise dj_exc_value.with_traceback(traceback) from exc_value
  File "C:\Users\majd9\OneDrive\Desktop\tizahab_project1\tizahab-web\.venv\Lib\site-packages\django\db\backends\utils.py", line 105, in _execute
    return self.cursor.execute(sql, params)
           ~~~~~~~~~~~~~~~~~~~^^^^^^^^^^^^^
  File "C:\Users\majd9\OneDrive\Desktop\tizahab_project1\tizahab-web\.venv\Lib\site-packages\django\db\backends\sqlite3\base.py", line 359, in execute
    return super().execute(query, params)
           ~~~~~~~~~~~~~~~^^^^^^^^^^^^^^^
django.db.utils.OperationalError: no such column: accounts_userpreferences.trip_duration
ERROR 2026-04-12 13:51:08 log 24548 2896 "GET /api/auth/me/ HTTP/1.1" 500 185084
ERROR 2026-04-12 13:51:08 views 24548 2896 Unexpected error generating multi-day plan for user 10: no such column: accounts_userpreferences.trip_duration
Traceback (most recent call last):
  File "C:\Users\majd9\OneDrive\Desktop\tizahab_project1\tizahab-web\.venv\Lib\site-packages\django\db\backends\utils.py", line 105, in _execute
    return self.cursor.execute(sql, params)
           ~~~~~~~~~~~~~~~~~~~^^^^^^^^^^^^^
  File "C:\Users\majd9\OneDrive\Desktop\tizahab_project1\tizahab-web\.venv\Lib\site-packages\django\db\backends\sqlite3\base.py", line 359, in execute
    return super().execute(query, params)
           ~~~~~~~~~~~~~~~^^^^^^^^^^^^^^^
sqlite3.OperationalError: no such column: accounts_userpreferences.trip_duration

The above exception was the direct cause of the following exception:

Traceback (most recent call last):
  File "C:\Users\majd9\OneDrive\Desktop\tizahab_project1\tizahab-web\daily_plan\views.py", line 194, in post
    generated_days = generate_multiday_plan(user, start_date_str)
  File "C:\Users\majd9\OneDrive\Desktop\tizahab_project1\tizahab-web\daily_plan\services.py", line 250, in generate_multiday_plan
    preferences = UserPreferences.objects.filter(user=user).first()
  File "C:\Users\majd9\OneDrive\Desktop\tizahab_project1\tizahab-web\.venv\Lib\site-packages\django\db\models\query.py", line 1145, in first
    for obj in queryset[:1]:
               ~~~~~~~~^^^^
  File "C:\Users\majd9\OneDrive\Desktop\tizahab_project1\tizahab-web\.venv\Lib\site-packages\django\db\models\query.py", line 390, in __iter__
    self._fetch_all()
    ~~~~~~~~~~~~~~~^^
  File "C:\Users\majd9\OneDrive\Desktop\tizahab_project1\tizahab-web\.venv\Lib\site-packages\django\db\models\query.py", line 2000, in _fetch_all
    self._result_cache = list(self._iterable_class(self))
                         ~~~~^^^^^^^^^^^^^^^^^^^^^^^^^^^^
  File "C:\Users\majd9\OneDrive\Desktop\tizahab_project1\tizahab-web\.venv\Lib\site-packages\django\db\models\query.py", line 95, in __iter__
    results = compiler.execute_sql(
        chunked_fetch=self.chunked_fetch, chunk_size=self.chunk_size
    )
  File "C:\Users\majd9\OneDrive\Desktop\tizahab_project1\tizahab-web\.venv\Lib\site-packages\django\db\models\sql\compiler.py", line 1624, in execute_sql
    cursor.execute(sql, params)
    ~~~~~~~~~~~~~~^^^^^^^^^^^^^
  File "C:\Users\majd9\OneDrive\Desktop\tizahab_project1\tizahab-web\.venv\Lib\site-packages\django\db\backends\utils.py", line 122, in execute
    return super().execute(sql, params)
           ~~~~~~~~~~~~~~~^^^^^^^^^^^^^
  File "C:\Users\majd9\OneDrive\Desktop\tizahab_project1\tizahab-web\.venv\Lib\site-packages\django\db\backends\utils.py", line 79, in execute
    return self._execute_with_wrappers(
           ~~~~~~~~~~~~~~~~~~~~~~~~~~~^
        sql, params, many=False, executor=self._execute
        ^^^^^^^^^^^^^^^^^^^^^^^^^^^^^^^^^^^^^^^^^^^^^^^
    )
    ^
  File "C:\Users\majd9\OneDrive\Desktop\tizahab_project1\tizahab-web\.venv\Lib\site-packages\django\db\backends\utils.py", line 92, in _execute_with_wrappers
    return executor(sql, params, many, context)
  File "C:\Users\majd9\OneDrive\Desktop\tizahab_project1\tizahab-web\.venv\Lib\site-packages\django\db\backends\utils.py", line 100, in _execute
    with self.db.wrap_database_errors:
         ^^^^^^^^^^^^^^^^^^^^^^^^^^^^
  File "C:\Users\majd9\OneDrive\Desktop\tizahab_project1\tizahab-web\.venv\Lib\site-packages\django\db\utils.py", line 94, in __exit__
    raise dj_exc_value.with_traceback(traceback) from exc_value
  File "C:\Users\majd9\OneDrive\Desktop\tizahab_project1\tizahab-web\.venv\Lib\site-packages\django\db\backends\utils.py", line 105, in _execute
    return self.cursor.execute(sql, params)
           ~~~~~~~~~~~~~~~~~~~^^^^^^^^^^^^^
  File "C:\Users\majd9\OneDrive\Desktop\tizahab_project1\tizahab-web\.venv\Lib\site-packages\django\db\backends\sqlite3\base.py", line 359, in execute
    return super().execute(query, params)
           ~~~~~~~~~~~~~~~^^^^^^^^^^^^^^^
django.db.utils.OperationalError: no such column: accounts_userpreferences.trip_duration
ERROR 2026-04-12 13:51:08 log 24548 2896 Internal Server Error: /api/daily-plan/generate-multiday/
ERROR 2026-04-12 13:51:08 log 24548 2896 "POST /api/daily-plan/generate-multiday/ HTTP/1.1" 500 52
ERROR 2026-04-12 13:51:46 log 24548 19148 Internal Server Error: /api/auth/preferences/
Traceback (most recent call last):
  File "C:\Users\majd9\OneDrive\Desktop\tizahab_project1\tizahab-web\.venv\Lib\site-packages\django\db\backends\utils.py", line 105, in _execute
    return self.cursor.execute(sql, params)
           ~~~~~~~~~~~~~~~~~~~^^^^^^^^^^^^^
  File "C:\Users\majd9\OneDrive\Desktop\tizahab_project1\tizahab-web\.venv\Lib\site-packages\django\db\backends\sqlite3\base.py", line 359, in execute
    return super().execute(query, params)
           ~~~~~~~~~~~~~~~^^^^^^^^^^^^^^^
sqlite3.OperationalError: no such column: accounts_userpreferences.trip_duration

The above exception was the direct cause of the following exception:

Traceback (most recent call last):
  File "C:\Users\majd9\OneDrive\Desktop\tizahab_project1\tizahab-web\.venv\Lib\site-packages\django\core\handlers\exception.py", line 55, in inner
    response = get_response(request)
  File "C:\Users\majd9\OneDrive\Desktop\tizahab_project1\tizahab-web\.venv\Lib\site-packages\django\core\handlers\base.py", line 198, in _get_response
    response = wrapped_callback(request, *callback_args, **callback_kwargs)
  File "C:\Users\majd9\OneDrive\Desktop\tizahab_project1\tizahab-web\.venv\Lib\site-packages\django\views\decorators\csrf.py", line 65, in _view_wrapper
    return view_func(request, *args, **kwargs)
  File "C:\Users\majd9\OneDrive\Desktop\tizahab_project1\tizahab-web\.venv\Lib\site-packages\django\views\generic\base.py", line 106, in view
    return self.dispatch(request, *args, **kwargs)
           ~~~~~~~~~~~~~^^^^^^^^^^^^^^^^^^^^^^^^^^
  File "C:\Users\majd9\OneDrive\Desktop\tizahab_project1\tizahab-web\.venv\Lib\site-packages\rest_framework\views.py", line 515, in dispatch
    response = self.handle_exception(exc)
  File "C:\Users\majd9\OneDrive\Desktop\tizahab_project1\tizahab-web\.venv\Lib\site-packages\rest_framework\views.py", line 475, in handle_exception
    self.raise_uncaught_exception(exc)
    ~~~~~~~~~~~~~~~~~~~~~~~~~~~~~^^^^^
  File "C:\Users\majd9\OneDrive\Desktop\tizahab_project1\tizahab-web\.venv\Lib\site-packages\rest_framework\views.py", line 486, in raise_uncaught_exception
    raise exc
  File "C:\Users\majd9\OneDrive\Desktop\tizahab_project1\tizahab-web\.venv\Lib\site-packages\rest_framework\views.py", line 512, in dispatch
    response = handler(request, *args, **kwargs)
  File "C:\Users\majd9\OneDrive\Desktop\tizahab_project1\tizahab-web\accounts\views.py", line 253, in get
    preferences, _ = UserPreferences.objects.get_or_create(user=request.user)
                     ~~~~~~~~~~~~~~~~~~~~~~~~~~~~~~~~~~~~~^^^^^^^^^^^^^^^^^^^
  File "C:\Users\majd9\OneDrive\Desktop\tizahab_project1\tizahab-web\.venv\Lib\site-packages\django\db\models\manager.py", line 87, in manager_method
    return getattr(self.get_queryset(), name)(*args, **kwargs)
           ~~~~~~~~~~~~~~~~~~~~~~~~~~~~~~~~~~^^^^^^^^^^^^^^^^^
  File "C:\Users\majd9\OneDrive\Desktop\tizahab_project1\tizahab-web\.venv\Lib\site-packages\django\db\models\query.py", line 987, in get_or_create
    return self.get(**kwargs), False
           ~~~~~~~~^^^^^^^^^^
  File "C:\Users\majd9\OneDrive\Desktop\tizahab_project1\tizahab-web\.venv\Lib\site-packages\django\db\models\query.py", line 635, in get
    num = len(clone)
  File "C:\Users\majd9\OneDrive\Desktop\tizahab_project1\tizahab-web\.venv\Lib\site-packages\django\db\models\query.py", line 372, in __len__
    self._fetch_all()
    ~~~~~~~~~~~~~~~^^
  File "C:\Users\majd9\OneDrive\Desktop\tizahab_project1\tizahab-web\.venv\Lib\site-packages\django\db\models\query.py", line 2000, in _fetch_all
    self._result_cache = list(self._iterable_class(self))
                         ~~~~^^^^^^^^^^^^^^^^^^^^^^^^^^^^
  File "C:\Users\majd9\OneDrive\Desktop\tizahab_project1\tizahab-web\.venv\Lib\site-packages\django\db\models\query.py", line 95, in __iter__
    results = compiler.execute_sql(
        chunked_fetch=self.chunked_fetch, chunk_size=self.chunk_size
    )
  File "C:\Users\majd9\OneDrive\Desktop\tizahab_project1\tizahab-web\.venv\Lib\site-packages\django\db\models\sql\compiler.py", line 1624, in execute_sql
    cursor.execute(sql, params)
    ~~~~~~~~~~~~~~^^^^^^^^^^^^^
  File "C:\Users\majd9\OneDrive\Desktop\tizahab_project1\tizahab-web\.venv\Lib\site-packages\django\db\backends\utils.py", line 122, in execute
    return super().execute(sql, params)
           ~~~~~~~~~~~~~~~^^^^^^^^^^^^^
  File "C:\Users\majd9\OneDrive\Desktop\tizahab_project1\tizahab-web\.venv\Lib\site-packages\django\db\backends\utils.py", line 79, in execute
    return self._execute_with_wrappers(
           ~~~~~~~~~~~~~~~~~~~~~~~~~~~^
        sql, params, many=False, executor=self._execute
        ^^^^^^^^^^^^^^^^^^^^^^^^^^^^^^^^^^^^^^^^^^^^^^^
    )
    ^
  File "C:\Users\majd9\OneDrive\Desktop\tizahab_project1\tizahab-web\.venv\Lib\site-packages\django\db\backends\utils.py", line 92, in _execute_with_wrappers
    return executor(sql, params, many, context)
  File "C:\Users\majd9\OneDrive\Desktop\tizahab_project1\tizahab-web\.venv\Lib\site-packages\django\db\backends\utils.py", line 100, in _execute
    with self.db.wrap_database_errors:
         ^^^^^^^^^^^^^^^^^^^^^^^^^^^^
  File "C:\Users\majd9\OneDrive\Desktop\tizahab_project1\tizahab-web\.venv\Lib\site-packages\django\db\utils.py", line 94, in __exit__
    raise dj_exc_value.with_traceback(traceback) from exc_value
  File "C:\Users\majd9\OneDrive\Desktop\tizahab_project1\tizahab-web\.venv\Lib\site-packages\django\db\backends\utils.py", line 105, in _execute
    return self.cursor.execute(sql, params)
           ~~~~~~~~~~~~~~~~~~~^^^^^^^^^^^^^
  File "C:\Users\majd9\OneDrive\Desktop\tizahab_project1\tizahab-web\.venv\Lib\site-packages\django\db\backends\sqlite3\base.py", line 359, in execute
    return super().execute(query, params)
           ~~~~~~~~~~~~~~~^^^^^^^^^^^^^^^
django.db.utils.OperationalError: no such column: accounts_userpreferences.trip_duration
ERROR 2026-04-12 13:51:47 log 24548 2896 Internal Server Error: /api/auth/me/
Traceback (most recent call last):
  File "C:\Users\majd9\OneDrive\Desktop\tizahab_project1\tizahab-web\.venv\Lib\site-packages\django\db\backends\utils.py", line 105, in _execute
    return self.cursor.execute(sql, params)
           ~~~~~~~~~~~~~~~~~~~^^^^^^^^^^^^^
  File "C:\Users\majd9\OneDrive\Desktop\tizahab_project1\tizahab-web\.venv\Lib\site-packages\django\db\backends\sqlite3\base.py", line 359, in execute
    return super().execute(query, params)
           ~~~~~~~~~~~~~~~^^^^^^^^^^^^^^^
sqlite3.OperationalError: no such column: accounts_userpreferences.trip_duration

The above exception was the direct cause of the following exception:

Traceback (most recent call last):
  File "C:\Users\majd9\OneDrive\Desktop\tizahab_project1\tizahab-web\.venv\Lib\site-packages\django\core\handlers\exception.py", line 55, in inner
    response = get_response(request)
  File "C:\Users\majd9\OneDrive\Desktop\tizahab_project1\tizahab-web\.venv\Lib\site-packages\django\core\handlers\base.py", line 198, in _get_response
    response = wrapped_callback(request, *callback_args, **callback_kwargs)
  File "C:\Users\majd9\OneDrive\Desktop\tizahab_project1\tizahab-web\.venv\Lib\site-packages\django\views\decorators\csrf.py", line 65, in _view_wrapper
    return view_func(request, *args, **kwargs)
  File "C:\Users\majd9\OneDrive\Desktop\tizahab_project1\tizahab-web\.venv\Lib\site-packages\django\views\generic\base.py", line 106, in view
    return self.dispatch(request, *args, **kwargs)
           ~~~~~~~~~~~~~^^^^^^^^^^^^^^^^^^^^^^^^^^
  File "C:\Users\majd9\OneDrive\Desktop\tizahab_project1\tizahab-web\.venv\Lib\site-packages\rest_framework\views.py", line 515, in dispatch
    response = self.handle_exception(exc)
  File "C:\Users\majd9\OneDrive\Desktop\tizahab_project1\tizahab-web\.venv\Lib\site-packages\rest_framework\views.py", line 475, in handle_exception
    self.raise_uncaught_exception(exc)
    ~~~~~~~~~~~~~~~~~~~~~~~~~~~~~^^^^^
  File "C:\Users\majd9\OneDrive\Desktop\tizahab_project1\tizahab-web\.venv\Lib\site-packages\rest_framework\views.py", line 486, in raise_uncaught_exception
    raise exc
  File "C:\Users\majd9\OneDrive\Desktop\tizahab_project1\tizahab-web\.venv\Lib\site-packages\rest_framework\views.py", line 512, in dispatch
    response = handler(request, *args, **kwargs)
  File "C:\Users\majd9\OneDrive\Desktop\tizahab_project1\tizahab-web\accounts\views.py", line 280, in get
    preferences, _ = UserPreferences.objects.get_or_create(user=user)
                     ~~~~~~~~~~~~~~~~~~~~~~~~~~~~~~~~~~~~~^^^^^^^^^^^
  File "C:\Users\majd9\OneDrive\Desktop\tizahab_project1\tizahab-web\.venv\Lib\site-packages\django\db\models\manager.py", line 87, in manager_method
    return getattr(self.get_queryset(), name)(*args, **kwargs)
           ~~~~~~~~~~~~~~~~~~~~~~~~~~~~~~~~~~^^^^^^^^^^^^^^^^^
  File "C:\Users\majd9\OneDrive\Desktop\tizahab_project1\tizahab-web\.venv\Lib\site-packages\django\db\models\query.py", line 987, in get_or_create
    return self.get(**kwargs), False
           ~~~~~~~~^^^^^^^^^^
  File "C:\Users\majd9\OneDrive\Desktop\tizahab_project1\tizahab-web\.venv\Lib\site-packages\django\db\models\query.py", line 635, in get
    num = len(clone)
  File "C:\Users\majd9\OneDrive\Desktop\tizahab_project1\tizahab-web\.venv\Lib\site-packages\django\db\models\query.py", line 372, in __len__
    self._fetch_all()
    ~~~~~~~~~~~~~~~^^
  File "C:\Users\majd9\OneDrive\Desktop\tizahab_project1\tizahab-web\.venv\Lib\site-packages\django\db\models\query.py", line 2000, in _fetch_all
    self._result_cache = list(self._iterable_class(self))
                         ~~~~^^^^^^^^^^^^^^^^^^^^^^^^^^^^
  File "C:\Users\majd9\OneDrive\Desktop\tizahab_project1\tizahab-web\.venv\Lib\site-packages\django\db\models\query.py", line 95, in __iter__
    results = compiler.execute_sql(
        chunked_fetch=self.chunked_fetch, chunk_size=self.chunk_size
    )
  File "C:\Users\majd9\OneDrive\Desktop\tizahab_project1\tizahab-web\.venv\Lib\site-packages\django\db\models\sql\compiler.py", line 1624, in execute_sql
    cursor.execute(sql, params)
    ~~~~~~~~~~~~~~^^^^^^^^^^^^^
  File "C:\Users\majd9\OneDrive\Desktop\tizahab_project1\tizahab-web\.venv\Lib\site-packages\django\db\backends\utils.py", line 122, in execute
    return super().execute(sql, params)
           ~~~~~~~~~~~~~~~^^^^^^^^^^^^^
  File "C:\Users\majd9\OneDrive\Desktop\tizahab_project1\tizahab-web\.venv\Lib\site-packages\django\db\backends\utils.py", line 79, in execute
    return self._execute_with_wrappers(
           ~~~~~~~~~~~~~~~~~~~~~~~~~~~^
        sql, params, many=False, executor=self._execute
        ^^^^^^^^^^^^^^^^^^^^^^^^^^^^^^^^^^^^^^^^^^^^^^^
    )
    ^
  File "C:\Users\majd9\OneDrive\Desktop\tizahab_project1\tizahab-web\.venv\Lib\site-packages\django\db\backends\utils.py", line 92, in _execute_with_wrappers
    return executor(sql, params, many, context)
  File "C:\Users\majd9\OneDrive\Desktop\tizahab_project1\tizahab-web\.venv\Lib\site-packages\django\db\backends\utils.py", line 100, in _execute
    with self.db.wrap_database_errors:
         ^^^^^^^^^^^^^^^^^^^^^^^^^^^^
  File "C:\Users\majd9\OneDrive\Desktop\tizahab_project1\tizahab-web\.venv\Lib\site-packages\django\db\utils.py", line 94, in __exit__
    raise dj_exc_value.with_traceback(traceback) from exc_value
  File "C:\Users\majd9\OneDrive\Desktop\tizahab_project1\tizahab-web\.venv\Lib\site-packages\django\db\backends\utils.py", line 105, in _execute
    return self.cursor.execute(sql, params)
           ~~~~~~~~~~~~~~~~~~~^^^^^^^^^^^^^
  File "C:\Users\majd9\OneDrive\Desktop\tizahab_project1\tizahab-web\.venv\Lib\site-packages\django\db\backends\sqlite3\base.py", line 359, in execute
    return super().execute(query, params)
           ~~~~~~~~~~~~~~~^^^^^^^^^^^^^^^
django.db.utils.OperationalError: no such column: accounts_userpreferences.trip_duration
ERROR 2026-04-12 13:51:47 log 24548 19148 "GET /api/auth/preferences/ HTTP/1.1" 500 185098
ERROR 2026-04-12 13:51:47 log 24548 2896 "GET /api/auth/me/ HTTP/1.1" 500 185081
ERROR 2026-04-12 13:51:47 log 24548 19148 Internal Server Error: /api/auth/me/
Traceback (most recent call last):
  File "C:\Users\majd9\OneDrive\Desktop\tizahab_project1\tizahab-web\.venv\Lib\site-packages\django\db\backends\utils.py", line 105, in _execute
    return self.cursor.execute(sql, params)
           ~~~~~~~~~~~~~~~~~~~^^^^^^^^^^^^^
  File "C:\Users\majd9\OneDrive\Desktop\tizahab_project1\tizahab-web\.venv\Lib\site-packages\django\db\backends\sqlite3\base.py", line 359, in execute
    return super().execute(query, params)
           ~~~~~~~~~~~~~~~^^^^^^^^^^^^^^^
sqlite3.OperationalError: no such column: accounts_userpreferences.trip_duration

The above exception was the direct cause of the following exception:

Traceback (most recent call last):
  File "C:\Users\majd9\OneDrive\Desktop\tizahab_project1\tizahab-web\.venv\Lib\site-packages\django\core\handlers\exception.py", line 55, in inner
    response = get_response(request)
  File "C:\Users\majd9\OneDrive\Desktop\tizahab_project1\tizahab-web\.venv\Lib\site-packages\django\core\handlers\base.py", line 198, in _get_response
    response = wrapped_callback(request, *callback_args, **callback_kwargs)
  File "C:\Users\majd9\OneDrive\Desktop\tizahab_project1\tizahab-web\.venv\Lib\site-packages\django\views\decorators\csrf.py", line 65, in _view_wrapper
    return view_func(request, *args, **kwargs)
  File "C:\Users\majd9\OneDrive\Desktop\tizahab_project1\tizahab-web\.venv\Lib\site-packages\django\views\generic\base.py", line 106, in view
    return self.dispatch(request, *args, **kwargs)
           ~~~~~~~~~~~~~^^^^^^^^^^^^^^^^^^^^^^^^^^
  File "C:\Users\majd9\OneDrive\Desktop\tizahab_project1\tizahab-web\.venv\Lib\site-packages\rest_framework\views.py", line 515, in dispatch
    response = self.handle_exception(exc)
  File "C:\Users\majd9\OneDrive\Desktop\tizahab_project1\tizahab-web\.venv\Lib\site-packages\rest_framework\views.py", line 475, in handle_exception
    self.raise_uncaught_exception(exc)
    ~~~~~~~~~~~~~~~~~~~~~~~~~~~~~^^^^^
  File "C:\Users\majd9\OneDrive\Desktop\tizahab_project1\tizahab-web\.venv\Lib\site-packages\rest_framework\views.py", line 486, in raise_uncaught_exception
    raise exc
  File "C:\Users\majd9\OneDrive\Desktop\tizahab_project1\tizahab-web\.venv\Lib\site-packages\rest_framework\views.py", line 512, in dispatch
    response = handler(request, *args, **kwargs)
  File "C:\Users\majd9\OneDrive\Desktop\tizahab_project1\tizahab-web\accounts\views.py", line 280, in get
    preferences, _ = UserPreferences.objects.get_or_create(user=user)
                     ~~~~~~~~~~~~~~~~~~~~~~~~~~~~~~~~~~~~~^^^^^^^^^^^
  File "C:\Users\majd9\OneDrive\Desktop\tizahab_project1\tizahab-web\.venv\Lib\site-packages\django\db\models\manager.py", line 87, in manager_method
    return getattr(self.get_queryset(), name)(*args, **kwargs)
           ~~~~~~~~~~~~~~~~~~~~~~~~~~~~~~~~~~^^^^^^^^^^^^^^^^^
  File "C:\Users\majd9\OneDrive\Desktop\tizahab_project1\tizahab-web\.venv\Lib\site-packages\django\db\models\query.py", line 987, in get_or_create
    return self.get(**kwargs), False
           ~~~~~~~~^^^^^^^^^^
  File "C:\Users\majd9\OneDrive\Desktop\tizahab_project1\tizahab-web\.venv\Lib\site-packages\django\db\models\query.py", line 635, in get
    num = len(clone)
  File "C:\Users\majd9\OneDrive\Desktop\tizahab_project1\tizahab-web\.venv\Lib\site-packages\django\db\models\query.py", line 372, in __len__
    self._fetch_all()
    ~~~~~~~~~~~~~~~^^
  File "C:\Users\majd9\OneDrive\Desktop\tizahab_project1\tizahab-web\.venv\Lib\site-packages\django\db\models\query.py", line 2000, in _fetch_all
    self._result_cache = list(self._iterable_class(self))
                         ~~~~^^^^^^^^^^^^^^^^^^^^^^^^^^^^
  File "C:\Users\majd9\OneDrive\Desktop\tizahab_project1\tizahab-web\.venv\Lib\site-packages\django\db\models\query.py", line 95, in __iter__
    results = compiler.execute_sql(
        chunked_fetch=self.chunked_fetch, chunk_size=self.chunk_size
    )
  File "C:\Users\majd9\OneDrive\Desktop\tizahab_project1\tizahab-web\.venv\Lib\site-packages\django\db\models\sql\compiler.py", line 1624, in execute_sql
    cursor.execute(sql, params)
    ~~~~~~~~~~~~~~^^^^^^^^^^^^^
  File "C:\Users\majd9\OneDrive\Desktop\tizahab_project1\tizahab-web\.venv\Lib\site-packages\django\db\backends\utils.py", line 122, in execute
    return super().execute(sql, params)
           ~~~~~~~~~~~~~~~^^^^^^^^^^^^^
  File "C:\Users\majd9\OneDrive\Desktop\tizahab_project1\tizahab-web\.venv\Lib\site-packages\django\db\backends\utils.py", line 79, in execute
    return self._execute_with_wrappers(
           ~~~~~~~~~~~~~~~~~~~~~~~~~~~^
        sql, params, many=False, executor=self._execute
        ^^^^^^^^^^^^^^^^^^^^^^^^^^^^^^^^^^^^^^^^^^^^^^^
    )
    ^
  File "C:\Users\majd9\OneDrive\Desktop\tizahab_project1\tizahab-web\.venv\Lib\site-packages\django\db\backends\utils.py", line 92, in _execute_with_wrappers
    return executor(sql, params, many, context)
  File "C:\Users\majd9\OneDrive\Desktop\tizahab_project1\tizahab-web\.venv\Lib\site-packages\django\db\backends\utils.py", line 100, in _execute
    with self.db.wrap_database_errors:
         ^^^^^^^^^^^^^^^^^^^^^^^^^^^^
  File "C:\Users\majd9\OneDrive\Desktop\tizahab_project1\tizahab-web\.venv\Lib\site-packages\django\db\utils.py", line 94, in __exit__
    raise dj_exc_value.with_traceback(traceback) from exc_value
  File "C:\Users\majd9\OneDrive\Desktop\tizahab_project1\tizahab-web\.venv\Lib\site-packages\django\db\backends\utils.py", line 105, in _execute
    return self.cursor.execute(sql, params)
           ~~~~~~~~~~~~~~~~~~~^^^^^^^^^^^^^
  File "C:\Users\majd9\OneDrive\Desktop\tizahab_project1\tizahab-web\.venv\Lib\site-packages\django\db\backends\sqlite3\base.py", line 359, in execute
    return super().execute(query, params)
           ~~~~~~~~~~~~~~~^^^^^^^^^^^^^^^
django.db.utils.OperationalError: no such column: accounts_userpreferences.trip_duration
ERROR 2026-04-12 13:51:47 log 24548 19148 "GET /api/auth/me/ HTTP/1.1" 500 185075
ERROR 2026-04-12 13:51:48 log 24548 19148 Internal Server Error: /api/auth/preferences/
Traceback (most recent call last):
  File "C:\Users\majd9\OneDrive\Desktop\tizahab_project1\tizahab-web\.venv\Lib\site-packages\django\db\backends\utils.py", line 105, in _execute
    return self.cursor.execute(sql, params)
           ~~~~~~~~~~~~~~~~~~~^^^^^^^^^^^^^
  File "C:\Users\majd9\OneDrive\Desktop\tizahab_project1\tizahab-web\.venv\Lib\site-packages\django\db\backends\sqlite3\base.py", line 359, in execute
    return super().execute(query, params)
           ~~~~~~~~~~~~~~~^^^^^^^^^^^^^^^
sqlite3.OperationalError: no such column: accounts_userpreferences.trip_duration

The above exception was the direct cause of the following exception:

Traceback (most recent call last):
  File "C:\Users\majd9\OneDrive\Desktop\tizahab_project1\tizahab-web\.venv\Lib\site-packages\django\core\handlers\exception.py", line 55, in inner
    response = get_response(request)
  File "C:\Users\majd9\OneDrive\Desktop\tizahab_project1\tizahab-web\.venv\Lib\site-packages\django\core\handlers\base.py", line 198, in _get_response
    response = wrapped_callback(request, *callback_args, **callback_kwargs)
  File "C:\Users\majd9\OneDrive\Desktop\tizahab_project1\tizahab-web\.venv\Lib\site-packages\django\views\decorators\csrf.py", line 65, in _view_wrapper
    return view_func(request, *args, **kwargs)
  File "C:\Users\majd9\OneDrive\Desktop\tizahab_project1\tizahab-web\.venv\Lib\site-packages\django\views\generic\base.py", line 106, in view
    return self.dispatch(request, *args, **kwargs)
           ~~~~~~~~~~~~~^^^^^^^^^^^^^^^^^^^^^^^^^^
  File "C:\Users\majd9\OneDrive\Desktop\tizahab_project1\tizahab-web\.venv\Lib\site-packages\rest_framework\views.py", line 515, in dispatch
    response = self.handle_exception(exc)
  File "C:\Users\majd9\OneDrive\Desktop\tizahab_project1\tizahab-web\.venv\Lib\site-packages\rest_framework\views.py", line 475, in handle_exception
    self.raise_uncaught_exception(exc)
    ~~~~~~~~~~~~~~~~~~~~~~~~~~~~~^^^^^
  File "C:\Users\majd9\OneDrive\Desktop\tizahab_project1\tizahab-web\.venv\Lib\site-packages\rest_framework\views.py", line 486, in raise_uncaught_exception
    raise exc
  File "C:\Users\majd9\OneDrive\Desktop\tizahab_project1\tizahab-web\.venv\Lib\site-packages\rest_framework\views.py", line 512, in dispatch
    response = handler(request, *args, **kwargs)
  File "C:\Users\majd9\OneDrive\Desktop\tizahab_project1\tizahab-web\accounts\views.py", line 253, in get
    preferences, _ = UserPreferences.objects.get_or_create(user=request.user)
                     ~~~~~~~~~~~~~~~~~~~~~~~~~~~~~~~~~~~~~^^^^^^^^^^^^^^^^^^^
  File "C:\Users\majd9\OneDrive\Desktop\tizahab_project1\tizahab-web\.venv\Lib\site-packages\django\db\models\manager.py", line 87, in manager_method
    return getattr(self.get_queryset(), name)(*args, **kwargs)
           ~~~~~~~~~~~~~~~~~~~~~~~~~~~~~~~~~~^^^^^^^^^^^^^^^^^
  File "C:\Users\majd9\OneDrive\Desktop\tizahab_project1\tizahab-web\.venv\Lib\site-packages\django\db\models\query.py", line 987, in get_or_create
    return self.get(**kwargs), False
           ~~~~~~~~^^^^^^^^^^
  File "C:\Users\majd9\OneDrive\Desktop\tizahab_project1\tizahab-web\.venv\Lib\site-packages\django\db\models\query.py", line 635, in get
    num = len(clone)
  File "C:\Users\majd9\OneDrive\Desktop\tizahab_project1\tizahab-web\.venv\Lib\site-packages\django\db\models\query.py", line 372, in __len__
    self._fetch_all()
    ~~~~~~~~~~~~~~~^^
  File "C:\Users\majd9\OneDrive\Desktop\tizahab_project1\tizahab-web\.venv\Lib\site-packages\django\db\models\query.py", line 2000, in _fetch_all
    self._result_cache = list(self._iterable_class(self))
                         ~~~~^^^^^^^^^^^^^^^^^^^^^^^^^^^^
  File "C:\Users\majd9\OneDrive\Desktop\tizahab_project1\tizahab-web\.venv\Lib\site-packages\django\db\models\query.py", line 95, in __iter__
    results = compiler.execute_sql(
        chunked_fetch=self.chunked_fetch, chunk_size=self.chunk_size
    )
  File "C:\Users\majd9\OneDrive\Desktop\tizahab_project1\tizahab-web\.venv\Lib\site-packages\django\db\models\sql\compiler.py", line 1624, in execute_sql
    cursor.execute(sql, params)
    ~~~~~~~~~~~~~~^^^^^^^^^^^^^
  File "C:\Users\majd9\OneDrive\Desktop\tizahab_project1\tizahab-web\.venv\Lib\site-packages\django\db\backends\utils.py", line 122, in execute
    return super().execute(sql, params)
           ~~~~~~~~~~~~~~~^^^^^^^^^^^^^
  File "C:\Users\majd9\OneDrive\Desktop\tizahab_project1\tizahab-web\.venv\Lib\site-packages\django\db\backends\utils.py", line 79, in execute
    return self._execute_with_wrappers(
           ~~~~~~~~~~~~~~~~~~~~~~~~~~~^
        sql, params, many=False, executor=self._execute
        ^^^^^^^^^^^^^^^^^^^^^^^^^^^^^^^^^^^^^^^^^^^^^^^
    )
    ^
  File "C:\Users\majd9\OneDrive\Desktop\tizahab_project1\tizahab-web\.venv\Lib\site-packages\django\db\backends\utils.py", line 92, in _execute_with_wrappers
    return executor(sql, params, many, context)
  File "C:\Users\majd9\OneDrive\Desktop\tizahab_project1\tizahab-web\.venv\Lib\site-packages\django\db\backends\utils.py", line 100, in _execute
    with self.db.wrap_database_errors:
         ^^^^^^^^^^^^^^^^^^^^^^^^^^^^
  File "C:\Users\majd9\OneDrive\Desktop\tizahab_project1\tizahab-web\.venv\Lib\site-packages\django\db\utils.py", line 94, in __exit__
    raise dj_exc_value.with_traceback(traceback) from exc_value
  File "C:\Users\majd9\OneDrive\Desktop\tizahab_project1\tizahab-web\.venv\Lib\site-packages\django\db\backends\utils.py", line 105, in _execute
    return self.cursor.execute(sql, params)
           ~~~~~~~~~~~~~~~~~~~^^^^^^^^^^^^^
  File "C:\Users\majd9\OneDrive\Desktop\tizahab_project1\tizahab-web\.venv\Lib\site-packages\django\db\backends\sqlite3\base.py", line 359, in execute
    return super().execute(query, params)
           ~~~~~~~~~~~~~~~^^^^^^^^^^^^^^^
django.db.utils.OperationalError: no such column: accounts_userpreferences.trip_duration
ERROR 2026-04-12 13:51:48 log 24548 19148 "GET /api/auth/preferences/ HTTP/1.1" 500 185114
ERROR 2026-04-12 13:52:02 log 24548 19148 Internal Server Error: /api/auth/preferences/
Traceback (most recent call last):
  File "C:\Users\majd9\OneDrive\Desktop\tizahab_project1\tizahab-web\.venv\Lib\site-packages\django\db\backends\utils.py", line 105, in _execute
    return self.cursor.execute(sql, params)
           ~~~~~~~~~~~~~~~~~~~^^^^^^^^^^^^^
  File "C:\Users\majd9\OneDrive\Desktop\tizahab_project1\tizahab-web\.venv\Lib\site-packages\django\db\backends\sqlite3\base.py", line 359, in execute
    return super().execute(query, params)
           ~~~~~~~~~~~~~~~^^^^^^^^^^^^^^^
sqlite3.OperationalError: no such column: accounts_userpreferences.trip_duration

The above exception was the direct cause of the following exception:

Traceback (most recent call last):
  File "C:\Users\majd9\OneDrive\Desktop\tizahab_project1\tizahab-web\.venv\Lib\site-packages\django\core\handlers\exception.py", line 55, in inner
    response = get_response(request)
  File "C:\Users\majd9\OneDrive\Desktop\tizahab_project1\tizahab-web\.venv\Lib\site-packages\django\core\handlers\base.py", line 198, in _get_response
    response = wrapped_callback(request, *callback_args, **callback_kwargs)
  File "C:\Users\majd9\OneDrive\Desktop\tizahab_project1\tizahab-web\.venv\Lib\site-packages\django\views\decorators\csrf.py", line 65, in _view_wrapper
    return view_func(request, *args, **kwargs)
  File "C:\Users\majd9\OneDrive\Desktop\tizahab_project1\tizahab-web\.venv\Lib\site-packages\django\views\generic\base.py", line 106, in view
    return self.dispatch(request, *args, **kwargs)
           ~~~~~~~~~~~~~^^^^^^^^^^^^^^^^^^^^^^^^^^
  File "C:\Users\majd9\OneDrive\Desktop\tizahab_project1\tizahab-web\.venv\Lib\site-packages\rest_framework\views.py", line 515, in dispatch
    response = self.handle_exception(exc)
  File "C:\Users\majd9\OneDrive\Desktop\tizahab_project1\tizahab-web\.venv\Lib\site-packages\rest_framework\views.py", line 475, in handle_exception
    self.raise_uncaught_exception(exc)
    ~~~~~~~~~~~~~~~~~~~~~~~~~~~~~^^^^^
  File "C:\Users\majd9\OneDrive\Desktop\tizahab_project1\tizahab-web\.venv\Lib\site-packages\rest_framework\views.py", line 486, in raise_uncaught_exception
    raise exc
  File "C:\Users\majd9\OneDrive\Desktop\tizahab_project1\tizahab-web\.venv\Lib\site-packages\rest_framework\views.py", line 512, in dispatch
    response = handler(request, *args, **kwargs)
  File "C:\Users\majd9\OneDrive\Desktop\tizahab_project1\tizahab-web\accounts\views.py", line 258, in post
    preferences, created = UserPreferences.objects.get_or_create(user=request.user)
                           ~~~~~~~~~~~~~~~~~~~~~~~~~~~~~~~~~~~~~^^^^^^^^^^^^^^^^^^^
  File "C:\Users\majd9\OneDrive\Desktop\tizahab_project1\tizahab-web\.venv\Lib\site-packages\django\db\models\manager.py", line 87, in manager_method
    return getattr(self.get_queryset(), name)(*args, **kwargs)
           ~~~~~~~~~~~~~~~~~~~~~~~~~~~~~~~~~~^^^^^^^^^^^^^^^^^
  File "C:\Users\majd9\OneDrive\Desktop\tizahab_project1\tizahab-web\.venv\Lib\site-packages\django\db\models\query.py", line 987, in get_or_create
    return self.get(**kwargs), False
           ~~~~~~~~^^^^^^^^^^
  File "C:\Users\majd9\OneDrive\Desktop\tizahab_project1\tizahab-web\.venv\Lib\site-packages\django\db\models\query.py", line 635, in get
    num = len(clone)
  File "C:\Users\majd9\OneDrive\Desktop\tizahab_project1\tizahab-web\.venv\Lib\site-packages\django\db\models\query.py", line 372, in __len__
    self._fetch_all()
    ~~~~~~~~~~~~~~~^^
  File "C:\Users\majd9\OneDrive\Desktop\tizahab_project1\tizahab-web\.venv\Lib\site-packages\django\db\models\query.py", line 2000, in _fetch_all
    self._result_cache = list(self._iterable_class(self))
                         ~~~~^^^^^^^^^^^^^^^^^^^^^^^^^^^^
  File "C:\Users\majd9\OneDrive\Desktop\tizahab_project1\tizahab-web\.venv\Lib\site-packages\django\db\models\query.py", line 95, in __iter__
    results = compiler.execute_sql(
        chunked_fetch=self.chunked_fetch, chunk_size=self.chunk_size
    )
  File "C:\Users\majd9\OneDrive\Desktop\tizahab_project1\tizahab-web\.venv\Lib\site-packages\django\db\models\sql\compiler.py", line 1624, in execute_sql
    cursor.execute(sql, params)
    ~~~~~~~~~~~~~~^^^^^^^^^^^^^
  File "C:\Users\majd9\OneDrive\Desktop\tizahab_project1\tizahab-web\.venv\Lib\site-packages\django\db\backends\utils.py", line 122, in execute
    return super().execute(sql, params)
           ~~~~~~~~~~~~~~~^^^^^^^^^^^^^
  File "C:\Users\majd9\OneDrive\Desktop\tizahab_project1\tizahab-web\.venv\Lib\site-packages\django\db\backends\utils.py", line 79, in execute
    return self._execute_with_wrappers(
           ~~~~~~~~~~~~~~~~~~~~~~~~~~~^
        sql, params, many=False, executor=self._execute
        ^^^^^^^^^^^^^^^^^^^^^^^^^^^^^^^^^^^^^^^^^^^^^^^
    )
    ^
  File "C:\Users\majd9\OneDrive\Desktop\tizahab_project1\tizahab-web\.venv\Lib\site-packages\django\db\backends\utils.py", line 92, in _execute_with_wrappers
    return executor(sql, params, many, context)
  File "C:\Users\majd9\OneDrive\Desktop\tizahab_project1\tizahab-web\.venv\Lib\site-packages\django\db\backends\utils.py", line 100, in _execute
    with self.db.wrap_database_errors:
         ^^^^^^^^^^^^^^^^^^^^^^^^^^^^
  File "C:\Users\majd9\OneDrive\Desktop\tizahab_project1\tizahab-web\.venv\Lib\site-packages\django\db\utils.py", line 94, in __exit__
    raise dj_exc_value.with_traceback(traceback) from exc_value
  File "C:\Users\majd9\OneDrive\Desktop\tizahab_project1\tizahab-web\.venv\Lib\site-packages\django\db\backends\utils.py", line 105, in _execute
    return self.cursor.execute(sql, params)
           ~~~~~~~~~~~~~~~~~~~^^^^^^^^^^^^^
  File "C:\Users\majd9\OneDrive\Desktop\tizahab_project1\tizahab-web\.venv\Lib\site-packages\django\db\backends\sqlite3\base.py", line 359, in execute
    return super().execute(query, params)
           ~~~~~~~~~~~~~~~^^^^^^^^^^^^^^^
django.db.utils.OperationalError: no such column: accounts_userpreferences.trip_duration
ERROR 2026-04-12 13:52:02 log 24548 19148 "POST /api/auth/preferences/ HTTP/1.1" 500 185308
ERROR 2026-04-12 13:52:03 log 24548 19148 Internal Server Error: /api/auth/preferences/
Traceback (most recent call last):
  File "C:\Users\majd9\OneDrive\Desktop\tizahab_project1\tizahab-web\.venv\Lib\site-packages\django\db\backends\utils.py", line 105, in _execute
    return self.cursor.execute(sql, params)
           ~~~~~~~~~~~~~~~~~~~^^^^^^^^^^^^^
  File "C:\Users\majd9\OneDrive\Desktop\tizahab_project1\tizahab-web\.venv\Lib\site-packages\django\db\backends\sqlite3\base.py", line 359, in execute
    return super().execute(query, params)
           ~~~~~~~~~~~~~~~^^^^^^^^^^^^^^^
sqlite3.OperationalError: no such column: accounts_userpreferences.trip_duration

The above exception was the direct cause of the following exception:

Traceback (most recent call last):
  File "C:\Users\majd9\OneDrive\Desktop\tizahab_project1\tizahab-web\.venv\Lib\site-packages\django\core\handlers\exception.py", line 55, in inner
    response = get_response(request)
  File "C:\Users\majd9\OneDrive\Desktop\tizahab_project1\tizahab-web\.venv\Lib\site-packages\django\core\handlers\base.py", line 198, in _get_response
    response = wrapped_callback(request, *callback_args, **callback_kwargs)
  File "C:\Users\majd9\OneDrive\Desktop\tizahab_project1\tizahab-web\.venv\Lib\site-packages\django\views\decorators\csrf.py", line 65, in _view_wrapper
    return view_func(request, *args, **kwargs)
  File "C:\Users\majd9\OneDrive\Desktop\tizahab_project1\tizahab-web\.venv\Lib\site-packages\django\views\generic\base.py", line 106, in view
    return self.dispatch(request, *args, **kwargs)
           ~~~~~~~~~~~~~^^^^^^^^^^^^^^^^^^^^^^^^^^
  File "C:\Users\majd9\OneDrive\Desktop\tizahab_project1\tizahab-web\.venv\Lib\site-packages\rest_framework\views.py", line 515, in dispatch
    response = self.handle_exception(exc)
  File "C:\Users\majd9\OneDrive\Desktop\tizahab_project1\tizahab-web\.venv\Lib\site-packages\rest_framework\views.py", line 475, in handle_exception
    self.raise_uncaught_exception(exc)
    ~~~~~~~~~~~~~~~~~~~~~~~~~~~~~^^^^^
  File "C:\Users\majd9\OneDrive\Desktop\tizahab_project1\tizahab-web\.venv\Lib\site-packages\rest_framework\views.py", line 486, in raise_uncaught_exception
    raise exc
  File "C:\Users\majd9\OneDrive\Desktop\tizahab_project1\tizahab-web\.venv\Lib\site-packages\rest_framework\views.py", line 512, in dispatch
    response = handler(request, *args, **kwargs)
  File "C:\Users\majd9\OneDrive\Desktop\tizahab_project1\tizahab-web\accounts\views.py", line 258, in post
    preferences, created = UserPreferences.objects.get_or_create(user=request.user)
                           ~~~~~~~~~~~~~~~~~~~~~~~~~~~~~~~~~~~~~^^^^^^^^^^^^^^^^^^^
  File "C:\Users\majd9\OneDrive\Desktop\tizahab_project1\tizahab-web\.venv\Lib\site-packages\django\db\models\manager.py", line 87, in manager_method
    return getattr(self.get_queryset(), name)(*args, **kwargs)
           ~~~~~~~~~~~~~~~~~~~~~~~~~~~~~~~~~~^^^^^^^^^^^^^^^^^
  File "C:\Users\majd9\OneDrive\Desktop\tizahab_project1\tizahab-web\.venv\Lib\site-packages\django\db\models\query.py", line 987, in get_or_create
    return self.get(**kwargs), False
           ~~~~~~~~^^^^^^^^^^
  File "C:\Users\majd9\OneDrive\Desktop\tizahab_project1\tizahab-web\.venv\Lib\site-packages\django\db\models\query.py", line 635, in get
    num = len(clone)
  File "C:\Users\majd9\OneDrive\Desktop\tizahab_project1\tizahab-web\.venv\Lib\site-packages\django\db\models\query.py", line 372, in __len__
    self._fetch_all()
    ~~~~~~~~~~~~~~~^^
  File "C:\Users\majd9\OneDrive\Desktop\tizahab_project1\tizahab-web\.venv\Lib\site-packages\django\db\models\query.py", line 2000, in _fetch_all
    self._result_cache = list(self._iterable_class(self))
                         ~~~~^^^^^^^^^^^^^^^^^^^^^^^^^^^^
  File "C:\Users\majd9\OneDrive\Desktop\tizahab_project1\tizahab-web\.venv\Lib\site-packages\django\db\models\query.py", line 95, in __iter__
    results = compiler.execute_sql(
        chunked_fetch=self.chunked_fetch, chunk_size=self.chunk_size
    )
  File "C:\Users\majd9\OneDrive\Desktop\tizahab_project1\tizahab-web\.venv\Lib\site-packages\django\db\models\sql\compiler.py", line 1624, in execute_sql
    cursor.execute(sql, params)
    ~~~~~~~~~~~~~~^^^^^^^^^^^^^
  File "C:\Users\majd9\OneDrive\Desktop\tizahab_project1\tizahab-web\.venv\Lib\site-packages\django\db\backends\utils.py", line 122, in execute
    return super().execute(sql, params)
           ~~~~~~~~~~~~~~~^^^^^^^^^^^^^
  File "C:\Users\majd9\OneDrive\Desktop\tizahab_project1\tizahab-web\.venv\Lib\site-packages\django\db\backends\utils.py", line 79, in execute
    return self._execute_with_wrappers(
           ~~~~~~~~~~~~~~~~~~~~~~~~~~~^
        sql, params, many=False, executor=self._execute
        ^^^^^^^^^^^^^^^^^^^^^^^^^^^^^^^^^^^^^^^^^^^^^^^
    )
    ^
  File "C:\Users\majd9\OneDrive\Desktop\tizahab_project1\tizahab-web\.venv\Lib\site-packages\django\db\backends\utils.py", line 92, in _execute_with_wrappers
    return executor(sql, params, many, context)
  File "C:\Users\majd9\OneDrive\Desktop\tizahab_project1\tizahab-web\.venv\Lib\site-packages\django\db\backends\utils.py", line 100, in _execute
    with self.db.wrap_database_errors:
         ^^^^^^^^^^^^^^^^^^^^^^^^^^^^
  File "C:\Users\majd9\OneDrive\Desktop\tizahab_project1\tizahab-web\.venv\Lib\site-packages\django\db\utils.py", line 94, in __exit__
    raise dj_exc_value.with_traceback(traceback) from exc_value
  File "C:\Users\majd9\OneDrive\Desktop\tizahab_project1\tizahab-web\.venv\Lib\site-packages\django\db\backends\utils.py", line 105, in _execute
    return self.cursor.execute(sql, params)
           ~~~~~~~~~~~~~~~~~~~^^^^^^^^^^^^^
  File "C:\Users\majd9\OneDrive\Desktop\tizahab_project1\tizahab-web\.venv\Lib\site-packages\django\db\backends\sqlite3\base.py", line 359, in execute
    return super().execute(query, params)
           ~~~~~~~~~~~~~~~^^^^^^^^^^^^^^^
django.db.utils.OperationalError: no such column: accounts_userpreferences.trip_duration
ERROR 2026-04-12 13:52:03 log 24548 19148 "POST /api/auth/preferences/ HTTP/1.1" 500 185308
ERROR 2026-04-12 13:52:41 log 24548 19148 Internal Server Error: /api/auth/me/
Traceback (most recent call last):
  File "C:\Users\majd9\OneDrive\Desktop\tizahab_project1\tizahab-web\.venv\Lib\site-packages\django\db\backends\utils.py", line 105, in _execute
    return self.cursor.execute(sql, params)
           ~~~~~~~~~~~~~~~~~~~^^^^^^^^^^^^^
  File "C:\Users\majd9\OneDrive\Desktop\tizahab_project1\tizahab-web\.venv\Lib\site-packages\django\db\backends\sqlite3\base.py", line 359, in execute
    return super().execute(query, params)
           ~~~~~~~~~~~~~~~^^^^^^^^^^^^^^^
sqlite3.OperationalError: no such column: accounts_userpreferences.trip_duration

The above exception was the direct cause of the following exception:

Traceback (most recent call last):
  File "C:\Users\majd9\OneDrive\Desktop\tizahab_project1\tizahab-web\.venv\Lib\site-packages\django\core\handlers\exception.py", line 55, in inner
    response = get_response(request)
  File "C:\Users\majd9\OneDrive\Desktop\tizahab_project1\tizahab-web\.venv\Lib\site-packages\django\core\handlers\base.py", line 198, in _get_response
    response = wrapped_callback(request, *callback_args, **callback_kwargs)
  File "C:\Users\majd9\OneDrive\Desktop\tizahab_project1\tizahab-web\.venv\Lib\site-packages\django\views\decorators\csrf.py", line 65, in _view_wrapper
    return view_func(request, *args, **kwargs)
  File "C:\Users\majd9\OneDrive\Desktop\tizahab_project1\tizahab-web\.venv\Lib\site-packages\django\views\generic\base.py", line 106, in view
    return self.dispatch(request, *args, **kwargs)
           ~~~~~~~~~~~~~^^^^^^^^^^^^^^^^^^^^^^^^^^
  File "C:\Users\majd9\OneDrive\Desktop\tizahab_project1\tizahab-web\.venv\Lib\site-packages\rest_framework\views.py", line 515, in dispatch
    response = self.handle_exception(exc)
  File "C:\Users\majd9\OneDrive\Desktop\tizahab_project1\tizahab-web\.venv\Lib\site-packages\rest_framework\views.py", line 475, in handle_exception
    self.raise_uncaught_exception(exc)
    ~~~~~~~~~~~~~~~~~~~~~~~~~~~~~^^^^^
  File "C:\Users\majd9\OneDrive\Desktop\tizahab_project1\tizahab-web\.venv\Lib\site-packages\rest_framework\views.py", line 486, in raise_uncaught_exception
    raise exc
  File "C:\Users\majd9\OneDrive\Desktop\tizahab_project1\tizahab-web\.venv\Lib\site-packages\rest_framework\views.py", line 512, in dispatch
    response = handler(request, *args, **kwargs)
  File "C:\Users\majd9\OneDrive\Desktop\tizahab_project1\tizahab-web\accounts\views.py", line 280, in get
    preferences, _ = UserPreferences.objects.get_or_create(user=user)
                     ~~~~~~~~~~~~~~~~~~~~~~~~~~~~~~~~~~~~~^^^^^^^^^^^
  File "C:\Users\majd9\OneDrive\Desktop\tizahab_project1\tizahab-web\.venv\Lib\site-packages\django\db\models\manager.py", line 87, in manager_method
    return getattr(self.get_queryset(), name)(*args, **kwargs)
           ~~~~~~~~~~~~~~~~~~~~~~~~~~~~~~~~~~^^^^^^^^^^^^^^^^^
  File "C:\Users\majd9\OneDrive\Desktop\tizahab_project1\tizahab-web\.venv\Lib\site-packages\django\db\models\query.py", line 987, in get_or_create
    return self.get(**kwargs), False
           ~~~~~~~~^^^^^^^^^^
  File "C:\Users\majd9\OneDrive\Desktop\tizahab_project1\tizahab-web\.venv\Lib\site-packages\django\db\models\query.py", line 635, in get
    num = len(clone)
  File "C:\Users\majd9\OneDrive\Desktop\tizahab_project1\tizahab-web\.venv\Lib\site-packages\django\db\models\query.py", line 372, in __len__
    self._fetch_all()
    ~~~~~~~~~~~~~~~^^
  File "C:\Users\majd9\OneDrive\Desktop\tizahab_project1\tizahab-web\.venv\Lib\site-packages\django\db\models\query.py", line 2000, in _fetch_all
    self._result_cache = list(self._iterable_class(self))
                         ~~~~^^^^^^^^^^^^^^^^^^^^^^^^^^^^
  File "C:\Users\majd9\OneDrive\Desktop\tizahab_project1\tizahab-web\.venv\Lib\site-packages\django\db\models\query.py", line 95, in __iter__
    results = compiler.execute_sql(
        chunked_fetch=self.chunked_fetch, chunk_size=self.chunk_size
    )
  File "C:\Users\majd9\OneDrive\Desktop\tizahab_project1\tizahab-web\.venv\Lib\site-packages\django\db\models\sql\compiler.py", line 1624, in execute_sql
    cursor.execute(sql, params)
    ~~~~~~~~~~~~~~^^^^^^^^^^^^^
  File "C:\Users\majd9\OneDrive\Desktop\tizahab_project1\tizahab-web\.venv\Lib\site-packages\django\db\backends\utils.py", line 122, in execute
    return super().execute(sql, params)
           ~~~~~~~~~~~~~~~^^^^^^^^^^^^^
  File "C:\Users\majd9\OneDrive\Desktop\tizahab_project1\tizahab-web\.venv\Lib\site-packages\django\db\backends\utils.py", line 79, in execute
    return self._execute_with_wrappers(
           ~~~~~~~~~~~~~~~~~~~~~~~~~~~^
        sql, params, many=False, executor=self._execute
        ^^^^^^^^^^^^^^^^^^^^^^^^^^^^^^^^^^^^^^^^^^^^^^^
    )
    ^
  File "C:\Users\majd9\OneDrive\Desktop\tizahab_project1\tizahab-web\.venv\Lib\site-packages\django\db\backends\utils.py", line 92, in _execute_with_wrappers
    return executor(sql, params, many, context)
  File "C:\Users\majd9\OneDrive\Desktop\tizahab_project1\tizahab-web\.venv\Lib\site-packages\django\db\backends\utils.py", line 100, in _execute
    with self.db.wrap_database_errors:
         ^^^^^^^^^^^^^^^^^^^^^^^^^^^^
  File "C:\Users\majd9\OneDrive\Desktop\tizahab_project1\tizahab-web\.venv\Lib\site-packages\django\db\utils.py", line 94, in __exit__
    raise dj_exc_value.with_traceback(traceback) from exc_value
  File "C:\Users\majd9\OneDrive\Desktop\tizahab_project1\tizahab-web\.venv\Lib\site-packages\django\db\backends\utils.py", line 105, in _execute
    return self.cursor.execute(sql, params)
           ~~~~~~~~~~~~~~~~~~~^^^^^^^^^^^^^
  File "C:\Users\majd9\OneDrive\Desktop\tizahab_project1\tizahab-web\.venv\Lib\site-packages\django\db\backends\sqlite3\base.py", line 359, in execute
    return super().execute(query, params)
           ~~~~~~~~~~~~~~~^^^^^^^^^^^^^^^
django.db.utils.OperationalError: no such column: accounts_userpreferences.trip_duration
ERROR 2026-04-12 13:52:41 log 24548 16740 Internal Server Error: /api/events/filtered/
Traceback (most recent call last):
  File "C:\Users\majd9\OneDrive\Desktop\tizahab_project1\tizahab-web\.venv\Lib\site-packages\django\db\models\fields\related_descriptors.py", line 502, in __get__
    rel_obj = self.related.get_cached_value(instance)
  File "C:\Users\majd9\OneDrive\Desktop\tizahab_project1\tizahab-web\.venv\Lib\site-packages\django\db\models\fields\mixins.py", line 21, in get_cached_value
    return instance._state.fields_cache[self.cache_name]
           ~~~~~~~~~~~~~~~~~~~~~~~~~~~~^^^^^^^^^^^^^^^^^
KeyError: 'preferences'

During handling of the above exception, another exception occurred:

Traceback (most recent call last):
  File "C:\Users\majd9\OneDrive\Desktop\tizahab_project1\tizahab-web\.venv\Lib\site-packages\django\db\backends\utils.py", line 105, in _execute
    return self.cursor.execute(sql, params)
           ~~~~~~~~~~~~~~~~~~~^^^^^^^^^^^^^
  File "C:\Users\majd9\OneDrive\Desktop\tizahab_project1\tizahab-web\.venv\Lib\site-packages\django\db\backends\sqlite3\base.py", line 359, in execute
    return super().execute(query, params)
           ~~~~~~~~~~~~~~~^^^^^^^^^^^^^^^
sqlite3.OperationalError: no such column: accounts_userpreferences.trip_duration

The above exception was the direct cause of the following exception:

Traceback (most recent call last):
  File "C:\Users\majd9\OneDrive\Desktop\tizahab_project1\tizahab-web\.venv\Lib\site-packages\django\core\handlers\exception.py", line 55, in inner
    response = get_response(request)
  File "C:\Users\majd9\OneDrive\Desktop\tizahab_project1\tizahab-web\.venv\Lib\site-packages\django\core\handlers\base.py", line 198, in _get_response
    response = wrapped_callback(request, *callback_args, **callback_kwargs)
  File "C:\Users\majd9\OneDrive\Desktop\tizahab_project1\tizahab-web\.venv\Lib\site-packages\django\views\decorators\csrf.py", line 65, in _view_wrapper
    return view_func(request, *args, **kwargs)
  File "C:\Users\majd9\OneDrive\Desktop\tizahab_project1\tizahab-web\.venv\Lib\site-packages\django\views\generic\base.py", line 106, in view
    return self.dispatch(request, *args, **kwargs)
           ~~~~~~~~~~~~~^^^^^^^^^^^^^^^^^^^^^^^^^^
  File "C:\Users\majd9\OneDrive\Desktop\tizahab_project1\tizahab-web\.venv\Lib\site-packages\rest_framework\views.py", line 515, in dispatch
    response = self.handle_exception(exc)
  File "C:\Users\majd9\OneDrive\Desktop\tizahab_project1\tizahab-web\.venv\Lib\site-packages\rest_framework\views.py", line 475, in handle_exception
    self.raise_uncaught_exception(exc)
    ~~~~~~~~~~~~~~~~~~~~~~~~~~~~~^^^^^
  File "C:\Users\majd9\OneDrive\Desktop\tizahab_project1\tizahab-web\.venv\Lib\site-packages\rest_framework\views.py", line 486, in raise_uncaught_exception
    raise exc
  File "C:\Users\majd9\OneDrive\Desktop\tizahab_project1\tizahab-web\.venv\Lib\site-packages\rest_framework\views.py", line 512, in dispatch
    response = handler(request, *args, **kwargs)
  File "C:\Users\majd9\OneDrive\Desktop\tizahab_project1\tizahab-web\.venv\Lib\site-packages\rest_framework\generics.py", line 203, in get
    return self.list(request, *args, **kwargs)
           ~~~~~~~~~^^^^^^^^^^^^^^^^^^^^^^^^^^
  File "C:\Users\majd9\OneDrive\Desktop\tizahab_project1\tizahab-web\.venv\Lib\site-packages\rest_framework\mixins.py", line 38, in list
    queryset = self.filter_queryset(self.get_queryset())
                                    ~~~~~~~~~~~~~~~~~^^
  File "C:\Users\majd9\OneDrive\Desktop\tizahab_project1\tizahab-web\events\views.py", line 79, in get_queryset
    prefs = getattr(self.request.user, "preferences", None)
  File "C:\Users\majd9\OneDrive\Desktop\tizahab_project1\tizahab-web\.venv\Lib\site-packages\django\db\models\fields\related_descriptors.py", line 509, in __get__
    rel_obj = self.get_queryset(instance=instance).get(**filter_args)
  File "C:\Users\majd9\OneDrive\Desktop\tizahab_project1\tizahab-web\.venv\Lib\site-packages\django\db\models\query.py", line 635, in get
    num = len(clone)
  File "C:\Users\majd9\OneDrive\Desktop\tizahab_project1\tizahab-web\.venv\Lib\site-packages\django\db\models\query.py", line 372, in __len__
    self._fetch_all()
    ~~~~~~~~~~~~~~~^^
  File "C:\Users\majd9\OneDrive\Desktop\tizahab_project1\tizahab-web\.venv\Lib\site-packages\django\db\models\query.py", line 2000, in _fetch_all
    self._result_cache = list(self._iterable_class(self))
                         ~~~~^^^^^^^^^^^^^^^^^^^^^^^^^^^^
  File "C:\Users\majd9\OneDrive\Desktop\tizahab_project1\tizahab-web\.venv\Lib\site-packages\django\db\models\query.py", line 95, in __iter__
    results = compiler.execute_sql(
        chunked_fetch=self.chunked_fetch, chunk_size=self.chunk_size
    )
  File "C:\Users\majd9\OneDrive\Desktop\tizahab_project1\tizahab-web\.venv\Lib\site-packages\django\db\models\sql\compiler.py", line 1624, in execute_sql
    cursor.execute(sql, params)
    ~~~~~~~~~~~~~~^^^^^^^^^^^^^
  File "C:\Users\majd9\OneDrive\Desktop\tizahab_project1\tizahab-web\.venv\Lib\site-packages\django\db\backends\utils.py", line 122, in execute
    return super().execute(sql, params)
           ~~~~~~~~~~~~~~~^^^^^^^^^^^^^
  File "C:\Users\majd9\OneDrive\Desktop\tizahab_project1\tizahab-web\.venv\Lib\site-packages\django\db\backends\utils.py", line 79, in execute
    return self._execute_with_wrappers(
           ~~~~~~~~~~~~~~~~~~~~~~~~~~~^
        sql, params, many=False, executor=self._execute
        ^^^^^^^^^^^^^^^^^^^^^^^^^^^^^^^^^^^^^^^^^^^^^^^
    )
    ^
  File "C:\Users\majd9\OneDrive\Desktop\tizahab_project1\tizahab-web\.venv\Lib\site-packages\django\db\backends\utils.py", line 92, in _execute_with_wrappers
    return executor(sql, params, many, context)
  File "C:\Users\majd9\OneDrive\Desktop\tizahab_project1\tizahab-web\.venv\Lib\site-packages\django\db\backends\utils.py", line 100, in _execute
    with self.db.wrap_database_errors:
         ^^^^^^^^^^^^^^^^^^^^^^^^^^^^
  File "C:\Users\majd9\OneDrive\Desktop\tizahab_project1\tizahab-web\.venv\Lib\site-packages\django\db\utils.py", line 94, in __exit__
    raise dj_exc_value.with_traceback(traceback) from exc_value
  File "C:\Users\majd9\OneDrive\Desktop\tizahab_project1\tizahab-web\.venv\Lib\site-packages\django\db\backends\utils.py", line 105, in _execute
    return self.cursor.execute(sql, params)
           ~~~~~~~~~~~~~~~~~~~^^^^^^^^^^^^^
  File "C:\Users\majd9\OneDrive\Desktop\tizahab_project1\tizahab-web\.venv\Lib\site-packages\django\db\backends\sqlite3\base.py", line 359, in execute
    return super().execute(query, params)
           ~~~~~~~~~~~~~~~^^^^^^^^^^^^^^^
django.db.utils.OperationalError: no such column: accounts_userpreferences.trip_duration
ERROR 2026-04-12 13:52:41 log 24548 19148 "GET /api/auth/me/ HTTP/1.1" 500 185078
ERROR 2026-04-12 13:52:41 log 24548 16740 "GET /api/events/filtered/ HTTP/1.1" 500 198161
ERROR 2026-04-12 13:55:34 log 23824 3608 Internal Server Error: /
Traceback (most recent call last):
  File "C:\Users\majd9\OneDrive\Desktop\tizahab_project1\tizahab-web\.venv\Lib\site-packages\django\core\handlers\exception.py", line 55, in inner
    response = get_response(request)
  File "C:\Users\majd9\OneDrive\Desktop\tizahab_project1\tizahab-web\.venv\Lib\site-packages\django\core\handlers\base.py", line 221, in _get_response
    response = response.render()
  File "C:\Users\majd9\OneDrive\Desktop\tizahab_project1\tizahab-web\.venv\Lib\site-packages\django\template\response.py", line 114, in render
    self.content = self.rendered_content
                   ^^^^^^^^^^^^^^^^^^^^^
  File "C:\Users\majd9\OneDrive\Desktop\tizahab_project1\tizahab-web\.venv\Lib\site-packages\django\template\response.py", line 90, in rendered_content
    template = self.resolve_template(self.template_name)
  File "C:\Users\majd9\OneDrive\Desktop\tizahab_project1\tizahab-web\.venv\Lib\site-packages\django\template\response.py", line 72, in resolve_template
    return select_template(template, using=self.using)
  File "C:\Users\majd9\OneDrive\Desktop\tizahab_project1\tizahab-web\.venv\Lib\site-packages\django\template\loader.py", line 47, in select_template
    raise TemplateDoesNotExist(", ".join(template_name_list), chain=chain)
django.template.exceptions.TemplateDoesNotExist: index.html
ERROR 2026-04-12 13:55:34 log 23824 3608 "GET / HTTP/1.1" 500 92514
ERROR 2026-04-12 13:58:28 log 20620 18580 Internal Server Error: /api/events/filtered/
Traceback (most recent call last):
  File "C:\Users\majd9\OneDrive\Desktop\tizahab_project1\tizahab-web\.venv\Lib\site-packages\django\db\models\fields\related_descriptors.py", line 502, in __get__
    rel_obj = self.related.get_cached_value(instance)
  File "C:\Users\majd9\OneDrive\Desktop\tizahab_project1\tizahab-web\.venv\Lib\site-packages\django\db\models\fields\mixins.py", line 21, in get_cached_value
    return instance._state.fields_cache[self.cache_name]
           ~~~~~~~~~~~~~~~~~~~~~~~~~~~~^^^^^^^^^^^^^^^^^
KeyError: 'preferences'

During handling of the above exception, another exception occurred:

Traceback (most recent call last):
  File "C:\Users\majd9\OneDrive\Desktop\tizahab_project1\tizahab-web\.venv\Lib\site-packages\django\db\backends\utils.py", line 105, in _execute
    return self.cursor.execute(sql, params)
           ~~~~~~~~~~~~~~~~~~~^^^^^^^^^^^^^
  File "C:\Users\majd9\OneDrive\Desktop\tizahab_project1\tizahab-web\.venv\Lib\site-packages\django\db\backends\sqlite3\base.py", line 359, in execute
    return super().execute(query, params)
           ~~~~~~~~~~~~~~~^^^^^^^^^^^^^^^
sqlite3.OperationalError: no such column: accounts_userpreferences.trip_duration

The above exception was the direct cause of the following exception:

Traceback (most recent call last):
  File "C:\Users\majd9\OneDrive\Desktop\tizahab_project1\tizahab-web\.venv\Lib\site-packages\django\core\handlers\exception.py", line 55, in inner
    response = get_response(request)
  File "C:\Users\majd9\OneDrive\Desktop\tizahab_project1\tizahab-web\.venv\Lib\site-packages\django\core\handlers\base.py", line 198, in _get_response
    response = wrapped_callback(request, *callback_args, **callback_kwargs)
  File "C:\Users\majd9\OneDrive\Desktop\tizahab_project1\tizahab-web\.venv\Lib\site-packages\django\views\decorators\csrf.py", line 65, in _view_wrapper
    return view_func(request, *args, **kwargs)
  File "C:\Users\majd9\OneDrive\Desktop\tizahab_project1\tizahab-web\.venv\Lib\site-packages\django\views\generic\base.py", line 106, in view
    return self.dispatch(request, *args, **kwargs)
           ~~~~~~~~~~~~~^^^^^^^^^^^^^^^^^^^^^^^^^^
  File "C:\Users\majd9\OneDrive\Desktop\tizahab_project1\tizahab-web\.venv\Lib\site-packages\rest_framework\views.py", line 515, in dispatch
    response = self.handle_exception(exc)
  File "C:\Users\majd9\OneDrive\Desktop\tizahab_project1\tizahab-web\.venv\Lib\site-packages\rest_framework\views.py", line 475, in handle_exception
    self.raise_uncaught_exception(exc)
    ~~~~~~~~~~~~~~~~~~~~~~~~~~~~~^^^^^
  File "C:\Users\majd9\OneDrive\Desktop\tizahab_project1\tizahab-web\.venv\Lib\site-packages\rest_framework\views.py", line 486, in raise_uncaught_exception
    raise exc
  File "C:\Users\majd9\OneDrive\Desktop\tizahab_project1\tizahab-web\.venv\Lib\site-packages\rest_framework\views.py", line 512, in dispatch
    response = handler(request, *args, **kwargs)
  File "C:\Users\majd9\OneDrive\Desktop\tizahab_project1\tizahab-web\.venv\Lib\site-packages\rest_framework\generics.py", line 203, in get
    return self.list(request, *args, **kwargs)
           ~~~~~~~~~^^^^^^^^^^^^^^^^^^^^^^^^^^
  File "C:\Users\majd9\OneDrive\Desktop\tizahab_project1\tizahab-web\.venv\Lib\site-packages\rest_framework\mixins.py", line 38, in list
    queryset = self.filter_queryset(self.get_queryset())
                                    ~~~~~~~~~~~~~~~~~^^
  File "C:\Users\majd9\OneDrive\Desktop\tizahab_project1\tizahab-web\events\views.py", line 79, in get_queryset
    prefs = getattr(self.request.user, "preferences", None)
  File "C:\Users\majd9\OneDrive\Desktop\tizahab_project1\tizahab-web\.venv\Lib\site-packages\django\db\models\fields\related_descriptors.py", line 509, in __get__
    rel_obj = self.get_queryset(instance=instance).get(**filter_args)
  File "C:\Users\majd9\OneDrive\Desktop\tizahab_project1\tizahab-web\.venv\Lib\site-packages\django\db\models\query.py", line 635, in get
    num = len(clone)
  File "C:\Users\majd9\OneDrive\Desktop\tizahab_project1\tizahab-web\.venv\Lib\site-packages\django\db\models\query.py", line 372, in __len__
    self._fetch_all()
    ~~~~~~~~~~~~~~~^^
  File "C:\Users\majd9\OneDrive\Desktop\tizahab_project1\tizahab-web\.venv\Lib\site-packages\django\db\models\query.py", line 2000, in _fetch_all
    self._result_cache = list(self._iterable_class(self))
                         ~~~~^^^^^^^^^^^^^^^^^^^^^^^^^^^^
  File "C:\Users\majd9\OneDrive\Desktop\tizahab_project1\tizahab-web\.venv\Lib\site-packages\django\db\models\query.py", line 95, in __iter__
    results = compiler.execute_sql(
        chunked_fetch=self.chunked_fetch, chunk_size=self.chunk_size
    )
  File "C:\Users\majd9\OneDrive\Desktop\tizahab_project1\tizahab-web\.venv\Lib\site-packages\django\db\models\sql\compiler.py", line 1624, in execute_sql
    cursor.execute(sql, params)
    ~~~~~~~~~~~~~~^^^^^^^^^^^^^
  File "C:\Users\majd9\OneDrive\Desktop\tizahab_project1\tizahab-web\.venv\Lib\site-packages\django\db\backends\utils.py", line 122, in execute
    return super().execute(sql, params)
           ~~~~~~~~~~~~~~~^^^^^^^^^^^^^
  File "C:\Users\majd9\OneDrive\Desktop\tizahab_project1\tizahab-web\.venv\Lib\site-packages\django\db\backends\utils.py", line 79, in execute
    return self._execute_with_wrappers(
           ~~~~~~~~~~~~~~~~~~~~~~~~~~~^
        sql, params, many=False, executor=self._execute
        ^^^^^^^^^^^^^^^^^^^^^^^^^^^^^^^^^^^^^^^^^^^^^^^
    )
    ^
  File "C:\Users\majd9\OneDrive\Desktop\tizahab_project1\tizahab-web\.venv\Lib\site-packages\django\db\backends\utils.py", line 92, in _execute_with_wrappers
    return executor(sql, params, many, context)
  File "C:\Users\majd9\OneDrive\Desktop\tizahab_project1\tizahab-web\.venv\Lib\site-packages\django\db\backends\utils.py", line 100, in _execute
    with self.db.wrap_database_errors:
         ^^^^^^^^^^^^^^^^^^^^^^^^^^^^
  File "C:\Users\majd9\OneDrive\Desktop\tizahab_project1\tizahab-web\.venv\Lib\site-packages\django\db\utils.py", line 94, in __exit__
    raise dj_exc_value.with_traceback(traceback) from exc_value
  File "C:\Users\majd9\OneDrive\Desktop\tizahab_project1\tizahab-web\.venv\Lib\site-packages\django\db\backends\utils.py", line 105, in _execute
    return self.cursor.execute(sql, params)
           ~~~~~~~~~~~~~~~~~~~^^^^^^^^^^^^^
  File "C:\Users\majd9\OneDrive\Desktop\tizahab_project1\tizahab-web\.venv\Lib\site-packages\django\db\backends\sqlite3\base.py", line 359, in execute
    return super().execute(query, params)
           ~~~~~~~~~~~~~~~^^^^^^^^^^^^^^^
django.db.utils.OperationalError: no such column: accounts_userpreferences.trip_duration
ERROR 2026-04-12 13:58:28 log 20620 19504 Internal Server Error: /api/auth/me/
Traceback (most recent call last):
  File "C:\Users\majd9\OneDrive\Desktop\tizahab_project1\tizahab-web\.venv\Lib\site-packages\django\db\backends\utils.py", line 105, in _execute
    return self.cursor.execute(sql, params)
           ~~~~~~~~~~~~~~~~~~~^^^^^^^^^^^^^
  File "C:\Users\majd9\OneDrive\Desktop\tizahab_project1\tizahab-web\.venv\Lib\site-packages\django\db\backends\sqlite3\base.py", line 359, in execute
    return super().execute(query, params)
           ~~~~~~~~~~~~~~~^^^^^^^^^^^^^^^
sqlite3.OperationalError: no such column: accounts_userpreferences.trip_duration

The above exception was the direct cause of the following exception:

Traceback (most recent call last):
  File "C:\Users\majd9\OneDrive\Desktop\tizahab_project1\tizahab-web\.venv\Lib\site-packages\django\core\handlers\exception.py", line 55, in inner
    response = get_response(request)
  File "C:\Users\majd9\OneDrive\Desktop\tizahab_project1\tizahab-web\.venv\Lib\site-packages\django\core\handlers\base.py", line 198, in _get_response
    response = wrapped_callback(request, *callback_args, **callback_kwargs)
  File "C:\Users\majd9\OneDrive\Desktop\tizahab_project1\tizahab-web\.venv\Lib\site-packages\django\views\decorators\csrf.py", line 65, in _view_wrapper
    return view_func(request, *args, **kwargs)
  File "C:\Users\majd9\OneDrive\Desktop\tizahab_project1\tizahab-web\.venv\Lib\site-packages\django\views\generic\base.py", line 106, in view
    return self.dispatch(request, *args, **kwargs)
           ~~~~~~~~~~~~~^^^^^^^^^^^^^^^^^^^^^^^^^^
  File "C:\Users\majd9\OneDrive\Desktop\tizahab_project1\tizahab-web\.venv\Lib\site-packages\rest_framework\views.py", line 515, in dispatch
    response = self.handle_exception(exc)
  File "C:\Users\majd9\OneDrive\Desktop\tizahab_project1\tizahab-web\.venv\Lib\site-packages\rest_framework\views.py", line 475, in handle_exception
    self.raise_uncaught_exception(exc)
    ~~~~~~~~~~~~~~~~~~~~~~~~~~~~~^^^^^
  File "C:\Users\majd9\OneDrive\Desktop\tizahab_project1\tizahab-web\.venv\Lib\site-packages\rest_framework\views.py", line 486, in raise_uncaught_exception
    raise exc
  File "C:\Users\majd9\OneDrive\Desktop\tizahab_project1\tizahab-web\.venv\Lib\site-packages\rest_framework\views.py", line 512, in dispatch
    response = handler(request, *args, **kwargs)
  File "C:\Users\majd9\OneDrive\Desktop\tizahab_project1\tizahab-web\accounts\views.py", line 280, in get
    preferences, _ = UserPreferences.objects.get_or_create(user=user)
                     ~~~~~~~~~~~~~~~~~~~~~~~~~~~~~~~~~~~~~^^^^^^^^^^^
  File "C:\Users\majd9\OneDrive\Desktop\tizahab_project1\tizahab-web\.venv\Lib\site-packages\django\db\models\manager.py", line 87, in manager_method
    return getattr(self.get_queryset(), name)(*args, **kwargs)
           ~~~~~~~~~~~~~~~~~~~~~~~~~~~~~~~~~~^^^^^^^^^^^^^^^^^
  File "C:\Users\majd9\OneDrive\Desktop\tizahab_project1\tizahab-web\.venv\Lib\site-packages\django\db\models\query.py", line 987, in get_or_create
    return self.get(**kwargs), False
           ~~~~~~~~^^^^^^^^^^
  File "C:\Users\majd9\OneDrive\Desktop\tizahab_project1\tizahab-web\.venv\Lib\site-packages\django\db\models\query.py", line 635, in get
    num = len(clone)
  File "C:\Users\majd9\OneDrive\Desktop\tizahab_project1\tizahab-web\.venv\Lib\site-packages\django\db\models\query.py", line 372, in __len__
    self._fetch_all()
    ~~~~~~~~~~~~~~~^^
  File "C:\Users\majd9\OneDrive\Desktop\tizahab_project1\tizahab-web\.venv\Lib\site-packages\django\db\models\query.py", line 2000, in _fetch_all
    self._result_cache = list(self._iterable_class(self))
                         ~~~~^^^^^^^^^^^^^^^^^^^^^^^^^^^^
  File "C:\Users\majd9\OneDrive\Desktop\tizahab_project1\tizahab-web\.venv\Lib\site-packages\django\db\models\query.py", line 95, in __iter__
    results = compiler.execute_sql(
        chunked_fetch=self.chunked_fetch, chunk_size=self.chunk_size
    )
  File "C:\Users\majd9\OneDrive\Desktop\tizahab_project1\tizahab-web\.venv\Lib\site-packages\django\db\models\sql\compiler.py", line 1624, in execute_sql
    cursor.execute(sql, params)
    ~~~~~~~~~~~~~~^^^^^^^^^^^^^
  File "C:\Users\majd9\OneDrive\Desktop\tizahab_project1\tizahab-web\.venv\Lib\site-packages\django\db\backends\utils.py", line 122, in execute
    return super().execute(sql, params)
           ~~~~~~~~~~~~~~~^^^^^^^^^^^^^
  File "C:\Users\majd9\OneDrive\Desktop\tizahab_project1\tizahab-web\.venv\Lib\site-packages\django\db\backends\utils.py", line 79, in execute
    return self._execute_with_wrappers(
           ~~~~~~~~~~~~~~~~~~~~~~~~~~~^
        sql, params, many=False, executor=self._execute
        ^^^^^^^^^^^^^^^^^^^^^^^^^^^^^^^^^^^^^^^^^^^^^^^
    )
    ^
  File "C:\Users\majd9\OneDrive\Desktop\tizahab_project1\tizahab-web\.venv\Lib\site-packages\django\db\backends\utils.py", line 92, in _execute_with_wrappers
    return executor(sql, params, many, context)
  File "C:\Users\majd9\OneDrive\Desktop\tizahab_project1\tizahab-web\.venv\Lib\site-packages\django\db\backends\utils.py", line 100, in _execute
    with self.db.wrap_database_errors:
         ^^^^^^^^^^^^^^^^^^^^^^^^^^^^
  File "C:\Users\majd9\OneDrive\Desktop\tizahab_project1\tizahab-web\.venv\Lib\site-packages\django\db\utils.py", line 94, in __exit__
    raise dj_exc_value.with_traceback(traceback) from exc_value
  File "C:\Users\majd9\OneDrive\Desktop\tizahab_project1\tizahab-web\.venv\Lib\site-packages\django\db\backends\utils.py", line 105, in _execute
    return self.cursor.execute(sql, params)
           ~~~~~~~~~~~~~~~~~~~^^^^^^^^^^^^^
  File "C:\Users\majd9\OneDrive\Desktop\tizahab_project1\tizahab-web\.venv\Lib\site-packages\django\db\backends\sqlite3\base.py", line 359, in execute
    return super().execute(query, params)
           ~~~~~~~~~~~~~~~^^^^^^^^^^^^^^^
django.db.utils.OperationalError: no such column: accounts_userpreferences.trip_duration
ERROR 2026-04-12 13:58:28 log 20620 18580 "GET /api/events/filtered/ HTTP/1.1" 500 198160
ERROR 2026-04-12 13:58:28 log 20620 19504 "GET /api/auth/me/ HTTP/1.1" 500 185077
ERROR 2026-04-12 13:58:36 log 20620 19504 Internal Server Error: /api/auth/me/
Traceback (most recent call last):
  File "C:\Users\majd9\OneDrive\Desktop\tizahab_project1\tizahab-web\.venv\Lib\site-packages\django\db\backends\utils.py", line 105, in _execute
    return self.cursor.execute(sql, params)
           ~~~~~~~~~~~~~~~~~~~^^^^^^^^^^^^^
  File "C:\Users\majd9\OneDrive\Desktop\tizahab_project1\tizahab-web\.venv\Lib\site-packages\django\db\backends\sqlite3\base.py", line 359, in execute
    return super().execute(query, params)
           ~~~~~~~~~~~~~~~^^^^^^^^^^^^^^^
sqlite3.OperationalError: no such column: accounts_userpreferences.trip_duration

The above exception was the direct cause of the following exception:

Traceback (most recent call last):
  File "C:\Users\majd9\OneDrive\Desktop\tizahab_project1\tizahab-web\.venv\Lib\site-packages\django\core\handlers\exception.py", line 55, in inner
    response = get_response(request)
  File "C:\Users\majd9\OneDrive\Desktop\tizahab_project1\tizahab-web\.venv\Lib\site-packages\django\core\handlers\base.py", line 198, in _get_response
    response = wrapped_callback(request, *callback_args, **callback_kwargs)
  File "C:\Users\majd9\OneDrive\Desktop\tizahab_project1\tizahab-web\.venv\Lib\site-packages\django\views\decorators\csrf.py", line 65, in _view_wrapper
    return view_func(request, *args, **kwargs)
  File "C:\Users\majd9\OneDrive\Desktop\tizahab_project1\tizahab-web\.venv\Lib\site-packages\django\views\generic\base.py", line 106, in view
    return self.dispatch(request, *args, **kwargs)
           ~~~~~~~~~~~~~^^^^^^^^^^^^^^^^^^^^^^^^^^
  File "C:\Users\majd9\OneDrive\Desktop\tizahab_project1\tizahab-web\.venv\Lib\site-packages\rest_framework\views.py", line 515, in dispatch
    response = self.handle_exception(exc)
  File "C:\Users\majd9\OneDrive\Desktop\tizahab_project1\tizahab-web\.venv\Lib\site-packages\rest_framework\views.py", line 475, in handle_exception
    self.raise_uncaught_exception(exc)
    ~~~~~~~~~~~~~~~~~~~~~~~~~~~~~^^^^^
  File "C:\Users\majd9\OneDrive\Desktop\tizahab_project1\tizahab-web\.venv\Lib\site-packages\rest_framework\views.py", line 486, in raise_uncaught_exception
    raise exc
  File "C:\Users\majd9\OneDrive\Desktop\tizahab_project1\tizahab-web\.venv\Lib\site-packages\rest_framework\views.py", line 512, in dispatch
    response = handler(request, *args, **kwargs)
  File "C:\Users\majd9\OneDrive\Desktop\tizahab_project1\tizahab-web\accounts\views.py", line 280, in get
    preferences, _ = UserPreferences.objects.get_or_create(user=user)
                     ~~~~~~~~~~~~~~~~~~~~~~~~~~~~~~~~~~~~~^^^^^^^^^^^
  File "C:\Users\majd9\OneDrive\Desktop\tizahab_project1\tizahab-web\.venv\Lib\site-packages\django\db\models\manager.py", line 87, in manager_method
    return getattr(self.get_queryset(), name)(*args, **kwargs)
           ~~~~~~~~~~~~~~~~~~~~~~~~~~~~~~~~~~^^^^^^^^^^^^^^^^^
  File "C:\Users\majd9\OneDrive\Desktop\tizahab_project1\tizahab-web\.venv\Lib\site-packages\django\db\models\query.py", line 987, in get_or_create
    return self.get(**kwargs), False
           ~~~~~~~~^^^^^^^^^^
  File "C:\Users\majd9\OneDrive\Desktop\tizahab_project1\tizahab-web\.venv\Lib\site-packages\django\db\models\query.py", line 635, in get
    num = len(clone)
  File "C:\Users\majd9\OneDrive\Desktop\tizahab_project1\tizahab-web\.venv\Lib\site-packages\django\db\models\query.py", line 372, in __len__
    self._fetch_all()
    ~~~~~~~~~~~~~~~^^
  File "C:\Users\majd9\OneDrive\Desktop\tizahab_project1\tizahab-web\.venv\Lib\site-packages\django\db\models\query.py", line 2000, in _fetch_all
    self._result_cache = list(self._iterable_class(self))
                         ~~~~^^^^^^^^^^^^^^^^^^^^^^^^^^^^
  File "C:\Users\majd9\OneDrive\Desktop\tizahab_project1\tizahab-web\.venv\Lib\site-packages\django\db\models\query.py", line 95, in __iter__
    results = compiler.execute_sql(
        chunked_fetch=self.chunked_fetch, chunk_size=self.chunk_size
    )
  File "C:\Users\majd9\OneDrive\Desktop\tizahab_project1\tizahab-web\.venv\Lib\site-packages\django\db\models\sql\compiler.py", line 1624, in execute_sql
    cursor.execute(sql, params)
    ~~~~~~~~~~~~~~^^^^^^^^^^^^^
  File "C:\Users\majd9\OneDrive\Desktop\tizahab_project1\tizahab-web\.venv\Lib\site-packages\django\db\backends\utils.py", line 122, in execute
    return super().execute(sql, params)
           ~~~~~~~~~~~~~~~^^^^^^^^^^^^^
  File "C:\Users\majd9\OneDrive\Desktop\tizahab_project1\tizahab-web\.venv\Lib\site-packages\django\db\backends\utils.py", line 79, in execute
    return self._execute_with_wrappers(
           ~~~~~~~~~~~~~~~~~~~~~~~~~~~^
        sql, params, many=False, executor=self._execute
        ^^^^^^^^^^^^^^^^^^^^^^^^^^^^^^^^^^^^^^^^^^^^^^^
    )
    ^
  File "C:\Users\majd9\OneDrive\Desktop\tizahab_project1\tizahab-web\.venv\Lib\site-packages\django\db\backends\utils.py", line 92, in _execute_with_wrappers
    return executor(sql, params, many, context)
  File "C:\Users\majd9\OneDrive\Desktop\tizahab_project1\tizahab-web\.venv\Lib\site-packages\django\db\backends\utils.py", line 100, in _execute
    with self.db.wrap_database_errors:
         ^^^^^^^^^^^^^^^^^^^^^^^^^^^^
  File "C:\Users\majd9\OneDrive\Desktop\tizahab_project1\tizahab-web\.venv\Lib\site-packages\django\db\utils.py", line 94, in __exit__
    raise dj_exc_value.with_traceback(traceback) from exc_value
  File "C:\Users\majd9\OneDrive\Desktop\tizahab_project1\tizahab-web\.venv\Lib\site-packages\django\db\backends\utils.py", line 105, in _execute
    return self.cursor.execute(sql, params)
           ~~~~~~~~~~~~~~~~~~~^^^^^^^^^^^^^
  File "C:\Users\majd9\OneDrive\Desktop\tizahab_project1\tizahab-web\.venv\Lib\site-packages\django\db\backends\sqlite3\base.py", line 359, in execute
    return super().execute(query, params)
           ~~~~~~~~~~~~~~~^^^^^^^^^^^^^^^
django.db.utils.OperationalError: no such column: accounts_userpreferences.trip_duration
ERROR 2026-04-12 13:58:36 log 20620 18580 Internal Server Error: /api/auth/preferences/
Traceback (most recent call last):
  File "C:\Users\majd9\OneDrive\Desktop\tizahab_project1\tizahab-web\.venv\Lib\site-packages\django\db\backends\utils.py", line 105, in _execute
    return self.cursor.execute(sql, params)
           ~~~~~~~~~~~~~~~~~~~^^^^^^^^^^^^^
  File "C:\Users\majd9\OneDrive\Desktop\tizahab_project1\tizahab-web\.venv\Lib\site-packages\django\db\backends\sqlite3\base.py", line 359, in execute
    return super().execute(query, params)
           ~~~~~~~~~~~~~~~^^^^^^^^^^^^^^^
sqlite3.OperationalError: no such column: accounts_userpreferences.trip_duration

The above exception was the direct cause of the following exception:

Traceback (most recent call last):
  File "C:\Users\majd9\OneDrive\Desktop\tizahab_project1\tizahab-web\.venv\Lib\site-packages\django\core\handlers\exception.py", line 55, in inner
    response = get_response(request)
  File "C:\Users\majd9\OneDrive\Desktop\tizahab_project1\tizahab-web\.venv\Lib\site-packages\django\core\handlers\base.py", line 198, in _get_response
    response = wrapped_callback(request, *callback_args, **callback_kwargs)
  File "C:\Users\majd9\OneDrive\Desktop\tizahab_project1\tizahab-web\.venv\Lib\site-packages\django\views\decorators\csrf.py", line 65, in _view_wrapper
    return view_func(request, *args, **kwargs)
  File "C:\Users\majd9\OneDrive\Desktop\tizahab_project1\tizahab-web\.venv\Lib\site-packages\django\views\generic\base.py", line 106, in view
    return self.dispatch(request, *args, **kwargs)
           ~~~~~~~~~~~~~^^^^^^^^^^^^^^^^^^^^^^^^^^
  File "C:\Users\majd9\OneDrive\Desktop\tizahab_project1\tizahab-web\.venv\Lib\site-packages\rest_framework\views.py", line 515, in dispatch
    response = self.handle_exception(exc)
  File "C:\Users\majd9\OneDrive\Desktop\tizahab_project1\tizahab-web\.venv\Lib\site-packages\rest_framework\views.py", line 475, in handle_exception
    self.raise_uncaught_exception(exc)
    ~~~~~~~~~~~~~~~~~~~~~~~~~~~~~^^^^^
  File "C:\Users\majd9\OneDrive\Desktop\tizahab_project1\tizahab-web\.venv\Lib\site-packages\rest_framework\views.py", line 486, in raise_uncaught_exception
    raise exc
  File "C:\Users\majd9\OneDrive\Desktop\tizahab_project1\tizahab-web\.venv\Lib\site-packages\rest_framework\views.py", line 512, in dispatch
    response = handler(request, *args, **kwargs)
  File "C:\Users\majd9\OneDrive\Desktop\tizahab_project1\tizahab-web\accounts\views.py", line 253, in get
    preferences, _ = UserPreferences.objects.get_or_create(user=request.user)
                     ~~~~~~~~~~~~~~~~~~~~~~~~~~~~~~~~~~~~~^^^^^^^^^^^^^^^^^^^
  File "C:\Users\majd9\OneDrive\Desktop\tizahab_project1\tizahab-web\.venv\Lib\site-packages\django\db\models\manager.py", line 87, in manager_method
    return getattr(self.get_queryset(), name)(*args, **kwargs)
           ~~~~~~~~~~~~~~~~~~~~~~~~~~~~~~~~~~^^^^^^^^^^^^^^^^^
  File "C:\Users\majd9\OneDrive\Desktop\tizahab_project1\tizahab-web\.venv\Lib\site-packages\django\db\models\query.py", line 987, in get_or_create
    return self.get(**kwargs), False
           ~~~~~~~~^^^^^^^^^^
  File "C:\Users\majd9\OneDrive\Desktop\tizahab_project1\tizahab-web\.venv\Lib\site-packages\django\db\models\query.py", line 635, in get
    num = len(clone)
  File "C:\Users\majd9\OneDrive\Desktop\tizahab_project1\tizahab-web\.venv\Lib\site-packages\django\db\models\query.py", line 372, in __len__
    self._fetch_all()
    ~~~~~~~~~~~~~~~^^
  File "C:\Users\majd9\OneDrive\Desktop\tizahab_project1\tizahab-web\.venv\Lib\site-packages\django\db\models\query.py", line 2000, in _fetch_all
    self._result_cache = list(self._iterable_class(self))
                         ~~~~^^^^^^^^^^^^^^^^^^^^^^^^^^^^
  File "C:\Users\majd9\OneDrive\Desktop\tizahab_project1\tizahab-web\.venv\Lib\site-packages\django\db\models\query.py", line 95, in __iter__
    results = compiler.execute_sql(
        chunked_fetch=self.chunked_fetch, chunk_size=self.chunk_size
    )
  File "C:\Users\majd9\OneDrive\Desktop\tizahab_project1\tizahab-web\.venv\Lib\site-packages\django\db\models\sql\compiler.py", line 1624, in execute_sql
    cursor.execute(sql, params)
    ~~~~~~~~~~~~~~^^^^^^^^^^^^^
  File "C:\Users\majd9\OneDrive\Desktop\tizahab_project1\tizahab-web\.venv\Lib\site-packages\django\db\backends\utils.py", line 122, in execute
    return super().execute(sql, params)
           ~~~~~~~~~~~~~~~^^^^^^^^^^^^^
  File "C:\Users\majd9\OneDrive\Desktop\tizahab_project1\tizahab-web\.venv\Lib\site-packages\django\db\backends\utils.py", line 79, in execute
    return self._execute_with_wrappers(
           ~~~~~~~~~~~~~~~~~~~~~~~~~~~^
        sql, params, many=False, executor=self._execute
        ^^^^^^^^^^^^^^^^^^^^^^^^^^^^^^^^^^^^^^^^^^^^^^^
    )
    ^
  File "C:\Users\majd9\OneDrive\Desktop\tizahab_project1\tizahab-web\.venv\Lib\site-packages\django\db\backends\utils.py", line 92, in _execute_with_wrappers
    return executor(sql, params, many, context)
  File "C:\Users\majd9\OneDrive\Desktop\tizahab_project1\tizahab-web\.venv\Lib\site-packages\django\db\backends\utils.py", line 100, in _execute
    with self.db.wrap_database_errors:
         ^^^^^^^^^^^^^^^^^^^^^^^^^^^^
  File "C:\Users\majd9\OneDrive\Desktop\tizahab_project1\tizahab-web\.venv\Lib\site-packages\django\db\utils.py", line 94, in __exit__
    raise dj_exc_value.with_traceback(traceback) from exc_value
  File "C:\Users\majd9\OneDrive\Desktop\tizahab_project1\tizahab-web\.venv\Lib\site-packages\django\db\backends\utils.py", line 105, in _execute
    return self.cursor.execute(sql, params)
           ~~~~~~~~~~~~~~~~~~~^^^^^^^^^^^^^
  File "C:\Users\majd9\OneDrive\Desktop\tizahab_project1\tizahab-web\.venv\Lib\site-packages\django\db\backends\sqlite3\base.py", line 359, in execute
    return super().execute(query, params)
           ~~~~~~~~~~~~~~~^^^^^^^^^^^^^^^
django.db.utils.OperationalError: no such column: accounts_userpreferences.trip_duration
ERROR 2026-04-12 13:58:36 log 20620 19504 "GET /api/auth/me/ HTTP/1.1" 500 185080
ERROR 2026-04-12 13:58:36 log 20620 18580 "GET /api/auth/preferences/ HTTP/1.1" 500 185097
ERROR 2026-04-12 13:58:36 log 20620 12908 Internal Server Error: /api/auth/me/
Traceback (most recent call last):
  File "C:\Users\majd9\OneDrive\Desktop\tizahab_project1\tizahab-web\.venv\Lib\site-packages\django\db\backends\utils.py", line 105, in _execute
    return self.cursor.execute(sql, params)
           ~~~~~~~~~~~~~~~~~~~^^^^^^^^^^^^^
  File "C:\Users\majd9\OneDrive\Desktop\tizahab_project1\tizahab-web\.venv\Lib\site-packages\django\db\backends\sqlite3\base.py", line 359, in execute
    return super().execute(query, params)
           ~~~~~~~~~~~~~~~^^^^^^^^^^^^^^^
sqlite3.OperationalError: no such column: accounts_userpreferences.trip_duration

The above exception was the direct cause of the following exception:

Traceback (most recent call last):
  File "C:\Users\majd9\OneDrive\Desktop\tizahab_project1\tizahab-web\.venv\Lib\site-packages\django\core\handlers\exception.py", line 55, in inner
    response = get_response(request)
  File "C:\Users\majd9\OneDrive\Desktop\tizahab_project1\tizahab-web\.venv\Lib\site-packages\django\core\handlers\base.py", line 198, in _get_response
    response = wrapped_callback(request, *callback_args, **callback_kwargs)
  File "C:\Users\majd9\OneDrive\Desktop\tizahab_project1\tizahab-web\.venv\Lib\site-packages\django\views\decorators\csrf.py", line 65, in _view_wrapper
    return view_func(request, *args, **kwargs)
  File "C:\Users\majd9\OneDrive\Desktop\tizahab_project1\tizahab-web\.venv\Lib\site-packages\django\views\generic\base.py", line 106, in view
    return self.dispatch(request, *args, **kwargs)
           ~~~~~~~~~~~~~^^^^^^^^^^^^^^^^^^^^^^^^^^
  File "C:\Users\majd9\OneDrive\Desktop\tizahab_project1\tizahab-web\.venv\Lib\site-packages\rest_framework\views.py", line 515, in dispatch
    response = self.handle_exception(exc)
  File "C:\Users\majd9\OneDrive\Desktop\tizahab_project1\tizahab-web\.venv\Lib\site-packages\rest_framework\views.py", line 475, in handle_exception
    self.raise_uncaught_exception(exc)
    ~~~~~~~~~~~~~~~~~~~~~~~~~~~~~^^^^^
  File "C:\Users\majd9\OneDrive\Desktop\tizahab_project1\tizahab-web\.venv\Lib\site-packages\rest_framework\views.py", line 486, in raise_uncaught_exception
    raise exc
  File "C:\Users\majd9\OneDrive\Desktop\tizahab_project1\tizahab-web\.venv\Lib\site-packages\rest_framework\views.py", line 512, in dispatch
    response = handler(request, *args, **kwargs)
  File "C:\Users\majd9\OneDrive\Desktop\tizahab_project1\tizahab-web\accounts\views.py", line 280, in get
    preferences, _ = UserPreferences.objects.get_or_create(user=user)
                     ~~~~~~~~~~~~~~~~~~~~~~~~~~~~~~~~~~~~~^^^^^^^^^^^
  File "C:\Users\majd9\OneDrive\Desktop\tizahab_project1\tizahab-web\.venv\Lib\site-packages\django\db\models\manager.py", line 87, in manager_method
    return getattr(self.get_queryset(), name)(*args, **kwargs)
           ~~~~~~~~~~~~~~~~~~~~~~~~~~~~~~~~~~^^^^^^^^^^^^^^^^^
  File "C:\Users\majd9\OneDrive\Desktop\tizahab_project1\tizahab-web\.venv\Lib\site-packages\django\db\models\query.py", line 987, in get_or_create
    return self.get(**kwargs), False
           ~~~~~~~~^^^^^^^^^^
  File "C:\Users\majd9\OneDrive\Desktop\tizahab_project1\tizahab-web\.venv\Lib\site-packages\django\db\models\query.py", line 635, in get
    num = len(clone)
  File "C:\Users\majd9\OneDrive\Desktop\tizahab_project1\tizahab-web\.venv\Lib\site-packages\django\db\models\query.py", line 372, in __len__
    self._fetch_all()
    ~~~~~~~~~~~~~~~^^
  File "C:\Users\majd9\OneDrive\Desktop\tizahab_project1\tizahab-web\.venv\Lib\site-packages\django\db\models\query.py", line 2000, in _fetch_all
    self._result_cache = list(self._iterable_class(self))
                         ~~~~^^^^^^^^^^^^^^^^^^^^^^^^^^^^
  File "C:\Users\majd9\OneDrive\Desktop\tizahab_project1\tizahab-web\.venv\Lib\site-packages\django\db\models\query.py", line 95, in __iter__
    results = compiler.execute_sql(
        chunked_fetch=self.chunked_fetch, chunk_size=self.chunk_size
    )
  File "C:\Users\majd9\OneDrive\Desktop\tizahab_project1\tizahab-web\.venv\Lib\site-packages\django\db\models\sql\compiler.py", line 1624, in execute_sql
    cursor.execute(sql, params)
    ~~~~~~~~~~~~~~^^^^^^^^^^^^^
  File "C:\Users\majd9\OneDrive\Desktop\tizahab_project1\tizahab-web\.venv\Lib\site-packages\django\db\backends\utils.py", line 122, in execute
    return super().execute(sql, params)
           ~~~~~~~~~~~~~~~^^^^^^^^^^^^^
  File "C:\Users\majd9\OneDrive\Desktop\tizahab_project1\tizahab-web\.venv\Lib\site-packages\django\db\backends\utils.py", line 79, in execute
    return self._execute_with_wrappers(
           ~~~~~~~~~~~~~~~~~~~~~~~~~~~^
        sql, params, many=False, executor=self._execute
        ^^^^^^^^^^^^^^^^^^^^^^^^^^^^^^^^^^^^^^^^^^^^^^^
    )
    ^
  File "C:\Users\majd9\OneDrive\Desktop\tizahab_project1\tizahab-web\.venv\Lib\site-packages\django\db\backends\utils.py", line 92, in _execute_with_wrappers
    return executor(sql, params, many, context)
  File "C:\Users\majd9\OneDrive\Desktop\tizahab_project1\tizahab-web\.venv\Lib\site-packages\django\db\backends\utils.py", line 100, in _execute
    with self.db.wrap_database_errors:
         ^^^^^^^^^^^^^^^^^^^^^^^^^^^^
  File "C:\Users\majd9\OneDrive\Desktop\tizahab_project1\tizahab-web\.venv\Lib\site-packages\django\db\utils.py", line 94, in __exit__
    raise dj_exc_value.with_traceback(traceback) from exc_value
  File "C:\Users\majd9\OneDrive\Desktop\tizahab_project1\tizahab-web\.venv\Lib\site-packages\django\db\backends\utils.py", line 105, in _execute
    return self.cursor.execute(sql, params)
           ~~~~~~~~~~~~~~~~~~~^^^^^^^^^^^^^
  File "C:\Users\majd9\OneDrive\Desktop\tizahab_project1\tizahab-web\.venv\Lib\site-packages\django\db\backends\sqlite3\base.py", line 359, in execute
    return super().execute(query, params)
           ~~~~~~~~~~~~~~~^^^^^^^^^^^^^^^
django.db.utils.OperationalError: no such column: accounts_userpreferences.trip_duration
ERROR 2026-04-12 13:58:36 log 20620 12908 "GET /api/auth/me/ HTTP/1.1" 500 185074
ERROR 2026-04-12 15:34:29 views 7548 23256 Error saving multi-day plan for user 1: forced failure
Traceback (most recent call last):
  File "C:\Users\majd9\OneDrive\Desktop\tizahab_project1\tizahab-web\daily_plan\views.py", line 231, in post
    daily_plan = DailyPlan.objects.create(user=user, date=day_date)
  File "C:\Users\majd9\AppData\Local\Programs\Python\Python314\Lib\unittest\mock.py", line 1175, in __call__
    return self._mock_call(*args, **kwargs)
           ~~~~~~~~~~~~~~~^^^^^^^^^^^^^^^^^
  File "C:\Users\majd9\AppData\Local\Programs\Python\Python314\Lib\unittest\mock.py", line 1179, in _mock_call
    return self._execute_mock_call(*args, **kwargs)
           ~~~~~~~~~~~~~~~~~~~~~~~^^^^^^^^^^^^^^^^^
  File "C:\Users\majd9\AppData\Local\Programs\Python\Python314\Lib\unittest\mock.py", line 1240, in _execute_mock_call
    result = effect(*args, **kwargs)
  File "C:\Users\majd9\OneDrive\Desktop\tizahab_project1\tizahab-web\daily_plan\tests.py", line 569, in flaky_create
    raise RuntimeError("forced failure")
RuntimeError: forced failure
ERROR 2026-04-12 15:34:29 log 7548 23256 Internal Server Error: /api/daily-plan/generate-multiday/
ERROR 2026-04-12 15:36:41 log 21636 13404 Invalid HTTP_HOST header: 'testserver'. You may need to add 'testserver' to ALLOWED_HOSTS.
Traceback (most recent call last):
  File "C:\Users\majd9\OneDrive\Desktop\tizahab_project1\tizahab-web\.venv\Lib\site-packages\django\core\handlers\exception.py", line 55, in inner
    response = get_response(request)
  File "C:\Users\majd9\OneDrive\Desktop\tizahab_project1\tizahab-web\.venv\Lib\site-packages\django\utils\deprecation.py", line 308, in __call__
    response = self.process_request(request)
  File "C:\Users\majd9\OneDrive\Desktop\tizahab_project1\tizahab-web\.venv\Lib\site-packages\django\middleware\common.py", line 48, in process_request
    host = request.get_host()
  File "C:\Users\majd9\OneDrive\Desktop\tizahab_project1\tizahab-web\.venv\Lib\site-packages\django\http\request.py", line 205, in get_host
    raise DisallowedHost(msg)
django.core.exceptions.DisallowedHost: Invalid HTTP_HOST header: 'testserver'. You may need to add 'testserver' to ALLOWED_HOSTS.
ERROR 2026-04-12 16:00:11 log 5828 15284 Internal Server Error: /api/auth/me/
Traceback (most recent call last):
  File "C:\Users\majd9\OneDrive\Desktop\tizahab_project1\tizahab-web\.venv\Lib\site-packages\django\db\backends\utils.py", line 105, in _execute
    return self.cursor.execute(sql, params)
           ~~~~~~~~~~~~~~~~~~~^^^^^^^^^^^^^
  File "C:\Users\majd9\OneDrive\Desktop\tizahab_project1\tizahab-web\.venv\Lib\site-packages\django\db\backends\sqlite3\base.py", line 359, in execute
    return super().execute(query, params)
           ~~~~~~~~~~~~~~~^^^^^^^^^^^^^^^
sqlite3.OperationalError: no such column: accounts_userpreferences.trip_duration

The above exception was the direct cause of the following exception:

Traceback (most recent call last):
  File "C:\Users\majd9\OneDrive\Desktop\tizahab_project1\tizahab-web\.venv\Lib\site-packages\django\core\handlers\exception.py", line 55, in inner
    response = get_response(request)
  File "C:\Users\majd9\OneDrive\Desktop\tizahab_project1\tizahab-web\.venv\Lib\site-packages\django\core\handlers\base.py", line 198, in _get_response
    response = wrapped_callback(request, *callback_args, **callback_kwargs)
  File "C:\Users\majd9\OneDrive\Desktop\tizahab_project1\tizahab-web\.venv\Lib\site-packages\django\views\decorators\csrf.py", line 65, in _view_wrapper
    return view_func(request, *args, **kwargs)
  File "C:\Users\majd9\OneDrive\Desktop\tizahab_project1\tizahab-web\.venv\Lib\site-packages\django\views\generic\base.py", line 106, in view
    return self.dispatch(request, *args, **kwargs)
           ~~~~~~~~~~~~~^^^^^^^^^^^^^^^^^^^^^^^^^^
  File "C:\Users\majd9\OneDrive\Desktop\tizahab_project1\tizahab-web\.venv\Lib\site-packages\rest_framework\views.py", line 515, in dispatch
    response = self.handle_exception(exc)
  File "C:\Users\majd9\OneDrive\Desktop\tizahab_project1\tizahab-web\.venv\Lib\site-packages\rest_framework\views.py", line 475, in handle_exception
    self.raise_uncaught_exception(exc)
    ~~~~~~~~~~~~~~~~~~~~~~~~~~~~~^^^^^
  File "C:\Users\majd9\OneDrive\Desktop\tizahab_project1\tizahab-web\.venv\Lib\site-packages\rest_framework\views.py", line 486, in raise_uncaught_exception
    raise exc
  File "C:\Users\majd9\OneDrive\Desktop\tizahab_project1\tizahab-web\.venv\Lib\site-packages\rest_framework\views.py", line 512, in dispatch
    response = handler(request, *args, **kwargs)
  File "C:\Users\majd9\OneDrive\Desktop\tizahab_project1\tizahab-web\accounts\views.py", line 280, in get
    preferences, _ = UserPreferences.objects.get_or_create(user=user)
                     ~~~~~~~~~~~~~~~~~~~~~~~~~~~~~~~~~~~~~^^^^^^^^^^^
  File "C:\Users\majd9\OneDrive\Desktop\tizahab_project1\tizahab-web\.venv\Lib\site-packages\django\db\models\manager.py", line 87, in manager_method
    return getattr(self.get_queryset(), name)(*args, **kwargs)
           ~~~~~~~~~~~~~~~~~~~~~~~~~~~~~~~~~~^^^^^^^^^^^^^^^^^
  File "C:\Users\majd9\OneDrive\Desktop\tizahab_project1\tizahab-web\.venv\Lib\site-packages\django\db\models\query.py", line 987, in get_or_create
    return self.get(**kwargs), False
           ~~~~~~~~^^^^^^^^^^
  File "C:\Users\majd9\OneDrive\Desktop\tizahab_project1\tizahab-web\.venv\Lib\site-packages\django\db\models\query.py", line 635, in get
    num = len(clone)
  File "C:\Users\majd9\OneDrive\Desktop\tizahab_project1\tizahab-web\.venv\Lib\site-packages\django\db\models\query.py", line 372, in __len__
    self._fetch_all()
    ~~~~~~~~~~~~~~~^^
  File "C:\Users\majd9\OneDrive\Desktop\tizahab_project1\tizahab-web\.venv\Lib\site-packages\django\db\models\query.py", line 2000, in _fetch_all
    self._result_cache = list(self._iterable_class(self))
                         ~~~~^^^^^^^^^^^^^^^^^^^^^^^^^^^^
  File "C:\Users\majd9\OneDrive\Desktop\tizahab_project1\tizahab-web\.venv\Lib\site-packages\django\db\models\query.py", line 95, in __iter__
    results = compiler.execute_sql(
        chunked_fetch=self.chunked_fetch, chunk_size=self.chunk_size
    )
  File "C:\Users\majd9\OneDrive\Desktop\tizahab_project1\tizahab-web\.venv\Lib\site-packages\django\db\models\sql\compiler.py", line 1624, in execute_sql
    cursor.execute(sql, params)
    ~~~~~~~~~~~~~~^^^^^^^^^^^^^
  File "C:\Users\majd9\OneDrive\Desktop\tizahab_project1\tizahab-web\.venv\Lib\site-packages\django\db\backends\utils.py", line 122, in execute
    return super().execute(sql, params)
           ~~~~~~~~~~~~~~~^^^^^^^^^^^^^
  File "C:\Users\majd9\OneDrive\Desktop\tizahab_project1\tizahab-web\.venv\Lib\site-packages\django\db\backends\utils.py", line 79, in execute
    return self._execute_with_wrappers(
           ~~~~~~~~~~~~~~~~~~~~~~~~~~~^
        sql, params, many=False, executor=self._execute
        ^^^^^^^^^^^^^^^^^^^^^^^^^^^^^^^^^^^^^^^^^^^^^^^
    )
    ^
  File "C:\Users\majd9\OneDrive\Desktop\tizahab_project1\tizahab-web\.venv\Lib\site-packages\django\db\backends\utils.py", line 92, in _execute_with_wrappers
    return executor(sql, params, many, context)
  File "C:\Users\majd9\OneDrive\Desktop\tizahab_project1\tizahab-web\.venv\Lib\site-packages\django\db\backends\utils.py", line 100, in _execute
    with self.db.wrap_database_errors:
         ^^^^^^^^^^^^^^^^^^^^^^^^^^^^
  File "C:\Users\majd9\OneDrive\Desktop\tizahab_project1\tizahab-web\.venv\Lib\site-packages\django\db\utils.py", line 94, in __exit__
    raise dj_exc_value.with_traceback(traceback) from exc_value
  File "C:\Users\majd9\OneDrive\Desktop\tizahab_project1\tizahab-web\.venv\Lib\site-packages\django\db\backends\utils.py", line 105, in _execute
    return self.cursor.execute(sql, params)
           ~~~~~~~~~~~~~~~~~~~^^^^^^^^^^^^^
  File "C:\Users\majd9\OneDrive\Desktop\tizahab_project1\tizahab-web\.venv\Lib\site-packages\django\db\backends\sqlite3\base.py", line 359, in execute
    return super().execute(query, params)
           ~~~~~~~~~~~~~~~^^^^^^^^^^^^^^^
django.db.utils.OperationalError: no such column: accounts_userpreferences.trip_duration
ERROR 2026-04-12 16:00:11 log 5828 14564 Internal Server Error: /api/events/filtered/
Traceback (most recent call last):
  File "C:\Users\majd9\OneDrive\Desktop\tizahab_project1\tizahab-web\.venv\Lib\site-packages\django\db\models\fields\related_descriptors.py", line 502, in __get__
    rel_obj = self.related.get_cached_value(instance)
  File "C:\Users\majd9\OneDrive\Desktop\tizahab_project1\tizahab-web\.venv\Lib\site-packages\django\db\models\fields\mixins.py", line 21, in get_cached_value
    return instance._state.fields_cache[self.cache_name]
           ~~~~~~~~~~~~~~~~~~~~~~~~~~~~^^^^^^^^^^^^^^^^^
KeyError: 'preferences'

During handling of the above exception, another exception occurred:

Traceback (most recent call last):
  File "C:\Users\majd9\OneDrive\Desktop\tizahab_project1\tizahab-web\.venv\Lib\site-packages\django\db\backends\utils.py", line 105, in _execute
    return self.cursor.execute(sql, params)
           ~~~~~~~~~~~~~~~~~~~^^^^^^^^^^^^^
  File "C:\Users\majd9\OneDrive\Desktop\tizahab_project1\tizahab-web\.venv\Lib\site-packages\django\db\backends\sqlite3\base.py", line 359, in execute
    return super().execute(query, params)
           ~~~~~~~~~~~~~~~^^^^^^^^^^^^^^^
sqlite3.OperationalError: no such column: accounts_userpreferences.trip_duration

The above exception was the direct cause of the following exception:

Traceback (most recent call last):
  File "C:\Users\majd9\OneDrive\Desktop\tizahab_project1\tizahab-web\.venv\Lib\site-packages\django\core\handlers\exception.py", line 55, in inner
    response = get_response(request)
  File "C:\Users\majd9\OneDrive\Desktop\tizahab_project1\tizahab-web\.venv\Lib\site-packages\django\core\handlers\base.py", line 198, in _get_response
    response = wrapped_callback(request, *callback_args, **callback_kwargs)
  File "C:\Users\majd9\OneDrive\Desktop\tizahab_project1\tizahab-web\.venv\Lib\site-packages\django\views\decorators\csrf.py", line 65, in _view_wrapper
    return view_func(request, *args, **kwargs)
  File "C:\Users\majd9\OneDrive\Desktop\tizahab_project1\tizahab-web\.venv\Lib\site-packages\django\views\generic\base.py", line 106, in view
    return self.dispatch(request, *args, **kwargs)
           ~~~~~~~~~~~~~^^^^^^^^^^^^^^^^^^^^^^^^^^
  File "C:\Users\majd9\OneDrive\Desktop\tizahab_project1\tizahab-web\.venv\Lib\site-packages\rest_framework\views.py", line 515, in dispatch
    response = self.handle_exception(exc)
  File "C:\Users\majd9\OneDrive\Desktop\tizahab_project1\tizahab-web\.venv\Lib\site-packages\rest_framework\views.py", line 475, in handle_exception
    self.raise_uncaught_exception(exc)
    ~~~~~~~~~~~~~~~~~~~~~~~~~~~~~^^^^^
  File "C:\Users\majd9\OneDrive\Desktop\tizahab_project1\tizahab-web\.venv\Lib\site-packages\rest_framework\views.py", line 486, in raise_uncaught_exception
    raise exc
  File "C:\Users\majd9\OneDrive\Desktop\tizahab_project1\tizahab-web\.venv\Lib\site-packages\rest_framework\views.py", line 512, in dispatch
    response = handler(request, *args, **kwargs)
  File "C:\Users\majd9\OneDrive\Desktop\tizahab_project1\tizahab-web\.venv\Lib\site-packages\rest_framework\generics.py", line 203, in get
    return self.list(request, *args, **kwargs)
           ~~~~~~~~~^^^^^^^^^^^^^^^^^^^^^^^^^^
  File "C:\Users\majd9\OneDrive\Desktop\tizahab_project1\tizahab-web\.venv\Lib\site-packages\rest_framework\mixins.py", line 38, in list
    queryset = self.filter_queryset(self.get_queryset())
                                    ~~~~~~~~~~~~~~~~~^^
  File "C:\Users\majd9\OneDrive\Desktop\tizahab_project1\tizahab-web\events\views.py", line 79, in get_queryset
    prefs = getattr(self.request.user, "preferences", None)
  File "C:\Users\majd9\OneDrive\Desktop\tizahab_project1\tizahab-web\.venv\Lib\site-packages\django\db\models\fields\related_descriptors.py", line 509, in __get__
    rel_obj = self.get_queryset(instance=instance).get(**filter_args)
  File "C:\Users\majd9\OneDrive\Desktop\tizahab_project1\tizahab-web\.venv\Lib\site-packages\django\db\models\query.py", line 635, in get
    num = len(clone)
  File "C:\Users\majd9\OneDrive\Desktop\tizahab_project1\tizahab-web\.venv\Lib\site-packages\django\db\models\query.py", line 372, in __len__
    self._fetch_all()
    ~~~~~~~~~~~~~~~^^
  File "C:\Users\majd9\OneDrive\Desktop\tizahab_project1\tizahab-web\.venv\Lib\site-packages\django\db\models\query.py", line 2000, in _fetch_all
    self._result_cache = list(self._iterable_class(self))
                         ~~~~^^^^^^^^^^^^^^^^^^^^^^^^^^^^
  File "C:\Users\majd9\OneDrive\Desktop\tizahab_project1\tizahab-web\.venv\Lib\site-packages\django\db\models\query.py", line 95, in __iter__
    results = compiler.execute_sql(
        chunked_fetch=self.chunked_fetch, chunk_size=self.chunk_size
    )
  File "C:\Users\majd9\OneDrive\Desktop\tizahab_project1\tizahab-web\.venv\Lib\site-packages\django\db\models\sql\compiler.py", line 1624, in execute_sql
    cursor.execute(sql, params)
    ~~~~~~~~~~~~~~^^^^^^^^^^^^^
  File "C:\Users\majd9\OneDrive\Desktop\tizahab_project1\tizahab-web\.venv\Lib\site-packages\django\db\backends\utils.py", line 122, in execute
    return super().execute(sql, params)
           ~~~~~~~~~~~~~~~^^^^^^^^^^^^^
  File "C:\Users\majd9\OneDrive\Desktop\tizahab_project1\tizahab-web\.venv\Lib\site-packages\django\db\backends\utils.py", line 79, in execute
    return self._execute_with_wrappers(
           ~~~~~~~~~~~~~~~~~~~~~~~~~~~^
        sql, params, many=False, executor=self._execute
        ^^^^^^^^^^^^^^^^^^^^^^^^^^^^^^^^^^^^^^^^^^^^^^^
    )
    ^
  File "C:\Users\majd9\OneDrive\Desktop\tizahab_project1\tizahab-web\.venv\Lib\site-packages\django\db\backends\utils.py", line 92, in _execute_with_wrappers
    return executor(sql, params, many, context)
  File "C:\Users\majd9\OneDrive\Desktop\tizahab_project1\tizahab-web\.venv\Lib\site-packages\django\db\backends\utils.py", line 100, in _execute
    with self.db.wrap_database_errors:
         ^^^^^^^^^^^^^^^^^^^^^^^^^^^^
  File "C:\Users\majd9\OneDrive\Desktop\tizahab_project1\tizahab-web\.venv\Lib\site-packages\django\db\utils.py", line 94, in __exit__
    raise dj_exc_value.with_traceback(traceback) from exc_value
  File "C:\Users\majd9\OneDrive\Desktop\tizahab_project1\tizahab-web\.venv\Lib\site-packages\django\db\backends\utils.py", line 105, in _execute
    return self.cursor.execute(sql, params)
           ~~~~~~~~~~~~~~~~~~~^^^^^^^^^^^^^
  File "C:\Users\majd9\OneDrive\Desktop\tizahab_project1\tizahab-web\.venv\Lib\site-packages\django\db\backends\sqlite3\base.py", line 359, in execute
    return super().execute(query, params)
           ~~~~~~~~~~~~~~~^^^^^^^^^^^^^^^
django.db.utils.OperationalError: no such column: accounts_userpreferences.trip_duration
ERROR 2026-04-12 16:00:11 log 5828 15284 "GET /api/auth/me/ HTTP/1.1" 500 185078
ERROR 2026-04-12 16:00:11 log 5828 14564 "GET /api/events/filtered/ HTTP/1.1" 500 198161
ERROR 2026-04-12 16:00:14 log 5828 19528 Internal Server Error: /api/auth/me/
Traceback (most recent call last):
  File "C:\Users\majd9\OneDrive\Desktop\tizahab_project1\tizahab-web\.venv\Lib\site-packages\django\db\backends\utils.py", line 105, in _execute
    return self.cursor.execute(sql, params)
           ~~~~~~~~~~~~~~~~~~~^^^^^^^^^^^^^
  File "C:\Users\majd9\OneDrive\Desktop\tizahab_project1\tizahab-web\.venv\Lib\site-packages\django\db\backends\sqlite3\base.py", line 359, in execute
    return super().execute(query, params)
           ~~~~~~~~~~~~~~~^^^^^^^^^^^^^^^
sqlite3.OperationalError: no such column: accounts_userpreferences.trip_duration

The above exception was the direct cause of the following exception:

Traceback (most recent call last):
  File "C:\Users\majd9\OneDrive\Desktop\tizahab_project1\tizahab-web\.venv\Lib\site-packages\django\core\handlers\exception.py", line 55, in inner
    response = get_response(request)
  File "C:\Users\majd9\OneDrive\Desktop\tizahab_project1\tizahab-web\.venv\Lib\site-packages\django\core\handlers\base.py", line 198, in _get_response
    response = wrapped_callback(request, *callback_args, **callback_kwargs)
  File "C:\Users\majd9\OneDrive\Desktop\tizahab_project1\tizahab-web\.venv\Lib\site-packages\django\views\decorators\csrf.py", line 65, in _view_wrapper
    return view_func(request, *args, **kwargs)
  File "C:\Users\majd9\OneDrive\Desktop\tizahab_project1\tizahab-web\.venv\Lib\site-packages\django\views\generic\base.py", line 106, in view
    return self.dispatch(request, *args, **kwargs)
           ~~~~~~~~~~~~~^^^^^^^^^^^^^^^^^^^^^^^^^^
  File "C:\Users\majd9\OneDrive\Desktop\tizahab_project1\tizahab-web\.venv\Lib\site-packages\rest_framework\views.py", line 515, in dispatch
    response = self.handle_exception(exc)
  File "C:\Users\majd9\OneDrive\Desktop\tizahab_project1\tizahab-web\.venv\Lib\site-packages\rest_framework\views.py", line 475, in handle_exception
    self.raise_uncaught_exception(exc)
    ~~~~~~~~~~~~~~~~~~~~~~~~~~~~~^^^^^
  File "C:\Users\majd9\OneDrive\Desktop\tizahab_project1\tizahab-web\.venv\Lib\site-packages\rest_framework\views.py", line 486, in raise_uncaught_exception
    raise exc
  File "C:\Users\majd9\OneDrive\Desktop\tizahab_project1\tizahab-web\.venv\Lib\site-packages\rest_framework\views.py", line 512, in dispatch
    response = handler(request, *args, **kwargs)
  File "C:\Users\majd9\OneDrive\Desktop\tizahab_project1\tizahab-web\accounts\views.py", line 280, in get
    preferences, _ = UserPreferences.objects.get_or_create(user=user)
                     ~~~~~~~~~~~~~~~~~~~~~~~~~~~~~~~~~~~~~^^^^^^^^^^^
  File "C:\Users\majd9\OneDrive\Desktop\tizahab_project1\tizahab-web\.venv\Lib\site-packages\django\db\models\manager.py", line 87, in manager_method
    return getattr(self.get_queryset(), name)(*args, **kwargs)
           ~~~~~~~~~~~~~~~~~~~~~~~~~~~~~~~~~~^^^^^^^^^^^^^^^^^
  File "C:\Users\majd9\OneDrive\Desktop\tizahab_project1\tizahab-web\.venv\Lib\site-packages\django\db\models\query.py", line 987, in get_or_create
    return self.get(**kwargs), False
           ~~~~~~~~^^^^^^^^^^
  File "C:\Users\majd9\OneDrive\Desktop\tizahab_project1\tizahab-web\.venv\Lib\site-packages\django\db\models\query.py", line 635, in get
    num = len(clone)
  File "C:\Users\majd9\OneDrive\Desktop\tizahab_project1\tizahab-web\.venv\Lib\site-packages\django\db\models\query.py", line 372, in __len__
    self._fetch_all()
    ~~~~~~~~~~~~~~~^^
  File "C:\Users\majd9\OneDrive\Desktop\tizahab_project1\tizahab-web\.venv\Lib\site-packages\django\db\models\query.py", line 2000, in _fetch_all
    self._result_cache = list(self._iterable_class(self))
                         ~~~~^^^^^^^^^^^^^^^^^^^^^^^^^^^^
  File "C:\Users\majd9\OneDrive\Desktop\tizahab_project1\tizahab-web\.venv\Lib\site-packages\django\db\models\query.py", line 95, in __iter__
    results = compiler.execute_sql(
        chunked_fetch=self.chunked_fetch, chunk_size=self.chunk_size
    )
  File "C:\Users\majd9\OneDrive\Desktop\tizahab_project1\tizahab-web\.venv\Lib\site-packages\django\db\models\sql\compiler.py", line 1624, in execute_sql
    cursor.execute(sql, params)
    ~~~~~~~~~~~~~~^^^^^^^^^^^^^
  File "C:\Users\majd9\OneDrive\Desktop\tizahab_project1\tizahab-web\.venv\Lib\site-packages\django\db\backends\utils.py", line 122, in execute
    return super().execute(sql, params)
           ~~~~~~~~~~~~~~~^^^^^^^^^^^^^
  File "C:\Users\majd9\OneDrive\Desktop\tizahab_project1\tizahab-web\.venv\Lib\site-packages\django\db\backends\utils.py", line 79, in execute
    return self._execute_with_wrappers(
           ~~~~~~~~~~~~~~~~~~~~~~~~~~~^
        sql, params, many=False, executor=self._execute
        ^^^^^^^^^^^^^^^^^^^^^^^^^^^^^^^^^^^^^^^^^^^^^^^
    )
    ^
  File "C:\Users\majd9\OneDrive\Desktop\tizahab_project1\tizahab-web\.venv\Lib\site-packages\django\db\backends\utils.py", line 92, in _execute_with_wrappers
    return executor(sql, params, many, context)
  File "C:\Users\majd9\OneDrive\Desktop\tizahab_project1\tizahab-web\.venv\Lib\site-packages\django\db\backends\utils.py", line 100, in _execute
    with self.db.wrap_database_errors:
         ^^^^^^^^^^^^^^^^^^^^^^^^^^^^
  File "C:\Users\majd9\OneDrive\Desktop\tizahab_project1\tizahab-web\.venv\Lib\site-packages\django\db\utils.py", line 94, in __exit__
    raise dj_exc_value.with_traceback(traceback) from exc_value
  File "C:\Users\majd9\OneDrive\Desktop\tizahab_project1\tizahab-web\.venv\Lib\site-packages\django\db\backends\utils.py", line 105, in _execute
    return self.cursor.execute(sql, params)
           ~~~~~~~~~~~~~~~~~~~^^^^^^^^^^^^^
  File "C:\Users\majd9\OneDrive\Desktop\tizahab_project1\tizahab-web\.venv\Lib\site-packages\django\db\backends\sqlite3\base.py", line 359, in execute
    return super().execute(query, params)
           ~~~~~~~~~~~~~~~^^^^^^^^^^^^^^^
django.db.utils.OperationalError: no such column: accounts_userpreferences.trip_duration
ERROR 2026-04-12 16:00:14 log 5828 19528 "GET /api/auth/me/ HTTP/1.1" 500 185084
ERROR 2026-04-12 16:00:15 log 5828 14564 Internal Server Error: /api/auth/me/
Traceback (most recent call last):
  File "C:\Users\majd9\OneDrive\Desktop\tizahab_project1\tizahab-web\.venv\Lib\site-packages\django\db\backends\utils.py", line 105, in _execute
    return self.cursor.execute(sql, params)
           ~~~~~~~~~~~~~~~~~~~^^^^^^^^^^^^^
  File "C:\Users\majd9\OneDrive\Desktop\tizahab_project1\tizahab-web\.venv\Lib\site-packages\django\db\backends\sqlite3\base.py", line 359, in execute
    return super().execute(query, params)
           ~~~~~~~~~~~~~~~^^^^^^^^^^^^^^^
sqlite3.OperationalError: no such column: accounts_userpreferences.trip_duration

The above exception was the direct cause of the following exception:

Traceback (most recent call last):
  File "C:\Users\majd9\OneDrive\Desktop\tizahab_project1\tizahab-web\.venv\Lib\site-packages\django\core\handlers\exception.py", line 55, in inner
    response = get_response(request)
  File "C:\Users\majd9\OneDrive\Desktop\tizahab_project1\tizahab-web\.venv\Lib\site-packages\django\core\handlers\base.py", line 198, in _get_response
    response = wrapped_callback(request, *callback_args, **callback_kwargs)
  File "C:\Users\majd9\OneDrive\Desktop\tizahab_project1\tizahab-web\.venv\Lib\site-packages\django\views\decorators\csrf.py", line 65, in _view_wrapper
    return view_func(request, *args, **kwargs)
  File "C:\Users\majd9\OneDrive\Desktop\tizahab_project1\tizahab-web\.venv\Lib\site-packages\django\views\generic\base.py", line 106, in view
    return self.dispatch(request, *args, **kwargs)
           ~~~~~~~~~~~~~^^^^^^^^^^^^^^^^^^^^^^^^^^
  File "C:\Users\majd9\OneDrive\Desktop\tizahab_project1\tizahab-web\.venv\Lib\site-packages\rest_framework\views.py", line 515, in dispatch
    response = self.handle_exception(exc)
  File "C:\Users\majd9\OneDrive\Desktop\tizahab_project1\tizahab-web\.venv\Lib\site-packages\rest_framework\views.py", line 475, in handle_exception
    self.raise_uncaught_exception(exc)
    ~~~~~~~~~~~~~~~~~~~~~~~~~~~~~^^^^^
  File "C:\Users\majd9\OneDrive\Desktop\tizahab_project1\tizahab-web\.venv\Lib\site-packages\rest_framework\views.py", line 486, in raise_uncaught_exception
    raise exc
  File "C:\Users\majd9\OneDrive\Desktop\tizahab_project1\tizahab-web\.venv\Lib\site-packages\rest_framework\views.py", line 512, in dispatch
    response = handler(request, *args, **kwargs)
  File "C:\Users\majd9\OneDrive\Desktop\tizahab_project1\tizahab-web\accounts\views.py", line 280, in get
    preferences, _ = UserPreferences.objects.get_or_create(user=user)
                     ~~~~~~~~~~~~~~~~~~~~~~~~~~~~~~~~~~~~~^^^^^^^^^^^
  File "C:\Users\majd9\OneDrive\Desktop\tizahab_project1\tizahab-web\.venv\Lib\site-packages\django\db\models\manager.py", line 87, in manager_method
    return getattr(self.get_queryset(), name)(*args, **kwargs)
           ~~~~~~~~~~~~~~~~~~~~~~~~~~~~~~~~~~^^^^^^^^^^^^^^^^^
  File "C:\Users\majd9\OneDrive\Desktop\tizahab_project1\tizahab-web\.venv\Lib\site-packages\django\db\models\query.py", line 987, in get_or_create
    return self.get(**kwargs), False
           ~~~~~~~~^^^^^^^^^^
  File "C:\Users\majd9\OneDrive\Desktop\tizahab_project1\tizahab-web\.venv\Lib\site-packages\django\db\models\query.py", line 635, in get
    num = len(clone)
  File "C:\Users\majd9\OneDrive\Desktop\tizahab_project1\tizahab-web\.venv\Lib\site-packages\django\db\models\query.py", line 372, in __len__
    self._fetch_all()
    ~~~~~~~~~~~~~~~^^
  File "C:\Users\majd9\OneDrive\Desktop\tizahab_project1\tizahab-web\.venv\Lib\site-packages\django\db\models\query.py", line 2000, in _fetch_all
    self._result_cache = list(self._iterable_class(self))
                         ~~~~^^^^^^^^^^^^^^^^^^^^^^^^^^^^
  File "C:\Users\majd9\OneDrive\Desktop\tizahab_project1\tizahab-web\.venv\Lib\site-packages\django\db\models\query.py", line 95, in __iter__
    results = compiler.execute_sql(
        chunked_fetch=self.chunked_fetch, chunk_size=self.chunk_size
    )
  File "C:\Users\majd9\OneDrive\Desktop\tizahab_project1\tizahab-web\.venv\Lib\site-packages\django\db\models\sql\compiler.py", line 1624, in execute_sql
    cursor.execute(sql, params)
    ~~~~~~~~~~~~~~^^^^^^^^^^^^^
  File "C:\Users\majd9\OneDrive\Desktop\tizahab_project1\tizahab-web\.venv\Lib\site-packages\django\db\backends\utils.py", line 122, in execute
    return super().execute(sql, params)
           ~~~~~~~~~~~~~~~^^^^^^^^^^^^^
  File "C:\Users\majd9\OneDrive\Desktop\tizahab_project1\tizahab-web\.venv\Lib\site-packages\django\db\backends\utils.py", line 79, in execute
    return self._execute_with_wrappers(
           ~~~~~~~~~~~~~~~~~~~~~~~~~~~^
        sql, params, many=False, executor=self._execute
        ^^^^^^^^^^^^^^^^^^^^^^^^^^^^^^^^^^^^^^^^^^^^^^^
    )
    ^
  File "C:\Users\majd9\OneDrive\Desktop\tizahab_project1\tizahab-web\.venv\Lib\site-packages\django\db\backends\utils.py", line 92, in _execute_with_wrappers
    return executor(sql, params, many, context)
  File "C:\Users\majd9\OneDrive\Desktop\tizahab_project1\tizahab-web\.venv\Lib\site-packages\django\db\backends\utils.py", line 100, in _execute
    with self.db.wrap_database_errors:
         ^^^^^^^^^^^^^^^^^^^^^^^^^^^^
  File "C:\Users\majd9\OneDrive\Desktop\tizahab_project1\tizahab-web\.venv\Lib\site-packages\django\db\utils.py", line 94, in __exit__
    raise dj_exc_value.with_traceback(traceback) from exc_value
  File "C:\Users\majd9\OneDrive\Desktop\tizahab_project1\tizahab-web\.venv\Lib\site-packages\django\db\backends\utils.py", line 105, in _execute
    return self.cursor.execute(sql, params)
           ~~~~~~~~~~~~~~~~~~~^^^^^^^^^^^^^
  File "C:\Users\majd9\OneDrive\Desktop\tizahab_project1\tizahab-web\.venv\Lib\site-packages\django\db\backends\sqlite3\base.py", line 359, in execute
    return super().execute(query, params)
           ~~~~~~~~~~~~~~~^^^^^^^^^^^^^^^
django.db.utils.OperationalError: no such column: accounts_userpreferences.trip_duration
ERROR 2026-04-12 16:00:15 log 5828 14564 "GET /api/auth/me/ HTTP/1.1" 500 185084
ERROR 2026-04-12 16:00:24 log 5828 14564 Internal Server Error: /api/auth/me/
Traceback (most recent call last):
  File "C:\Users\majd9\OneDrive\Desktop\tizahab_project1\tizahab-web\.venv\Lib\site-packages\django\db\backends\utils.py", line 105, in _execute
    return self.cursor.execute(sql, params)
           ~~~~~~~~~~~~~~~~~~~^^^^^^^^^^^^^
  File "C:\Users\majd9\OneDrive\Desktop\tizahab_project1\tizahab-web\.venv\Lib\site-packages\django\db\backends\sqlite3\base.py", line 359, in execute
    return super().execute(query, params)
           ~~~~~~~~~~~~~~~^^^^^^^^^^^^^^^
sqlite3.OperationalError: no such column: accounts_userpreferences.trip_duration

The above exception was the direct cause of the following exception:

Traceback (most recent call last):
  File "C:\Users\majd9\OneDrive\Desktop\tizahab_project1\tizahab-web\.venv\Lib\site-packages\django\core\handlers\exception.py", line 55, in inner
    response = get_response(request)
  File "C:\Users\majd9\OneDrive\Desktop\tizahab_project1\tizahab-web\.venv\Lib\site-packages\django\core\handlers\base.py", line 198, in _get_response
    response = wrapped_callback(request, *callback_args, **callback_kwargs)
  File "C:\Users\majd9\OneDrive\Desktop\tizahab_project1\tizahab-web\.venv\Lib\site-packages\django\views\decorators\csrf.py", line 65, in _view_wrapper
    return view_func(request, *args, **kwargs)
  File "C:\Users\majd9\OneDrive\Desktop\tizahab_project1\tizahab-web\.venv\Lib\site-packages\django\views\generic\base.py", line 106, in view
    return self.dispatch(request, *args, **kwargs)
           ~~~~~~~~~~~~~^^^^^^^^^^^^^^^^^^^^^^^^^^
  File "C:\Users\majd9\OneDrive\Desktop\tizahab_project1\tizahab-web\.venv\Lib\site-packages\rest_framework\views.py", line 515, in dispatch
    response = self.handle_exception(exc)
  File "C:\Users\majd9\OneDrive\Desktop\tizahab_project1\tizahab-web\.venv\Lib\site-packages\rest_framework\views.py", line 475, in handle_exception
    self.raise_uncaught_exception(exc)
    ~~~~~~~~~~~~~~~~~~~~~~~~~~~~~^^^^^
  File "C:\Users\majd9\OneDrive\Desktop\tizahab_project1\tizahab-web\.venv\Lib\site-packages\rest_framework\views.py", line 486, in raise_uncaught_exception
    raise exc
  File "C:\Users\majd9\OneDrive\Desktop\tizahab_project1\tizahab-web\.venv\Lib\site-packages\rest_framework\views.py", line 512, in dispatch
    response = handler(request, *args, **kwargs)
  File "C:\Users\majd9\OneDrive\Desktop\tizahab_project1\tizahab-web\accounts\views.py", line 280, in get
    preferences, _ = UserPreferences.objects.get_or_create(user=user)
                     ~~~~~~~~~~~~~~~~~~~~~~~~~~~~~~~~~~~~~^^^^^^^^^^^
  File "C:\Users\majd9\OneDrive\Desktop\tizahab_project1\tizahab-web\.venv\Lib\site-packages\django\db\models\manager.py", line 87, in manager_method
    return getattr(self.get_queryset(), name)(*args, **kwargs)
           ~~~~~~~~~~~~~~~~~~~~~~~~~~~~~~~~~~^^^^^^^^^^^^^^^^^
  File "C:\Users\majd9\OneDrive\Desktop\tizahab_project1\tizahab-web\.venv\Lib\site-packages\django\db\models\query.py", line 987, in get_or_create
    return self.get(**kwargs), False
           ~~~~~~~~^^^^^^^^^^
  File "C:\Users\majd9\OneDrive\Desktop\tizahab_project1\tizahab-web\.venv\Lib\site-packages\django\db\models\query.py", line 635, in get
    num = len(clone)
  File "C:\Users\majd9\OneDrive\Desktop\tizahab_project1\tizahab-web\.venv\Lib\site-packages\django\db\models\query.py", line 372, in __len__
    self._fetch_all()
    ~~~~~~~~~~~~~~~^^
  File "C:\Users\majd9\OneDrive\Desktop\tizahab_project1\tizahab-web\.venv\Lib\site-packages\django\db\models\query.py", line 2000, in _fetch_all
    self._result_cache = list(self._iterable_class(self))
                         ~~~~^^^^^^^^^^^^^^^^^^^^^^^^^^^^
  File "C:\Users\majd9\OneDrive\Desktop\tizahab_project1\tizahab-web\.venv\Lib\site-packages\django\db\models\query.py", line 95, in __iter__
    results = compiler.execute_sql(
        chunked_fetch=self.chunked_fetch, chunk_size=self.chunk_size
    )
  File "C:\Users\majd9\OneDrive\Desktop\tizahab_project1\tizahab-web\.venv\Lib\site-packages\django\db\models\sql\compiler.py", line 1624, in execute_sql
    cursor.execute(sql, params)
    ~~~~~~~~~~~~~~^^^^^^^^^^^^^
  File "C:\Users\majd9\OneDrive\Desktop\tizahab_project1\tizahab-web\.venv\Lib\site-packages\django\db\backends\utils.py", line 122, in execute
    return super().execute(sql, params)
           ~~~~~~~~~~~~~~~^^^^^^^^^^^^^
  File "C:\Users\majd9\OneDrive\Desktop\tizahab_project1\tizahab-web\.venv\Lib\site-packages\django\db\backends\utils.py", line 79, in execute
    return self._execute_with_wrappers(
           ~~~~~~~~~~~~~~~~~~~~~~~~~~~^
        sql, params, many=False, executor=self._execute
        ^^^^^^^^^^^^^^^^^^^^^^^^^^^^^^^^^^^^^^^^^^^^^^^
    )
    ^
  File "C:\Users\majd9\OneDrive\Desktop\tizahab_project1\tizahab-web\.venv\Lib\site-packages\django\db\backends\utils.py", line 92, in _execute_with_wrappers
    return executor(sql, params, many, context)
  File "C:\Users\majd9\OneDrive\Desktop\tizahab_project1\tizahab-web\.venv\Lib\site-packages\django\db\backends\utils.py", line 100, in _execute
    with self.db.wrap_database_errors:
         ^^^^^^^^^^^^^^^^^^^^^^^^^^^^
  File "C:\Users\majd9\OneDrive\Desktop\tizahab_project1\tizahab-web\.venv\Lib\site-packages\django\db\utils.py", line 94, in __exit__
    raise dj_exc_value.with_traceback(traceback) from exc_value
  File "C:\Users\majd9\OneDrive\Desktop\tizahab_project1\tizahab-web\.venv\Lib\site-packages\django\db\backends\utils.py", line 105, in _execute
    return self.cursor.execute(sql, params)
           ~~~~~~~~~~~~~~~~~~~^^^^^^^^^^^^^
  File "C:\Users\majd9\OneDrive\Desktop\tizahab_project1\tizahab-web\.venv\Lib\site-packages\django\db\backends\sqlite3\base.py", line 359, in execute
    return super().execute(query, params)
           ~~~~~~~~~~~~~~~^^^^^^^^^^^^^^^
django.db.utils.OperationalError: no such column: accounts_userpreferences.trip_duration
ERROR 2026-04-12 16:00:24 log 5828 14564 "GET /api/auth/me/ HTTP/1.1" 500 185085
ERROR 2026-04-12 16:00:26 log 5828 14564 Internal Server Error: /api/auth/me/
Traceback (most recent call last):
  File "C:\Users\majd9\OneDrive\Desktop\tizahab_project1\tizahab-web\.venv\Lib\site-packages\django\db\backends\utils.py", line 105, in _execute
    return self.cursor.execute(sql, params)
           ~~~~~~~~~~~~~~~~~~~^^^^^^^^^^^^^
  File "C:\Users\majd9\OneDrive\Desktop\tizahab_project1\tizahab-web\.venv\Lib\site-packages\django\db\backends\sqlite3\base.py", line 359, in execute
    return super().execute(query, params)
           ~~~~~~~~~~~~~~~^^^^^^^^^^^^^^^
sqlite3.OperationalError: no such column: accounts_userpreferences.trip_duration

The above exception was the direct cause of the following exception:

Traceback (most recent call last):
  File "C:\Users\majd9\OneDrive\Desktop\tizahab_project1\tizahab-web\.venv\Lib\site-packages\django\core\handlers\exception.py", line 55, in inner
    response = get_response(request)
  File "C:\Users\majd9\OneDrive\Desktop\tizahab_project1\tizahab-web\.venv\Lib\site-packages\django\core\handlers\base.py", line 198, in _get_response
    response = wrapped_callback(request, *callback_args, **callback_kwargs)
  File "C:\Users\majd9\OneDrive\Desktop\tizahab_project1\tizahab-web\.venv\Lib\site-packages\django\views\decorators\csrf.py", line 65, in _view_wrapper
    return view_func(request, *args, **kwargs)
  File "C:\Users\majd9\OneDrive\Desktop\tizahab_project1\tizahab-web\.venv\Lib\site-packages\django\views\generic\base.py", line 106, in view
    return self.dispatch(request, *args, **kwargs)
           ~~~~~~~~~~~~~^^^^^^^^^^^^^^^^^^^^^^^^^^
  File "C:\Users\majd9\OneDrive\Desktop\tizahab_project1\tizahab-web\.venv\Lib\site-packages\rest_framework\views.py", line 515, in dispatch
    response = self.handle_exception(exc)
  File "C:\Users\majd9\OneDrive\Desktop\tizahab_project1\tizahab-web\.venv\Lib\site-packages\rest_framework\views.py", line 475, in handle_exception
    self.raise_uncaught_exception(exc)
    ~~~~~~~~~~~~~~~~~~~~~~~~~~~~~^^^^^
  File "C:\Users\majd9\OneDrive\Desktop\tizahab_project1\tizahab-web\.venv\Lib\site-packages\rest_framework\views.py", line 486, in raise_uncaught_exception
    raise exc
  File "C:\Users\majd9\OneDrive\Desktop\tizahab_project1\tizahab-web\.venv\Lib\site-packages\rest_framework\views.py", line 512, in dispatch
    response = handler(request, *args, **kwargs)
  File "C:\Users\majd9\OneDrive\Desktop\tizahab_project1\tizahab-web\accounts\views.py", line 280, in get
    preferences, _ = UserPreferences.objects.get_or_create(user=user)
                     ~~~~~~~~~~~~~~~~~~~~~~~~~~~~~~~~~~~~~^^^^^^^^^^^
  File "C:\Users\majd9\OneDrive\Desktop\tizahab_project1\tizahab-web\.venv\Lib\site-packages\django\db\models\manager.py", line 87, in manager_method
    return getattr(self.get_queryset(), name)(*args, **kwargs)
           ~~~~~~~~~~~~~~~~~~~~~~~~~~~~~~~~~~^^^^^^^^^^^^^^^^^
  File "C:\Users\majd9\OneDrive\Desktop\tizahab_project1\tizahab-web\.venv\Lib\site-packages\django\db\models\query.py", line 987, in get_or_create
    return self.get(**kwargs), False
           ~~~~~~~~^^^^^^^^^^
  File "C:\Users\majd9\OneDrive\Desktop\tizahab_project1\tizahab-web\.venv\Lib\site-packages\django\db\models\query.py", line 635, in get
    num = len(clone)
  File "C:\Users\majd9\OneDrive\Desktop\tizahab_project1\tizahab-web\.venv\Lib\site-packages\django\db\models\query.py", line 372, in __len__
    self._fetch_all()
    ~~~~~~~~~~~~~~~^^
  File "C:\Users\majd9\OneDrive\Desktop\tizahab_project1\tizahab-web\.venv\Lib\site-packages\django\db\models\query.py", line 2000, in _fetch_all
    self._result_cache = list(self._iterable_class(self))
                         ~~~~^^^^^^^^^^^^^^^^^^^^^^^^^^^^
  File "C:\Users\majd9\OneDrive\Desktop\tizahab_project1\tizahab-web\.venv\Lib\site-packages\django\db\models\query.py", line 95, in __iter__
    results = compiler.execute_sql(
        chunked_fetch=self.chunked_fetch, chunk_size=self.chunk_size
    )
  File "C:\Users\majd9\OneDrive\Desktop\tizahab_project1\tizahab-web\.venv\Lib\site-packages\django\db\models\sql\compiler.py", line 1624, in execute_sql
    cursor.execute(sql, params)
    ~~~~~~~~~~~~~~^^^^^^^^^^^^^
  File "C:\Users\majd9\OneDrive\Desktop\tizahab_project1\tizahab-web\.venv\Lib\site-packages\django\db\backends\utils.py", line 122, in execute
    return super().execute(sql, params)
           ~~~~~~~~~~~~~~~^^^^^^^^^^^^^
  File "C:\Users\majd9\OneDrive\Desktop\tizahab_project1\tizahab-web\.venv\Lib\site-packages\django\db\backends\utils.py", line 79, in execute
    return self._execute_with_wrappers(
           ~~~~~~~~~~~~~~~~~~~~~~~~~~~^
        sql, params, many=False, executor=self._execute
        ^^^^^^^^^^^^^^^^^^^^^^^^^^^^^^^^^^^^^^^^^^^^^^^
    )
    ^
  File "C:\Users\majd9\OneDrive\Desktop\tizahab_project1\tizahab-web\.venv\Lib\site-packages\django\db\backends\utils.py", line 92, in _execute_with_wrappers
    return executor(sql, params, many, context)
  File "C:\Users\majd9\OneDrive\Desktop\tizahab_project1\tizahab-web\.venv\Lib\site-packages\django\db\backends\utils.py", line 100, in _execute
    with self.db.wrap_database_errors:
         ^^^^^^^^^^^^^^^^^^^^^^^^^^^^
  File "C:\Users\majd9\OneDrive\Desktop\tizahab_project1\tizahab-web\.venv\Lib\site-packages\django\db\utils.py", line 94, in __exit__
    raise dj_exc_value.with_traceback(traceback) from exc_value
  File "C:\Users\majd9\OneDrive\Desktop\tizahab_project1\tizahab-web\.venv\Lib\site-packages\django\db\backends\utils.py", line 105, in _execute
    return self.cursor.execute(sql, params)
           ~~~~~~~~~~~~~~~~~~~^^^^^^^^^^^^^
  File "C:\Users\majd9\OneDrive\Desktop\tizahab_project1\tizahab-web\.venv\Lib\site-packages\django\db\backends\sqlite3\base.py", line 359, in execute
    return super().execute(query, params)
           ~~~~~~~~~~~~~~~^^^^^^^^^^^^^^^
django.db.utils.OperationalError: no such column: accounts_userpreferences.trip_duration
ERROR 2026-04-12 16:00:26 log 5828 14564 "GET /api/auth/me/ HTTP/1.1" 500 185077
ERROR 2026-04-12 16:00:35 log 5828 14564 Internal Server Error: /api/auth/me/
Traceback (most recent call last):
  File "C:\Users\majd9\OneDrive\Desktop\tizahab_project1\tizahab-web\.venv\Lib\site-packages\django\db\backends\utils.py", line 105, in _execute
    return self.cursor.execute(sql, params)
           ~~~~~~~~~~~~~~~~~~~^^^^^^^^^^^^^
  File "C:\Users\majd9\OneDrive\Desktop\tizahab_project1\tizahab-web\.venv\Lib\site-packages\django\db\backends\sqlite3\base.py", line 359, in execute
    return super().execute(query, params)
           ~~~~~~~~~~~~~~~^^^^^^^^^^^^^^^
sqlite3.OperationalError: no such column: accounts_userpreferences.trip_duration

The above exception was the direct cause of the following exception:

Traceback (most recent call last):
  File "C:\Users\majd9\OneDrive\Desktop\tizahab_project1\tizahab-web\.venv\Lib\site-packages\django\core\handlers\exception.py", line 55, in inner
    response = get_response(request)
  File "C:\Users\majd9\OneDrive\Desktop\tizahab_project1\tizahab-web\.venv\Lib\site-packages\django\core\handlers\base.py", line 198, in _get_response
    response = wrapped_callback(request, *callback_args, **callback_kwargs)
  File "C:\Users\majd9\OneDrive\Desktop\tizahab_project1\tizahab-web\.venv\Lib\site-packages\django\views\decorators\csrf.py", line 65, in _view_wrapper
    return view_func(request, *args, **kwargs)
  File "C:\Users\majd9\OneDrive\Desktop\tizahab_project1\tizahab-web\.venv\Lib\site-packages\django\views\generic\base.py", line 106, in view
    return self.dispatch(request, *args, **kwargs)
           ~~~~~~~~~~~~~^^^^^^^^^^^^^^^^^^^^^^^^^^
  File "C:\Users\majd9\OneDrive\Desktop\tizahab_project1\tizahab-web\.venv\Lib\site-packages\rest_framework\views.py", line 515, in dispatch
    response = self.handle_exception(exc)
  File "C:\Users\majd9\OneDrive\Desktop\tizahab_project1\tizahab-web\.venv\Lib\site-packages\rest_framework\views.py", line 475, in handle_exception
    self.raise_uncaught_exception(exc)
    ~~~~~~~~~~~~~~~~~~~~~~~~~~~~~^^^^^
  File "C:\Users\majd9\OneDrive\Desktop\tizahab_project1\tizahab-web\.venv\Lib\site-packages\rest_framework\views.py", line 486, in raise_uncaught_exception
    raise exc
  File "C:\Users\majd9\OneDrive\Desktop\tizahab_project1\tizahab-web\.venv\Lib\site-packages\rest_framework\views.py", line 512, in dispatch
    response = handler(request, *args, **kwargs)
  File "C:\Users\majd9\OneDrive\Desktop\tizahab_project1\tizahab-web\accounts\views.py", line 280, in get
    preferences, _ = UserPreferences.objects.get_or_create(user=user)
                     ~~~~~~~~~~~~~~~~~~~~~~~~~~~~~~~~~~~~~^^^^^^^^^^^
  File "C:\Users\majd9\OneDrive\Desktop\tizahab_project1\tizahab-web\.venv\Lib\site-packages\django\db\models\manager.py", line 87, in manager_method
    return getattr(self.get_queryset(), name)(*args, **kwargs)
           ~~~~~~~~~~~~~~~~~~~~~~~~~~~~~~~~~~^^^^^^^^^^^^^^^^^
  File "C:\Users\majd9\OneDrive\Desktop\tizahab_project1\tizahab-web\.venv\Lib\site-packages\django\db\models\query.py", line 987, in get_or_create
    return self.get(**kwargs), False
           ~~~~~~~~^^^^^^^^^^
  File "C:\Users\majd9\OneDrive\Desktop\tizahab_project1\tizahab-web\.venv\Lib\site-packages\django\db\models\query.py", line 635, in get
    num = len(clone)
  File "C:\Users\majd9\OneDrive\Desktop\tizahab_project1\tizahab-web\.venv\Lib\site-packages\django\db\models\query.py", line 372, in __len__
    self._fetch_all()
    ~~~~~~~~~~~~~~~^^
  File "C:\Users\majd9\OneDrive\Desktop\tizahab_project1\tizahab-web\.venv\Lib\site-packages\django\db\models\query.py", line 2000, in _fetch_all
    self._result_cache = list(self._iterable_class(self))
                         ~~~~^^^^^^^^^^^^^^^^^^^^^^^^^^^^
  File "C:\Users\majd9\OneDrive\Desktop\tizahab_project1\tizahab-web\.venv\Lib\site-packages\django\db\models\query.py", line 95, in __iter__
    results = compiler.execute_sql(
        chunked_fetch=self.chunked_fetch, chunk_size=self.chunk_size
    )
  File "C:\Users\majd9\OneDrive\Desktop\tizahab_project1\tizahab-web\.venv\Lib\site-packages\django\db\models\sql\compiler.py", line 1624, in execute_sql
    cursor.execute(sql, params)
    ~~~~~~~~~~~~~~^^^^^^^^^^^^^
  File "C:\Users\majd9\OneDrive\Desktop\tizahab_project1\tizahab-web\.venv\Lib\site-packages\django\db\backends\utils.py", line 122, in execute
    return super().execute(sql, params)
           ~~~~~~~~~~~~~~~^^^^^^^^^^^^^
  File "C:\Users\majd9\OneDrive\Desktop\tizahab_project1\tizahab-web\.venv\Lib\site-packages\django\db\backends\utils.py", line 79, in execute
    return self._execute_with_wrappers(
           ~~~~~~~~~~~~~~~~~~~~~~~~~~~^
        sql, params, many=False, executor=self._execute
        ^^^^^^^^^^^^^^^^^^^^^^^^^^^^^^^^^^^^^^^^^^^^^^^
    )
    ^
  File "C:\Users\majd9\OneDrive\Desktop\tizahab_project1\tizahab-web\.venv\Lib\site-packages\django\db\backends\utils.py", line 92, in _execute_with_wrappers
    return executor(sql, params, many, context)
  File "C:\Users\majd9\OneDrive\Desktop\tizahab_project1\tizahab-web\.venv\Lib\site-packages\django\db\backends\utils.py", line 100, in _execute
    with self.db.wrap_database_errors:
         ^^^^^^^^^^^^^^^^^^^^^^^^^^^^
  File "C:\Users\majd9\OneDrive\Desktop\tizahab_project1\tizahab-web\.venv\Lib\site-packages\django\db\utils.py", line 94, in __exit__
    raise dj_exc_value.with_traceback(traceback) from exc_value
  File "C:\Users\majd9\OneDrive\Desktop\tizahab_project1\tizahab-web\.venv\Lib\site-packages\django\db\backends\utils.py", line 105, in _execute
    return self.cursor.execute(sql, params)
           ~~~~~~~~~~~~~~~~~~~^^^^^^^^^^^^^
  File "C:\Users\majd9\OneDrive\Desktop\tizahab_project1\tizahab-web\.venv\Lib\site-packages\django\db\backends\sqlite3\base.py", line 359, in execute
    return super().execute(query, params)
           ~~~~~~~~~~~~~~~^^^^^^^^^^^^^^^
django.db.utils.OperationalError: no such column: accounts_userpreferences.trip_duration
ERROR 2026-04-12 16:00:35 log 5828 14564 "GET /api/auth/me/ HTTP/1.1" 500 185085
ERROR 2026-04-12 16:00:39 log 5828 14564 Internal Server Error: /api/auth/me/
Traceback (most recent call last):
  File "C:\Users\majd9\OneDrive\Desktop\tizahab_project1\tizahab-web\.venv\Lib\site-packages\django\db\backends\utils.py", line 105, in _execute
    return self.cursor.execute(sql, params)
           ~~~~~~~~~~~~~~~~~~~^^^^^^^^^^^^^
  File "C:\Users\majd9\OneDrive\Desktop\tizahab_project1\tizahab-web\.venv\Lib\site-packages\django\db\backends\sqlite3\base.py", line 359, in execute
    return super().execute(query, params)
           ~~~~~~~~~~~~~~~^^^^^^^^^^^^^^^
sqlite3.OperationalError: no such column: accounts_userpreferences.trip_duration

The above exception was the direct cause of the following exception:

Traceback (most recent call last):
  File "C:\Users\majd9\OneDrive\Desktop\tizahab_project1\tizahab-web\.venv\Lib\site-packages\django\core\handlers\exception.py", line 55, in inner
    response = get_response(request)
  File "C:\Users\majd9\OneDrive\Desktop\tizahab_project1\tizahab-web\.venv\Lib\site-packages\django\core\handlers\base.py", line 198, in _get_response
    response = wrapped_callback(request, *callback_args, **callback_kwargs)
  File "C:\Users\majd9\OneDrive\Desktop\tizahab_project1\tizahab-web\.venv\Lib\site-packages\django\views\decorators\csrf.py", line 65, in _view_wrapper
    return view_func(request, *args, **kwargs)
  File "C:\Users\majd9\OneDrive\Desktop\tizahab_project1\tizahab-web\.venv\Lib\site-packages\django\views\generic\base.py", line 106, in view
    return self.dispatch(request, *args, **kwargs)
           ~~~~~~~~~~~~~^^^^^^^^^^^^^^^^^^^^^^^^^^
  File "C:\Users\majd9\OneDrive\Desktop\tizahab_project1\tizahab-web\.venv\Lib\site-packages\rest_framework\views.py", line 515, in dispatch
    response = self.handle_exception(exc)
  File "C:\Users\majd9\OneDrive\Desktop\tizahab_project1\tizahab-web\.venv\Lib\site-packages\rest_framework\views.py", line 475, in handle_exception
    self.raise_uncaught_exception(exc)
    ~~~~~~~~~~~~~~~~~~~~~~~~~~~~~^^^^^
  File "C:\Users\majd9\OneDrive\Desktop\tizahab_project1\tizahab-web\.venv\Lib\site-packages\rest_framework\views.py", line 486, in raise_uncaught_exception
    raise exc
  File "C:\Users\majd9\OneDrive\Desktop\tizahab_project1\tizahab-web\.venv\Lib\site-packages\rest_framework\views.py", line 512, in dispatch
    response = handler(request, *args, **kwargs)
  File "C:\Users\majd9\OneDrive\Desktop\tizahab_project1\tizahab-web\accounts\views.py", line 280, in get
    preferences, _ = UserPreferences.objects.get_or_create(user=user)
                     ~~~~~~~~~~~~~~~~~~~~~~~~~~~~~~~~~~~~~^^^^^^^^^^^
  File "C:\Users\majd9\OneDrive\Desktop\tizahab_project1\tizahab-web\.venv\Lib\site-packages\django\db\models\manager.py", line 87, in manager_method
    return getattr(self.get_queryset(), name)(*args, **kwargs)
           ~~~~~~~~~~~~~~~~~~~~~~~~~~~~~~~~~~^^^^^^^^^^^^^^^^^
  File "C:\Users\majd9\OneDrive\Desktop\tizahab_project1\tizahab-web\.venv\Lib\site-packages\django\db\models\query.py", line 987, in get_or_create
    return self.get(**kwargs), False
           ~~~~~~~~^^^^^^^^^^
  File "C:\Users\majd9\OneDrive\Desktop\tizahab_project1\tizahab-web\.venv\Lib\site-packages\django\db\models\query.py", line 635, in get
    num = len(clone)
  File "C:\Users\majd9\OneDrive\Desktop\tizahab_project1\tizahab-web\.venv\Lib\site-packages\django\db\models\query.py", line 372, in __len__
    self._fetch_all()
    ~~~~~~~~~~~~~~~^^
  File "C:\Users\majd9\OneDrive\Desktop\tizahab_project1\tizahab-web\.venv\Lib\site-packages\django\db\models\query.py", line 2000, in _fetch_all
    self._result_cache = list(self._iterable_class(self))
                         ~~~~^^^^^^^^^^^^^^^^^^^^^^^^^^^^
  File "C:\Users\majd9\OneDrive\Desktop\tizahab_project1\tizahab-web\.venv\Lib\site-packages\django\db\models\query.py", line 95, in __iter__
    results = compiler.execute_sql(
        chunked_fetch=self.chunked_fetch, chunk_size=self.chunk_size
    )
  File "C:\Users\majd9\OneDrive\Desktop\tizahab_project1\tizahab-web\.venv\Lib\site-packages\django\db\models\sql\compiler.py", line 1624, in execute_sql
    cursor.execute(sql, params)
    ~~~~~~~~~~~~~~^^^^^^^^^^^^^
  File "C:\Users\majd9\OneDrive\Desktop\tizahab_project1\tizahab-web\.venv\Lib\site-packages\django\db\backends\utils.py", line 122, in execute
    return super().execute(sql, params)
           ~~~~~~~~~~~~~~~^^^^^^^^^^^^^
  File "C:\Users\majd9\OneDrive\Desktop\tizahab_project1\tizahab-web\.venv\Lib\site-packages\django\db\backends\utils.py", line 79, in execute
    return self._execute_with_wrappers(
           ~~~~~~~~~~~~~~~~~~~~~~~~~~~^
        sql, params, many=False, executor=self._execute
        ^^^^^^^^^^^^^^^^^^^^^^^^^^^^^^^^^^^^^^^^^^^^^^^
    )
    ^
  File "C:\Users\majd9\OneDrive\Desktop\tizahab_project1\tizahab-web\.venv\Lib\site-packages\django\db\backends\utils.py", line 92, in _execute_with_wrappers
    return executor(sql, params, many, context)
  File "C:\Users\majd9\OneDrive\Desktop\tizahab_project1\tizahab-web\.venv\Lib\site-packages\django\db\backends\utils.py", line 100, in _execute
    with self.db.wrap_database_errors:
         ^^^^^^^^^^^^^^^^^^^^^^^^^^^^
  File "C:\Users\majd9\OneDrive\Desktop\tizahab_project1\tizahab-web\.venv\Lib\site-packages\django\db\utils.py", line 94, in __exit__
    raise dj_exc_value.with_traceback(traceback) from exc_value
  File "C:\Users\majd9\OneDrive\Desktop\tizahab_project1\tizahab-web\.venv\Lib\site-packages\django\db\backends\utils.py", line 105, in _execute
    return self.cursor.execute(sql, params)
           ~~~~~~~~~~~~~~~~~~~^^^^^^^^^^^^^
  File "C:\Users\majd9\OneDrive\Desktop\tizahab_project1\tizahab-web\.venv\Lib\site-packages\django\db\backends\sqlite3\base.py", line 359, in execute
    return super().execute(query, params)
           ~~~~~~~~~~~~~~~^^^^^^^^^^^^^^^
django.db.utils.OperationalError: no such column: accounts_userpreferences.trip_duration
ERROR 2026-04-12 16:00:39 log 5828 14564 "GET /api/auth/me/ HTTP/1.1" 500 185077
ERROR 2026-04-12 16:00:40 log 5828 14564 Internal Server Error: /api/auth/me/
Traceback (most recent call last):
  File "C:\Users\majd9\OneDrive\Desktop\tizahab_project1\tizahab-web\.venv\Lib\site-packages\django\db\backends\utils.py", line 105, in _execute
    return self.cursor.execute(sql, params)
           ~~~~~~~~~~~~~~~~~~~^^^^^^^^^^^^^
  File "C:\Users\majd9\OneDrive\Desktop\tizahab_project1\tizahab-web\.venv\Lib\site-packages\django\db\backends\sqlite3\base.py", line 359, in execute
    return super().execute(query, params)
           ~~~~~~~~~~~~~~~^^^^^^^^^^^^^^^
sqlite3.OperationalError: no such column: accounts_userpreferences.trip_duration

The above exception was the direct cause of the following exception:

Traceback (most recent call last):
  File "C:\Users\majd9\OneDrive\Desktop\tizahab_project1\tizahab-web\.venv\Lib\site-packages\django\core\handlers\exception.py", line 55, in inner
    response = get_response(request)
  File "C:\Users\majd9\OneDrive\Desktop\tizahab_project1\tizahab-web\.venv\Lib\site-packages\django\core\handlers\base.py", line 198, in _get_response
    response = wrapped_callback(request, *callback_args, **callback_kwargs)
  File "C:\Users\majd9\OneDrive\Desktop\tizahab_project1\tizahab-web\.venv\Lib\site-packages\django\views\decorators\csrf.py", line 65, in _view_wrapper
    return view_func(request, *args, **kwargs)
  File "C:\Users\majd9\OneDrive\Desktop\tizahab_project1\tizahab-web\.venv\Lib\site-packages\django\views\generic\base.py", line 106, in view
    return self.dispatch(request, *args, **kwargs)
           ~~~~~~~~~~~~~^^^^^^^^^^^^^^^^^^^^^^^^^^
  File "C:\Users\majd9\OneDrive\Desktop\tizahab_project1\tizahab-web\.venv\Lib\site-packages\rest_framework\views.py", line 515, in dispatch
    response = self.handle_exception(exc)
  File "C:\Users\majd9\OneDrive\Desktop\tizahab_project1\tizahab-web\.venv\Lib\site-packages\rest_framework\views.py", line 475, in handle_exception
    self.raise_uncaught_exception(exc)
    ~~~~~~~~~~~~~~~~~~~~~~~~~~~~~^^^^^
  File "C:\Users\majd9\OneDrive\Desktop\tizahab_project1\tizahab-web\.venv\Lib\site-packages\rest_framework\views.py", line 486, in raise_uncaught_exception
    raise exc
  File "C:\Users\majd9\OneDrive\Desktop\tizahab_project1\tizahab-web\.venv\Lib\site-packages\rest_framework\views.py", line 512, in dispatch
    response = handler(request, *args, **kwargs)
  File "C:\Users\majd9\OneDrive\Desktop\tizahab_project1\tizahab-web\accounts\views.py", line 280, in get
    preferences, _ = UserPreferences.objects.get_or_create(user=user)
                     ~~~~~~~~~~~~~~~~~~~~~~~~~~~~~~~~~~~~~^^^^^^^^^^^
  File "C:\Users\majd9\OneDrive\Desktop\tizahab_project1\tizahab-web\.venv\Lib\site-packages\django\db\models\manager.py", line 87, in manager_method
    return getattr(self.get_queryset(), name)(*args, **kwargs)
           ~~~~~~~~~~~~~~~~~~~~~~~~~~~~~~~~~~^^^^^^^^^^^^^^^^^
  File "C:\Users\majd9\OneDrive\Desktop\tizahab_project1\tizahab-web\.venv\Lib\site-packages\django\db\models\query.py", line 987, in get_or_create
    return self.get(**kwargs), False
           ~~~~~~~~^^^^^^^^^^
  File "C:\Users\majd9\OneDrive\Desktop\tizahab_project1\tizahab-web\.venv\Lib\site-packages\django\db\models\query.py", line 635, in get
    num = len(clone)
  File "C:\Users\majd9\OneDrive\Desktop\tizahab_project1\tizahab-web\.venv\Lib\site-packages\django\db\models\query.py", line 372, in __len__
    self._fetch_all()
    ~~~~~~~~~~~~~~~^^
  File "C:\Users\majd9\OneDrive\Desktop\tizahab_project1\tizahab-web\.venv\Lib\site-packages\django\db\models\query.py", line 2000, in _fetch_all
    self._result_cache = list(self._iterable_class(self))
                         ~~~~^^^^^^^^^^^^^^^^^^^^^^^^^^^^
  File "C:\Users\majd9\OneDrive\Desktop\tizahab_project1\tizahab-web\.venv\Lib\site-packages\django\db\models\query.py", line 95, in __iter__
    results = compiler.execute_sql(
        chunked_fetch=self.chunked_fetch, chunk_size=self.chunk_size
    )
  File "C:\Users\majd9\OneDrive\Desktop\tizahab_project1\tizahab-web\.venv\Lib\site-packages\django\db\models\sql\compiler.py", line 1624, in execute_sql
    cursor.execute(sql, params)
    ~~~~~~~~~~~~~~^^^^^^^^^^^^^
  File "C:\Users\majd9\OneDrive\Desktop\tizahab_project1\tizahab-web\.venv\Lib\site-packages\django\db\backends\utils.py", line 122, in execute
    return super().execute(sql, params)
           ~~~~~~~~~~~~~~~^^^^^^^^^^^^^
  File "C:\Users\majd9\OneDrive\Desktop\tizahab_project1\tizahab-web\.venv\Lib\site-packages\django\db\backends\utils.py", line 79, in execute
    return self._execute_with_wrappers(
           ~~~~~~~~~~~~~~~~~~~~~~~~~~~^
        sql, params, many=False, executor=self._execute
        ^^^^^^^^^^^^^^^^^^^^^^^^^^^^^^^^^^^^^^^^^^^^^^^
    )
    ^
  File "C:\Users\majd9\OneDrive\Desktop\tizahab_project1\tizahab-web\.venv\Lib\site-packages\django\db\backends\utils.py", line 92, in _execute_with_wrappers
    return executor(sql, params, many, context)
  File "C:\Users\majd9\OneDrive\Desktop\tizahab_project1\tizahab-web\.venv\Lib\site-packages\django\db\backends\utils.py", line 100, in _execute
    with self.db.wrap_database_errors:
         ^^^^^^^^^^^^^^^^^^^^^^^^^^^^
  File "C:\Users\majd9\OneDrive\Desktop\tizahab_project1\tizahab-web\.venv\Lib\site-packages\django\db\utils.py", line 94, in __exit__
    raise dj_exc_value.with_traceback(traceback) from exc_value
  File "C:\Users\majd9\OneDrive\Desktop\tizahab_project1\tizahab-web\.venv\Lib\site-packages\django\db\backends\utils.py", line 105, in _execute
    return self.cursor.execute(sql, params)
           ~~~~~~~~~~~~~~~~~~~^^^^^^^^^^^^^
  File "C:\Users\majd9\OneDrive\Desktop\tizahab_project1\tizahab-web\.venv\Lib\site-packages\django\db\backends\sqlite3\base.py", line 359, in execute
    return super().execute(query, params)
           ~~~~~~~~~~~~~~~^^^^^^^^^^^^^^^
django.db.utils.OperationalError: no such column: accounts_userpreferences.trip_duration
ERROR 2026-04-12 16:00:40 log 5828 14564 "GET /api/auth/me/ HTTP/1.1" 500 185084
ERROR 2026-04-12 16:00:40 log 5828 19528 Internal Server Error: /api/auth/me/
Traceback (most recent call last):
  File "C:\Users\majd9\OneDrive\Desktop\tizahab_project1\tizahab-web\.venv\Lib\site-packages\django\db\backends\utils.py", line 105, in _execute
    return self.cursor.execute(sql, params)
           ~~~~~~~~~~~~~~~~~~~^^^^^^^^^^^^^
  File "C:\Users\majd9\OneDrive\Desktop\tizahab_project1\tizahab-web\.venv\Lib\site-packages\django\db\backends\sqlite3\base.py", line 359, in execute
    return super().execute(query, params)
           ~~~~~~~~~~~~~~~^^^^^^^^^^^^^^^
sqlite3.OperationalError: no such column: accounts_userpreferences.trip_duration

The above exception was the direct cause of the following exception:

Traceback (most recent call last):
  File "C:\Users\majd9\OneDrive\Desktop\tizahab_project1\tizahab-web\.venv\Lib\site-packages\django\core\handlers\exception.py", line 55, in inner
    response = get_response(request)
  File "C:\Users\majd9\OneDrive\Desktop\tizahab_project1\tizahab-web\.venv\Lib\site-packages\django\core\handlers\base.py", line 198, in _get_response
    response = wrapped_callback(request, *callback_args, **callback_kwargs)
  File "C:\Users\majd9\OneDrive\Desktop\tizahab_project1\tizahab-web\.venv\Lib\site-packages\django\views\decorators\csrf.py", line 65, in _view_wrapper
    return view_func(request, *args, **kwargs)
  File "C:\Users\majd9\OneDrive\Desktop\tizahab_project1\tizahab-web\.venv\Lib\site-packages\django\views\generic\base.py", line 106, in view
    return self.dispatch(request, *args, **kwargs)
           ~~~~~~~~~~~~~^^^^^^^^^^^^^^^^^^^^^^^^^^
  File "C:\Users\majd9\OneDrive\Desktop\tizahab_project1\tizahab-web\.venv\Lib\site-packages\rest_framework\views.py", line 515, in dispatch
    response = self.handle_exception(exc)
  File "C:\Users\majd9\OneDrive\Desktop\tizahab_project1\tizahab-web\.venv\Lib\site-packages\rest_framework\views.py", line 475, in handle_exception
    self.raise_uncaught_exception(exc)
    ~~~~~~~~~~~~~~~~~~~~~~~~~~~~~^^^^^
  File "C:\Users\majd9\OneDrive\Desktop\tizahab_project1\tizahab-web\.venv\Lib\site-packages\rest_framework\views.py", line 486, in raise_uncaught_exception
    raise exc
  File "C:\Users\majd9\OneDrive\Desktop\tizahab_project1\tizahab-web\.venv\Lib\site-packages\rest_framework\views.py", line 512, in dispatch
    response = handler(request, *args, **kwargs)
  File "C:\Users\majd9\OneDrive\Desktop\tizahab_project1\tizahab-web\accounts\views.py", line 280, in get
    preferences, _ = UserPreferences.objects.get_or_create(user=user)
                     ~~~~~~~~~~~~~~~~~~~~~~~~~~~~~~~~~~~~~^^^^^^^^^^^
  File "C:\Users\majd9\OneDrive\Desktop\tizahab_project1\tizahab-web\.venv\Lib\site-packages\django\db\models\manager.py", line 87, in manager_method
    return getattr(self.get_queryset(), name)(*args, **kwargs)
           ~~~~~~~~~~~~~~~~~~~~~~~~~~~~~~~~~~^^^^^^^^^^^^^^^^^
  File "C:\Users\majd9\OneDrive\Desktop\tizahab_project1\tizahab-web\.venv\Lib\site-packages\django\db\models\query.py", line 987, in get_or_create
    return self.get(**kwargs), False
           ~~~~~~~~^^^^^^^^^^
  File "C:\Users\majd9\OneDrive\Desktop\tizahab_project1\tizahab-web\.venv\Lib\site-packages\django\db\models\query.py", line 635, in get
    num = len(clone)
  File "C:\Users\majd9\OneDrive\Desktop\tizahab_project1\tizahab-web\.venv\Lib\site-packages\django\db\models\query.py", line 372, in __len__
    self._fetch_all()
    ~~~~~~~~~~~~~~~^^
  File "C:\Users\majd9\OneDrive\Desktop\tizahab_project1\tizahab-web\.venv\Lib\site-packages\django\db\models\query.py", line 2000, in _fetch_all
    self._result_cache = list(self._iterable_class(self))
                         ~~~~^^^^^^^^^^^^^^^^^^^^^^^^^^^^
  File "C:\Users\majd9\OneDrive\Desktop\tizahab_project1\tizahab-web\.venv\Lib\site-packages\django\db\models\query.py", line 95, in __iter__
    results = compiler.execute_sql(
        chunked_fetch=self.chunked_fetch, chunk_size=self.chunk_size
    )
  File "C:\Users\majd9\OneDrive\Desktop\tizahab_project1\tizahab-web\.venv\Lib\site-packages\django\db\models\sql\compiler.py", line 1624, in execute_sql
    cursor.execute(sql, params)
    ~~~~~~~~~~~~~~^^^^^^^^^^^^^
  File "C:\Users\majd9\OneDrive\Desktop\tizahab_project1\tizahab-web\.venv\Lib\site-packages\django\db\backends\utils.py", line 122, in execute
    return super().execute(sql, params)
           ~~~~~~~~~~~~~~~^^^^^^^^^^^^^
  File "C:\Users\majd9\OneDrive\Desktop\tizahab_project1\tizahab-web\.venv\Lib\site-packages\django\db\backends\utils.py", line 79, in execute
    return self._execute_with_wrappers(
           ~~~~~~~~~~~~~~~~~~~~~~~~~~~^
        sql, params, many=False, executor=self._execute
        ^^^^^^^^^^^^^^^^^^^^^^^^^^^^^^^^^^^^^^^^^^^^^^^
    )
    ^
  File "C:\Users\majd9\OneDrive\Desktop\tizahab_project1\tizahab-web\.venv\Lib\site-packages\django\db\backends\utils.py", line 92, in _execute_with_wrappers
    return executor(sql, params, many, context)
  File "C:\Users\majd9\OneDrive\Desktop\tizahab_project1\tizahab-web\.venv\Lib\site-packages\django\db\backends\utils.py", line 100, in _execute
    with self.db.wrap_database_errors:
         ^^^^^^^^^^^^^^^^^^^^^^^^^^^^
  File "C:\Users\majd9\OneDrive\Desktop\tizahab_project1\tizahab-web\.venv\Lib\site-packages\django\db\utils.py", line 94, in __exit__
    raise dj_exc_value.with_traceback(traceback) from exc_value
  File "C:\Users\majd9\OneDrive\Desktop\tizahab_project1\tizahab-web\.venv\Lib\site-packages\django\db\backends\utils.py", line 105, in _execute
    return self.cursor.execute(sql, params)
           ~~~~~~~~~~~~~~~~~~~^^^^^^^^^^^^^
  File "C:\Users\majd9\OneDrive\Desktop\tizahab_project1\tizahab-web\.venv\Lib\site-packages\django\db\backends\sqlite3\base.py", line 359, in execute
    return super().execute(query, params)
           ~~~~~~~~~~~~~~~^^^^^^^^^^^^^^^
django.db.utils.OperationalError: no such column: accounts_userpreferences.trip_duration
ERROR 2026-04-12 16:00:40 log 5828 19528 "GET /api/auth/me/ HTTP/1.1" 500 185084
ERROR 2026-04-12 16:00:42 log 5828 19528 Internal Server Error: /api/auth/me/
Traceback (most recent call last):
  File "C:\Users\majd9\OneDrive\Desktop\tizahab_project1\tizahab-web\.venv\Lib\site-packages\django\db\backends\utils.py", line 105, in _execute
    return self.cursor.execute(sql, params)
           ~~~~~~~~~~~~~~~~~~~^^^^^^^^^^^^^
  File "C:\Users\majd9\OneDrive\Desktop\tizahab_project1\tizahab-web\.venv\Lib\site-packages\django\db\backends\sqlite3\base.py", line 359, in execute
    return super().execute(query, params)
           ~~~~~~~~~~~~~~~^^^^^^^^^^^^^^^
sqlite3.OperationalError: no such column: accounts_userpreferences.trip_duration

The above exception was the direct cause of the following exception:

Traceback (most recent call last):
  File "C:\Users\majd9\OneDrive\Desktop\tizahab_project1\tizahab-web\.venv\Lib\site-packages\django\core\handlers\exception.py", line 55, in inner
    response = get_response(request)
  File "C:\Users\majd9\OneDrive\Desktop\tizahab_project1\tizahab-web\.venv\Lib\site-packages\django\core\handlers\base.py", line 198, in _get_response
    response = wrapped_callback(request, *callback_args, **callback_kwargs)
  File "C:\Users\majd9\OneDrive\Desktop\tizahab_project1\tizahab-web\.venv\Lib\site-packages\django\views\decorators\csrf.py", line 65, in _view_wrapper
    return view_func(request, *args, **kwargs)
  File "C:\Users\majd9\OneDrive\Desktop\tizahab_project1\tizahab-web\.venv\Lib\site-packages\django\views\generic\base.py", line 106, in view
    return self.dispatch(request, *args, **kwargs)
           ~~~~~~~~~~~~~^^^^^^^^^^^^^^^^^^^^^^^^^^
  File "C:\Users\majd9\OneDrive\Desktop\tizahab_project1\tizahab-web\.venv\Lib\site-packages\rest_framework\views.py", line 515, in dispatch
    response = self.handle_exception(exc)
  File "C:\Users\majd9\OneDrive\Desktop\tizahab_project1\tizahab-web\.venv\Lib\site-packages\rest_framework\views.py", line 475, in handle_exception
    self.raise_uncaught_exception(exc)
    ~~~~~~~~~~~~~~~~~~~~~~~~~~~~~^^^^^
  File "C:\Users\majd9\OneDrive\Desktop\tizahab_project1\tizahab-web\.venv\Lib\site-packages\rest_framework\views.py", line 486, in raise_uncaught_exception
    raise exc
  File "C:\Users\majd9\OneDrive\Desktop\tizahab_project1\tizahab-web\.venv\Lib\site-packages\rest_framework\views.py", line 512, in dispatch
    response = handler(request, *args, **kwargs)
  File "C:\Users\majd9\OneDrive\Desktop\tizahab_project1\tizahab-web\accounts\views.py", line 280, in get
    preferences, _ = UserPreferences.objects.get_or_create(user=user)
                     ~~~~~~~~~~~~~~~~~~~~~~~~~~~~~~~~~~~~~^^^^^^^^^^^
  File "C:\Users\majd9\OneDrive\Desktop\tizahab_project1\tizahab-web\.venv\Lib\site-packages\django\db\models\manager.py", line 87, in manager_method
    return getattr(self.get_queryset(), name)(*args, **kwargs)
           ~~~~~~~~~~~~~~~~~~~~~~~~~~~~~~~~~~^^^^^^^^^^^^^^^^^
  File "C:\Users\majd9\OneDrive\Desktop\tizahab_project1\tizahab-web\.venv\Lib\site-packages\django\db\models\query.py", line 987, in get_or_create
    return self.get(**kwargs), False
           ~~~~~~~~^^^^^^^^^^
  File "C:\Users\majd9\OneDrive\Desktop\tizahab_project1\tizahab-web\.venv\Lib\site-packages\django\db\models\query.py", line 635, in get
    num = len(clone)
  File "C:\Users\majd9\OneDrive\Desktop\tizahab_project1\tizahab-web\.venv\Lib\site-packages\django\db\models\query.py", line 372, in __len__
    self._fetch_all()
    ~~~~~~~~~~~~~~~^^
  File "C:\Users\majd9\OneDrive\Desktop\tizahab_project1\tizahab-web\.venv\Lib\site-packages\django\db\models\query.py", line 2000, in _fetch_all
    self._result_cache = list(self._iterable_class(self))
                         ~~~~^^^^^^^^^^^^^^^^^^^^^^^^^^^^
  File "C:\Users\majd9\OneDrive\Desktop\tizahab_project1\tizahab-web\.venv\Lib\site-packages\django\db\models\query.py", line 95, in __iter__
    results = compiler.execute_sql(
        chunked_fetch=self.chunked_fetch, chunk_size=self.chunk_size
    )
  File "C:\Users\majd9\OneDrive\Desktop\tizahab_project1\tizahab-web\.venv\Lib\site-packages\django\db\models\sql\compiler.py", line 1624, in execute_sql
    cursor.execute(sql, params)
    ~~~~~~~~~~~~~~^^^^^^^^^^^^^
  File "C:\Users\majd9\OneDrive\Desktop\tizahab_project1\tizahab-web\.venv\Lib\site-packages\django\db\backends\utils.py", line 122, in execute
    return super().execute(sql, params)
           ~~~~~~~~~~~~~~~^^^^^^^^^^^^^
  File "C:\Users\majd9\OneDrive\Desktop\tizahab_project1\tizahab-web\.venv\Lib\site-packages\django\db\backends\utils.py", line 79, in execute
    return self._execute_with_wrappers(
           ~~~~~~~~~~~~~~~~~~~~~~~~~~~^
        sql, params, many=False, executor=self._execute
        ^^^^^^^^^^^^^^^^^^^^^^^^^^^^^^^^^^^^^^^^^^^^^^^
    )
    ^
  File "C:\Users\majd9\OneDrive\Desktop\tizahab_project1\tizahab-web\.venv\Lib\site-packages\django\db\backends\utils.py", line 92, in _execute_with_wrappers
    return executor(sql, params, many, context)
  File "C:\Users\majd9\OneDrive\Desktop\tizahab_project1\tizahab-web\.venv\Lib\site-packages\django\db\backends\utils.py", line 100, in _execute
    with self.db.wrap_database_errors:
         ^^^^^^^^^^^^^^^^^^^^^^^^^^^^
  File "C:\Users\majd9\OneDrive\Desktop\tizahab_project1\tizahab-web\.venv\Lib\site-packages\django\db\utils.py", line 94, in __exit__
    raise dj_exc_value.with_traceback(traceback) from exc_value
  File "C:\Users\majd9\OneDrive\Desktop\tizahab_project1\tizahab-web\.venv\Lib\site-packages\django\db\backends\utils.py", line 105, in _execute
    return self.cursor.execute(sql, params)
           ~~~~~~~~~~~~~~~~~~~^^^^^^^^^^^^^
  File "C:\Users\majd9\OneDrive\Desktop\tizahab_project1\tizahab-web\.venv\Lib\site-packages\django\db\backends\sqlite3\base.py", line 359, in execute
    return super().execute(query, params)
           ~~~~~~~~~~~~~~~^^^^^^^^^^^^^^^
django.db.utils.OperationalError: no such column: accounts_userpreferences.trip_duration
ERROR 2026-04-12 16:00:42 log 5828 19528 "GET /api/auth/me/ HTTP/1.1" 500 185084
ERROR 2026-04-12 16:00:42 views 5828 19528 Unexpected error generating multi-day plan for user 10: no such column: accounts_userpreferences.trip_duration
Traceback (most recent call last):
  File "C:\Users\majd9\OneDrive\Desktop\tizahab_project1\tizahab-web\.venv\Lib\site-packages\django\db\backends\utils.py", line 105, in _execute
    return self.cursor.execute(sql, params)
           ~~~~~~~~~~~~~~~~~~~^^^^^^^^^^^^^
  File "C:\Users\majd9\OneDrive\Desktop\tizahab_project1\tizahab-web\.venv\Lib\site-packages\django\db\backends\sqlite3\base.py", line 359, in execute
    return super().execute(query, params)
           ~~~~~~~~~~~~~~~^^^^^^^^^^^^^^^
sqlite3.OperationalError: no such column: accounts_userpreferences.trip_duration

The above exception was the direct cause of the following exception:

Traceback (most recent call last):
  File "C:\Users\majd9\OneDrive\Desktop\tizahab_project1\tizahab-web\daily_plan\views.py", line 194, in post
    generated_days = generate_multiday_plan(user, start_date_str)
  File "C:\Users\majd9\OneDrive\Desktop\tizahab_project1\tizahab-web\daily_plan\services.py", line 250, in generate_multiday_plan
    preferences = UserPreferences.objects.filter(user=user).first()
  File "C:\Users\majd9\OneDrive\Desktop\tizahab_project1\tizahab-web\.venv\Lib\site-packages\django\db\models\query.py", line 1145, in first
    for obj in queryset[:1]:
               ~~~~~~~~^^^^
  File "C:\Users\majd9\OneDrive\Desktop\tizahab_project1\tizahab-web\.venv\Lib\site-packages\django\db\models\query.py", line 390, in __iter__
    self._fetch_all()
    ~~~~~~~~~~~~~~~^^
  File "C:\Users\majd9\OneDrive\Desktop\tizahab_project1\tizahab-web\.venv\Lib\site-packages\django\db\models\query.py", line 2000, in _fetch_all
    self._result_cache = list(self._iterable_class(self))
                         ~~~~^^^^^^^^^^^^^^^^^^^^^^^^^^^^
  File "C:\Users\majd9\OneDrive\Desktop\tizahab_project1\tizahab-web\.venv\Lib\site-packages\django\db\models\query.py", line 95, in __iter__
    results = compiler.execute_sql(
        chunked_fetch=self.chunked_fetch, chunk_size=self.chunk_size
    )
  File "C:\Users\majd9\OneDrive\Desktop\tizahab_project1\tizahab-web\.venv\Lib\site-packages\django\db\models\sql\compiler.py", line 1624, in execute_sql
    cursor.execute(sql, params)
    ~~~~~~~~~~~~~~^^^^^^^^^^^^^
  File "C:\Users\majd9\OneDrive\Desktop\tizahab_project1\tizahab-web\.venv\Lib\site-packages\django\db\backends\utils.py", line 122, in execute
    return super().execute(sql, params)
           ~~~~~~~~~~~~~~~^^^^^^^^^^^^^
  File "C:\Users\majd9\OneDrive\Desktop\tizahab_project1\tizahab-web\.venv\Lib\site-packages\django\db\backends\utils.py", line 79, in execute
    return self._execute_with_wrappers(
           ~~~~~~~~~~~~~~~~~~~~~~~~~~~^
        sql, params, many=False, executor=self._execute
        ^^^^^^^^^^^^^^^^^^^^^^^^^^^^^^^^^^^^^^^^^^^^^^^
    )
    ^
  File "C:\Users\majd9\OneDrive\Desktop\tizahab_project1\tizahab-web\.venv\Lib\site-packages\django\db\backends\utils.py", line 92, in _execute_with_wrappers
    return executor(sql, params, many, context)
  File "C:\Users\majd9\OneDrive\Desktop\tizahab_project1\tizahab-web\.venv\Lib\site-packages\django\db\backends\utils.py", line 100, in _execute
    with self.db.wrap_database_errors:
         ^^^^^^^^^^^^^^^^^^^^^^^^^^^^
  File "C:\Users\majd9\OneDrive\Desktop\tizahab_project1\tizahab-web\.venv\Lib\site-packages\django\db\utils.py", line 94, in __exit__
    raise dj_exc_value.with_traceback(traceback) from exc_value
  File "C:\Users\majd9\OneDrive\Desktop\tizahab_project1\tizahab-web\.venv\Lib\site-packages\django\db\backends\utils.py", line 105, in _execute
    return self.cursor.execute(sql, params)
           ~~~~~~~~~~~~~~~~~~~^^^^^^^^^^^^^
  File "C:\Users\majd9\OneDrive\Desktop\tizahab_project1\tizahab-web\.venv\Lib\site-packages\django\db\backends\sqlite3\base.py", line 359, in execute
    return super().execute(query, params)
           ~~~~~~~~~~~~~~~^^^^^^^^^^^^^^^
django.db.utils.OperationalError: no such column: accounts_userpreferences.trip_duration
ERROR 2026-04-12 16:00:42 log 5828 19528 Internal Server Error: /api/daily-plan/generate-multiday/
ERROR 2026-04-12 16:00:42 log 5828 19528 "POST /api/daily-plan/generate-multiday/ HTTP/1.1" 500 52
ERROR 2026-04-12 16:00:45 log 5828 14564 Internal Server Error: /api/auth/preferences/
Traceback (most recent call last):
  File "C:\Users\majd9\OneDrive\Desktop\tizahab_project1\tizahab-web\.venv\Lib\site-packages\django\db\backends\utils.py", line 105, in _execute
    return self.cursor.execute(sql, params)
           ~~~~~~~~~~~~~~~~~~~^^^^^^^^^^^^^
  File "C:\Users\majd9\OneDrive\Desktop\tizahab_project1\tizahab-web\.venv\Lib\site-packages\django\db\backends\sqlite3\base.py", line 359, in execute
    return super().execute(query, params)
           ~~~~~~~~~~~~~~~^^^^^^^^^^^^^^^
sqlite3.OperationalError: no such column: accounts_userpreferences.trip_duration

The above exception was the direct cause of the following exception:

Traceback (most recent call last):
  File "C:\Users\majd9\OneDrive\Desktop\tizahab_project1\tizahab-web\.venv\Lib\site-packages\django\core\handlers\exception.py", line 55, in inner
    response = get_response(request)
  File "C:\Users\majd9\OneDrive\Desktop\tizahab_project1\tizahab-web\.venv\Lib\site-packages\django\core\handlers\base.py", line 198, in _get_response
    response = wrapped_callback(request, *callback_args, **callback_kwargs)
  File "C:\Users\majd9\OneDrive\Desktop\tizahab_project1\tizahab-web\.venv\Lib\site-packages\django\views\decorators\csrf.py", line 65, in _view_wrapper
    return view_func(request, *args, **kwargs)
  File "C:\Users\majd9\OneDrive\Desktop\tizahab_project1\tizahab-web\.venv\Lib\site-packages\django\views\generic\base.py", line 106, in view
    return self.dispatch(request, *args, **kwargs)
           ~~~~~~~~~~~~~^^^^^^^^^^^^^^^^^^^^^^^^^^
  File "C:\Users\majd9\OneDrive\Desktop\tizahab_project1\tizahab-web\.venv\Lib\site-packages\rest_framework\views.py", line 515, in dispatch
    response = self.handle_exception(exc)
  File "C:\Users\majd9\OneDrive\Desktop\tizahab_project1\tizahab-web\.venv\Lib\site-packages\rest_framework\views.py", line 475, in handle_exception
    self.raise_uncaught_exception(exc)
    ~~~~~~~~~~~~~~~~~~~~~~~~~~~~~^^^^^
  File "C:\Users\majd9\OneDrive\Desktop\tizahab_project1\tizahab-web\.venv\Lib\site-packages\rest_framework\views.py", line 486, in raise_uncaught_exception
    raise exc
  File "C:\Users\majd9\OneDrive\Desktop\tizahab_project1\tizahab-web\.venv\Lib\site-packages\rest_framework\views.py", line 512, in dispatch
    response = handler(request, *args, **kwargs)
  File "C:\Users\majd9\OneDrive\Desktop\tizahab_project1\tizahab-web\accounts\views.py", line 253, in get
    preferences, _ = UserPreferences.objects.get_or_create(user=request.user)
                     ~~~~~~~~~~~~~~~~~~~~~~~~~~~~~~~~~~~~~^^^^^^^^^^^^^^^^^^^
  File "C:\Users\majd9\OneDrive\Desktop\tizahab_project1\tizahab-web\.venv\Lib\site-packages\django\db\models\manager.py", line 87, in manager_method
    return getattr(self.get_queryset(), name)(*args, **kwargs)
           ~~~~~~~~~~~~~~~~~~~~~~~~~~~~~~~~~~^^^^^^^^^^^^^^^^^
  File "C:\Users\majd9\OneDrive\Desktop\tizahab_project1\tizahab-web\.venv\Lib\site-packages\django\db\models\query.py", line 987, in get_or_create
    return self.get(**kwargs), False
           ~~~~~~~~^^^^^^^^^^
  File "C:\Users\majd9\OneDrive\Desktop\tizahab_project1\tizahab-web\.venv\Lib\site-packages\django\db\models\query.py", line 635, in get
    num = len(clone)
  File "C:\Users\majd9\OneDrive\Desktop\tizahab_project1\tizahab-web\.venv\Lib\site-packages\django\db\models\query.py", line 372, in __len__
    self._fetch_all()
    ~~~~~~~~~~~~~~~^^
  File "C:\Users\majd9\OneDrive\Desktop\tizahab_project1\tizahab-web\.venv\Lib\site-packages\django\db\models\query.py", line 2000, in _fetch_all
    self._result_cache = list(self._iterable_class(self))
                         ~~~~^^^^^^^^^^^^^^^^^^^^^^^^^^^^
  File "C:\Users\majd9\OneDrive\Desktop\tizahab_project1\tizahab-web\.venv\Lib\site-packages\django\db\models\query.py", line 95, in __iter__
    results = compiler.execute_sql(
        chunked_fetch=self.chunked_fetch, chunk_size=self.chunk_size
    )
  File "C:\Users\majd9\OneDrive\Desktop\tizahab_project1\tizahab-web\.venv\Lib\site-packages\django\db\models\sql\compiler.py", line 1624, in execute_sql
    cursor.execute(sql, params)
    ~~~~~~~~~~~~~~^^^^^^^^^^^^^
  File "C:\Users\majd9\OneDrive\Desktop\tizahab_project1\tizahab-web\.venv\Lib\site-packages\django\db\backends\utils.py", line 122, in execute
    return super().execute(sql, params)
           ~~~~~~~~~~~~~~~^^^^^^^^^^^^^
  File "C:\Users\majd9\OneDrive\Desktop\tizahab_project1\tizahab-web\.venv\Lib\site-packages\django\db\backends\utils.py", line 79, in execute
    return self._execute_with_wrappers(
           ~~~~~~~~~~~~~~~~~~~~~~~~~~~^
        sql, params, many=False, executor=self._execute
        ^^^^^^^^^^^^^^^^^^^^^^^^^^^^^^^^^^^^^^^^^^^^^^^
    )
    ^
  File "C:\Users\majd9\OneDrive\Desktop\tizahab_project1\tizahab-web\.venv\Lib\site-packages\django\db\backends\utils.py", line 92, in _execute_with_wrappers
    return executor(sql, params, many, context)
  File "C:\Users\majd9\OneDrive\Desktop\tizahab_project1\tizahab-web\.venv\Lib\site-packages\django\db\backends\utils.py", line 100, in _execute
    with self.db.wrap_database_errors:
         ^^^^^^^^^^^^^^^^^^^^^^^^^^^^
  File "C:\Users\majd9\OneDrive\Desktop\tizahab_project1\tizahab-web\.venv\Lib\site-packages\django\db\utils.py", line 94, in __exit__
    raise dj_exc_value.with_traceback(traceback) from exc_value
  File "C:\Users\majd9\OneDrive\Desktop\tizahab_project1\tizahab-web\.venv\Lib\site-packages\django\db\backends\utils.py", line 105, in _execute
    return self.cursor.execute(sql, params)
           ~~~~~~~~~~~~~~~~~~~^^^^^^^^^^^^^
  File "C:\Users\majd9\OneDrive\Desktop\tizahab_project1\tizahab-web\.venv\Lib\site-packages\django\db\backends\sqlite3\base.py", line 359, in execute
    return super().execute(query, params)
           ~~~~~~~~~~~~~~~^^^^^^^^^^^^^^^
django.db.utils.OperationalError: no such column: accounts_userpreferences.trip_duration
ERROR 2026-04-12 16:00:45 log 5828 19528 Internal Server Error: /api/auth/me/
Traceback (most recent call last):
  File "C:\Users\majd9\OneDrive\Desktop\tizahab_project1\tizahab-web\.venv\Lib\site-packages\django\db\backends\utils.py", line 105, in _execute
    return self.cursor.execute(sql, params)
           ~~~~~~~~~~~~~~~~~~~^^^^^^^^^^^^^
  File "C:\Users\majd9\OneDrive\Desktop\tizahab_project1\tizahab-web\.venv\Lib\site-packages\django\db\backends\sqlite3\base.py", line 359, in execute
    return super().execute(query, params)
           ~~~~~~~~~~~~~~~^^^^^^^^^^^^^^^
sqlite3.OperationalError: no such column: accounts_userpreferences.trip_duration

The above exception was the direct cause of the following exception:

Traceback (most recent call last):
  File "C:\Users\majd9\OneDrive\Desktop\tizahab_project1\tizahab-web\.venv\Lib\site-packages\django\core\handlers\exception.py", line 55, in inner
    response = get_response(request)
  File "C:\Users\majd9\OneDrive\Desktop\tizahab_project1\tizahab-web\.venv\Lib\site-packages\django\core\handlers\base.py", line 198, in _get_response
    response = wrapped_callback(request, *callback_args, **callback_kwargs)
  File "C:\Users\majd9\OneDrive\Desktop\tizahab_project1\tizahab-web\.venv\Lib\site-packages\django\views\decorators\csrf.py", line 65, in _view_wrapper
    return view_func(request, *args, **kwargs)
  File "C:\Users\majd9\OneDrive\Desktop\tizahab_project1\tizahab-web\.venv\Lib\site-packages\django\views\generic\base.py", line 106, in view
    return self.dispatch(request, *args, **kwargs)
           ~~~~~~~~~~~~~^^^^^^^^^^^^^^^^^^^^^^^^^^
  File "C:\Users\majd9\OneDrive\Desktop\tizahab_project1\tizahab-web\.venv\Lib\site-packages\rest_framework\views.py", line 515, in dispatch
    response = self.handle_exception(exc)
  File "C:\Users\majd9\OneDrive\Desktop\tizahab_project1\tizahab-web\.venv\Lib\site-packages\rest_framework\views.py", line 475, in handle_exception
    self.raise_uncaught_exception(exc)
    ~~~~~~~~~~~~~~~~~~~~~~~~~~~~~^^^^^
  File "C:\Users\majd9\OneDrive\Desktop\tizahab_project1\tizahab-web\.venv\Lib\site-packages\rest_framework\views.py", line 486, in raise_uncaught_exception
    raise exc
  File "C:\Users\majd9\OneDrive\Desktop\tizahab_project1\tizahab-web\.venv\Lib\site-packages\rest_framework\views.py", line 512, in dispatch
    response = handler(request, *args, **kwargs)
  File "C:\Users\majd9\OneDrive\Desktop\tizahab_project1\tizahab-web\accounts\views.py", line 280, in get
    preferences, _ = UserPreferences.objects.get_or_create(user=user)
                     ~~~~~~~~~~~~~~~~~~~~~~~~~~~~~~~~~~~~~^^^^^^^^^^^
  File "C:\Users\majd9\OneDrive\Desktop\tizahab_project1\tizahab-web\.venv\Lib\site-packages\django\db\models\manager.py", line 87, in manager_method
    return getattr(self.get_queryset(), name)(*args, **kwargs)
           ~~~~~~~~~~~~~~~~~~~~~~~~~~~~~~~~~~^^^^^^^^^^^^^^^^^
  File "C:\Users\majd9\OneDrive\Desktop\tizahab_project1\tizahab-web\.venv\Lib\site-packages\django\db\models\query.py", line 987, in get_or_create
    return self.get(**kwargs), False
           ~~~~~~~~^^^^^^^^^^
  File "C:\Users\majd9\OneDrive\Desktop\tizahab_project1\tizahab-web\.venv\Lib\site-packages\django\db\models\query.py", line 635, in get
    num = len(clone)
  File "C:\Users\majd9\OneDrive\Desktop\tizahab_project1\tizahab-web\.venv\Lib\site-packages\django\db\models\query.py", line 372, in __len__
    self._fetch_all()
    ~~~~~~~~~~~~~~~^^
  File "C:\Users\majd9\OneDrive\Desktop\tizahab_project1\tizahab-web\.venv\Lib\site-packages\django\db\models\query.py", line 2000, in _fetch_all
    self._result_cache = list(self._iterable_class(self))
                         ~~~~^^^^^^^^^^^^^^^^^^^^^^^^^^^^
  File "C:\Users\majd9\OneDrive\Desktop\tizahab_project1\tizahab-web\.venv\Lib\site-packages\django\db\models\query.py", line 95, in __iter__
    results = compiler.execute_sql(
        chunked_fetch=self.chunked_fetch, chunk_size=self.chunk_size
    )
  File "C:\Users\majd9\OneDrive\Desktop\tizahab_project1\tizahab-web\.venv\Lib\site-packages\django\db\models\sql\compiler.py", line 1624, in execute_sql
    cursor.execute(sql, params)
    ~~~~~~~~~~~~~~^^^^^^^^^^^^^
  File "C:\Users\majd9\OneDrive\Desktop\tizahab_project1\tizahab-web\.venv\Lib\site-packages\django\db\backends\utils.py", line 122, in execute
    return super().execute(sql, params)
           ~~~~~~~~~~~~~~~^^^^^^^^^^^^^
  File "C:\Users\majd9\OneDrive\Desktop\tizahab_project1\tizahab-web\.venv\Lib\site-packages\django\db\backends\utils.py", line 79, in execute
    return self._execute_with_wrappers(
           ~~~~~~~~~~~~~~~~~~~~~~~~~~~^
        sql, params, many=False, executor=self._execute
        ^^^^^^^^^^^^^^^^^^^^^^^^^^^^^^^^^^^^^^^^^^^^^^^
    )
    ^
  File "C:\Users\majd9\OneDrive\Desktop\tizahab_project1\tizahab-web\.venv\Lib\site-packages\django\db\backends\utils.py", line 92, in _execute_with_wrappers
    return executor(sql, params, many, context)
  File "C:\Users\majd9\OneDrive\Desktop\tizahab_project1\tizahab-web\.venv\Lib\site-packages\django\db\backends\utils.py", line 100, in _execute
    with self.db.wrap_database_errors:
         ^^^^^^^^^^^^^^^^^^^^^^^^^^^^
  File "C:\Users\majd9\OneDrive\Desktop\tizahab_project1\tizahab-web\.venv\Lib\site-packages\django\db\utils.py", line 94, in __exit__
    raise dj_exc_value.with_traceback(traceback) from exc_value
  File "C:\Users\majd9\OneDrive\Desktop\tizahab_project1\tizahab-web\.venv\Lib\site-packages\django\db\backends\utils.py", line 105, in _execute
    return self.cursor.execute(sql, params)
           ~~~~~~~~~~~~~~~~~~~^^^^^^^^^^^^^
  File "C:\Users\majd9\OneDrive\Desktop\tizahab_project1\tizahab-web\.venv\Lib\site-packages\django\db\backends\sqlite3\base.py", line 359, in execute
    return super().execute(query, params)
           ~~~~~~~~~~~~~~~^^^^^^^^^^^^^^^
django.db.utils.OperationalError: no such column: accounts_userpreferences.trip_duration
ERROR 2026-04-12 16:00:45 log 5828 14564 "GET /api/auth/preferences/ HTTP/1.1" 500 185098
ERROR 2026-04-12 16:00:45 log 5828 19528 "GET /api/auth/me/ HTTP/1.1" 500 185081
ERROR 2026-04-12 16:00:45 log 5828 14564 Internal Server Error: /api/auth/me/
Traceback (most recent call last):
  File "C:\Users\majd9\OneDrive\Desktop\tizahab_project1\tizahab-web\.venv\Lib\site-packages\django\db\backends\utils.py", line 105, in _execute
    return self.cursor.execute(sql, params)
           ~~~~~~~~~~~~~~~~~~~^^^^^^^^^^^^^
  File "C:\Users\majd9\OneDrive\Desktop\tizahab_project1\tizahab-web\.venv\Lib\site-packages\django\db\backends\sqlite3\base.py", line 359, in execute
    return super().execute(query, params)
           ~~~~~~~~~~~~~~~^^^^^^^^^^^^^^^
sqlite3.OperationalError: no such column: accounts_userpreferences.trip_duration

The above exception was the direct cause of the following exception:

Traceback (most recent call last):
  File "C:\Users\majd9\OneDrive\Desktop\tizahab_project1\tizahab-web\.venv\Lib\site-packages\django\core\handlers\exception.py", line 55, in inner
    response = get_response(request)
  File "C:\Users\majd9\OneDrive\Desktop\tizahab_project1\tizahab-web\.venv\Lib\site-packages\django\core\handlers\base.py", line 198, in _get_response
    response = wrapped_callback(request, *callback_args, **callback_kwargs)
  File "C:\Users\majd9\OneDrive\Desktop\tizahab_project1\tizahab-web\.venv\Lib\site-packages\django\views\decorators\csrf.py", line 65, in _view_wrapper
    return view_func(request, *args, **kwargs)
  File "C:\Users\majd9\OneDrive\Desktop\tizahab_project1\tizahab-web\.venv\Lib\site-packages\django\views\generic\base.py", line 106, in view
    return self.dispatch(request, *args, **kwargs)
           ~~~~~~~~~~~~~^^^^^^^^^^^^^^^^^^^^^^^^^^
  File "C:\Users\majd9\OneDrive\Desktop\tizahab_project1\tizahab-web\.venv\Lib\site-packages\rest_framework\views.py", line 515, in dispatch
    response = self.handle_exception(exc)
  File "C:\Users\majd9\OneDrive\Desktop\tizahab_project1\tizahab-web\.venv\Lib\site-packages\rest_framework\views.py", line 475, in handle_exception
    self.raise_uncaught_exception(exc)
    ~~~~~~~~~~~~~~~~~~~~~~~~~~~~~^^^^^
  File "C:\Users\majd9\OneDrive\Desktop\tizahab_project1\tizahab-web\.venv\Lib\site-packages\rest_framework\views.py", line 486, in raise_uncaught_exception
    raise exc
  File "C:\Users\majd9\OneDrive\Desktop\tizahab_project1\tizahab-web\.venv\Lib\site-packages\rest_framework\views.py", line 512, in dispatch
    response = handler(request, *args, **kwargs)
  File "C:\Users\majd9\OneDrive\Desktop\tizahab_project1\tizahab-web\accounts\views.py", line 280, in get
    preferences, _ = UserPreferences.objects.get_or_create(user=user)
                     ~~~~~~~~~~~~~~~~~~~~~~~~~~~~~~~~~~~~~^^^^^^^^^^^
  File "C:\Users\majd9\OneDrive\Desktop\tizahab_project1\tizahab-web\.venv\Lib\site-packages\django\db\models\manager.py", line 87, in manager_method
    return getattr(self.get_queryset(), name)(*args, **kwargs)
           ~~~~~~~~~~~~~~~~~~~~~~~~~~~~~~~~~~^^^^^^^^^^^^^^^^^
  File "C:\Users\majd9\OneDrive\Desktop\tizahab_project1\tizahab-web\.venv\Lib\site-packages\django\db\models\query.py", line 987, in get_or_create
    return self.get(**kwargs), False
           ~~~~~~~~^^^^^^^^^^
  File "C:\Users\majd9\OneDrive\Desktop\tizahab_project1\tizahab-web\.venv\Lib\site-packages\django\db\models\query.py", line 635, in get
    num = len(clone)
  File "C:\Users\majd9\OneDrive\Desktop\tizahab_project1\tizahab-web\.venv\Lib\site-packages\django\db\models\query.py", line 372, in __len__
    self._fetch_all()
    ~~~~~~~~~~~~~~~^^
  File "C:\Users\majd9\OneDrive\Desktop\tizahab_project1\tizahab-web\.venv\Lib\site-packages\django\db\models\query.py", line 2000, in _fetch_all
    self._result_cache = list(self._iterable_class(self))
                         ~~~~^^^^^^^^^^^^^^^^^^^^^^^^^^^^
  File "C:\Users\majd9\OneDrive\Desktop\tizahab_project1\tizahab-web\.venv\Lib\site-packages\django\db\models\query.py", line 95, in __iter__
    results = compiler.execute_sql(
        chunked_fetch=self.chunked_fetch, chunk_size=self.chunk_size
    )
  File "C:\Users\majd9\OneDrive\Desktop\tizahab_project1\tizahab-web\.venv\Lib\site-packages\django\db\models\sql\compiler.py", line 1624, in execute_sql
    cursor.execute(sql, params)
    ~~~~~~~~~~~~~~^^^^^^^^^^^^^
  File "C:\Users\majd9\OneDrive\Desktop\tizahab_project1\tizahab-web\.venv\Lib\site-packages\django\db\backends\utils.py", line 122, in execute
    return super().execute(sql, params)
           ~~~~~~~~~~~~~~~^^^^^^^^^^^^^
  File "C:\Users\majd9\OneDrive\Desktop\tizahab_project1\tizahab-web\.venv\Lib\site-packages\django\db\backends\utils.py", line 79, in execute
    return self._execute_with_wrappers(
           ~~~~~~~~~~~~~~~~~~~~~~~~~~~^
        sql, params, many=False, executor=self._execute
        ^^^^^^^^^^^^^^^^^^^^^^^^^^^^^^^^^^^^^^^^^^^^^^^
    )
    ^
  File "C:\Users\majd9\OneDrive\Desktop\tizahab_project1\tizahab-web\.venv\Lib\site-packages\django\db\backends\utils.py", line 92, in _execute_with_wrappers
    return executor(sql, params, many, context)
  File "C:\Users\majd9\OneDrive\Desktop\tizahab_project1\tizahab-web\.venv\Lib\site-packages\django\db\backends\utils.py", line 100, in _execute
    with self.db.wrap_database_errors:
         ^^^^^^^^^^^^^^^^^^^^^^^^^^^^
  File "C:\Users\majd9\OneDrive\Desktop\tizahab_project1\tizahab-web\.venv\Lib\site-packages\django\db\utils.py", line 94, in __exit__
    raise dj_exc_value.with_traceback(traceback) from exc_value
  File "C:\Users\majd9\OneDrive\Desktop\tizahab_project1\tizahab-web\.venv\Lib\site-packages\django\db\backends\utils.py", line 105, in _execute
    return self.cursor.execute(sql, params)
           ~~~~~~~~~~~~~~~~~~~^^^^^^^^^^^^^
  File "C:\Users\majd9\OneDrive\Desktop\tizahab_project1\tizahab-web\.venv\Lib\site-packages\django\db\backends\sqlite3\base.py", line 359, in execute
    return super().execute(query, params)
           ~~~~~~~~~~~~~~~^^^^^^^^^^^^^^^
django.db.utils.OperationalError: no such column: accounts_userpreferences.trip_duration
ERROR 2026-04-12 16:00:45 log 5828 14564 "GET /api/auth/me/ HTTP/1.1" 500 185075
ERROR 2026-04-12 16:00:47 log 5828 14564 Internal Server Error: /api/auth/preferences/
Traceback (most recent call last):
  File "C:\Users\majd9\OneDrive\Desktop\tizahab_project1\tizahab-web\.venv\Lib\site-packages\django\db\backends\utils.py", line 105, in _execute
    return self.cursor.execute(sql, params)
           ~~~~~~~~~~~~~~~~~~~^^^^^^^^^^^^^
  File "C:\Users\majd9\OneDrive\Desktop\tizahab_project1\tizahab-web\.venv\Lib\site-packages\django\db\backends\sqlite3\base.py", line 359, in execute
    return super().execute(query, params)
           ~~~~~~~~~~~~~~~^^^^^^^^^^^^^^^
sqlite3.OperationalError: no such column: accounts_userpreferences.trip_duration

The above exception was the direct cause of the following exception:

Traceback (most recent call last):
  File "C:\Users\majd9\OneDrive\Desktop\tizahab_project1\tizahab-web\.venv\Lib\site-packages\django\core\handlers\exception.py", line 55, in inner
    response = get_response(request)
  File "C:\Users\majd9\OneDrive\Desktop\tizahab_project1\tizahab-web\.venv\Lib\site-packages\django\core\handlers\base.py", line 198, in _get_response
    response = wrapped_callback(request, *callback_args, **callback_kwargs)
  File "C:\Users\majd9\OneDrive\Desktop\tizahab_project1\tizahab-web\.venv\Lib\site-packages\django\views\decorators\csrf.py", line 65, in _view_wrapper
    return view_func(request, *args, **kwargs)
  File "C:\Users\majd9\OneDrive\Desktop\tizahab_project1\tizahab-web\.venv\Lib\site-packages\django\views\generic\base.py", line 106, in view
    return self.dispatch(request, *args, **kwargs)
           ~~~~~~~~~~~~~^^^^^^^^^^^^^^^^^^^^^^^^^^
  File "C:\Users\majd9\OneDrive\Desktop\tizahab_project1\tizahab-web\.venv\Lib\site-packages\rest_framework\views.py", line 515, in dispatch
    response = self.handle_exception(exc)
  File "C:\Users\majd9\OneDrive\Desktop\tizahab_project1\tizahab-web\.venv\Lib\site-packages\rest_framework\views.py", line 475, in handle_exception
    self.raise_uncaught_exception(exc)
    ~~~~~~~~~~~~~~~~~~~~~~~~~~~~~^^^^^
  File "C:\Users\majd9\OneDrive\Desktop\tizahab_project1\tizahab-web\.venv\Lib\site-packages\rest_framework\views.py", line 486, in raise_uncaught_exception
    raise exc
  File "C:\Users\majd9\OneDrive\Desktop\tizahab_project1\tizahab-web\.venv\Lib\site-packages\rest_framework\views.py", line 512, in dispatch
    response = handler(request, *args, **kwargs)
  File "C:\Users\majd9\OneDrive\Desktop\tizahab_project1\tizahab-web\accounts\views.py", line 253, in get
    preferences, _ = UserPreferences.objects.get_or_create(user=request.user)
                     ~~~~~~~~~~~~~~~~~~~~~~~~~~~~~~~~~~~~~^^^^^^^^^^^^^^^^^^^
  File "C:\Users\majd9\OneDrive\Desktop\tizahab_project1\tizahab-web\.venv\Lib\site-packages\django\db\models\manager.py", line 87, in manager_method
    return getattr(self.get_queryset(), name)(*args, **kwargs)
           ~~~~~~~~~~~~~~~~~~~~~~~~~~~~~~~~~~^^^^^^^^^^^^^^^^^
  File "C:\Users\majd9\OneDrive\Desktop\tizahab_project1\tizahab-web\.venv\Lib\site-packages\django\db\models\query.py", line 987, in get_or_create
    return self.get(**kwargs), False
           ~~~~~~~~^^^^^^^^^^
  File "C:\Users\majd9\OneDrive\Desktop\tizahab_project1\tizahab-web\.venv\Lib\site-packages\django\db\models\query.py", line 635, in get
    num = len(clone)
  File "C:\Users\majd9\OneDrive\Desktop\tizahab_project1\tizahab-web\.venv\Lib\site-packages\django\db\models\query.py", line 372, in __len__
    self._fetch_all()
    ~~~~~~~~~~~~~~~^^
  File "C:\Users\majd9\OneDrive\Desktop\tizahab_project1\tizahab-web\.venv\Lib\site-packages\django\db\models\query.py", line 2000, in _fetch_all
    self._result_cache = list(self._iterable_class(self))
                         ~~~~^^^^^^^^^^^^^^^^^^^^^^^^^^^^
  File "C:\Users\majd9\OneDrive\Desktop\tizahab_project1\tizahab-web\.venv\Lib\site-packages\django\db\models\query.py", line 95, in __iter__
    results = compiler.execute_sql(
        chunked_fetch=self.chunked_fetch, chunk_size=self.chunk_size
    )
  File "C:\Users\majd9\OneDrive\Desktop\tizahab_project1\tizahab-web\.venv\Lib\site-packages\django\db\models\sql\compiler.py", line 1624, in execute_sql
    cursor.execute(sql, params)
    ~~~~~~~~~~~~~~^^^^^^^^^^^^^
  File "C:\Users\majd9\OneDrive\Desktop\tizahab_project1\tizahab-web\.venv\Lib\site-packages\django\db\backends\utils.py", line 122, in execute
    return super().execute(sql, params)
           ~~~~~~~~~~~~~~~^^^^^^^^^^^^^
  File "C:\Users\majd9\OneDrive\Desktop\tizahab_project1\tizahab-web\.venv\Lib\site-packages\django\db\backends\utils.py", line 79, in execute
    return self._execute_with_wrappers(
           ~~~~~~~~~~~~~~~~~~~~~~~~~~~^
        sql, params, many=False, executor=self._execute
        ^^^^^^^^^^^^^^^^^^^^^^^^^^^^^^^^^^^^^^^^^^^^^^^
    )
    ^
  File "C:\Users\majd9\OneDrive\Desktop\tizahab_project1\tizahab-web\.venv\Lib\site-packages\django\db\backends\utils.py", line 92, in _execute_with_wrappers
    return executor(sql, params, many, context)
  File "C:\Users\majd9\OneDrive\Desktop\tizahab_project1\tizahab-web\.venv\Lib\site-packages\django\db\backends\utils.py", line 100, in _execute
    with self.db.wrap_database_errors:
         ^^^^^^^^^^^^^^^^^^^^^^^^^^^^
  File "C:\Users\majd9\OneDrive\Desktop\tizahab_project1\tizahab-web\.venv\Lib\site-packages\django\db\utils.py", line 94, in __exit__
    raise dj_exc_value.with_traceback(traceback) from exc_value
  File "C:\Users\majd9\OneDrive\Desktop\tizahab_project1\tizahab-web\.venv\Lib\site-packages\django\db\backends\utils.py", line 105, in _execute
    return self.cursor.execute(sql, params)
           ~~~~~~~~~~~~~~~~~~~^^^^^^^^^^^^^
  File "C:\Users\majd9\OneDrive\Desktop\tizahab_project1\tizahab-web\.venv\Lib\site-packages\django\db\backends\sqlite3\base.py", line 359, in execute
    return super().execute(query, params)
           ~~~~~~~~~~~~~~~^^^^^^^^^^^^^^^
django.db.utils.OperationalError: no such column: accounts_userpreferences.trip_duration
ERROR 2026-04-12 16:00:47 log 5828 14564 "GET /api/auth/preferences/ HTTP/1.1" 500 185114
ERROR 2026-04-12 16:01:00 log 5828 14564 Internal Server Error: /api/auth/preferences/
Traceback (most recent call last):
  File "C:\Users\majd9\OneDrive\Desktop\tizahab_project1\tizahab-web\.venv\Lib\site-packages\django\db\backends\utils.py", line 105, in _execute
    return self.cursor.execute(sql, params)
           ~~~~~~~~~~~~~~~~~~~^^^^^^^^^^^^^
  File "C:\Users\majd9\OneDrive\Desktop\tizahab_project1\tizahab-web\.venv\Lib\site-packages\django\db\backends\sqlite3\base.py", line 359, in execute
    return super().execute(query, params)
           ~~~~~~~~~~~~~~~^^^^^^^^^^^^^^^
sqlite3.OperationalError: no such column: accounts_userpreferences.trip_duration

The above exception was the direct cause of the following exception:

Traceback (most recent call last):
  File "C:\Users\majd9\OneDrive\Desktop\tizahab_project1\tizahab-web\.venv\Lib\site-packages\django\core\handlers\exception.py", line 55, in inner
    response = get_response(request)
  File "C:\Users\majd9\OneDrive\Desktop\tizahab_project1\tizahab-web\.venv\Lib\site-packages\django\core\handlers\base.py", line 198, in _get_response
    response = wrapped_callback(request, *callback_args, **callback_kwargs)
  File "C:\Users\majd9\OneDrive\Desktop\tizahab_project1\tizahab-web\.venv\Lib\site-packages\django\views\decorators\csrf.py", line 65, in _view_wrapper
    return view_func(request, *args, **kwargs)
  File "C:\Users\majd9\OneDrive\Desktop\tizahab_project1\tizahab-web\.venv\Lib\site-packages\django\views\generic\base.py", line 106, in view
    return self.dispatch(request, *args, **kwargs)
           ~~~~~~~~~~~~~^^^^^^^^^^^^^^^^^^^^^^^^^^
  File "C:\Users\majd9\OneDrive\Desktop\tizahab_project1\tizahab-web\.venv\Lib\site-packages\rest_framework\views.py", line 515, in dispatch
    response = self.handle_exception(exc)
  File "C:\Users\majd9\OneDrive\Desktop\tizahab_project1\tizahab-web\.venv\Lib\site-packages\rest_framework\views.py", line 475, in handle_exception
    self.raise_uncaught_exception(exc)
    ~~~~~~~~~~~~~~~~~~~~~~~~~~~~~^^^^^
  File "C:\Users\majd9\OneDrive\Desktop\tizahab_project1\tizahab-web\.venv\Lib\site-packages\rest_framework\views.py", line 486, in raise_uncaught_exception
    raise exc
  File "C:\Users\majd9\OneDrive\Desktop\tizahab_project1\tizahab-web\.venv\Lib\site-packages\rest_framework\views.py", line 512, in dispatch
    response = handler(request, *args, **kwargs)
  File "C:\Users\majd9\OneDrive\Desktop\tizahab_project1\tizahab-web\accounts\views.py", line 258, in post
    preferences, created = UserPreferences.objects.get_or_create(user=request.user)
                           ~~~~~~~~~~~~~~~~~~~~~~~~~~~~~~~~~~~~~^^^^^^^^^^^^^^^^^^^
  File "C:\Users\majd9\OneDrive\Desktop\tizahab_project1\tizahab-web\.venv\Lib\site-packages\django\db\models\manager.py", line 87, in manager_method
    return getattr(self.get_queryset(), name)(*args, **kwargs)
           ~~~~~~~~~~~~~~~~~~~~~~~~~~~~~~~~~~^^^^^^^^^^^^^^^^^
  File "C:\Users\majd9\OneDrive\Desktop\tizahab_project1\tizahab-web\.venv\Lib\site-packages\django\db\models\query.py", line 987, in get_or_create
    return self.get(**kwargs), False
           ~~~~~~~~^^^^^^^^^^
  File "C:\Users\majd9\OneDrive\Desktop\tizahab_project1\tizahab-web\.venv\Lib\site-packages\django\db\models\query.py", line 635, in get
    num = len(clone)
  File "C:\Users\majd9\OneDrive\Desktop\tizahab_project1\tizahab-web\.venv\Lib\site-packages\django\db\models\query.py", line 372, in __len__
    self._fetch_all()
    ~~~~~~~~~~~~~~~^^
  File "C:\Users\majd9\OneDrive\Desktop\tizahab_project1\tizahab-web\.venv\Lib\site-packages\django\db\models\query.py", line 2000, in _fetch_all
    self._result_cache = list(self._iterable_class(self))
                         ~~~~^^^^^^^^^^^^^^^^^^^^^^^^^^^^
  File "C:\Users\majd9\OneDrive\Desktop\tizahab_project1\tizahab-web\.venv\Lib\site-packages\django\db\models\query.py", line 95, in __iter__
    results = compiler.execute_sql(
        chunked_fetch=self.chunked_fetch, chunk_size=self.chunk_size
    )
  File "C:\Users\majd9\OneDrive\Desktop\tizahab_project1\tizahab-web\.venv\Lib\site-packages\django\db\models\sql\compiler.py", line 1624, in execute_sql
    cursor.execute(sql, params)
    ~~~~~~~~~~~~~~^^^^^^^^^^^^^
  File "C:\Users\majd9\OneDrive\Desktop\tizahab_project1\tizahab-web\.venv\Lib\site-packages\django\db\backends\utils.py", line 122, in execute
    return super().execute(sql, params)
           ~~~~~~~~~~~~~~~^^^^^^^^^^^^^
  File "C:\Users\majd9\OneDrive\Desktop\tizahab_project1\tizahab-web\.venv\Lib\site-packages\django\db\backends\utils.py", line 79, in execute
    return self._execute_with_wrappers(
           ~~~~~~~~~~~~~~~~~~~~~~~~~~~^
        sql, params, many=False, executor=self._execute
        ^^^^^^^^^^^^^^^^^^^^^^^^^^^^^^^^^^^^^^^^^^^^^^^
    )
    ^
  File "C:\Users\majd9\OneDrive\Desktop\tizahab_project1\tizahab-web\.venv\Lib\site-packages\django\db\backends\utils.py", line 92, in _execute_with_wrappers
    return executor(sql, params, many, context)
  File "C:\Users\majd9\OneDrive\Desktop\tizahab_project1\tizahab-web\.venv\Lib\site-packages\django\db\backends\utils.py", line 100, in _execute
    with self.db.wrap_database_errors:
         ^^^^^^^^^^^^^^^^^^^^^^^^^^^^
  File "C:\Users\majd9\OneDrive\Desktop\tizahab_project1\tizahab-web\.venv\Lib\site-packages\django\db\utils.py", line 94, in __exit__
    raise dj_exc_value.with_traceback(traceback) from exc_value
  File "C:\Users\majd9\OneDrive\Desktop\tizahab_project1\tizahab-web\.venv\Lib\site-packages\django\db\backends\utils.py", line 105, in _execute
    return self.cursor.execute(sql, params)
           ~~~~~~~~~~~~~~~~~~~^^^^^^^^^^^^^
  File "C:\Users\majd9\OneDrive\Desktop\tizahab_project1\tizahab-web\.venv\Lib\site-packages\django\db\backends\sqlite3\base.py", line 359, in execute
    return super().execute(query, params)
           ~~~~~~~~~~~~~~~^^^^^^^^^^^^^^^
django.db.utils.OperationalError: no such column: accounts_userpreferences.trip_duration
ERROR 2026-04-12 16:01:00 log 5828 14564 "POST /api/auth/preferences/ HTTP/1.1" 500 185308
ERROR 2026-04-12 16:01:10 log 5828 14564 Internal Server Error: /api/auth/preferences/
Traceback (most recent call last):
  File "C:\Users\majd9\OneDrive\Desktop\tizahab_project1\tizahab-web\.venv\Lib\site-packages\django\db\backends\utils.py", line 105, in _execute
    return self.cursor.execute(sql, params)
           ~~~~~~~~~~~~~~~~~~~^^^^^^^^^^^^^
  File "C:\Users\majd9\OneDrive\Desktop\tizahab_project1\tizahab-web\.venv\Lib\site-packages\django\db\backends\sqlite3\base.py", line 359, in execute
    return super().execute(query, params)
           ~~~~~~~~~~~~~~~^^^^^^^^^^^^^^^
sqlite3.OperationalError: no such column: accounts_userpreferences.trip_duration

The above exception was the direct cause of the following exception:

Traceback (most recent call last):
  File "C:\Users\majd9\OneDrive\Desktop\tizahab_project1\tizahab-web\.venv\Lib\site-packages\django\core\handlers\exception.py", line 55, in inner
    response = get_response(request)
  File "C:\Users\majd9\OneDrive\Desktop\tizahab_project1\tizahab-web\.venv\Lib\site-packages\django\core\handlers\base.py", line 198, in _get_response
    response = wrapped_callback(request, *callback_args, **callback_kwargs)
  File "C:\Users\majd9\OneDrive\Desktop\tizahab_project1\tizahab-web\.venv\Lib\site-packages\django\views\decorators\csrf.py", line 65, in _view_wrapper
    return view_func(request, *args, **kwargs)
  File "C:\Users\majd9\OneDrive\Desktop\tizahab_project1\tizahab-web\.venv\Lib\site-packages\django\views\generic\base.py", line 106, in view
    return self.dispatch(request, *args, **kwargs)
           ~~~~~~~~~~~~~^^^^^^^^^^^^^^^^^^^^^^^^^^
  File "C:\Users\majd9\OneDrive\Desktop\tizahab_project1\tizahab-web\.venv\Lib\site-packages\rest_framework\views.py", line 515, in dispatch
    response = self.handle_exception(exc)
  File "C:\Users\majd9\OneDrive\Desktop\tizahab_project1\tizahab-web\.venv\Lib\site-packages\rest_framework\views.py", line 475, in handle_exception
    self.raise_uncaught_exception(exc)
    ~~~~~~~~~~~~~~~~~~~~~~~~~~~~~^^^^^
  File "C:\Users\majd9\OneDrive\Desktop\tizahab_project1\tizahab-web\.venv\Lib\site-packages\rest_framework\views.py", line 486, in raise_uncaught_exception
    raise exc
  File "C:\Users\majd9\OneDrive\Desktop\tizahab_project1\tizahab-web\.venv\Lib\site-packages\rest_framework\views.py", line 512, in dispatch
    response = handler(request, *args, **kwargs)
  File "C:\Users\majd9\OneDrive\Desktop\tizahab_project1\tizahab-web\accounts\views.py", line 258, in post
    preferences, created = UserPreferences.objects.get_or_create(user=request.user)
                           ~~~~~~~~~~~~~~~~~~~~~~~~~~~~~~~~~~~~~^^^^^^^^^^^^^^^^^^^
  File "C:\Users\majd9\OneDrive\Desktop\tizahab_project1\tizahab-web\.venv\Lib\site-packages\django\db\models\manager.py", line 87, in manager_method
    return getattr(self.get_queryset(), name)(*args, **kwargs)
           ~~~~~~~~~~~~~~~~~~~~~~~~~~~~~~~~~~^^^^^^^^^^^^^^^^^
  File "C:\Users\majd9\OneDrive\Desktop\tizahab_project1\tizahab-web\.venv\Lib\site-packages\django\db\models\query.py", line 987, in get_or_create
    return self.get(**kwargs), False
           ~~~~~~~~^^^^^^^^^^
  File "C:\Users\majd9\OneDrive\Desktop\tizahab_project1\tizahab-web\.venv\Lib\site-packages\django\db\models\query.py", line 635, in get
    num = len(clone)
  File "C:\Users\majd9\OneDrive\Desktop\tizahab_project1\tizahab-web\.venv\Lib\site-packages\django\db\models\query.py", line 372, in __len__
    self._fetch_all()
    ~~~~~~~~~~~~~~~^^
  File "C:\Users\majd9\OneDrive\Desktop\tizahab_project1\tizahab-web\.venv\Lib\site-packages\django\db\models\query.py", line 2000, in _fetch_all
    self._result_cache = list(self._iterable_class(self))
                         ~~~~^^^^^^^^^^^^^^^^^^^^^^^^^^^^
  File "C:\Users\majd9\OneDrive\Desktop\tizahab_project1\tizahab-web\.venv\Lib\site-packages\django\db\models\query.py", line 95, in __iter__
    results = compiler.execute_sql(
        chunked_fetch=self.chunked_fetch, chunk_size=self.chunk_size
    )
  File "C:\Users\majd9\OneDrive\Desktop\tizahab_project1\tizahab-web\.venv\Lib\site-packages\django\db\models\sql\compiler.py", line 1624, in execute_sql
    cursor.execute(sql, params)
    ~~~~~~~~~~~~~~^^^^^^^^^^^^^
  File "C:\Users\majd9\OneDrive\Desktop\tizahab_project1\tizahab-web\.venv\Lib\site-packages\django\db\backends\utils.py", line 122, in execute
    return super().execute(sql, params)
           ~~~~~~~~~~~~~~~^^^^^^^^^^^^^
  File "C:\Users\majd9\OneDrive\Desktop\tizahab_project1\tizahab-web\.venv\Lib\site-packages\django\db\backends\utils.py", line 79, in execute
    return self._execute_with_wrappers(
           ~~~~~~~~~~~~~~~~~~~~~~~~~~~^
        sql, params, many=False, executor=self._execute
        ^^^^^^^^^^^^^^^^^^^^^^^^^^^^^^^^^^^^^^^^^^^^^^^
    )
    ^
  File "C:\Users\majd9\OneDrive\Desktop\tizahab_project1\tizahab-web\.venv\Lib\site-packages\django\db\backends\utils.py", line 92, in _execute_with_wrappers
    return executor(sql, params, many, context)
  File "C:\Users\majd9\OneDrive\Desktop\tizahab_project1\tizahab-web\.venv\Lib\site-packages\django\db\backends\utils.py", line 100, in _execute
    with self.db.wrap_database_errors:
         ^^^^^^^^^^^^^^^^^^^^^^^^^^^^
  File "C:\Users\majd9\OneDrive\Desktop\tizahab_project1\tizahab-web\.venv\Lib\site-packages\django\db\utils.py", line 94, in __exit__
    raise dj_exc_value.with_traceback(traceback) from exc_value
  File "C:\Users\majd9\OneDrive\Desktop\tizahab_project1\tizahab-web\.venv\Lib\site-packages\django\db\backends\utils.py", line 105, in _execute
    return self.cursor.execute(sql, params)
           ~~~~~~~~~~~~~~~~~~~^^^^^^^^^^^^^
  File "C:\Users\majd9\OneDrive\Desktop\tizahab_project1\tizahab-web\.venv\Lib\site-packages\django\db\backends\sqlite3\base.py", line 359, in execute
    return super().execute(query, params)
           ~~~~~~~~~~~~~~~^^^^^^^^^^^^^^^
django.db.utils.OperationalError: no such column: accounts_userpreferences.trip_duration
ERROR 2026-04-12 16:01:10 log 5828 14564 "POST /api/auth/preferences/ HTTP/1.1" 500 185328
ERROR 2026-04-12 16:07:01 log 1936 6796 Internal Server Error: /api/auth/preferences/
Traceback (most recent call last):
  File "C:\Users\majd9\OneDrive\Desktop\tizahab_project1\tizahab-web\.venv\Lib\site-packages\django\db\backends\utils.py", line 105, in _execute
    return self.cursor.execute(sql, params)
           ~~~~~~~~~~~~~~~~~~~^^^^^^^^^^^^^
  File "C:\Users\majd9\OneDrive\Desktop\tizahab_project1\tizahab-web\.venv\Lib\site-packages\django\db\backends\sqlite3\base.py", line 359, in execute
    return super().execute(query, params)
           ~~~~~~~~~~~~~~~^^^^^^^^^^^^^^^
sqlite3.OperationalError: no such column: accounts_userpreferences.trip_duration

The above exception was the direct cause of the following exception:

Traceback (most recent call last):
  File "C:\Users\majd9\OneDrive\Desktop\tizahab_project1\tizahab-web\.venv\Lib\site-packages\django\core\handlers\exception.py", line 55, in inner
    response = get_response(request)
  File "C:\Users\majd9\OneDrive\Desktop\tizahab_project1\tizahab-web\.venv\Lib\site-packages\django\core\handlers\base.py", line 198, in _get_response
    response = wrapped_callback(request, *callback_args, **callback_kwargs)
  File "C:\Users\majd9\OneDrive\Desktop\tizahab_project1\tizahab-web\.venv\Lib\site-packages\django\views\decorators\csrf.py", line 65, in _view_wrapper
    return view_func(request, *args, **kwargs)
  File "C:\Users\majd9\OneDrive\Desktop\tizahab_project1\tizahab-web\.venv\Lib\site-packages\django\views\generic\base.py", line 106, in view
    return self.dispatch(request, *args, **kwargs)
           ~~~~~~~~~~~~~^^^^^^^^^^^^^^^^^^^^^^^^^^
  File "C:\Users\majd9\OneDrive\Desktop\tizahab_project1\tizahab-web\.venv\Lib\site-packages\rest_framework\views.py", line 515, in dispatch
    response = self.handle_exception(exc)
  File "C:\Users\majd9\OneDrive\Desktop\tizahab_project1\tizahab-web\.venv\Lib\site-packages\rest_framework\views.py", line 475, in handle_exception
    self.raise_uncaught_exception(exc)
    ~~~~~~~~~~~~~~~~~~~~~~~~~~~~~^^^^^
  File "C:\Users\majd9\OneDrive\Desktop\tizahab_project1\tizahab-web\.venv\Lib\site-packages\rest_framework\views.py", line 486, in raise_uncaught_exception
    raise exc
  File "C:\Users\majd9\OneDrive\Desktop\tizahab_project1\tizahab-web\.venv\Lib\site-packages\rest_framework\views.py", line 512, in dispatch
    response = handler(request, *args, **kwargs)
  File "C:\Users\majd9\OneDrive\Desktop\tizahab_project1\tizahab-web\accounts\views.py", line 258, in post
    preferences, created = UserPreferences.objects.get_or_create(user=request.user)
                           ~~~~~~~~~~~~~~~~~~~~~~~~~~~~~~~~~~~~~^^^^^^^^^^^^^^^^^^^
  File "C:\Users\majd9\OneDrive\Desktop\tizahab_project1\tizahab-web\.venv\Lib\site-packages\django\db\models\manager.py", line 87, in manager_method
    return getattr(self.get_queryset(), name)(*args, **kwargs)
           ~~~~~~~~~~~~~~~~~~~~~~~~~~~~~~~~~~^^^^^^^^^^^^^^^^^
  File "C:\Users\majd9\OneDrive\Desktop\tizahab_project1\tizahab-web\.venv\Lib\site-packages\django\db\models\query.py", line 987, in get_or_create
    return self.get(**kwargs), False
           ~~~~~~~~^^^^^^^^^^
  File "C:\Users\majd9\OneDrive\Desktop\tizahab_project1\tizahab-web\.venv\Lib\site-packages\django\db\models\query.py", line 635, in get
    num = len(clone)
  File "C:\Users\majd9\OneDrive\Desktop\tizahab_project1\tizahab-web\.venv\Lib\site-packages\django\db\models\query.py", line 372, in __len__
    self._fetch_all()
    ~~~~~~~~~~~~~~~^^
  File "C:\Users\majd9\OneDrive\Desktop\tizahab_project1\tizahab-web\.venv\Lib\site-packages\django\db\models\query.py", line 2000, in _fetch_all
    self._result_cache = list(self._iterable_class(self))
                         ~~~~^^^^^^^^^^^^^^^^^^^^^^^^^^^^
  File "C:\Users\majd9\OneDrive\Desktop\tizahab_project1\tizahab-web\.venv\Lib\site-packages\django\db\models\query.py", line 95, in __iter__
    results = compiler.execute_sql(
        chunked_fetch=self.chunked_fetch, chunk_size=self.chunk_size
    )
  File "C:\Users\majd9\OneDrive\Desktop\tizahab_project1\tizahab-web\.venv\Lib\site-packages\django\db\models\sql\compiler.py", line 1624, in execute_sql
    cursor.execute(sql, params)
    ~~~~~~~~~~~~~~^^^^^^^^^^^^^
  File "C:\Users\majd9\OneDrive\Desktop\tizahab_project1\tizahab-web\.venv\Lib\site-packages\django\db\backends\utils.py", line 122, in execute
    return super().execute(sql, params)
           ~~~~~~~~~~~~~~~^^^^^^^^^^^^^
  File "C:\Users\majd9\OneDrive\Desktop\tizahab_project1\tizahab-web\.venv\Lib\site-packages\django\db\backends\utils.py", line 79, in execute
    return self._execute_with_wrappers(
           ~~~~~~~~~~~~~~~~~~~~~~~~~~~^
        sql, params, many=False, executor=self._execute
        ^^^^^^^^^^^^^^^^^^^^^^^^^^^^^^^^^^^^^^^^^^^^^^^
    )
    ^
  File "C:\Users\majd9\OneDrive\Desktop\tizahab_project1\tizahab-web\.venv\Lib\site-packages\django\db\backends\utils.py", line 92, in _execute_with_wrappers
    return executor(sql, params, many, context)
  File "C:\Users\majd9\OneDrive\Desktop\tizahab_project1\tizahab-web\.venv\Lib\site-packages\django\db\backends\utils.py", line 100, in _execute
    with self.db.wrap_database_errors:
         ^^^^^^^^^^^^^^^^^^^^^^^^^^^^
  File "C:\Users\majd9\OneDrive\Desktop\tizahab_project1\tizahab-web\.venv\Lib\site-packages\django\db\utils.py", line 94, in __exit__
    raise dj_exc_value.with_traceback(traceback) from exc_value
  File "C:\Users\majd9\OneDrive\Desktop\tizahab_project1\tizahab-web\.venv\Lib\site-packages\django\db\backends\utils.py", line 105, in _execute
    return self.cursor.execute(sql, params)
           ~~~~~~~~~~~~~~~~~~~^^^^^^^^^^^^^
  File "C:\Users\majd9\OneDrive\Desktop\tizahab_project1\tizahab-web\.venv\Lib\site-packages\django\db\backends\sqlite3\base.py", line 359, in execute
    return super().execute(query, params)
           ~~~~~~~~~~~~~~~^^^^^^^^^^^^^^^
django.db.utils.OperationalError: no such column: accounts_userpreferences.trip_duration
ERROR 2026-04-12 16:07:01 log 1936 6796 "POST /api/auth/preferences/ HTTP/1.1" 500 185328
ERROR 2026-04-12 16:07:04 log 1936 6796 Internal Server Error: /api/auth/preferences/
Traceback (most recent call last):
  File "C:\Users\majd9\OneDrive\Desktop\tizahab_project1\tizahab-web\.venv\Lib\site-packages\django\db\backends\utils.py", line 105, in _execute
    return self.cursor.execute(sql, params)
           ~~~~~~~~~~~~~~~~~~~^^^^^^^^^^^^^
  File "C:\Users\majd9\OneDrive\Desktop\tizahab_project1\tizahab-web\.venv\Lib\site-packages\django\db\backends\sqlite3\base.py", line 359, in execute
    return super().execute(query, params)
           ~~~~~~~~~~~~~~~^^^^^^^^^^^^^^^
sqlite3.OperationalError: no such column: accounts_userpreferences.trip_duration

The above exception was the direct cause of the following exception:

Traceback (most recent call last):
  File "C:\Users\majd9\OneDrive\Desktop\tizahab_project1\tizahab-web\.venv\Lib\site-packages\django\core\handlers\exception.py", line 55, in inner
    response = get_response(request)
  File "C:\Users\majd9\OneDrive\Desktop\tizahab_project1\tizahab-web\.venv\Lib\site-packages\django\core\handlers\base.py", line 198, in _get_response
    response = wrapped_callback(request, *callback_args, **callback_kwargs)
  File "C:\Users\majd9\OneDrive\Desktop\tizahab_project1\tizahab-web\.venv\Lib\site-packages\django\views\decorators\csrf.py", line 65, in _view_wrapper
    return view_func(request, *args, **kwargs)
  File "C:\Users\majd9\OneDrive\Desktop\tizahab_project1\tizahab-web\.venv\Lib\site-packages\django\views\generic\base.py", line 106, in view
    return self.dispatch(request, *args, **kwargs)
           ~~~~~~~~~~~~~^^^^^^^^^^^^^^^^^^^^^^^^^^
  File "C:\Users\majd9\OneDrive\Desktop\tizahab_project1\tizahab-web\.venv\Lib\site-packages\rest_framework\views.py", line 515, in dispatch
    response = self.handle_exception(exc)
  File "C:\Users\majd9\OneDrive\Desktop\tizahab_project1\tizahab-web\.venv\Lib\site-packages\rest_framework\views.py", line 475, in handle_exception
    self.raise_uncaught_exception(exc)
    ~~~~~~~~~~~~~~~~~~~~~~~~~~~~~^^^^^
  File "C:\Users\majd9\OneDrive\Desktop\tizahab_project1\tizahab-web\.venv\Lib\site-packages\rest_framework\views.py", line 486, in raise_uncaught_exception
    raise exc
  File "C:\Users\majd9\OneDrive\Desktop\tizahab_project1\tizahab-web\.venv\Lib\site-packages\rest_framework\views.py", line 512, in dispatch
    response = handler(request, *args, **kwargs)
  File "C:\Users\majd9\OneDrive\Desktop\tizahab_project1\tizahab-web\accounts\views.py", line 253, in get
    preferences, _ = UserPreferences.objects.get_or_create(user=request.user)
                     ~~~~~~~~~~~~~~~~~~~~~~~~~~~~~~~~~~~~~^^^^^^^^^^^^^^^^^^^
  File "C:\Users\majd9\OneDrive\Desktop\tizahab_project1\tizahab-web\.venv\Lib\site-packages\django\db\models\manager.py", line 87, in manager_method
    return getattr(self.get_queryset(), name)(*args, **kwargs)
           ~~~~~~~~~~~~~~~~~~~~~~~~~~~~~~~~~~^^^^^^^^^^^^^^^^^
  File "C:\Users\majd9\OneDrive\Desktop\tizahab_project1\tizahab-web\.venv\Lib\site-packages\django\db\models\query.py", line 987, in get_or_create
    return self.get(**kwargs), False
           ~~~~~~~~^^^^^^^^^^
  File "C:\Users\majd9\OneDrive\Desktop\tizahab_project1\tizahab-web\.venv\Lib\site-packages\django\db\models\query.py", line 635, in get
    num = len(clone)
  File "C:\Users\majd9\OneDrive\Desktop\tizahab_project1\tizahab-web\.venv\Lib\site-packages\django\db\models\query.py", line 372, in __len__
    self._fetch_all()
    ~~~~~~~~~~~~~~~^^
  File "C:\Users\majd9\OneDrive\Desktop\tizahab_project1\tizahab-web\.venv\Lib\site-packages\django\db\models\query.py", line 2000, in _fetch_all
    self._result_cache = list(self._iterable_class(self))
                         ~~~~^^^^^^^^^^^^^^^^^^^^^^^^^^^^
  File "C:\Users\majd9\OneDrive\Desktop\tizahab_project1\tizahab-web\.venv\Lib\site-packages\django\db\models\query.py", line 95, in __iter__
    results = compiler.execute_sql(
        chunked_fetch=self.chunked_fetch, chunk_size=self.chunk_size
    )
  File "C:\Users\majd9\OneDrive\Desktop\tizahab_project1\tizahab-web\.venv\Lib\site-packages\django\db\models\sql\compiler.py", line 1624, in execute_sql
    cursor.execute(sql, params)
    ~~~~~~~~~~~~~~^^^^^^^^^^^^^
  File "C:\Users\majd9\OneDrive\Desktop\tizahab_project1\tizahab-web\.venv\Lib\site-packages\django\db\backends\utils.py", line 122, in execute
    return super().execute(sql, params)
           ~~~~~~~~~~~~~~~^^^^^^^^^^^^^
  File "C:\Users\majd9\OneDrive\Desktop\tizahab_project1\tizahab-web\.venv\Lib\site-packages\django\db\backends\utils.py", line 79, in execute
    return self._execute_with_wrappers(
           ~~~~~~~~~~~~~~~~~~~~~~~~~~~^
        sql, params, many=False, executor=self._execute
        ^^^^^^^^^^^^^^^^^^^^^^^^^^^^^^^^^^^^^^^^^^^^^^^
    )
    ^
  File "C:\Users\majd9\OneDrive\Desktop\tizahab_project1\tizahab-web\.venv\Lib\site-packages\django\db\backends\utils.py", line 92, in _execute_with_wrappers
    return executor(sql, params, many, context)
  File "C:\Users\majd9\OneDrive\Desktop\tizahab_project1\tizahab-web\.venv\Lib\site-packages\django\db\backends\utils.py", line 100, in _execute
    with self.db.wrap_database_errors:
         ^^^^^^^^^^^^^^^^^^^^^^^^^^^^
  File "C:\Users\majd9\OneDrive\Desktop\tizahab_project1\tizahab-web\.venv\Lib\site-packages\django\db\utils.py", line 94, in __exit__
    raise dj_exc_value.with_traceback(traceback) from exc_value
  File "C:\Users\majd9\OneDrive\Desktop\tizahab_project1\tizahab-web\.venv\Lib\site-packages\django\db\backends\utils.py", line 105, in _execute
    return self.cursor.execute(sql, params)
           ~~~~~~~~~~~~~~~~~~~^^^^^^^^^^^^^
  File "C:\Users\majd9\OneDrive\Desktop\tizahab_project1\tizahab-web\.venv\Lib\site-packages\django\db\backends\sqlite3\base.py", line 359, in execute
    return super().execute(query, params)
           ~~~~~~~~~~~~~~~^^^^^^^^^^^^^^^
django.db.utils.OperationalError: no such column: accounts_userpreferences.trip_duration
ERROR 2026-04-12 16:07:04 log 1936 6796 "GET /api/auth/preferences/ HTTP/1.1" 500 185134
ERROR 2026-04-12 16:07:12 log 1936 6796 Internal Server Error: /api/auth/preferences/
Traceback (most recent call last):
  File "C:\Users\majd9\OneDrive\Desktop\tizahab_project1\tizahab-web\.venv\Lib\site-packages\django\db\backends\utils.py", line 105, in _execute
    return self.cursor.execute(sql, params)
           ~~~~~~~~~~~~~~~~~~~^^^^^^^^^^^^^
  File "C:\Users\majd9\OneDrive\Desktop\tizahab_project1\tizahab-web\.venv\Lib\site-packages\django\db\backends\sqlite3\base.py", line 359, in execute
    return super().execute(query, params)
           ~~~~~~~~~~~~~~~^^^^^^^^^^^^^^^
sqlite3.OperationalError: no such column: accounts_userpreferences.trip_duration

The above exception was the direct cause of the following exception:

Traceback (most recent call last):
  File "C:\Users\majd9\OneDrive\Desktop\tizahab_project1\tizahab-web\.venv\Lib\site-packages\django\core\handlers\exception.py", line 55, in inner
    response = get_response(request)
  File "C:\Users\majd9\OneDrive\Desktop\tizahab_project1\tizahab-web\.venv\Lib\site-packages\django\core\handlers\base.py", line 198, in _get_response
    response = wrapped_callback(request, *callback_args, **callback_kwargs)
  File "C:\Users\majd9\OneDrive\Desktop\tizahab_project1\tizahab-web\.venv\Lib\site-packages\django\views\decorators\csrf.py", line 65, in _view_wrapper
    return view_func(request, *args, **kwargs)
  File "C:\Users\majd9\OneDrive\Desktop\tizahab_project1\tizahab-web\.venv\Lib\site-packages\django\views\generic\base.py", line 106, in view
    return self.dispatch(request, *args, **kwargs)
           ~~~~~~~~~~~~~^^^^^^^^^^^^^^^^^^^^^^^^^^
  File "C:\Users\majd9\OneDrive\Desktop\tizahab_project1\tizahab-web\.venv\Lib\site-packages\rest_framework\views.py", line 515, in dispatch
    response = self.handle_exception(exc)
  File "C:\Users\majd9\OneDrive\Desktop\tizahab_project1\tizahab-web\.venv\Lib\site-packages\rest_framework\views.py", line 475, in handle_exception
    self.raise_uncaught_exception(exc)
    ~~~~~~~~~~~~~~~~~~~~~~~~~~~~~^^^^^
  File "C:\Users\majd9\OneDrive\Desktop\tizahab_project1\tizahab-web\.venv\Lib\site-packages\rest_framework\views.py", line 486, in raise_uncaught_exception
    raise exc
  File "C:\Users\majd9\OneDrive\Desktop\tizahab_project1\tizahab-web\.venv\Lib\site-packages\rest_framework\views.py", line 512, in dispatch
    response = handler(request, *args, **kwargs)
  File "C:\Users\majd9\OneDrive\Desktop\tizahab_project1\tizahab-web\accounts\views.py", line 258, in post
    preferences, created = UserPreferences.objects.get_or_create(user=request.user)
                           ~~~~~~~~~~~~~~~~~~~~~~~~~~~~~~~~~~~~~^^^^^^^^^^^^^^^^^^^
  File "C:\Users\majd9\OneDrive\Desktop\tizahab_project1\tizahab-web\.venv\Lib\site-packages\django\db\models\manager.py", line 87, in manager_method
    return getattr(self.get_queryset(), name)(*args, **kwargs)
           ~~~~~~~~~~~~~~~~~~~~~~~~~~~~~~~~~~^^^^^^^^^^^^^^^^^
  File "C:\Users\majd9\OneDrive\Desktop\tizahab_project1\tizahab-web\.venv\Lib\site-packages\django\db\models\query.py", line 987, in get_or_create
    return self.get(**kwargs), False
           ~~~~~~~~^^^^^^^^^^
  File "C:\Users\majd9\OneDrive\Desktop\tizahab_project1\tizahab-web\.venv\Lib\site-packages\django\db\models\query.py", line 635, in get
    num = len(clone)
  File "C:\Users\majd9\OneDrive\Desktop\tizahab_project1\tizahab-web\.venv\Lib\site-packages\django\db\models\query.py", line 372, in __len__
    self._fetch_all()
    ~~~~~~~~~~~~~~~^^
  File "C:\Users\majd9\OneDrive\Desktop\tizahab_project1\tizahab-web\.venv\Lib\site-packages\django\db\models\query.py", line 2000, in _fetch_all
    self._result_cache = list(self._iterable_class(self))
                         ~~~~^^^^^^^^^^^^^^^^^^^^^^^^^^^^
  File "C:\Users\majd9\OneDrive\Desktop\tizahab_project1\tizahab-web\.venv\Lib\site-packages\django\db\models\query.py", line 95, in __iter__
    results = compiler.execute_sql(
        chunked_fetch=self.chunked_fetch, chunk_size=self.chunk_size
    )
  File "C:\Users\majd9\OneDrive\Desktop\tizahab_project1\tizahab-web\.venv\Lib\site-packages\django\db\models\sql\compiler.py", line 1624, in execute_sql
    cursor.execute(sql, params)
    ~~~~~~~~~~~~~~^^^^^^^^^^^^^
  File "C:\Users\majd9\OneDrive\Desktop\tizahab_project1\tizahab-web\.venv\Lib\site-packages\django\db\backends\utils.py", line 122, in execute
    return super().execute(sql, params)
           ~~~~~~~~~~~~~~~^^^^^^^^^^^^^
  File "C:\Users\majd9\OneDrive\Desktop\tizahab_project1\tizahab-web\.venv\Lib\site-packages\django\db\backends\utils.py", line 79, in execute
    return self._execute_with_wrappers(
           ~~~~~~~~~~~~~~~~~~~~~~~~~~~^
        sql, params, many=False, executor=self._execute
        ^^^^^^^^^^^^^^^^^^^^^^^^^^^^^^^^^^^^^^^^^^^^^^^
    )
    ^
  File "C:\Users\majd9\OneDrive\Desktop\tizahab_project1\tizahab-web\.venv\Lib\site-packages\django\db\backends\utils.py", line 92, in _execute_with_wrappers
    return executor(sql, params, many, context)
  File "C:\Users\majd9\OneDrive\Desktop\tizahab_project1\tizahab-web\.venv\Lib\site-packages\django\db\backends\utils.py", line 100, in _execute
    with self.db.wrap_database_errors:
         ^^^^^^^^^^^^^^^^^^^^^^^^^^^^
  File "C:\Users\majd9\OneDrive\Desktop\tizahab_project1\tizahab-web\.venv\Lib\site-packages\django\db\utils.py", line 94, in __exit__
    raise dj_exc_value.with_traceback(traceback) from exc_value
  File "C:\Users\majd9\OneDrive\Desktop\tizahab_project1\tizahab-web\.venv\Lib\site-packages\django\db\backends\utils.py", line 105, in _execute
    return self.cursor.execute(sql, params)
           ~~~~~~~~~~~~~~~~~~~^^^^^^^^^^^^^
  File "C:\Users\majd9\OneDrive\Desktop\tizahab_project1\tizahab-web\.venv\Lib\site-packages\django\db\backends\sqlite3\base.py", line 359, in execute
    return super().execute(query, params)
           ~~~~~~~~~~~~~~~^^^^^^^^^^^^^^^
django.db.utils.OperationalError: no such column: accounts_userpreferences.trip_duration
ERROR 2026-04-12 16:07:12 log 1936 6796 "POST /api/auth/preferences/ HTTP/1.1" 500 185328
