INFO 2026-03-13 02:32:58 autoreload 11052 13952 Watching for file changes with StatReloader
INFO 2026-03-13 02:33:09 log 11052 15664 "GET / HTTP/1.1" 200 15560
WARNING 2026-03-13 02:33:09 log 11052 15664 "GET /static/images/riyadh.png HTTP/1.1" 404 1865
WARNING 2026-03-13 02:33:09 log 11052 24688 "GET /static/images/event1.jpg HTTP/1.1" 404 1865
WARNING 2026-03-13 02:33:09 log 11052 31384 "GET /static/images/event2.jpg HTTP/1.1" 404 1865
WARNING 2026-03-13 02:33:09 log 11052 31232 "GET /static/images/event3.jpg HTTP/1.1" 404 1865
WARNING 2026-03-13 02:33:11 log 11052 29296 Not Found: /favicon.ico
WARNING 2026-03-13 02:33:11 log 11052 29296 "GET /favicon.ico HTTP/1.1" 404 3832
WARNING 2026-03-13 02:33:14 log 11052 29296 Unauthorized: /events/
WARNING 2026-03-13 02:33:14 log 11052 29296 "GET /events/ HTTP/1.1" 401 9832
WARNING 2026-03-13 02:33:20 log 11052 29296 Not Found: /home
WARNING 2026-03-13 02:33:20 log 11052 29296 "GET /home HTTP/1.1" 404 3811
WARNING 2026-03-13 02:33:24 log 11052 29296 Not Found: /map
WARNING 2026-03-13 02:33:24 log 11052 29296 "GET /map HTTP/1.1" 404 3808
WARNING 2026-03-13 02:33:29 log 11052 29296 Not Found: /settings
WARNING 2026-03-13 02:33:29 log 11052 29296 "GET /settings HTTP/1.1" 404 3823
WARNING 2026-03-13 02:33:32 log 11052 29296 Not Found: /profile
WARNING 2026-03-13 02:33:32 log 11052 29296 "GET /profile HTTP/1.1" 404 3820
WARNING 2026-03-13 02:51:28 log 7744 21884 Bad Request: /api/auth/login/
WARNING 2026-03-13 02:51:30 log 7744 21884 Bad Request: /api/auth/login/
WARNING 2026-03-13 02:51:35 log 7744 21884 Bad Request: /api/auth/signup/
WARNING 2026-03-13 02:51:35 log 7744 21884 Bad Request: /api/auth/signup/
WARNING 2026-03-13 02:51:35 log 7744 21884 Bad Request: /api/auth/signup/
WARNING 2026-03-13 02:51:37 log 7744 21884 Bad Request: /api/auth/preferences/
WARNING 2026-03-13 02:51:41 log 7744 21884 Bad Request: /api/auth/preferences/
WARNING 2026-03-13 02:51:43 log 7744 21884 Bad Request: /api/auth/preferences/
WARNING 2026-03-13 02:51:45 log 7744 21884 Unauthorized: /api/auth/preferences/
WARNING 2026-03-13 02:51:48 log 7744 21884 Bad Request: /api/auth/preferences/
WARNING 2026-03-13 02:53:45 log 6504 29972 Bad Request: /api/auth/login/
WARNING 2026-03-13 02:53:51 log 6504 29972 Bad Request: /api/auth/login/
WARNING 2026-03-13 02:54:10 log 6504 29972 Bad Request: /api/auth/signup/
WARNING 2026-03-13 02:54:10 log 6504 29972 Bad Request: /api/auth/signup/
WARNING 2026-03-13 02:54:10 log 6504 29972 Bad Request: /api/auth/signup/
WARNING 2026-03-13 02:54:16 log 6504 29972 Bad Request: /api/auth/preferences/
WARNING 2026-03-13 02:54:29 log 6504 29972 Bad Request: /api/auth/preferences/
WARNING 2026-03-13 02:54:35 log 6504 29972 Bad Request: /api/auth/preferences/
WARNING 2026-03-13 02:54:42 log 6504 29972 Unauthorized: /api/auth/preferences/
WARNING 2026-03-13 02:54:48 log 6504 29972 Bad Request: /api/auth/preferences/
WARNING 2026-03-13 03:00:40 log 4580 23780 Bad Request: /api/auth/preferences/
WARNING 2026-03-13 03:04:35 log 28400 15376 Bad Request: /api/auth/login/
WARNING 2026-03-13 03:04:39 log 28400 15376 Bad Request: /api/auth/login/
WARNING 2026-03-13 03:04:48 log 28400 15376 Bad Request: /api/auth/signup/
WARNING 2026-03-13 03:04:48 log 28400 15376 Bad Request: /api/auth/signup/
WARNING 2026-03-13 03:04:48 log 28400 15376 Bad Request: /api/auth/signup/
WARNING 2026-03-13 03:04:49 log 28400 15376 Bad Request: /api/auth/preferences/
WARNING 2026-03-13 03:04:51 log 28400 15376 Bad Request: /api/auth/preferences/
WARNING 2026-03-13 03:04:53 log 28400 15376 Bad Request: /api/auth/preferences/
WARNING 2026-03-13 03:04:54 log 28400 15376 Unauthorized: /api/auth/preferences/
WARNING 2026-03-13 03:04:57 log 28400 15376 Unauthorized: /api/events/
WARNING 2026-03-13 03:04:59 log 28400 15376 Bad Request: /api/events/filtered/
WARNING 2026-03-13 03:05:07 log 28400 15376 Not Found: /api/daily-plan/1/
WARNING 2026-03-13 03:05:10 log 28400 15376 Not Found: /api/daily-plan/1/
WARNING 2026-03-13 03:05:17 log 28400 15376 Unauthorized: /api/daily-plan/
WARNING 2026-03-13 03:05:29 views 28400 15376 Invalid date format from user 1: 15/06/2026
WARNING 2026-03-13 03:05:29 log 28400 15376 Bad Request: /api/daily-plan/generate/
WARNING 2026-03-13 03:05:31 log 28400 15376 Bad Request: /api/daily-plan/generate/
WARNING 2026-03-13 03:05:33 log 28400 15376 Not Found: /api/daily-plan/generate/
WARNING 2026-03-13 03:05:35 log 28400 15376 Bad Request: /api/daily-plan/generate/
WARNING 2026-03-13 03:05:37 log 28400 15376 Unauthorized: /api/daily-plan/generate/
INFO 2026-03-13 03:05:39 views 28400 15376 Daily plan created for user 1 on 2026-03-14
INFO 2026-03-13 03:05:41 views 28400 15376 Daily plan created for user 1 on 2026-03-14
INFO 2026-03-13 03:05:41 views 28400 15376 Daily plan updated for user 1 on 2026-03-14
WARNING 2026-03-13 03:05:50 log 28400 15376 Bad Request: /api/daily-plan/generate/
WARNING 2026-03-13 03:07:11 log 22720 6684 Bad Request: /api/auth/login/
WARNING 2026-03-13 03:07:14 log 22720 6684 Bad Request: /api/auth/login/
WARNING 2026-03-13 03:07:19 log 22720 6684 Bad Request: /api/auth/signup/
WARNING 2026-03-13 03:07:19 log 22720 6684 Bad Request: /api/auth/signup/
WARNING 2026-03-13 03:07:19 log 22720 6684 Bad Request: /api/auth/signup/
WARNING 2026-03-13 03:07:22 log 22720 6684 Bad Request: /api/auth/preferences/
WARNING 2026-03-13 03:07:27 log 22720 6684 Bad Request: /api/auth/preferences/
WARNING 2026-03-13 03:07:30 log 22720 6684 Bad Request: /api/auth/preferences/
WARNING 2026-03-13 03:07:32 log 22720 6684 Unauthorized: /api/auth/preferences/
WARNING 2026-03-13 03:07:38 log 22720 6684 Unauthorized: /api/events/
WARNING 2026-03-13 03:07:42 log 22720 6684 Bad Request: /api/events/filtered/
WARNING 2026-03-13 03:08:09 log 22720 6684 Not Found: /api/daily-plan/1/
WARNING 2026-03-13 03:08:14 log 22720 6684 Not Found: /api/daily-plan/1/
WARNING 2026-03-13 03:08:20 log 22720 6684 Unauthorized: /api/daily-plan/
WARNING 2026-03-13 03:08:39 views 22720 6684 Invalid date format from user 1: 15/06/2026
WARNING 2026-03-13 03:08:39 log 22720 6684 Bad Request: /api/daily-plan/generate/
WARNING 2026-03-13 03:08:41 log 22720 6684 Bad Request: /api/daily-plan/generate/
WARNING 2026-03-13 03:08:43 log 22720 6684 Not Found: /api/daily-plan/generate/
WARNING 2026-03-13 03:08:46 log 22720 6684 Bad Request: /api/daily-plan/generate/
WARNING 2026-03-13 03:08:49 log 22720 6684 Unauthorized: /api/daily-plan/generate/
INFO 2026-03-13 03:08:52 views 22720 6684 Daily plan created for user 1 on 2026-03-14
INFO 2026-03-13 03:08:55 views 22720 6684 Daily plan created for user 1 on 2026-03-14
INFO 2026-03-13 03:08:55 views 22720 6684 Daily plan updated for user 1 on 2026-03-14
WARNING 2026-03-13 03:08:57 log 22720 6684 Bad Request: /api/daily-plan/generate/
INFO 2026-03-13 06:13:21 autoreload 11208 17572 Watching for file changes with StatReloader
INFO 2026-03-13 06:13:22 log 11208 31728 "GET / HTTP/1.1" 200 20660
INFO 2026-03-13 06:13:23 log 11208 31728 "GET /static/css/design-system.css HTTP/1.1" 200 4481
WARNING 2026-03-13 06:13:23 log 11208 31728 Unauthorized: /api/events/
WARNING 2026-03-13 06:13:23 log 11208 22732 Unauthorized: /api/daily-plan/
WARNING 2026-03-13 06:13:23 log 11208 18108 Unauthorized: /api/events/
WARNING 2026-03-13 06:13:23 log 11208 31728 "GET /api/events/ HTTP/1.1" 401 172
WARNING 2026-03-13 06:13:23 log 11208 22732 "GET /api/daily-plan/ HTTP/1.1" 401 172
WARNING 2026-03-13 06:13:23 log 11208 18108 "GET /api/events/?category=food HTTP/1.1" 401 172
WARNING 2026-03-13 06:13:23 log 11208 31728 Unauthorized: /api/events/
WARNING 2026-03-13 06:13:23 log 11208 31728 "GET /api/events/ HTTP/1.1" 401 172
WARNING 2026-03-13 06:13:23 log 11208 31728 Not Found: /favicon.ico
WARNING 2026-03-13 06:13:23 log 11208 31728 "GET /favicon.ico HTTP/1.1" 404 4488
INFO 2026-03-13 06:13:27 log 11208 31728 "GET /home/ HTTP/1.1" 200 20660
WARNING 2026-03-13 06:13:28 log 11208 31728 Unauthorized: /api/events/
WARNING 2026-03-13 06:13:28 log 11208 18108 Unauthorized: /api/daily-plan/
WARNING 2026-03-13 06:13:28 log 11208 22732 Unauthorized: /api/events/
WARNING 2026-03-13 06:13:28 log 11208 31728 "GET /api/events/ HTTP/1.1" 401 172
WARNING 2026-03-13 06:13:28 log 11208 18108 "GET /api/daily-plan/ HTTP/1.1" 401 172
WARNING 2026-03-13 06:13:28 log 11208 22732 "GET /api/events/?category=food HTTP/1.1" 401 172
WARNING 2026-03-13 06:13:28 log 11208 31728 Unauthorized: /api/events/
WARNING 2026-03-13 06:13:28 log 11208 31728 "GET /api/events/ HTTP/1.1" 401 172
WARNING 2026-03-13 06:13:30 log 11208 31728 Method Not Allowed (GET): /logout/
WARNING 2026-03-13 06:13:30 log 11208 31728 "GET /logout/ HTTP/1.1" 405 0
WARNING 2026-03-13 06:13:31 log 11208 31728 Method Not Allowed (GET): /logout/
WARNING 2026-03-13 06:13:31 log 11208 31728 "GET /logout/ HTTP/1.1" 405 0
WARNING 2026-03-13 06:13:34 log 11208 31728 Method Not Allowed (GET): /logout/
WARNING 2026-03-13 06:13:34 log 11208 31728 "GET /logout/ HTTP/1.1" 405 0
WARNING 2026-03-13 06:13:34 log 11208 31728 Method Not Allowed (GET): /logout/
WARNING 2026-03-13 06:13:34 log 11208 31728 "GET /logout/ HTTP/1.1" 405 0
INFO 2026-03-13 06:13:38 log 11208 31728 "GET /events/page/ HTTP/1.1" 200 10709
INFO 2026-03-13 06:13:38 log 11208 31728 "GET /static/js/map.js HTTP/1.1" 200 758
INFO 2026-03-13 06:13:38 log 11208 22732 "GET /static/js/events.js HTTP/1.1" 200 15247
WARNING 2026-03-13 06:13:39 log 11208 22732 Unauthorized: /api/events/
WARNING 2026-03-13 06:13:39 log 11208 22732 "GET /api/events/ HTTP/1.1" 401 172
INFO 2026-03-13 06:13:39 log 11208 22732 "GET /api/auth/ui/login/ HTTP/1.1" 200 5256
WARNING 2026-03-13 06:13:39 log 11208 31728 "GET /static/images/google.svg HTTP/1.1" 404 1865
WARNING 2026-03-13 06:13:39 log 11208 22732 "GET /static/images/logo.png HTTP/1.1" 404 1859
WARNING 2026-03-13 06:13:39 log 11208 18108 "GET /static/images/facebook.svg HTTP/1.1" 404 1871
INFO 2026-03-13 06:13:52 log 11208 19572 "POST /api/auth/login/ HTTP/1.1" 200 491
INFO 2026-03-13 06:13:52 log 11208 19572 "GET / HTTP/1.1" 200 20660
INFO 2026-03-13 06:13:52 log 11208 9400 "GET /api/daily-plan/ HTTP/1.1" 200 52
INFO 2026-03-13 06:13:52 log 11208 372 "GET /api/events/?category=food HTTP/1.1" 200 13992
INFO 2026-03-13 06:13:52 log 11208 19572 "GET /api/events/ HTTP/1.1" 200 13782
INFO 2026-03-13 06:13:52 log 11208 9400 "GET /api/events/ HTTP/1.1" 200 13782
INFO 2026-03-13 06:13:58 log 11208 9400 "GET /daily-plan/ HTTP/1.1" 200 14889
INFO 2026-03-13 06:13:58 log 11208 9400 "GET /static/js/daily_plan_integration.js HTTP/1.1" 200 9799
INFO 2026-03-13 06:13:58 log 11208 9400 "GET /api/events/?category=outdoor HTTP/1.1" 200 4688
INFO 2026-03-13 06:13:58 log 11208 372 "GET /api/events/?category=food HTTP/1.1" 200 13992
INFO 2026-03-13 06:13:58 log 11208 19572 "GET /api/events/ HTTP/1.1" 200 13782
WARNING 2026-03-13 06:14:00 log 11208 19572 Bad Request: /api/daily-plan/generate/
WARNING 2026-03-13 06:14:00 log 11208 19572 "POST /api/daily-plan/generate/ HTTP/1.1" 400 79
WARNING 2026-03-13 06:14:03 log 11208 19572 Bad Request: /api/daily-plan/generate/
WARNING 2026-03-13 06:14:03 log 11208 19572 "POST /api/daily-plan/generate/ HTTP/1.1" 400 79
INFO 2026-03-13 06:14:10 log 11208 19572 "GET /profile/ HTTP/1.1" 200 16943
INFO 2026-03-13 06:14:10 log 11208 19572 "GET /static/css/design-system.css HTTP/1.1" 304 0
INFO 2026-03-13 06:14:11 log 11208 9400 "GET /api/daily-plan/ HTTP/1.1" 200 52
INFO 2026-03-13 06:14:11 log 11208 372 "GET /api/events/ HTTP/1.1" 200 13782
INFO 2026-03-13 06:14:11 log 11208 19572 "GET /api/auth/preferences/ HTTP/1.1" 200 78
INFO 2026-03-13 06:14:12 log 11208 19572 "GET /api/auth/ui/preferences/ HTTP/1.1" 200 16008
INFO 2026-03-13 06:14:13 log 11208 19572 "GET /api/auth/preferences/ HTTP/1.1" 200 78
INFO 2026-03-13 06:14:18 log 11208 19572 "GET /home/ HTTP/1.1" 200 20660
INFO 2026-03-13 06:14:18 log 11208 372 "GET /api/daily-plan/ HTTP/1.1" 200 52
INFO 2026-03-13 06:14:18 log 11208 19572 "GET /api/events/ HTTP/1.1" 200 13782
INFO 2026-03-13 06:14:18 log 11208 9400 "GET /api/events/?category=food HTTP/1.1" 200 13992
INFO 2026-03-13 06:14:18 log 11208 372 "GET /api/events/ HTTP/1.1" 200 13782
INFO 2026-03-13 06:14:20 log 11208 372 "GET /events/page/968/ HTTP/1.1" 200 1871
INFO 2026-03-13 06:14:20 log 11208 372 "GET /api/events/968/ HTTP/1.1" 200 264
INFO 2026-03-13 06:14:22 log 11208 372 "GET /daily-plan/ HTTP/1.1" 200 14889
INFO 2026-03-13 06:14:22 log 11208 9400 "GET /api/events/?category=outdoor HTTP/1.1" 200 4688
INFO 2026-03-13 06:14:22 log 11208 372 "GET /api/events/?category=food HTTP/1.1" 200 13992
INFO 2026-03-13 06:14:22 log 11208 19572 "GET /api/events/ HTTP/1.1" 200 13782
INFO 2026-03-13 06:14:24 log 11208 19572 "GET /events/page/ HTTP/1.1" 200 10709
INFO 2026-03-13 06:14:25 log 11208 19572 "GET /api/events/ HTTP/1.1" 200 13782
INFO 2026-03-13 06:14:43 log 11208 19572 "GET / HTTP/1.1" 200 20660
INFO 2026-03-13 06:14:43 log 11208 372 "GET /api/daily-plan/ HTTP/1.1" 200 52
INFO 2026-03-13 06:14:43 log 11208 19572 "GET /api/events/ HTTP/1.1" 200 13782
INFO 2026-03-13 06:14:43 log 11208 9400 "GET /api/events/?category=food HTTP/1.1" 200 13992
INFO 2026-03-13 06:14:43 log 11208 372 "GET /api/events/ HTTP/1.1" 200 13782
INFO 2026-03-13 17:15:46 autoreload 34464 31532 Watching for file changes with StatReloader
INFO 2026-03-13 17:16:00 log 34464 34056 "GET / HTTP/1.1" 200 20884
INFO 2026-03-13 17:16:00 log 34464 34056 "GET /static/css/design-system.css HTTP/1.1" 304 0
INFO 2026-03-13 17:16:16 log 34464 34056 "GET /login/ HTTP/1.1" 200 5261
WARNING 2026-03-13 17:16:16 log 34464 33888 "GET /static/images/google.svg HTTP/1.1" 404 1865
WARNING 2026-03-13 17:16:16 log 34464 34056 "GET /static/images/logo.png HTTP/1.1" 404 1859
WARNING 2026-03-13 17:16:16 log 34464 31868 "GET /static/images/facebook.svg HTTP/1.1" 404 1871
INFO 2026-03-13 17:16:30 log 34464 25060 "POST /api/auth/login/ HTTP/1.1" 200 491
INFO 2026-03-13 17:16:31 log 34464 25060 "GET /home/ HTTP/1.1" 200 20660
INFO 2026-03-13 17:16:32 log 34464 22884 "GET /api/daily-plan/ HTTP/1.1" 200 52
INFO 2026-03-13 17:16:32 log 34464 25060 "GET /api/events/ HTTP/1.1" 200 13782
INFO 2026-03-13 17:16:32 log 34464 5444 "GET /api/events/?category=food HTTP/1.1" 200 13992
INFO 2026-03-13 17:16:32 log 34464 22884 "GET /api/events/ HTTP/1.1" 200 13782
INFO 2026-03-13 17:16:33 log 34464 8468 "POST /api/auth/login/ HTTP/1.1" 200 491
INFO 2026-03-13 17:17:02 log 34464 8468 "GET /events/page/ HTTP/1.1" 200 14018
INFO 2026-03-13 17:17:03 log 34464 8468 "GET /static/js/events.js HTTP/1.1" 200 19461
INFO 2026-03-13 17:17:03 log 34464 8468 "GET /api/events/ HTTP/1.1" 200 13782
INFO 2026-03-13 17:17:15 log 34464 8468 "GET /map/ HTTP/1.1" 200 14591
INFO 2026-03-13 17:17:15 log 34464 8468 "GET /api/events/ HTTP/1.1" 200 13782
INFO 2026-03-13 17:17:24 log 34464 8468 "GET /profile/ HTTP/1.1" 200 16943
INFO 2026-03-13 17:17:24 log 34464 22884 "GET /api/daily-plan/ HTTP/1.1" 200 52
INFO 2026-03-13 17:17:24 log 34464 8468 "GET /api/auth/preferences/ HTTP/1.1" 200 78
INFO 2026-03-13 17:17:24 log 34464 5444 "GET /api/events/ HTTP/1.1" 200 13782
INFO 2026-03-13 17:17:29 log 34464 5444 "GET /settings/ HTTP/1.1" 200 16697
INFO 2026-03-13 17:17:38 log 34464 5444 "GET /profile/ HTTP/1.1" 200 16943
INFO 2026-03-13 17:17:39 log 34464 8468 "GET /api/daily-plan/ HTTP/1.1" 200 52
INFO 2026-03-13 17:17:39 log 34464 5444 "GET /api/auth/preferences/ HTTP/1.1" 200 78
INFO 2026-03-13 17:17:39 log 34464 22884 "GET /api/events/ HTTP/1.1" 200 13782
INFO 2026-03-13 17:17:43 log 34464 22884 "GET /home/ HTTP/1.1" 200 20660
INFO 2026-03-13 17:17:43 log 34464 5444 "GET /api/daily-plan/ HTTP/1.1" 200 52
INFO 2026-03-13 17:17:43 log 34464 22884 "GET /api/events/ HTTP/1.1" 200 13782
INFO 2026-03-13 17:17:43 log 34464 8468 "GET /api/events/?category=food HTTP/1.1" 200 13992
INFO 2026-03-13 17:17:43 log 34464 5444 "GET /api/events/ HTTP/1.1" 200 13782
INFO 2026-03-13 17:17:47 log 34464 5444 "GET / HTTP/1.1" 200 20884
INFO 2026-03-13 17:17:53 log 34464 5444 "GET /login/ HTTP/1.1" 200 5261
WARNING 2026-03-13 17:17:53 log 34464 5444 "GET /static/images/logo.png HTTP/1.1" 404 1859
WARNING 2026-03-13 17:17:53 log 34464 8468 "GET /static/images/google.svg HTTP/1.1" 404 1865
WARNING 2026-03-13 17:17:53 log 34464 22884 "GET /static/images/facebook.svg HTTP/1.1" 404 1871
INFO 2026-03-13 17:18:03 log 34464 25060 "POST /api/auth/login/ HTTP/1.1" 200 491
INFO 2026-03-13 17:18:03 log 34464 25060 "GET /home/ HTTP/1.1" 200 20660
INFO 2026-03-13 17:18:03 log 34464 17644 "GET /api/daily-plan/ HTTP/1.1" 200 52
INFO 2026-03-13 17:18:03 log 34464 25060 "GET /api/events/ HTTP/1.1" 200 13782
INFO 2026-03-13 17:18:03 log 34464 25728 "GET /api/events/?category=food HTTP/1.1" 200 13992
INFO 2026-03-13 17:18:03 log 34464 17644 "GET /api/events/ HTTP/1.1" 200 13782
INFO 2026-03-13 17:18:05 log 34464 22332 "POST /api/auth/login/ HTTP/1.1" 200 491
INFO 2026-03-13 17:18:05 log 34464 22332 "GET / HTTP/1.1" 200 20884
INFO 2026-03-13 17:18:06 log 34464 9448 "POST /api/auth/login/ HTTP/1.1" 200 491
INFO 2026-03-13 17:18:19 log 34464 9448 "GET /daily-plan/ HTTP/1.1" 200 14963
INFO 2026-03-13 17:18:20 log 34464 9448 "GET /static/js/daily_plan_integration.js HTTP/1.1" 304 0
INFO 2026-03-13 17:18:20 log 34464 22332 "GET /api/events/?category=outdoor HTTP/1.1" 200 4688
INFO 2026-03-13 17:18:20 log 34464 9448 "GET /api/events/?category=food HTTP/1.1" 200 13992
INFO 2026-03-13 17:18:20 log 34464 17644 "GET /api/events/ HTTP/1.1" 200 13782
WARNING 2026-03-13 17:18:22 log 34464 17644 Bad Request: /api/daily-plan/generate/
WARNING 2026-03-13 17:18:22 log 34464 17644 "POST /api/daily-plan/generate/ HTTP/1.1" 400 79
INFO 2026-03-13 17:18:32 log 34464 17644 "GET /events/page/1594/ HTTP/1.1" 200 9890
INFO 2026-03-13 17:18:32 log 34464 17644 "GET /static/js/events.js HTTP/1.1" 304 0
INFO 2026-03-13 17:18:32 log 34464 17644 "GET /api/events/1594/ HTTP/1.1" 200 265
INFO 2026-03-13 17:20:50 log 34464 17644 "GET /admin-panel/ HTTP/1.1" 200 17541
INFO 2026-03-13 17:20:51 log 34464 17644 "GET /api/events/ HTTP/1.1" 200 13782
INFO 2026-03-13 17:26:55 log 34464 11608 "GET / HTTP/1.1" 200 20884
INFO 2026-03-13 17:28:06 log 34464 11608 "GET /login/ HTTP/1.1" 200 5261
WARNING 2026-03-13 17:28:06 log 34464 11608 "GET /static/images/logo.png HTTP/1.1" 404 1859
WARNING 2026-03-13 17:28:06 log 34464 23344 "GET /static/images/google.svg HTTP/1.1" 404 1865
WARNING 2026-03-13 17:28:06 log 34464 32920 "GET /static/images/facebook.svg HTTP/1.1" 404 1871
DEBUG 2026-03-13 17:39:25 connectionpool 34572 26564 Starting new HTTPS connection (1): overpass-api.de:443
DEBUG 2026-03-13 17:39:28 connectionpool 34572 26564 https://overpass-api.de:443 "POST /api/interpreter HTTP/1.1" 200 20633
DEBUG 2026-03-13 17:39:30 connectionpool 34572 26564 Starting new HTTPS connection (1): overpass-api.de:443
DEBUG 2026-03-13 17:39:31 connectionpool 34572 26564 https://overpass-api.de:443 "POST /api/interpreter HTTP/1.1" 200 14228
DEBUG 2026-03-13 17:39:32 connectionpool 34572 26564 Starting new HTTPS connection (1): overpass-api.de:443
DEBUG 2026-03-13 17:39:39 connectionpool 34572 26564 https://overpass-api.de:443 "POST /api/interpreter HTTP/1.1" 429 481
DEBUG 2026-03-13 17:39:39 connectionpool 34572 26564 Starting new HTTPS connection (1): overpass-api.de:443
DEBUG 2026-03-13 17:39:45 connectionpool 34572 26564 https://overpass-api.de:443 "POST /api/interpreter HTTP/1.1" 429 481
DEBUG 2026-03-13 17:39:45 connectionpool 34572 26564 Starting new HTTPS connection (1): overpass-api.de:443
DEBUG 2026-03-13 17:39:51 connectionpool 34572 26564 https://overpass-api.de:443 "POST /api/interpreter HTTP/1.1" 429 481
DEBUG 2026-03-13 17:39:51 connectionpool 34572 26564 Starting new HTTPS connection (1): overpass-api.de:443
DEBUG 2026-03-13 17:39:57 connectionpool 34572 26564 https://overpass-api.de:443 "POST /api/interpreter HTTP/1.1" 504 474
INFO 2026-03-13 18:32:16 log 1852 12356 "GET / HTTP/1.1" 200 20884
INFO 2026-03-13 18:32:16 log 1852 23748 "GET /login/ HTTP/1.1" 200 5261
INFO 2026-03-13 18:32:16 log 1852 2192 "GET /signup/ HTTP/1.1" 200 6111
INFO 2026-03-13 18:32:16 log 1852 16712 "GET /api/auth/ui/forgot-password/ HTTP/1.1" 200 1978
INFO 2026-03-13 18:32:16 log 1852 25360 "GET /api/auth/ui/preferences/ HTTP/1.1" 200 16008
INFO 2026-03-13 18:32:16 log 1852 25324 "GET /home/ HTTP/1.1" 200 20660
INFO 2026-03-13 18:32:16 log 1852 23364 "GET /dashboard/ HTTP/1.1" 200 20660
INFO 2026-03-13 18:32:16 log 1852 22124 "GET /events/page/ HTTP/1.1" 200 14018
INFO 2026-03-13 18:32:16 log 1852 25040 "GET /daily-plan/ HTTP/1.1" 200 14963
INFO 2026-03-13 18:32:16 log 1852 33292 "GET /map/ HTTP/1.1" 200 14591
INFO 2026-03-13 18:32:16 log 1852 14040 "GET /profile/ HTTP/1.1" 200 16943
INFO 2026-03-13 18:32:16 log 1852 8996 "GET /settings/ HTTP/1.1" 200 16697
INFO 2026-03-13 18:32:16 log 1852 15372 "GET /admin-panel/ HTTP/1.1" 200 17541
WARNING 2026-03-13 18:32:16 log 1852 30804 Not Found: /onboarding/
WARNING 2026-03-13 18:32:16 log 1852 30804 "GET /onboarding/ HTTP/1.1" 404 4834
WARNING 2026-03-13 18:32:16 log 1852 32800 Unauthorized: /api/events/
WARNING 2026-03-13 18:32:16 log 1852 32800 "GET /api/events/ HTTP/1.1" 401 58
WARNING 2026-03-13 18:32:16 log 1852 24104 Unauthorized: /api/daily-plan/
WARNING 2026-03-13 18:32:16 log 1852 24104 "GET /api/daily-plan/ HTTP/1.1" 401 58
WARNING 2026-03-13 18:32:16 log 1852 27656 Method Not Allowed: /api/auth/login/
WARNING 2026-03-13 18:32:16 log 1852 27656 "GET /api/auth/login/ HTTP/1.1" 405 40
INFO 2026-03-13 18:32:16 log 1852 628 "GET / HTTP/1.1" 200 20884
INFO 2026-03-13 18:32:16 log 1852 14224 "GET /daily-plan/ HTTP/1.1" 200 14963
INFO 2026-03-13 18:32:16 log 1852 19560 "GET /events/page/ HTTP/1.1" 200 14018
INFO 2026-03-13 18:32:16 log 1852 5656 "GET /home/ HTTP/1.1" 200 20660
WARNING 2026-03-13 18:32:16 log 1852 24060 Method Not Allowed (GET): /logout/
WARNING 2026-03-13 18:32:16 log 1852 24060 "GET /logout/ HTTP/1.1" 405 0
INFO 2026-03-13 18:32:16 log 1852 28332 "GET /map/ HTTP/1.1" 200 14591
INFO 2026-03-13 18:32:16 log 1852 644 "GET /profile/ HTTP/1.1" 200 16943
INFO 2026-03-13 18:32:17 log 1852 34552 "GET /settings/ HTTP/1.1" 200 16697
INFO 2026-03-13 18:32:37 log 5220 26844 "GET / HTTP/1.1" 200 20884
INFO 2026-03-13 18:32:37 log 5220 15780 "GET /login/ HTTP/1.1" 200 5261
INFO 2026-03-13 18:32:37 log 5220 27864 "GET /signup/ HTTP/1.1" 200 6111
INFO 2026-03-13 18:32:37 log 5220 28552 "GET /api/auth/ui/forgot-password/ HTTP/1.1" 200 1978
INFO 2026-03-13 18:32:37 log 5220 28924 "GET /api/auth/ui/preferences/ HTTP/1.1" 200 16008
INFO 2026-03-13 18:32:37 log 5220 31948 "GET /home/ HTTP/1.1" 200 20660
INFO 2026-03-13 18:32:37 log 5220 9748 "GET /dashboard/ HTTP/1.1" 200 20660
INFO 2026-03-13 18:32:37 log 5220 16744 "GET /events/page/ HTTP/1.1" 200 14018
INFO 2026-03-13 18:32:37 log 5220 25388 "GET /daily-plan/ HTTP/1.1" 200 14963
INFO 2026-03-13 18:32:37 log 5220 27480 "GET /map/ HTTP/1.1" 200 14591
INFO 2026-03-13 18:32:37 log 5220 12072 "GET /profile/ HTTP/1.1" 200 16943
INFO 2026-03-13 18:32:38 log 5220 580 "GET /settings/ HTTP/1.1" 200 16697
INFO 2026-03-13 18:32:38 log 5220 4700 "GET /admin-panel/ HTTP/1.1" 200 17541
WARNING 2026-03-13 18:32:38 log 5220 24320 Not Found: /onboarding/
WARNING 2026-03-13 18:32:38 log 5220 24320 "GET /onboarding/ HTTP/1.1" 404 4834
WARNING 2026-03-13 18:32:38 log 5220 31012 Unauthorized: /api/events/
WARNING 2026-03-13 18:32:38 log 5220 31012 "GET /api/events/ HTTP/1.1" 401 58
WARNING 2026-03-13 18:32:38 log 5220 33512 Unauthorized: /api/daily-plan/
WARNING 2026-03-13 18:32:38 log 5220 33512 "GET /api/daily-plan/ HTTP/1.1" 401 58
WARNING 2026-03-13 18:32:38 log 5220 33736 Method Not Allowed: /api/auth/login/
WARNING 2026-03-13 18:32:38 log 5220 33736 "GET /api/auth/login/ HTTP/1.1" 405 40
INFO 2026-03-13 18:32:38 log 5220 33016 "GET / HTTP/1.1" 200 20884
INFO 2026-03-13 18:32:38 log 5220 31248 "GET /daily-plan/ HTTP/1.1" 200 14963
INFO 2026-03-13 18:32:38 log 5220 24852 "GET /events/page/ HTTP/1.1" 200 14018
INFO 2026-03-13 18:32:38 log 5220 33600 "GET /home/ HTTP/1.1" 200 20660
WARNING 2026-03-13 18:32:38 log 5220 17492 Method Not Allowed (GET): /logout/
WARNING 2026-03-13 18:32:38 log 5220 17492 "GET /logout/ HTTP/1.1" 405 0
INFO 2026-03-13 18:32:38 log 5220 7908 "GET /map/ HTTP/1.1" 200 14591
INFO 2026-03-13 18:32:38 log 5220 34508 "GET /profile/ HTTP/1.1" 200 16943
INFO 2026-03-13 18:32:38 log 5220 6464 "GET /settings/ HTTP/1.1" 200 16697
INFO 2026-03-13 19:09:37 log 34992 25664 "GET / HTTP/1.1" 200 20884
INFO 2026-03-13 19:09:37 log 34992 33000 "GET /login/ HTTP/1.1" 200 5261
INFO 2026-03-13 19:09:37 log 34992 23440 "GET /signup/ HTTP/1.1" 200 6104
INFO 2026-03-13 19:09:37 log 34992 21724 "GET /api/auth/ui/forgot-password/ HTTP/1.1" 200 1978
INFO 2026-03-13 19:09:37 log 34992 32864 "GET /api/auth/ui/preferences/ HTTP/1.1" 200 16008
INFO 2026-03-13 19:09:37 log 34992 18508 "GET /home/ HTTP/1.1" 200 20660
INFO 2026-03-13 19:09:37 log 34992 1428 "GET /dashboard/ HTTP/1.1" 200 20660
INFO 2026-03-13 19:09:37 log 34992 32336 "GET /events/page/ HTTP/1.1" 200 14018
INFO 2026-03-13 19:09:37 log 34992 35388 "GET /daily-plan/ HTTP/1.1" 200 14963
INFO 2026-03-13 19:09:37 log 34992 24528 "GET /map/ HTTP/1.1" 200 14591
INFO 2026-03-13 19:09:37 log 34992 35208 "GET /profile/ HTTP/1.1" 200 16943
INFO 2026-03-13 19:09:37 log 34992 35396 "GET /settings/ HTTP/1.1" 200 16697
INFO 2026-03-13 19:09:37 log 34992 19472 "GET /admin-panel/ HTTP/1.1" 200 17541
INFO 2026-03-13 19:09:37 log 34992 4960 "GET /onboarding/ HTTP/1.1" 200 16008
WARNING 2026-03-13 19:09:37 log 34992 2016 Unauthorized: /api/events/
WARNING 2026-03-13 19:09:37 log 34992 2016 "GET /api/events/ HTTP/1.1" 401 58
WARNING 2026-03-13 19:09:37 log 34992 34324 Unauthorized: /api/daily-plan/
WARNING 2026-03-13 19:09:37 log 34992 34324 "GET /api/daily-plan/ HTTP/1.1" 401 58
WARNING 2026-03-13 19:09:37 log 34992 32656 Method Not Allowed: /api/auth/login/
WARNING 2026-03-13 19:09:37 log 34992 32656 "GET /api/auth/login/ HTTP/1.1" 405 40
INFO 2026-03-13 19:09:37 log 34992 34968 "GET / HTTP/1.1" 200 20884
INFO 2026-03-13 19:09:37 log 34992 34984 "GET /daily-plan/ HTTP/1.1" 200 14963
INFO 2026-03-13 19:09:37 log 34992 32780 "GET /events/page/ HTTP/1.1" 200 14018
INFO 2026-03-13 19:09:37 log 34992 34964 "GET /home/ HTTP/1.1" 200 20660
WARNING 2026-03-13 19:09:37 log 34992 22416 Method Not Allowed (GET): /logout/
WARNING 2026-03-13 19:09:37 log 34992 22416 "GET /logout/ HTTP/1.1" 405 0
INFO 2026-03-13 19:09:37 log 34992 34912 "GET /map/ HTTP/1.1" 200 14591
INFO 2026-03-13 19:09:37 log 34992 21444 "GET /profile/ HTTP/1.1" 200 16943
INFO 2026-03-13 19:09:37 log 34992 33352 "GET /settings/ HTTP/1.1" 200 16697
INFO 2026-03-13 19:25:58 log 25544 34204 "GET / HTTP/1.1" 200 21318
INFO 2026-03-13 19:25:58 log 25544 30888 "GET /login/ HTTP/1.1" 200 5695
INFO 2026-03-13 19:25:58 log 25544 31688 "GET /signup/ HTTP/1.1" 200 6538
INFO 2026-03-13 19:25:58 log 25544 26068 "GET /api/auth/ui/forgot-password/ HTTP/1.1" 200 1978
INFO 2026-03-13 19:25:58 log 25544 21436 "GET /api/auth/ui/preferences/ HTTP/1.1" 200 16008
INFO 2026-03-13 19:25:58 log 25544 30552 "GET /home/ HTTP/1.1" 200 23246
INFO 2026-03-13 19:25:58 log 25544 34888 "GET /dashboard/ HTTP/1.1" 200 23246
INFO 2026-03-13 19:25:58 log 25544 35092 "GET /events/page/ HTTP/1.1" 200 16604
INFO 2026-03-13 19:25:58 log 25544 29732 "GET /daily-plan/ HTTP/1.1" 200 17549
INFO 2026-03-13 19:25:58 log 25544 31712 "GET /map/ HTTP/1.1" 200 17177
INFO 2026-03-13 19:25:58 log 25544 34216 "GET /profile/ HTTP/1.1" 200 19529
INFO 2026-03-13 19:25:58 log 25544 23044 "GET /settings/ HTTP/1.1" 200 19925
INFO 2026-03-13 19:25:58 log 25544 31524 "GET /admin-panel/ HTTP/1.1" 200 20127
INFO 2026-03-13 19:25:58 log 25544 11496 "GET /onboarding/ HTTP/1.1" 200 16008
WARNING 2026-03-13 19:25:58 log 25544 25268 Unauthorized: /api/events/
WARNING 2026-03-13 19:25:58 log 25544 25268 "GET /api/events/ HTTP/1.1" 401 58
WARNING 2026-03-13 19:25:58 log 25544 30336 Unauthorized: /api/daily-plan/
WARNING 2026-03-13 19:25:58 log 25544 30336 "GET /api/daily-plan/ HTTP/1.1" 401 58
WARNING 2026-03-13 19:25:58 log 25544 32808 Method Not Allowed: /api/auth/login/
WARNING 2026-03-13 19:25:58 log 25544 32808 "GET /api/auth/login/ HTTP/1.1" 405 40
INFO 2026-03-13 19:25:58 log 25544 35780 "GET / HTTP/1.1" 200 21318
INFO 2026-03-13 19:25:58 log 25544 11956 "GET /daily-plan/ HTTP/1.1" 200 17549
INFO 2026-03-13 19:25:58 log 25544 28440 "GET /events/page/ HTTP/1.1" 200 16604
INFO 2026-03-13 19:25:58 log 25544 33232 "GET /home/ HTTP/1.1" 200 23246
WARNING 2026-03-13 19:25:58 log 25544 29740 Method Not Allowed (GET): /logout/
WARNING 2026-03-13 19:25:58 log 25544 29740 "GET /logout/ HTTP/1.1" 405 0
INFO 2026-03-13 19:25:58 log 25544 35112 "GET /map/ HTTP/1.1" 200 17177
INFO 2026-03-13 19:25:58 log 25544 29380 "GET /profile/ HTTP/1.1" 200 19529
INFO 2026-03-13 19:25:58 log 25544 30588 "GET /settings/ HTTP/1.1" 200 19925
INFO 2026-03-13 19:31:41 autoreload 21436 31712 Watching for file changes with StatReloader
INFO 2026-03-13 19:31:45 log 21436 7192 "GET / HTTP/1.1" 200 21318
INFO 2026-03-13 19:31:45 log 21436 7192 "GET /static/css/design-system.css HTTP/1.1" 200 8310
WARNING 2026-03-13 19:31:46 log 21436 7192 Not Found: /favicon.ico
WARNING 2026-03-13 19:31:46 log 21436 7192 "GET /favicon.ico HTTP/1.1" 404 5007
INFO 2026-03-13 19:32:01 log 21436 7192 "GET /login/ HTTP/1.1" 200 5695
WARNING 2026-03-13 19:32:01 log 21436 7192 "GET /static/images/logo.png HTTP/1.1" 404 1859
WARNING 2026-03-13 19:32:01 log 21436 27272 "GET /static/images/google.svg HTTP/1.1" 404 1865
WARNING 2026-03-13 19:32:01 log 21436 21372 "GET /static/images/facebook.svg HTTP/1.1" 404 1871
INFO 2026-03-13 19:32:13 log 21436 20544 "POST /api/auth/login/ HTTP/1.1" 200 491
INFO 2026-03-13 19:32:13 log 21436 20544 "GET /home/ HTTP/1.1" 200 23246
INFO 2026-03-13 19:32:14 log 21436 32912 "GET /api/daily-plan/ HTTP/1.1" 200 52
INFO 2026-03-13 19:32:14 log 21436 20544 "GET /api/events/ HTTP/1.1" 200 16335
INFO 2026-03-13 19:32:14 log 21436 33260 "GET /api/events/?category=food HTTP/1.1" 200 16337
INFO 2026-03-13 19:32:14 log 21436 32912 "GET /api/events/ HTTP/1.1" 200 16335
INFO 2026-03-13 19:32:52 log 21436 32912 "GET /settings/ HTTP/1.1" 200 19925
INFO 2026-03-13 19:32:52 log 21436 32912 "GET /static/css/design-system.css HTTP/1.1" 304 0
INFO 2026-03-13 19:32:58 log 21436 32912 "GET /profile/ HTTP/1.1" 200 19529
INFO 2026-03-13 19:32:58 log 21436 33260 "GET /api/daily-plan/ HTTP/1.1" 200 52
INFO 2026-03-13 19:32:58 log 21436 32912 "GET /api/auth/preferences/ HTTP/1.1" 200 78
INFO 2026-03-13 19:32:59 log 21436 20544 "GET /api/events/ HTTP/1.1" 200 16335
INFO 2026-03-13 19:33:00 log 21436 20544 "GET /home/ HTTP/1.1" 200 23246
INFO 2026-03-13 19:33:01 log 21436 32912 "GET /api/daily-plan/ HTTP/1.1" 200 52
INFO 2026-03-13 19:33:01 log 21436 20544 "GET /api/events/ HTTP/1.1" 200 16335
INFO 2026-03-13 19:33:01 log 21436 33260 "GET /api/events/?category=food HTTP/1.1" 200 16337
INFO 2026-03-13 19:33:01 log 21436 32912 "GET /api/events/ HTTP/1.1" 200 16335
INFO 2026-03-13 19:33:01 log 21436 32912 "GET /daily-plan/ HTTP/1.1" 200 17549
INFO 2026-03-13 19:33:01 log 21436 32912 "GET /static/js/daily_plan_integration.js HTTP/1.1" 304 0
INFO 2026-03-13 19:33:01 log 21436 33260 "GET /api/events/?category=outdoor HTTP/1.1" 200 4688
INFO 2026-03-13 19:33:01 log 21436 32912 "GET /api/events/?category=food HTTP/1.1" 200 16337
INFO 2026-03-13 19:33:01 log 21436 20544 "GET /api/events/ HTTP/1.1" 200 16335
INFO 2026-03-13 19:33:02 log 21436 20544 "GET /events/page/ HTTP/1.1" 200 16604
INFO 2026-03-13 19:33:02 log 21436 20544 "GET /static/js/events.js HTTP/1.1" 304 0
INFO 2026-03-13 19:33:02 log 21436 20544 "GET /api/events/ HTTP/1.1" 200 16335
INFO 2026-03-14 01:16:25 log 36424 38180 "GET / HTTP/1.1" 200 21318
INFO 2026-03-14 01:16:25 log 36424 38408 "GET /login/ HTTP/1.1" 200 5695
INFO 2026-03-14 01:16:25 log 36424 37436 "GET /signup/ HTTP/1.1" 200 6538
INFO 2026-03-14 01:16:25 log 36424 19468 "GET /api/auth/ui/forgot-password/ HTTP/1.1" 200 1978
INFO 2026-03-14 01:16:25 log 36424 37220 "GET /api/auth/ui/preferences/ HTTP/1.1" 200 16008
INFO 2026-03-14 01:16:25 log 36424 30148 "GET /home/ HTTP/1.1" 200 23375
INFO 2026-03-14 01:16:25 log 36424 35880 "GET /dashboard/ HTTP/1.1" 200 23375
INFO 2026-03-14 01:16:25 log 36424 30732 "GET /events/page/ HTTP/1.1" 200 16733
INFO 2026-03-14 01:16:25 log 36424 34632 "GET /daily-plan/ HTTP/1.1" 200 17678
INFO 2026-03-14 01:16:25 log 36424 3860 "GET /map/ HTTP/1.1" 200 17306
INFO 2026-03-14 01:16:25 log 36424 11148 "GET /profile/ HTTP/1.1" 200 19658
INFO 2026-03-14 01:16:25 log 36424 37764 "GET /settings/ HTTP/1.1" 200 20054
INFO 2026-03-14 01:16:25 log 36424 25772 "GET /admin-panel/ HTTP/1.1" 200 20256
INFO 2026-03-14 01:16:25 log 36424 38704 "GET /onboarding/ HTTP/1.1" 200 16008
WARNING 2026-03-14 01:16:25 log 36424 20728 Unauthorized: /api/events/
WARNING 2026-03-14 01:16:25 log 36424 20728 "GET /api/events/ HTTP/1.1" 401 58
WARNING 2026-03-14 01:16:25 log 36424 35788 Unauthorized: /api/daily-plan/
WARNING 2026-03-14 01:16:25 log 36424 35788 "GET /api/daily-plan/ HTTP/1.1" 401 58
WARNING 2026-03-14 01:16:25 log 36424 15980 Method Not Allowed: /api/auth/login/
WARNING 2026-03-14 01:16:25 log 36424 15980 "GET /api/auth/login/ HTTP/1.1" 405 40
INFO 2026-03-14 01:16:25 log 36424 38416 "GET / HTTP/1.1" 200 21318
INFO 2026-03-14 01:16:25 log 36424 17068 "GET /daily-plan/ HTTP/1.1" 200 17678
INFO 2026-03-14 01:16:25 log 36424 32208 "GET /events/page/ HTTP/1.1" 200 16733
INFO 2026-03-14 01:16:25 log 36424 11512 "GET /home/ HTTP/1.1" 200 23375
WARNING 2026-03-14 01:16:25 log 36424 35704 Method Not Allowed (GET): /logout/
WARNING 2026-03-14 01:16:25 log 36424 35704 "GET /logout/ HTTP/1.1" 405 0
INFO 2026-03-14 01:16:25 log 36424 34428 "GET /map/ HTTP/1.1" 200 17306
INFO 2026-03-14 01:16:25 log 36424 11308 "GET /profile/ HTTP/1.1" 200 19658
INFO 2026-03-14 01:16:25 log 36424 31460 "GET /settings/ HTTP/1.1" 200 20054
WARNING 2026-03-14 01:33:53 log 32820 32208 Bad Request: /api/auth/signup/
WARNING 2026-03-14 01:33:53 log 32820 32208 Bad Request: /api/auth/signup/
WARNING 2026-03-14 01:33:53 log 32820 32208 Bad Request: /api/auth/signup/
WARNING 2026-03-14 01:33:54 log 32820 32208 Bad Request: /api/auth/login/
WARNING 2026-03-14 01:33:55 log 32820 32208 Bad Request: /api/auth/login/
WARNING 2026-03-14 01:33:56 log 32820 32208 Bad Request: /api/auth/preferences/
WARNING 2026-03-14 01:33:59 log 32820 32208 Bad Request: /api/auth/preferences/
WARNING 2026-03-14 01:34:00 log 32820 32208 Bad Request: /api/auth/preferences/
WARNING 2026-03-14 01:34:01 log 32820 32208 Unauthorized: /api/auth/preferences/
WARNING 2026-03-14 01:34:12 views 32820 32208 Invalid date format from user 1: 15/06/2026
WARNING 2026-03-14 01:34:12 log 32820 32208 Bad Request: /api/daily-plan/generate/
WARNING 2026-03-14 01:34:13 log 32820 32208 Bad Request: /api/daily-plan/generate/
WARNING 2026-03-14 01:34:14 log 32820 32208 Not Found: /api/daily-plan/generate/
WARNING 2026-03-14 01:34:15 log 32820 32208 Bad Request: /api/daily-plan/generate/
WARNING 2026-03-14 01:34:16 log 32820 32208 Unauthorized: /api/daily-plan/generate/
INFO 2026-03-14 01:34:17 views 32820 32208 Daily plan created for user 1 on 2026-03-15
INFO 2026-03-14 01:34:18 views 32820 32208 Daily plan created for user 1 on 2026-03-15
INFO 2026-03-14 01:34:19 views 32820 32208 Daily plan updated for user 1 on 2026-03-15
WARNING 2026-03-14 01:34:20 log 32820 32208 Bad Request: /api/daily-plan/generate/
WARNING 2026-03-14 01:34:21 log 32820 32208 Not Found: /api/daily-plan/1/
WARNING 2026-03-14 01:34:23 log 32820 32208 Not Found: /api/daily-plan/1/
WARNING 2026-03-14 01:34:26 log 32820 32208 Unauthorized: /api/daily-plan/
WARNING 2026-03-14 01:34:32 log 32820 32208 Unauthorized: /api/events/
WARNING 2026-03-14 01:34:35 log 32820 32208 Bad Request: /api/events/filtered/
INFO 2026-03-14 01:34:51 log 38108 36820 "GET / HTTP/1.1" 200 21318
INFO 2026-03-14 01:34:51 log 38108 8804 "GET /login/ HTTP/1.1" 200 5695
INFO 2026-03-14 01:34:51 log 38108 37940 "GET /signup/ HTTP/1.1" 200 6538
INFO 2026-03-14 01:34:51 log 38108 36992 "GET /api/auth/ui/forgot-password/ HTTP/1.1" 200 1978
INFO 2026-03-14 01:34:51 log 38108 34416 "GET /api/auth/ui/preferences/ HTTP/1.1" 200 16008
INFO 2026-03-14 01:34:51 log 38108 30884 "GET /home/ HTTP/1.1" 200 23375
INFO 2026-03-14 01:34:51 log 38108 10972 "GET /dashboard/ HTTP/1.1" 200 23375
INFO 2026-03-14 01:34:51 log 38108 34568 "GET /events/page/ HTTP/1.1" 200 16733
INFO 2026-03-14 01:34:51 log 38108 29432 "GET /daily-plan/ HTTP/1.1" 200 17678
INFO 2026-03-14 01:34:51 log 38108 16772 "GET /map/ HTTP/1.1" 200 17306
INFO 2026-03-14 01:34:51 log 38108 17072 "GET /profile/ HTTP/1.1" 200 19658
INFO 2026-03-14 01:34:51 log 38108 33436 "GET /settings/ HTTP/1.1" 200 20054
INFO 2026-03-14 01:34:51 log 38108 38712 "GET /admin-panel/ HTTP/1.1" 200 20256
INFO 2026-03-14 01:34:51 log 38108 30204 "GET /onboarding/ HTTP/1.1" 200 16008
WARNING 2026-03-14 01:34:51 log 38108 31372 Unauthorized: /api/events/
WARNING 2026-03-14 01:34:51 log 38108 31372 "GET /api/events/ HTTP/1.1" 401 58
WARNING 2026-03-14 01:34:51 log 38108 36232 Unauthorized: /api/daily-plan/
WARNING 2026-03-14 01:34:51 log 38108 36232 "GET /api/daily-plan/ HTTP/1.1" 401 58
WARNING 2026-03-14 01:34:51 log 38108 34392 Method Not Allowed: /api/auth/login/
WARNING 2026-03-14 01:34:51 log 38108 34392 "GET /api/auth/login/ HTTP/1.1" 405 40
INFO 2026-03-14 01:34:51 log 38108 24420 "GET / HTTP/1.1" 200 21318
INFO 2026-03-14 01:34:51 log 38108 35104 "GET /daily-plan/ HTTP/1.1" 200 17678
INFO 2026-03-14 01:34:51 log 38108 23804 "GET /events/page/ HTTP/1.1" 200 16733
INFO 2026-03-14 01:34:51 log 38108 15372 "GET /home/ HTTP/1.1" 200 23375
WARNING 2026-03-14 01:34:51 log 38108 26144 Method Not Allowed (GET): /logout/
WARNING 2026-03-14 01:34:51 log 38108 26144 "GET /logout/ HTTP/1.1" 405 0
INFO 2026-03-14 01:34:51 log 38108 11092 "GET /map/ HTTP/1.1" 200 17306
INFO 2026-03-14 01:34:51 log 38108 21068 "GET /profile/ HTTP/1.1" 200 19658
INFO 2026-03-14 01:34:51 log 38108 2280 "GET /settings/ HTTP/1.1" 200 20054
WARNING 2026-03-14 01:46:14 log 32396 36084 Bad Request: /api/auth/signup/
WARNING 2026-03-14 01:46:14 log 32396 36084 Bad Request: /api/auth/signup/
WARNING 2026-03-14 01:46:14 log 32396 36084 Bad Request: /api/auth/signup/
WARNING 2026-03-14 01:46:16 log 32396 36084 Bad Request: /api/auth/login/
WARNING 2026-03-14 01:46:18 log 32396 36084 Bad Request: /api/auth/login/
WARNING 2026-03-14 01:46:20 log 32396 36084 Bad Request: /api/auth/preferences/
WARNING 2026-03-14 01:46:24 log 32396 36084 Bad Request: /api/auth/preferences/
WARNING 2026-03-14 01:46:26 log 32396 36084 Bad Request: /api/auth/preferences/
WARNING 2026-03-14 01:46:28 log 32396 36084 Unauthorized: /api/auth/preferences/
WARNING 2026-03-14 01:46:44 views 32396 36084 Invalid date format from user 1: 15/06/2026
WARNING 2026-03-14 01:46:44 log 32396 36084 Bad Request: /api/daily-plan/generate/
WARNING 2026-03-14 01:46:45 log 32396 36084 Bad Request: /api/daily-plan/generate/
WARNING 2026-03-14 01:46:46 log 32396 36084 Not Found: /api/daily-plan/generate/
WARNING 2026-03-14 01:46:48 log 32396 36084 Bad Request: /api/daily-plan/generate/
WARNING 2026-03-14 01:46:49 log 32396 36084 Unauthorized: /api/daily-plan/generate/
INFO 2026-03-14 01:46:50 views 32396 36084 Daily plan created for user 1 on 2026-03-15
INFO 2026-03-14 01:46:51 views 32396 36084 Daily plan created for user 1 on 2026-03-15
INFO 2026-03-14 01:46:51 views 32396 36084 Daily plan updated for user 1 on 2026-03-15
WARNING 2026-03-14 01:46:52 log 32396 36084 Bad Request: /api/daily-plan/generate/
WARNING 2026-03-14 01:46:53 log 32396 36084 Not Found: /api/daily-plan/1/
WARNING 2026-03-14 01:46:55 log 32396 36084 Not Found: /api/daily-plan/1/
WARNING 2026-03-14 01:46:58 log 32396 36084 Unauthorized: /api/daily-plan/
WARNING 2026-03-14 01:47:05 log 32396 36084 Unauthorized: /api/events/
WARNING 2026-03-14 01:47:08 log 32396 36084 Bad Request: /api/events/filtered/
WARNING 2026-03-14 01:51:22 log 29444 1868 Bad Request: /api/auth/signup/
WARNING 2026-03-14 01:51:22 log 29444 1868 Bad Request: /api/auth/signup/
WARNING 2026-03-14 01:51:22 log 29444 1868 Bad Request: /api/auth/signup/
WARNING 2026-03-14 01:51:24 log 29444 1868 Bad Request: /api/auth/login/
WARNING 2026-03-14 01:51:25 log 29444 1868 Bad Request: /api/auth/login/
WARNING 2026-03-14 01:51:26 log 29444 1868 Bad Request: /api/auth/preferences/
WARNING 2026-03-14 01:51:28 log 29444 1868 Bad Request: /api/auth/preferences/
WARNING 2026-03-14 01:51:29 log 29444 1868 Bad Request: /api/auth/preferences/
WARNING 2026-03-14 01:51:30 log 29444 1868 Unauthorized: /api/auth/preferences/
WARNING 2026-03-14 01:51:42 views 29444 1868 Invalid date format from user 1: 15/06/2026
WARNING 2026-03-14 01:51:42 log 29444 1868 Bad Request: /api/daily-plan/generate/
WARNING 2026-03-14 01:51:43 log 29444 1868 Bad Request: /api/daily-plan/generate/
WARNING 2026-03-14 01:51:44 log 29444 1868 Not Found: /api/daily-plan/generate/
WARNING 2026-03-14 01:51:46 log 29444 1868 Bad Request: /api/daily-plan/generate/
WARNING 2026-03-14 01:51:47 log 29444 1868 Unauthorized: /api/daily-plan/generate/
INFO 2026-03-14 01:51:48 views 29444 1868 Daily plan created for user 1 on 2026-03-15
INFO 2026-03-14 01:51:49 views 29444 1868 Daily plan created for user 1 on 2026-03-15
INFO 2026-03-14 01:51:49 views 29444 1868 Daily plan updated for user 1 on 2026-03-15
WARNING 2026-03-14 01:51:50 log 29444 1868 Bad Request: /api/daily-plan/generate/
WARNING 2026-03-14 01:51:52 log 29444 1868 Not Found: /api/daily-plan/1/
WARNING 2026-03-14 01:51:54 log 29444 1868 Not Found: /api/daily-plan/1/
WARNING 2026-03-14 01:51:57 log 29444 1868 Unauthorized: /api/daily-plan/
WARNING 2026-03-14 01:52:04 log 29444 1868 Unauthorized: /api/events/
WARNING 2026-03-14 01:52:06 log 29444 1868 Bad Request: /api/events/filtered/
WARNING 2026-03-14 01:52:32 log 25148 24696 Bad Request: /api/auth/signup/
WARNING 2026-03-14 01:52:32 log 25148 24696 Bad Request: /api/auth/signup/
WARNING 2026-03-14 01:52:32 log 25148 24696 Bad Request: /api/auth/signup/
WARNING 2026-03-14 01:52:34 log 25148 24696 Bad Request: /api/auth/login/
WARNING 2026-03-14 01:52:35 log 25148 24696 Bad Request: /api/auth/login/
WARNING 2026-03-14 01:52:36 log 25148 24696 Bad Request: /api/auth/preferences/
WARNING 2026-03-14 01:52:39 log 25148 24696 Bad Request: /api/auth/preferences/
WARNING 2026-03-14 01:52:40 log 25148 24696 Bad Request: /api/auth/preferences/
WARNING 2026-03-14 01:52:41 log 25148 24696 Unauthorized: /api/auth/preferences/
WARNING 2026-03-14 01:52:52 views 25148 24696 Invalid date format from user 1: 15/06/2026
WARNING 2026-03-14 01:52:52 log 25148 24696 Bad Request: /api/daily-plan/generate/
WARNING 2026-03-14 01:52:53 log 25148 24696 Bad Request: /api/daily-plan/generate/
WARNING 2026-03-14 01:52:54 log 25148 24696 Not Found: /api/daily-plan/generate/
WARNING 2026-03-14 01:52:55 log 25148 24696 Bad Request: /api/daily-plan/generate/
WARNING 2026-03-14 01:52:57 log 25148 24696 Unauthorized: /api/daily-plan/generate/
INFO 2026-03-14 01:52:58 views 25148 24696 Daily plan created for user 1 on 2026-03-15
INFO 2026-03-14 01:52:59 views 25148 24696 Daily plan created for user 1 on 2026-03-15
INFO 2026-03-14 01:52:59 views 25148 24696 Daily plan updated for user 1 on 2026-03-15
WARNING 2026-03-14 01:53:00 log 25148 24696 Bad Request: /api/daily-plan/generate/
WARNING 2026-03-14 01:53:02 log 25148 24696 Not Found: /api/daily-plan/1/
WARNING 2026-03-14 01:53:03 log 25148 24696 Not Found: /api/daily-plan/1/
WARNING 2026-03-14 01:53:07 log 25148 24696 Unauthorized: /api/daily-plan/
WARNING 2026-03-14 01:53:13 log 25148 24696 Unauthorized: /api/events/
WARNING 2026-03-14 01:53:16 log 25148 24696 Bad Request: /api/events/filtered/
WARNING 2026-03-14 01:53:42 log 33656 10108 Bad Request: /api/auth/signup/
WARNING 2026-03-14 01:53:42 log 33656 10108 Bad Request: /api/auth/signup/
WARNING 2026-03-14 01:53:42 log 33656 10108 Bad Request: /api/auth/signup/
WARNING 2026-03-14 01:53:43 log 33656 10108 Bad Request: /api/auth/login/
WARNING 2026-03-14 01:53:45 log 33656 10108 Bad Request: /api/auth/login/
WARNING 2026-03-14 01:53:46 log 33656 10108 Bad Request: /api/auth/preferences/
WARNING 2026-03-14 01:53:48 log 33656 10108 Bad Request: /api/auth/preferences/
WARNING 2026-03-14 01:53:49 log 33656 10108 Bad Request: /api/auth/preferences/
WARNING 2026-03-14 01:53:50 log 33656 10108 Unauthorized: /api/auth/preferences/
WARNING 2026-03-14 01:54:02 views 33656 10108 Invalid date format from user 1: 15/06/2026
WARNING 2026-03-14 01:54:02 log 33656 10108 Bad Request: /api/daily-plan/generate/
WARNING 2026-03-14 01:54:03 log 33656 10108 Bad Request: /api/daily-plan/generate/
WARNING 2026-03-14 01:54:04 log 33656 10108 Not Found: /api/daily-plan/generate/
WARNING 2026-03-14 01:54:05 log 33656 10108 Bad Request: /api/daily-plan/generate/
WARNING 2026-03-14 01:54:06 log 33656 10108 Unauthorized: /api/daily-plan/generate/
INFO 2026-03-14 01:54:07 views 33656 10108 Daily plan created for user 1 on 2026-03-15
INFO 2026-03-14 01:54:08 views 33656 10108 Daily plan created for user 1 on 2026-03-15
INFO 2026-03-14 01:54:08 views 33656 10108 Daily plan updated for user 1 on 2026-03-15
WARNING 2026-03-14 01:54:10 log 33656 10108 Bad Request: /api/daily-plan/generate/
WARNING 2026-03-14 01:54:11 log 33656 10108 Not Found: /api/daily-plan/1/
WARNING 2026-03-14 01:54:13 log 33656 10108 Not Found: /api/daily-plan/1/
WARNING 2026-03-14 01:54:17 log 33656 10108 Unauthorized: /api/daily-plan/
WARNING 2026-03-14 01:54:23 log 33656 10108 Unauthorized: /api/events/
WARNING 2026-03-14 01:54:26 log 33656 10108 Bad Request: /api/events/filtered/
INFO 2026-03-14 01:56:51 log 34428 37952 "GET / HTTP/1.1" 200 21318
INFO 2026-03-14 01:56:51 log 34428 19000 "GET /login/ HTTP/1.1" 200 5695
INFO 2026-03-14 01:56:51 log 34428 27136 "GET /signup/ HTTP/1.1" 200 6538
INFO 2026-03-14 01:56:52 log 34428 22104 "GET /api/auth/ui/forgot-password/ HTTP/1.1" 200 1978
INFO 2026-03-14 01:56:52 log 34428 15516 "GET /api/auth/ui/preferences/ HTTP/1.1" 200 16008
INFO 2026-03-14 01:56:52 log 34428 35592 "GET /home/ HTTP/1.1" 200 23375
INFO 2026-03-14 01:56:52 log 34428 32772 "GET /dashboard/ HTTP/1.1" 200 23375
INFO 2026-03-14 01:56:52 log 34428 37532 "GET /events/page/ HTTP/1.1" 200 16733
INFO 2026-03-14 01:56:52 log 34428 36200 "GET /daily-plan/ HTTP/1.1" 200 17678
INFO 2026-03-14 01:56:52 log 34428 31372 "GET /map/ HTTP/1.1" 200 17306
INFO 2026-03-14 01:56:52 log 34428 36972 "GET /profile/ HTTP/1.1" 200 19658
INFO 2026-03-14 01:56:52 log 34428 23340 "GET /settings/ HTTP/1.1" 200 20054
INFO 2026-03-14 01:56:52 log 34428 32856 "GET /admin-panel/ HTTP/1.1" 200 20256
INFO 2026-03-14 01:56:52 log 34428 20596 "GET /onboarding/ HTTP/1.1" 200 16008
WARNING 2026-03-14 01:56:52 log 34428 16644 Unauthorized: /api/events/
WARNING 2026-03-14 01:56:52 log 34428 16644 "GET /api/events/ HTTP/1.1" 401 58
WARNING 2026-03-14 01:56:52 log 34428 35868 Unauthorized: /api/daily-plan/
WARNING 2026-03-14 01:56:52 log 34428 35868 "GET /api/daily-plan/ HTTP/1.1" 401 58
WARNING 2026-03-14 01:56:52 log 34428 24656 Method Not Allowed: /api/auth/login/
WARNING 2026-03-14 01:56:52 log 34428 24656 "GET /api/auth/login/ HTTP/1.1" 405 40
INFO 2026-03-14 01:56:52 log 34428 18476 "GET / HTTP/1.1" 200 21318
INFO 2026-03-14 01:56:52 log 34428 32460 "GET /daily-plan/ HTTP/1.1" 200 17678
INFO 2026-03-14 01:56:52 log 34428 33240 "GET /events/page/ HTTP/1.1" 200 16733
INFO 2026-03-14 01:56:52 log 34428 37192 "GET /home/ HTTP/1.1" 200 23375
WARNING 2026-03-14 01:56:52 log 34428 34192 Method Not Allowed (GET): /logout/
WARNING 2026-03-14 01:56:52 log 34428 34192 "GET /logout/ HTTP/1.1" 405 0
INFO 2026-03-14 01:56:52 log 34428 37940 "GET /map/ HTTP/1.1" 200 17306
INFO 2026-03-14 01:56:52 log 34428 15312 "GET /profile/ HTTP/1.1" 200 19658
INFO 2026-03-14 01:56:52 log 34428 29104 "GET /settings/ HTTP/1.1" 200 20054
WARNING 2026-03-14 20:04:09 log 37904 25876 Bad Request: /api/auth/signup/
WARNING 2026-03-14 20:04:09 log 37904 25876 Bad Request: /api/auth/signup/
WARNING 2026-03-14 20:04:09 log 37904 25876 Bad Request: /api/auth/signup/
WARNING 2026-03-14 20:04:11 log 37904 25876 Bad Request: /api/auth/login/
WARNING 2026-03-14 20:04:12 log 37904 25876 Bad Request: /api/auth/login/
WARNING 2026-03-14 20:04:13 log 37904 25876 Bad Request: /api/auth/preferences/
WARNING 2026-03-14 20:04:15 log 37904 25876 Bad Request: /api/auth/preferences/
WARNING 2026-03-14 20:04:16 log 37904 25876 Bad Request: /api/auth/preferences/
WARNING 2026-03-14 20:04:17 log 37904 25876 Unauthorized: /api/auth/preferences/
WARNING 2026-03-14 20:04:28 views 37904 25876 Invalid date format from user 1: 15/06/2026
WARNING 2026-03-14 20:04:28 log 37904 25876 Bad Request: /api/daily-plan/generate/
WARNING 2026-03-14 20:04:30 log 37904 25876 Bad Request: /api/daily-plan/generate/
WARNING 2026-03-14 20:04:31 log 37904 25876 Not Found: /api/daily-plan/generate/
WARNING 2026-03-14 20:04:32 log 37904 25876 Bad Request: /api/daily-plan/generate/
WARNING 2026-03-14 20:04:33 log 37904 25876 Unauthorized: /api/daily-plan/generate/
INFO 2026-03-14 20:04:34 views 37904 25876 Daily plan created for user 1 on 2026-03-15
INFO 2026-03-14 20:04:35 views 37904 25876 Daily plan created for user 1 on 2026-03-15
INFO 2026-03-14 20:04:35 views 37904 25876 Daily plan updated for user 1 on 2026-03-15
WARNING 2026-03-14 20:04:36 log 37904 25876 Bad Request: /api/daily-plan/generate/
WARNING 2026-03-14 20:04:38 log 37904 25876 Not Found: /api/daily-plan/1/
WARNING 2026-03-14 20:04:39 log 37904 25876 Not Found: /api/daily-plan/1/
WARNING 2026-03-14 20:04:43 log 37904 25876 Unauthorized: /api/daily-plan/
WARNING 2026-03-14 20:04:50 log 37904 25876 Unauthorized: /api/events/
WARNING 2026-03-14 20:04:53 log 37904 25876 Bad Request: /api/events/filtered/
WARNING 2026-03-14 20:52:34 log 37744 31876 Bad Request: /api/auth/signup/
WARNING 2026-03-14 20:52:34 log 37744 31876 Bad Request: /api/auth/signup/
WARNING 2026-03-14 20:52:34 log 37744 31876 Bad Request: /api/auth/signup/
WARNING 2026-03-14 20:52:36 log 37744 31876 Bad Request: /api/auth/login/
WARNING 2026-03-14 20:52:37 log 37744 31876 Bad Request: /api/auth/login/
WARNING 2026-03-14 20:52:38 log 37744 31876 Bad Request: /api/auth/preferences/
WARNING 2026-03-14 20:52:40 log 37744 31876 Bad Request: /api/auth/preferences/
WARNING 2026-03-14 20:52:41 log 37744 31876 Bad Request: /api/auth/preferences/
WARNING 2026-03-14 20:52:42 log 37744 31876 Unauthorized: /api/auth/preferences/
WARNING 2026-03-14 20:52:53 views 37744 31876 Invalid date format from user 1: 15/06/2026
WARNING 2026-03-14 20:52:53 log 37744 31876 Bad Request: /api/daily-plan/generate/
WARNING 2026-03-14 20:52:54 log 37744 31876 Bad Request: /api/daily-plan/generate/
WARNING 2026-03-14 20:52:55 log 37744 31876 Not Found: /api/daily-plan/generate/
WARNING 2026-03-14 20:52:56 log 37744 31876 Bad Request: /api/daily-plan/generate/
WARNING 2026-03-14 20:52:57 log 37744 31876 Unauthorized: /api/daily-plan/generate/
INFO 2026-03-14 20:52:59 views 37744 31876 Daily plan created for user 1 on 2026-03-15
INFO 2026-03-14 20:53:00 views 37744 31876 Daily plan created for user 1 on 2026-03-15
INFO 2026-03-14 20:53:00 views 37744 31876 Daily plan updated for user 1 on 2026-03-15
WARNING 2026-03-14 20:53:01 log 37744 31876 Bad Request: /api/daily-plan/generate/
WARNING 2026-03-14 20:53:02 log 37744 31876 Not Found: /api/daily-plan/1/
WARNING 2026-03-14 20:53:04 log 37744 31876 Not Found: /api/daily-plan/1/
WARNING 2026-03-14 20:53:07 log 37744 31876 Unauthorized: /api/daily-plan/
WARNING 2026-03-14 20:53:13 log 37744 31876 Unauthorized: /api/events/
WARNING 2026-03-14 20:53:16 log 37744 31876 Bad Request: /api/events/filtered/
WARNING 2026-03-14 21:08:41 log 23628 24240 Bad Request: /api/auth/signup/
WARNING 2026-03-14 21:08:41 log 23628 24240 Bad Request: /api/auth/signup/
WARNING 2026-03-14 21:08:41 log 23628 24240 Bad Request: /api/auth/signup/
WARNING 2026-03-14 21:08:43 log 23628 24240 Bad Request: /api/auth/login/
WARNING 2026-03-14 21:08:44 log 23628 24240 Bad Request: /api/auth/login/
WARNING 2026-03-14 21:08:45 log 23628 24240 Bad Request: /api/auth/preferences/
WARNING 2026-03-14 21:08:47 log 23628 24240 Bad Request: /api/auth/preferences/
WARNING 2026-03-14 21:08:48 log 23628 24240 Bad Request: /api/auth/preferences/
WARNING 2026-03-14 21:08:49 log 23628 24240 Unauthorized: /api/auth/preferences/
WARNING 2026-03-14 21:09:00 views 23628 24240 Invalid date format from user 1: 15/06/2026
WARNING 2026-03-14 21:09:00 log 23628 24240 Bad Request: /api/daily-plan/generate/
WARNING 2026-03-14 21:09:01 log 23628 24240 Bad Request: /api/daily-plan/generate/
WARNING 2026-03-14 21:09:02 log 23628 24240 Not Found: /api/daily-plan/generate/
WARNING 2026-03-14 21:09:03 log 23628 24240 Bad Request: /api/daily-plan/generate/
WARNING 2026-03-14 21:09:04 log 23628 24240 Unauthorized: /api/daily-plan/generate/
INFO 2026-03-14 21:09:05 views 23628 24240 Daily plan created for user 1 on 2026-03-15
INFO 2026-03-14 21:09:06 views 23628 24240 Daily plan created for user 1 on 2026-03-15
INFO 2026-03-14 21:09:07 views 23628 24240 Daily plan updated for user 1 on 2026-03-15
WARNING 2026-03-14 21:09:08 log 23628 24240 Bad Request: /api/daily-plan/generate/
WARNING 2026-03-14 21:09:09 log 23628 24240 Not Found: /api/daily-plan/1/
WARNING 2026-03-14 21:09:11 log 23628 24240 Not Found: /api/daily-plan/1/
WARNING 2026-03-14 21:09:14 log 23628 24240 Unauthorized: /api/daily-plan/
WARNING 2026-03-14 21:09:20 log 23628 24240 Unauthorized: /api/events/
WARNING 2026-03-15 00:18:02 log 35792 40672 Bad Request: /api/auth/signup/
WARNING 2026-03-15 00:18:02 log 35792 40672 Bad Request: /api/auth/signup/
WARNING 2026-03-15 00:18:03 log 35792 40672 Bad Request: /api/auth/signup/
WARNING 2026-03-15 00:18:08 log 35792 40672 Bad Request: /api/auth/login/
WARNING 2026-03-15 00:18:11 log 35792 40672 Bad Request: /api/auth/login/
WARNING 2026-03-15 00:18:13 log 35792 40672 Bad Request: /api/auth/preferences/
WARNING 2026-03-15 00:18:17 log 35792 40672 Bad Request: /api/auth/preferences/
WARNING 2026-03-15 00:18:20 log 35792 40672 Bad Request: /api/auth/preferences/
WARNING 2026-03-15 00:18:22 log 35792 40672 Unauthorized: /api/auth/preferences/
WARNING 2026-03-15 00:18:51 views 35792 40672 Invalid date format from user 1: 15/06/2026
WARNING 2026-03-15 00:18:51 log 35792 40672 Bad Request: /api/daily-plan/generate/
WARNING 2026-03-15 00:18:53 log 35792 40672 Bad Request: /api/daily-plan/generate/
WARNING 2026-03-15 00:18:55 log 35792 40672 Not Found: /api/daily-plan/generate/
WARNING 2026-03-15 00:18:57 log 35792 40672 Bad Request: /api/daily-plan/generate/
WARNING 2026-03-15 00:18:59 log 35792 40672 Unauthorized: /api/daily-plan/generate/
INFO 2026-03-15 00:19:01 views 35792 40672 Daily plan created for user 1 on 2026-03-16
INFO 2026-03-15 00:19:03 views 35792 40672 Daily plan created for user 1 on 2026-03-16
INFO 2026-03-15 00:19:03 views 35792 40672 Daily plan updated for user 1 on 2026-03-16
WARNING 2026-03-15 00:19:04 log 35792 40672 Bad Request: /api/daily-plan/generate/
WARNING 2026-03-15 00:19:08 log 35792 40672 Not Found: /api/daily-plan/1/
WARNING 2026-03-15 00:19:11 log 35792 40672 Not Found: /api/daily-plan/1/
WARNING 2026-03-15 00:19:17 log 35792 40672 Unauthorized: /api/daily-plan/
WARNING 2026-03-15 00:19:28 log 35792 40672 Unauthorized: /api/events/
WARNING 2026-03-15 00:19:33 log 35792 40672 Bad Request: /api/events/filtered/
INFO 2026-03-15 00:19:56 log 38508 17748 "GET / HTTP/1.1" 200 21318
INFO 2026-03-15 00:19:56 log 38508 40240 "GET /login/ HTTP/1.1" 200 5695
INFO 2026-03-15 00:19:56 log 38508 40172 "GET /signup/ HTTP/1.1" 200 6538
INFO 2026-03-15 00:19:56 log 38508 40112 "GET /api/auth/ui/forgot-password/ HTTP/1.1" 200 1978
INFO 2026-03-15 00:19:57 log 38508 29260 "GET /api/auth/ui/preferences/ HTTP/1.1" 200 16008
INFO 2026-03-15 00:19:57 log 38508 39092 "GET /home/ HTTP/1.1" 200 23375
INFO 2026-03-15 00:19:57 log 38508 38292 "GET /dashboard/ HTTP/1.1" 200 23375
INFO 2026-03-15 00:19:57 log 38508 2852 "GET /events/page/ HTTP/1.1" 200 16733
INFO 2026-03-15 00:19:57 log 38508 33004 "GET /daily-plan/ HTTP/1.1" 200 17678
INFO 2026-03-15 00:19:57 log 38508 28740 "GET /map/ HTTP/1.1" 200 17306
INFO 2026-03-15 00:19:57 log 38508 40060 "GET /profile/ HTTP/1.1" 200 19658
INFO 2026-03-15 00:19:57 log 38508 35912 "GET /settings/ HTTP/1.1" 200 20054
INFO 2026-03-15 00:19:57 log 38508 41920 "GET /admin-panel/ HTTP/1.1" 302 0
INFO 2026-03-15 00:19:57 log 38508 41920 "GET /login/?next=/admin-panel/ HTTP/1.1" 200 5695
INFO 2026-03-15 00:19:57 log 38508 41728 "GET /onboarding/ HTTP/1.1" 200 16008
WARNING 2026-03-15 00:19:57 log 38508 36144 Unauthorized: /api/events/
WARNING 2026-03-15 00:19:57 log 38508 36144 "GET /api/events/ HTTP/1.1" 401 58
WARNING 2026-03-15 00:19:57 log 38508 36972 Unauthorized: /api/daily-plan/
WARNING 2026-03-15 00:19:57 log 38508 36972 "GET /api/daily-plan/ HTTP/1.1" 401 58
WARNING 2026-03-15 00:19:57 log 38508 21004 Method Not Allowed: /api/auth/login/
WARNING 2026-03-15 00:19:57 log 38508 21004 "GET /api/auth/login/ HTTP/1.1" 405 40
INFO 2026-03-15 00:19:57 log 38508 38012 "GET / HTTP/1.1" 200 21318
INFO 2026-03-15 00:19:57 log 38508 9448 "GET /daily-plan/ HTTP/1.1" 200 17678
INFO 2026-03-15 00:19:57 log 38508 22996 "GET /events/page/ HTTP/1.1" 200 16733
INFO 2026-03-15 00:19:57 log 38508 36060 "GET /home/ HTTP/1.1" 200 23375
WARNING 2026-03-15 00:19:57 log 38508 40820 Method Not Allowed (GET): /logout/
WARNING 2026-03-15 00:19:57 log 38508 40820 "GET /logout/ HTTP/1.1" 405 0
INFO 2026-03-15 00:19:57 log 38508 30444 "GET /map/ HTTP/1.1" 200 17306
INFO 2026-03-15 00:19:57 log 38508 29808 "GET /profile/ HTTP/1.1" 200 19658
INFO 2026-03-15 00:19:57 log 38508 40448 "GET /settings/ HTTP/1.1" 200 20054
WARNING 2026-03-15 00:35:56 log 41436 3004 Bad Request: /api/auth/signup/
WARNING 2026-03-15 00:35:56 log 41436 3004 Bad Request: /api/auth/signup/
WARNING 2026-03-15 00:35:56 log 41436 3004 Bad Request: /api/auth/signup/
WARNING 2026-03-15 00:35:59 log 41436 3004 Bad Request: /api/auth/login/
WARNING 2026-03-15 00:36:01 log 41436 3004 Bad Request: /api/auth/login/
WARNING 2026-03-15 00:36:03 log 41436 3004 Bad Request: /api/auth/preferences/
WARNING 2026-03-15 00:36:06 log 41436 3004 Bad Request: /api/auth/preferences/
WARNING 2026-03-15 00:36:08 log 41436 3004 Bad Request: /api/auth/preferences/
WARNING 2026-03-15 00:36:10 log 41436 3004 Unauthorized: /api/auth/preferences/
WARNING 2026-03-15 00:36:27 views 41436 3004 Invalid date format from user 1: 15/06/2026
WARNING 2026-03-15 00:36:27 log 41436 3004 Bad Request: /api/daily-plan/generate/
WARNING 2026-03-15 00:36:28 log 41436 3004 Bad Request: /api/daily-plan/generate/
WARNING 2026-03-15 00:36:30 log 41436 3004 Not Found: /api/daily-plan/generate/
WARNING 2026-03-15 00:36:32 log 41436 3004 Bad Request: /api/daily-plan/generate/
WARNING 2026-03-15 00:36:33 log 41436 3004 Unauthorized: /api/daily-plan/generate/
INFO 2026-03-15 00:36:35 views 41436 3004 Daily plan created for user 1 on 2026-03-16
INFO 2026-03-15 00:36:37 views 41436 3004 Daily plan created for user 1 on 2026-03-16
INFO 2026-03-15 00:36:37 views 41436 3004 Daily plan updated for user 1 on 2026-03-16
WARNING 2026-03-15 00:36:38 log 41436 3004 Bad Request: /api/daily-plan/generate/
WARNING 2026-03-15 00:36:41 log 41436 3004 Not Found: /api/daily-plan/1/
WARNING 2026-03-15 00:36:43 log 41436 3004 Not Found: /api/daily-plan/1/
WARNING 2026-03-15 00:36:48 log 41436 3004 Unauthorized: /api/daily-plan/
WARNING 2026-03-15 00:36:58 log 41436 3004 Unauthorized: /api/events/
WARNING 2026-03-15 00:37:01 log 41436 3004 Bad Request: /api/events/filtered/
INFO 2026-03-15 00:37:20 log 34176 39440 "GET / HTTP/1.1" 200 21168
INFO 2026-03-15 00:37:20 log 34176 2156 "GET /login/ HTTP/1.1" 200 5880
INFO 2026-03-15 00:37:20 log 34176 21164 "GET /signup/ HTTP/1.1" 200 6707
INFO 2026-03-15 00:37:20 log 34176 30520 "GET /api/auth/ui/forgot-password/ HTTP/1.1" 200 2988
INFO 2026-03-15 00:37:20 log 34176 22756 "GET /api/auth/ui/preferences/ HTTP/1.1" 200 16008
INFO 2026-03-15 00:37:20 log 34176 40172 "GET /home/ HTTP/1.1" 200 22955
INFO 2026-03-15 00:37:20 log 34176 28364 "GET /dashboard/ HTTP/1.1" 200 22955
INFO 2026-03-15 00:37:20 log 34176 37264 "GET /events/page/ HTTP/1.1" 200 17330
INFO 2026-03-15 00:37:20 log 34176 148 "GET /daily-plan/ HTTP/1.1" 200 18275
INFO 2026-03-15 00:37:20 log 34176 28740 "GET /map/ HTTP/1.1" 200 17903
INFO 2026-03-15 00:37:20 log 34176 39824 "GET /profile/ HTTP/1.1" 200 20255
INFO 2026-03-15 00:37:20 log 34176 39828 "GET /settings/ HTTP/1.1" 200 20651
INFO 2026-03-15 00:37:20 log 34176 33148 "GET /admin-panel/ HTTP/1.1" 302 0
INFO 2026-03-15 00:37:20 log 34176 33148 "GET /login/?next=/admin-panel/ HTTP/1.1" 200 5880
INFO 2026-03-15 00:37:20 log 34176 29996 "GET /onboarding/ HTTP/1.1" 200 16008
WARNING 2026-03-15 00:37:20 log 34176 29700 Unauthorized: /api/events/
WARNING 2026-03-15 00:37:20 log 34176 29700 "GET /api/events/ HTTP/1.1" 401 58
WARNING 2026-03-15 00:37:20 log 34176 36164 Unauthorized: /api/daily-plan/
WARNING 2026-03-15 00:37:20 log 34176 36164 "GET /api/daily-plan/ HTTP/1.1" 401 58
WARNING 2026-03-15 00:37:20 log 34176 24000 Method Not Allowed: /api/auth/login/
WARNING 2026-03-15 00:37:20 log 34176 24000 "GET /api/auth/login/ HTTP/1.1" 405 40
INFO 2026-03-15 00:37:20 log 34176 34312 "GET / HTTP/1.1" 200 21168
INFO 2026-03-15 00:37:20 log 34176 40496 "GET /daily-plan/ HTTP/1.1" 200 18275
INFO 2026-03-15 00:37:20 log 34176 36708 "GET /events/page/ HTTP/1.1" 200 17330
INFO 2026-03-15 00:37:20 log 34176 13396 "GET /home/ HTTP/1.1" 200 22955
WARNING 2026-03-15 00:37:20 log 34176 37236 Method Not Allowed (GET): /logout/
WARNING 2026-03-15 00:37:20 log 34176 37236 "GET /logout/ HTTP/1.1" 405 0
INFO 2026-03-15 00:37:20 log 34176 41304 "GET /map/ HTTP/1.1" 200 17903
INFO 2026-03-15 00:37:20 log 34176 41828 "GET /profile/ HTTP/1.1" 200 20255
INFO 2026-03-15 00:37:20 log 34176 41916 "GET /settings/ HTTP/1.1" 200 20651
WARNING 2026-03-15 00:46:01 log 40368 17664 Bad Request: /api/auth/signup/
WARNING 2026-03-15 00:46:01 log 40368 17664 Bad Request: /api/auth/signup/
WARNING 2026-03-15 00:46:01 log 40368 17664 Bad Request: /api/auth/signup/
WARNING 2026-03-15 00:46:05 log 40368 17664 Bad Request: /api/auth/login/
WARNING 2026-03-15 00:46:07 log 40368 17664 Bad Request: /api/auth/login/
WARNING 2026-03-15 00:46:09 log 40368 17664 Bad Request: /api/auth/preferences/
WARNING 2026-03-15 00:46:13 log 40368 17664 Bad Request: /api/auth/preferences/
WARNING 2026-03-15 00:46:15 log 40368 17664 Bad Request: /api/auth/preferences/
WARNING 2026-03-15 00:46:16 log 40368 17664 Unauthorized: /api/auth/preferences/
WARNING 2026-03-15 00:46:33 views 40368 17664 Invalid date format from user 1: 15/06/2026
WARNING 2026-03-15 00:46:33 log 40368 17664 Bad Request: /api/daily-plan/generate/
WARNING 2026-03-15 00:46:35 log 40368 17664 Bad Request: /api/daily-plan/generate/
WARNING 2026-03-15 00:46:37 log 40368 17664 Not Found: /api/daily-plan/generate/
WARNING 2026-03-15 00:46:40 log 40368 17664 Bad Request: /api/daily-plan/generate/
WARNING 2026-03-15 00:46:41 log 40368 17664 Unauthorized: /api/daily-plan/generate/
INFO 2026-03-15 00:46:43 views 40368 17664 Daily plan created for user 1 on 2026-03-16
INFO 2026-03-15 00:46:45 views 40368 17664 Daily plan created for user 1 on 2026-03-16
INFO 2026-03-15 00:46:45 views 40368 17664 Daily plan updated for user 1 on 2026-03-16
WARNING 2026-03-15 00:46:47 log 40368 17664 Bad Request: /api/daily-plan/generate/
WARNING 2026-03-15 00:46:49 log 40368 17664 Not Found: /api/daily-plan/1/
WARNING 2026-03-15 00:46:52 log 40368 17664 Not Found: /api/daily-plan/1/
WARNING 2026-03-15 00:46:57 log 40368 17664 Unauthorized: /api/daily-plan/
WARNING 2026-03-15 00:47:05 log 40368 17664 Unauthorized: /api/events/
WARNING 2026-03-15 00:47:09 log 40368 17664 Bad Request: /api/events/filtered/
WARNING 2026-03-15 00:55:45 log 38584 28644 Bad Request: /api/auth/signup/
WARNING 2026-03-15 00:55:45 log 38584 28644 Bad Request: /api/auth/signup/
WARNING 2026-03-15 00:55:45 log 38584 28644 Bad Request: /api/auth/signup/
WARNING 2026-03-15 00:55:48 log 38584 28644 Bad Request: /api/auth/login/
WARNING 2026-03-15 00:55:50 log 38584 28644 Bad Request: /api/auth/login/
WARNING 2026-03-15 00:55:52 log 38584 28644 Bad Request: /api/auth/preferences/
WARNING 2026-03-15 00:55:55 log 38584 28644 Bad Request: /api/auth/preferences/
WARNING 2026-03-15 00:55:57 log 38584 28644 Bad Request: /api/auth/preferences/
WARNING 2026-03-15 00:55:59 log 38584 28644 Unauthorized: /api/auth/preferences/
WARNING 2026-03-15 00:56:17 views 38584 28644 Invalid date format from user 1: 15/06/2026
WARNING 2026-03-15 00:56:17 log 38584 28644 Bad Request: /api/daily-plan/generate/
WARNING 2026-03-15 00:56:19 log 38584 28644 Bad Request: /api/daily-plan/generate/
WARNING 2026-03-15 00:56:20 log 38584 28644 Not Found: /api/daily-plan/generate/
WARNING 2026-03-15 00:56:22 log 38584 28644 Bad Request: /api/daily-plan/generate/
WARNING 2026-03-15 00:56:24 log 38584 28644 Unauthorized: /api/daily-plan/generate/
INFO 2026-03-15 00:56:25 views 38584 28644 Daily plan created for user 1 on 2026-03-16
INFO 2026-03-15 00:56:27 views 38584 28644 Daily plan created for user 1 on 2026-03-16
INFO 2026-03-15 00:56:27 views 38584 28644 Daily plan updated for user 1 on 2026-03-16
WARNING 2026-03-15 00:56:29 log 38584 28644 Bad Request: /api/daily-plan/generate/
WARNING 2026-03-15 00:56:31 log 38584 28644 Not Found: /api/daily-plan/1/
WARNING 2026-03-15 00:56:34 log 38584 28644 Not Found: /api/daily-plan/1/
WARNING 2026-03-15 00:56:39 log 38584 28644 Unauthorized: /api/daily-plan/
WARNING 2026-03-15 00:56:49 log 38584 28644 Unauthorized: /api/events/
WARNING 2026-03-15 00:56:53 log 38584 28644 Bad Request: /api/events/filtered/
INFO 2026-03-15 00:57:56 log 12332 33016 "GET / HTTP/1.1" 200 21168
INFO 2026-03-15 00:57:56 log 12332 8520 "GET /login/ HTTP/1.1" 200 5880
INFO 2026-03-15 00:57:56 log 12332 32500 "GET /signup/ HTTP/1.1" 200 6707
INFO 2026-03-15 00:57:56 log 12332 39984 "GET /api/auth/ui/forgot-password/ HTTP/1.1" 200 2988
INFO 2026-03-15 00:57:56 log 12332 41296 "GET /api/auth/ui/preferences/ HTTP/1.1" 200 16008
INFO 2026-03-15 00:57:56 log 12332 41508 "GET /home/ HTTP/1.1" 200 22955
INFO 2026-03-15 00:57:56 log 12332 36252 "GET /dashboard/ HTTP/1.1" 200 22955
INFO 2026-03-15 00:57:56 log 12332 38464 "GET /events/page/ HTTP/1.1" 200 17330
INFO 2026-03-15 00:57:57 log 12332 10484 "GET /daily-plan/ HTTP/1.1" 200 18275
INFO 2026-03-15 00:57:57 log 12332 11132 "GET /map/ HTTP/1.1" 200 17903
INFO 2026-03-15 00:57:57 log 12332 28232 "GET /profile/ HTTP/1.1" 200 20255
INFO 2026-03-15 00:57:57 log 12332 41884 "GET /settings/ HTTP/1.1" 200 20651
INFO 2026-03-15 00:57:57 log 12332 41028 "GET /admin-panel/ HTTP/1.1" 302 0
INFO 2026-03-15 00:57:57 log 12332 41028 "GET /login/?next=/admin-panel/ HTTP/1.1" 200 5880
INFO 2026-03-15 00:57:57 log 12332 22548 "GET /onboarding/ HTTP/1.1" 200 16008
WARNING 2026-03-15 00:57:57 log 12332 38300 Unauthorized: /api/events/
WARNING 2026-03-15 00:57:57 log 12332 38300 "GET /api/events/ HTTP/1.1" 401 58
WARNING 2026-03-15 00:57:57 log 12332 40852 Unauthorized: /api/daily-plan/
WARNING 2026-03-15 00:57:57 log 12332 40852 "GET /api/daily-plan/ HTTP/1.1" 401 58
WARNING 2026-03-15 00:57:57 log 12332 40736 Method Not Allowed: /api/auth/login/
WARNING 2026-03-15 00:57:57 log 12332 40736 "GET /api/auth/login/ HTTP/1.1" 405 40
INFO 2026-03-15 00:57:57 log 12332 27020 "GET / HTTP/1.1" 200 21168
INFO 2026-03-15 00:57:57 log 12332 8460 "GET /daily-plan/ HTTP/1.1" 200 18275
INFO 2026-03-15 00:57:57 log 12332 23824 "GET /events/page/ HTTP/1.1" 200 17330
INFO 2026-03-15 00:57:57 log 12332 21840 "GET /home/ HTTP/1.1" 200 22955
WARNING 2026-03-15 00:57:57 log 12332 36932 Method Not Allowed (GET): /logout/
WARNING 2026-03-15 00:57:57 log 12332 36932 "GET /logout/ HTTP/1.1" 405 0
INFO 2026-03-15 00:57:57 log 12332 39280 "GET /map/ HTTP/1.1" 200 17903
INFO 2026-03-15 00:57:57 log 12332 39908 "GET /profile/ HTTP/1.1" 200 20255
INFO 2026-03-15 00:57:57 log 12332 12684 "GET /settings/ HTTP/1.1" 200 20651
WARNING 2026-03-15 17:55:14 log 15380 14080 Bad Request: /api/auth/login/
WARNING 2026-03-15 17:55:19 log 15380 14080 Bad Request: /api/auth/login/
WARNING 2026-03-15 17:55:35 log 15380 14080 Bad Request: /api/auth/signup/
WARNING 2026-03-15 17:55:35 log 15380 14080 Bad Request: /api/auth/signup/
WARNING 2026-03-15 17:55:35 log 15380 14080 Bad Request: /api/auth/signup/
WARNING 2026-03-15 17:55:40 log 15380 14080 Bad Request: /api/auth/preferences/
WARNING 2026-03-15 17:55:50 log 15380 14080 Bad Request: /api/auth/preferences/
WARNING 2026-03-15 17:55:55 log 15380 14080 Bad Request: /api/auth/preferences/
WARNING 2026-03-15 17:56:00 log 15380 14080 Unauthorized: /api/auth/preferences/
WARNING 2026-03-15 17:56:13 log 15380 14080 Not Found: /api/daily-plan/1/
WARNING 2026-03-15 17:56:20 log 15380 14080 Not Found: /api/daily-plan/1/
WARNING 2026-03-15 17:56:35 log 15380 14080 Unauthorized: /api/daily-plan/
WARNING 2026-03-15 17:57:10 views 15380 14080 Invalid date format from user 1: 15/06/2026
WARNING 2026-03-15 17:57:10 log 15380 14080 Bad Request: /api/daily-plan/generate/
WARNING 2026-03-15 17:57:14 log 15380 14080 Bad Request: /api/daily-plan/generate/
WARNING 2026-03-15 17:57:19 log 15380 14080 Not Found: /api/daily-plan/generate/
WARNING 2026-03-15 17:57:24 log 15380 14080 Bad Request: /api/daily-plan/generate/
WARNING 2026-03-15 17:57:26 log 15380 14080 Unauthorized: /api/daily-plan/generate/
INFO 2026-03-15 17:57:28 views 15380 14080 Daily plan created for user 1 on 2026-03-16
INFO 2026-03-15 17:57:30 views 15380 14080 Daily plan created for user 1 on 2026-03-16
INFO 2026-03-15 17:57:30 views 15380 14080 Daily plan updated for user 1 on 2026-03-16
WARNING 2026-03-15 17:57:32 log 15380 14080 Bad Request: /api/daily-plan/generate/
WARNING 2026-03-15 17:57:43 log 15380 14080 Unauthorized: /api/events/
WARNING 2026-03-15 17:57:47 log 15380 14080 Bad Request: /api/events/filtered/
INFO 2026-03-15 18:21:11 autoreload 18572 19564 Watching for file changes with StatReloader
INFO 2026-03-15 18:21:18 log 18572 30160 "GET / HTTP/1.1" 200 21143
INFO 2026-03-15 18:21:18 log 18572 30160 "GET /static/css/design-system.css HTTP/1.1" 304 0
INFO 2026-03-15 18:21:51 log 18572 30160 "GET /login/ HTTP/1.1" 200 5298
WARNING 2026-03-15 18:21:51 log 18572 30160 "GET /static/images/logo.png HTTP/1.1" 404 1859
INFO 2026-03-15 18:22:02 log 18572 29768 "POST /api/auth/login/ HTTP/1.1" 200 491
INFO 2026-03-15 18:22:02 log 18572 29768 "GET /home/ HTTP/1.1" 200 23464
INFO 2026-03-15 18:22:03 log 18572 29768 "GET /static/js/api.js HTTP/1.1" 200 1921
INFO 2026-03-15 18:22:03 log 18572 1472 "GET /api/daily-plan/ HTTP/1.1" 200 52
INFO 2026-03-15 18:22:03 log 18572 29768 "GET /api/events/?page_size=20 HTTP/1.1" 200 16336
INFO 2026-03-15 18:22:03 log 18572 29768 "GET /api/events/filtered/?page_size=6 HTTP/1.1" 200 16344
INFO 2026-03-15 18:22:04 log 18572 26604 "POST /api/auth/login/ HTTP/1.1" 200 491
INFO 2026-03-15 18:22:06 log 18572 26604 "GET /profile/ HTTP/1.1" 200 20335
INFO 2026-03-15 18:22:07 log 18572 26604 "GET /api/daily-plan/ HTTP/1.1" 200 52
INFO 2026-03-15 18:22:07 log 18572 1472 "GET /api/auth/preferences/ HTTP/1.1" 200 78
INFO 2026-03-15 18:22:07 log 18572 29768 "GET /api/events/ HTTP/1.1" 200 16323
INFO 2026-03-15 18:22:11 log 18572 29768 "GET /api/auth/ui/preferences/ HTTP/1.1" 200 15455
INFO 2026-03-15 18:22:11 log 18572 29768 "GET /api/auth/preferences/ HTTP/1.1" 200 78
INFO 2026-03-15 18:22:21 log 18572 29768 "POST /api/auth/preferences/ HTTP/1.1" 200 77
INFO 2026-03-15 18:22:22 log 18572 29768 "GET /home/ HTTP/1.1" 200 23464
INFO 2026-03-15 18:22:23 log 18572 26604 "GET /api/daily-plan/ HTTP/1.1" 200 52
INFO 2026-03-15 18:22:23 log 18572 29768 "GET /api/events/?page_size=20 HTTP/1.1" 200 16336
INFO 2026-03-15 18:22:23 log 18572 29768 "GET /api/events/filtered/?page_size=6 HTTP/1.1" 200 52
WARNING 2026-03-15 18:38:12 log 9000 23340 Bad Request: /api/auth/signup/
WARNING 2026-03-15 18:38:12 log 9000 23340 Bad Request: /api/auth/signup/
WARNING 2026-03-15 18:38:12 log 9000 23340 Bad Request: /api/auth/signup/
WARNING 2026-03-15 18:38:16 log 9000 23340 Bad Request: /api/auth/login/
WARNING 2026-03-15 18:38:18 log 9000 23340 Bad Request: /api/auth/login/
WARNING 2026-03-15 18:38:21 log 9000 23340 Bad Request: /api/auth/preferences/
WARNING 2026-03-15 18:38:25 log 9000 23340 Bad Request: /api/auth/preferences/
WARNING 2026-03-15 18:38:27 log 9000 23340 Bad Request: /api/auth/preferences/
WARNING 2026-03-15 18:38:29 log 9000 23340 Unauthorized: /api/auth/preferences/
WARNING 2026-03-15 18:38:49 views 9000 23340 Invalid date format from user 1: 15/06/2026
WARNING 2026-03-15 18:38:49 log 9000 23340 Bad Request: /api/daily-plan/generate/
WARNING 2026-03-15 18:38:52 log 9000 23340 Bad Request: /api/daily-plan/generate/
WARNING 2026-03-15 18:38:54 log 9000 23340 Not Found: /api/daily-plan/generate/
WARNING 2026-03-15 18:38:56 log 9000 23340 Bad Request: /api/daily-plan/generate/
WARNING 2026-03-15 18:38:58 log 9000 23340 Unauthorized: /api/daily-plan/generate/
INFO 2026-03-15 18:39:00 views 9000 23340 Daily plan created for user 1 on 2026-03-16
INFO 2026-03-15 18:39:02 views 9000 23340 Daily plan created for user 1 on 2026-03-16
INFO 2026-03-15 18:39:02 views 9000 23340 Daily plan updated for user 1 on 2026-03-16
WARNING 2026-03-15 18:39:04 log 9000 23340 Bad Request: /api/daily-plan/generate/
WARNING 2026-03-15 18:39:07 log 9000 23340 Not Found: /api/daily-plan/1/
WARNING 2026-03-15 18:39:10 log 9000 23340 Not Found: /api/daily-plan/1/
WARNING 2026-03-15 18:39:16 log 9000 23340 Unauthorized: /api/daily-plan/
WARNING 2026-03-15 18:39:28 log 9000 23340 Unauthorized: /api/events/
WARNING 2026-03-15 18:39:33 log 9000 23340 Bad Request: /api/events/filtered/
DEBUG 2026-03-15 18:49:57 connectionpool 26932 24420 Starting new HTTPS connection (1): overpass-api.de:443
DEBUG 2026-03-15 18:49:59 connectionpool 26932 24420 https://overpass-api.de:443 "POST /api/interpreter HTTP/1.1" 200 6852
WARNING 2026-03-15 18:50:17 log 27544 39380 Bad Request: /api/auth/signup/
WARNING 2026-03-15 18:50:17 log 27544 39380 Bad Request: /api/auth/signup/
WARNING 2026-03-15 18:50:17 log 27544 39380 Bad Request: /api/auth/signup/
WARNING 2026-03-15 18:50:21 log 27544 39380 Bad Request: /api/auth/login/
WARNING 2026-03-15 18:50:23 log 27544 39380 Bad Request: /api/auth/login/
WARNING 2026-03-15 18:50:25 log 27544 39380 Bad Request: /api/auth/preferences/
WARNING 2026-03-15 18:50:29 log 27544 39380 Bad Request: /api/auth/preferences/
WARNING 2026-03-15 18:50:31 log 27544 39380 Bad Request: /api/auth/preferences/
WARNING 2026-03-15 18:50:34 log 27544 39380 Unauthorized: /api/auth/preferences/
WARNING 2026-03-15 18:50:54 views 27544 39380 Invalid date format from user 1: 15/06/2026
WARNING 2026-03-15 18:50:54 log 27544 39380 Bad Request: /api/daily-plan/generate/
WARNING 2026-03-15 18:50:56 log 27544 39380 Bad Request: /api/daily-plan/generate/
WARNING 2026-03-15 18:50:58 log 27544 39380 Not Found: /api/daily-plan/generate/
WARNING 2026-03-15 18:51:00 log 27544 39380 Bad Request: /api/daily-plan/generate/
WARNING 2026-03-15 18:51:02 log 27544 39380 Unauthorized: /api/daily-plan/generate/
INFO 2026-03-15 18:51:04 views 27544 39380 Daily plan created for user 1 on 2026-03-16
INFO 2026-03-15 18:51:06 views 27544 39380 Daily plan created for user 1 on 2026-03-16
INFO 2026-03-15 18:51:06 views 27544 39380 Daily plan updated for user 1 on 2026-03-16
WARNING 2026-03-15 18:51:08 log 27544 39380 Bad Request: /api/daily-plan/generate/
WARNING 2026-03-15 18:51:12 log 27544 39380 Not Found: /api/daily-plan/1/
WARNING 2026-03-15 18:51:15 log 27544 39380 Not Found: /api/daily-plan/1/
WARNING 2026-03-15 18:51:20 log 27544 39380 Unauthorized: /api/daily-plan/
WARNING 2026-03-15 18:51:32 log 27544 39380 Unauthorized: /api/events/
WARNING 2026-03-15 18:51:37 log 27544 39380 Bad Request: /api/events/filtered/
INFO 2026-03-15 18:56:43 autoreload 30200 20540 Watching for file changes with StatReloader
INFO 2026-03-15 18:56:46 log 30200 43512 "GET / HTTP/1.1" 200 21143
INFO 2026-03-15 18:56:48 log 30200 43512 "GET /login/ HTTP/1.1" 200 5298
WARNING 2026-03-15 18:56:49 log 30200 43512 "GET /static/images/logo.png HTTP/1.1" 404 1859
INFO 2026-03-15 18:57:02 log 30200 34908 "POST /api/auth/login/ HTTP/1.1" 200 491
INFO 2026-03-15 18:57:02 log 30200 34908 "GET /home/ HTTP/1.1" 200 24214
INFO 2026-03-15 18:57:03 log 30200 12648 "GET /api/daily-plan/ HTTP/1.1" 200 52
INFO 2026-03-15 18:57:03 log 30200 34908 "GET /api/events/?page_size=20 HTTP/1.1" 200 15238
INFO 2026-03-15 18:57:03 log 30200 34908 "GET /api/events/filtered/?page_size=6 HTTP/1.1" 200 12052
INFO 2026-03-15 18:57:19 log 30200 34908 "GET /daily-plan/ HTTP/1.1" 200 18977
INFO 2026-03-15 18:57:19 log 30200 34908 "GET /static/js/daily_plan_integration.js HTTP/1.1" 200 9748
INFO 2026-03-15 18:57:20 log 30200 34908 "GET /api/daily-plan/ HTTP/1.1" 200 52
INFO 2026-03-15 18:57:20 log 30200 12648 "GET /api/events/?category=food HTTP/1.1" 200 14496
INFO 2026-03-15 18:57:20 log 30200 3828 "GET /api/events/?category=outdoor HTTP/1.1" 200 10317
INFO 2026-03-15 18:57:20 log 30200 27864 "GET /api/events/ HTTP/1.1" 200 15225
WARNING 2026-03-15 18:57:22 log 30200 27864 Bad Request: /api/daily-plan/generate/
WARNING 2026-03-15 18:57:22 log 30200 27864 "POST /api/daily-plan/generate/ HTTP/1.1" 400 79
WARNING 2026-03-15 19:38:21 log 30744 35124 Bad Request: /api/auth/signup/
WARNING 2026-03-15 19:38:21 log 30744 35124 Bad Request: /api/auth/signup/
WARNING 2026-03-15 19:38:21 log 30744 35124 Bad Request: /api/auth/signup/
WARNING 2026-03-15 19:38:25 log 30744 35124 Bad Request: /api/auth/login/
WARNING 2026-03-15 19:38:27 log 30744 35124 Bad Request: /api/auth/login/
WARNING 2026-03-15 19:38:30 log 30744 35124 Bad Request: /api/auth/preferences/
WARNING 2026-03-15 19:38:42 log 30744 35124 Bad Request: /api/auth/preferences/
WARNING 2026-03-15 19:38:47 log 30744 35124 Bad Request: /api/auth/preferences/
WARNING 2026-03-15 19:38:52 log 30744 35124 Unauthorized: /api/auth/preferences/
WARNING 2026-03-15 19:39:43 views 30744 35124 Invalid date format from user 1: 15/06/2026
WARNING 2026-03-15 19:39:43 log 30744 35124 Bad Request: /api/daily-plan/generate/
WARNING 2026-03-15 19:39:48 log 30744 35124 Bad Request: /api/daily-plan/generate/
WARNING 2026-03-15 19:39:54 log 30744 35124 Not Found: /api/daily-plan/generate/
WARNING 2026-03-15 19:39:59 log 30744 35124 Bad Request: /api/daily-plan/generate/
WARNING 2026-03-15 19:40:04 log 30744 35124 Unauthorized: /api/daily-plan/generate/
INFO 2026-03-15 19:40:09 views 30744 35124 Daily plan created for user 1 on 2026-03-16
INFO 2026-03-15 19:40:15 views 30744 35124 Daily plan created for user 1 on 2026-03-16
INFO 2026-03-15 19:40:15 views 30744 35124 Daily plan updated for user 1 on 2026-03-16
WARNING 2026-03-15 19:40:21 log 30744 35124 Bad Request: /api/daily-plan/generate/
WARNING 2026-03-15 19:40:24 log 30744 35124 Not Found: /api/daily-plan/1/
WARNING 2026-03-15 19:40:29 log 30744 35124 Not Found: /api/daily-plan/1/
WARNING 2026-03-15 19:40:43 log 30744 35124 Unauthorized: /api/daily-plan/
WARNING 2026-03-15 19:41:10 log 30744 35124 Unauthorized: /api/events/
WARNING 2026-03-15 19:41:19 log 30744 35124 Bad Request: /api/events/filtered/
WARNING 2026-03-15 19:55:45 log 35108 44276 Bad Request: /api/auth/signup/
WARNING 2026-03-15 19:55:45 log 35108 44276 Bad Request: /api/auth/signup/
WARNING 2026-03-15 19:55:45 log 35108 44276 Bad Request: /api/auth/signup/
WARNING 2026-03-15 19:55:50 log 35108 44276 Bad Request: /api/auth/login/
WARNING 2026-03-15 19:55:52 log 35108 44276 Bad Request: /api/auth/login/
WARNING 2026-03-15 19:55:54 log 35108 44276 Bad Request: /api/auth/preferences/
WARNING 2026-03-15 19:55:57 log 35108 44276 Bad Request: /api/auth/preferences/
WARNING 2026-03-15 19:56:02 log 35108 44276 Bad Request: /api/auth/preferences/
WARNING 2026-03-15 19:56:08 log 35108 44276 Unauthorized: /api/auth/preferences/
WARNING 2026-03-15 19:56:52 views 35108 44276 Invalid date format from user 1: 15/06/2026
WARNING 2026-03-15 19:56:52 log 35108 44276 Bad Request: /api/daily-plan/generate/
WARNING 2026-03-15 19:56:54 log 35108 44276 Bad Request: /api/daily-plan/generate/
WARNING 2026-03-15 19:56:56 log 35108 44276 Not Found: /api/daily-plan/generate/
WARNING 2026-03-15 19:56:59 log 35108 44276 Bad Request: /api/daily-plan/generate/
WARNING 2026-03-15 19:57:01 log 35108 44276 Unauthorized: /api/daily-plan/generate/
INFO 2026-03-15 19:57:03 views 35108 44276 Daily plan created for user 1 on 2026-03-16
INFO 2026-03-15 19:57:05 views 35108 44276 Daily plan created for user 1 on 2026-03-16
INFO 2026-03-15 19:57:05 views 35108 44276 Daily plan updated for user 1 on 2026-03-16
WARNING 2026-03-15 19:57:07 log 35108 44276 Bad Request: /api/daily-plan/generate/
WARNING 2026-03-15 19:57:10 log 35108 44276 Not Found: /api/daily-plan/1/
WARNING 2026-03-15 19:57:14 log 35108 44276 Not Found: /api/daily-plan/1/
WARNING 2026-03-15 19:57:25 log 35108 44276 Unauthorized: /api/daily-plan/
WARNING 2026-03-15 19:57:46 log 35108 44276 Unauthorized: /api/events/
WARNING 2026-03-15 19:57:58 log 35108 44276 Bad Request: /api/events/filtered/
WARNING 2026-03-15 21:00:53 log 30676 3664 Bad Request: /api/auth/login/
WARNING 2026-03-15 21:00:55 log 30676 3664 Bad Request: /api/auth/login/
WARNING 2026-03-15 21:01:01 log 30676 3664 Bad Request: /api/auth/signup/
WARNING 2026-03-15 21:01:01 log 30676 3664 Bad Request: /api/auth/signup/
WARNING 2026-03-15 21:01:01 log 30676 3664 Bad Request: /api/auth/signup/
WARNING 2026-03-15 21:01:03 log 30676 3664 Bad Request: /api/auth/preferences/
WARNING 2026-03-15 21:01:08 log 30676 3664 Bad Request: /api/auth/preferences/
WARNING 2026-03-15 21:01:09 log 30676 3664 Bad Request: /api/auth/preferences/
WARNING 2026-03-15 21:01:11 log 30676 3664 Unauthorized: /api/auth/preferences/
WARNING 2026-03-15 21:01:16 log 30676 3664 Not Found: /api/daily-plan/1/
WARNING 2026-03-15 21:01:19 log 30676 3664 Not Found: /api/daily-plan/1/
WARNING 2026-03-15 21:01:24 log 30676 3664 Unauthorized: /api/daily-plan/
WARNING 2026-03-15 21:01:36 views 30676 3664 Invalid date format from user 1: 15/06/2026
WARNING 2026-03-15 21:01:36 log 30676 3664 Bad Request: /api/daily-plan/generate/
WARNING 2026-03-15 21:01:38 log 30676 3664 Bad Request: /api/daily-plan/generate/
WARNING 2026-03-15 21:01:40 log 30676 3664 Not Found: /api/daily-plan/generate/
WARNING 2026-03-15 21:01:41 log 30676 3664 Bad Request: /api/daily-plan/generate/
WARNING 2026-03-15 21:01:43 log 30676 3664 Unauthorized: /api/daily-plan/generate/
INFO 2026-03-15 21:01:45 views 30676 3664 Daily plan created for user 1 on 2026-03-16
INFO 2026-03-15 21:01:46 views 30676 3664 Daily plan created for user 1 on 2026-03-16
INFO 2026-03-15 21:01:46 views 30676 3664 Daily plan updated for user 1 on 2026-03-16
WARNING 2026-03-15 21:01:48 log 30676 3664 Bad Request: /api/daily-plan/generate/
WARNING 2026-03-15 21:01:58 log 30676 3664 Unauthorized: /api/events/
WARNING 2026-03-15 21:02:02 log 30676 3664 Bad Request: /api/events/filtered/
WARNING 2026-03-15 21:15:21 log 31376 23972 Bad Request: /api/auth/signup/
WARNING 2026-03-15 21:15:21 log 31376 23972 Bad Request: /api/auth/signup/
WARNING 2026-03-15 21:15:21 log 31376 23972 Bad Request: /api/auth/signup/
WARNING 2026-03-15 21:15:27 log 31376 23972 Bad Request: /api/auth/login/
WARNING 2026-03-15 21:15:30 log 31376 23972 Bad Request: /api/auth/login/
WARNING 2026-03-15 21:15:33 log 31376 23972 Bad Request: /api/auth/preferences/
WARNING 2026-03-15 21:15:39 log 31376 23972 Bad Request: /api/auth/preferences/
WARNING 2026-03-15 21:15:41 log 31376 23972 Bad Request: /api/auth/preferences/
WARNING 2026-03-15 21:15:43 log 31376 23972 Unauthorized: /api/auth/preferences/
WARNING 2026-03-15 21:16:02 views 31376 23972 Invalid date format from user 1: 15/06/2026
WARNING 2026-03-15 21:16:02 log 31376 23972 Bad Request: /api/daily-plan/generate/
WARNING 2026-03-15 21:16:04 log 31376 23972 Bad Request: /api/daily-plan/generate/
WARNING 2026-03-15 21:16:06 log 31376 23972 Not Found: /api/daily-plan/generate/
WARNING 2026-03-15 21:16:08 log 31376 23972 Bad Request: /api/daily-plan/generate/
WARNING 2026-03-15 21:16:10 log 31376 23972 Unauthorized: /api/daily-plan/generate/
INFO 2026-03-15 21:16:12 views 31376 23972 Daily plan created for user 1 on 2026-03-16
INFO 2026-03-15 21:16:14 views 31376 23972 Daily plan created for user 1 on 2026-03-16
INFO 2026-03-15 21:16:14 views 31376 23972 Daily plan updated for user 1 on 2026-03-16
WARNING 2026-03-15 21:16:16 log 31376 23972 Bad Request: /api/daily-plan/generate/
WARNING 2026-03-15 21:16:19 log 31376 23972 Not Found: /api/daily-plan/1/
WARNING 2026-03-15 21:16:22 log 31376 23972 Not Found: /api/daily-plan/1/
WARNING 2026-03-15 21:16:27 log 31376 23972 Unauthorized: /api/daily-plan/
WARNING 2026-03-15 21:16:38 log 31376 23972 Unauthorized: /api/events/
WARNING 2026-03-15 21:16:42 log 31376 23972 Bad Request: /api/events/filtered/
WARNING 2026-03-15 21:30:05 log 20444 26368 Bad Request: /api/auth/login/
WARNING 2026-03-15 21:30:07 log 20444 26368 Bad Request: /api/auth/login/
WARNING 2026-03-15 21:30:14 log 20444 26368 Bad Request: /api/auth/signup/
WARNING 2026-03-15 21:30:14 log 20444 26368 Bad Request: /api/auth/signup/
WARNING 2026-03-15 21:30:14 log 20444 26368 Bad Request: /api/auth/signup/
WARNING 2026-03-15 21:30:16 log 20444 26368 Bad Request: /api/auth/preferences/
WARNING 2026-03-15 21:30:19 log 20444 26368 Bad Request: /api/auth/preferences/
WARNING 2026-03-15 21:30:21 log 20444 26368 Bad Request: /api/auth/preferences/
WARNING 2026-03-15 21:30:23 log 20444 26368 Unauthorized: /api/auth/preferences/
WARNING 2026-03-15 21:30:27 log 20444 26368 Not Found: /api/daily-plan/1/
WARNING 2026-03-15 21:30:30 log 20444 26368 Not Found: /api/daily-plan/1/
WARNING 2026-03-15 21:30:36 log 20444 26368 Unauthorized: /api/daily-plan/
WARNING 2026-03-15 21:30:51 views 20444 26368 Invalid date format from user 1: 15/06/2026
WARNING 2026-03-15 21:30:51 log 20444 26368 Bad Request: /api/daily-plan/generate/
WARNING 2026-03-15 21:30:54 log 20444 26368 Bad Request: /api/daily-plan/generate/
WARNING 2026-03-15 21:30:56 log 20444 26368 Not Found: /api/daily-plan/generate/
WARNING 2026-03-15 21:30:58 log 20444 26368 Bad Request: /api/daily-plan/generate/
WARNING 2026-03-15 21:31:01 log 20444 26368 Unauthorized: /api/daily-plan/generate/
INFO 2026-03-15 21:31:03 views 20444 26368 Daily plan created for user 1 on 2026-03-16
INFO 2026-03-15 21:31:05 views 20444 26368 Daily plan created for user 1 on 2026-03-16
INFO 2026-03-15 21:31:05 views 20444 26368 Daily plan updated for user 1 on 2026-03-16
WARNING 2026-03-15 21:31:07 log 20444 26368 Bad Request: /api/daily-plan/generate/
WARNING 2026-03-15 21:31:18 log 20444 26368 Unauthorized: /api/events/
WARNING 2026-03-15 21:31:22 log 20444 26368 Bad Request: /api/events/filtered/
WARNING 2026-03-16 18:00:01 log 28128 18604 Bad Request: /api/auth/signup/
WARNING 2026-03-16 18:00:01 log 28128 18604 Bad Request: /api/auth/signup/
WARNING 2026-03-16 18:00:01 log 28128 18604 Bad Request: /api/auth/signup/
WARNING 2026-03-16 18:00:10 log 28128 18604 Bad Request: /api/auth/login/
WARNING 2026-03-16 18:00:15 log 28128 18604 Bad Request: /api/auth/login/
WARNING 2026-03-16 18:00:20 log 28128 18604 Bad Request: /api/auth/preferences/
WARNING 2026-03-16 18:00:29 log 28128 18604 Bad Request: /api/auth/preferences/
WARNING 2026-03-16 18:00:33 log 28128 18604 Bad Request: /api/auth/preferences/
WARNING 2026-03-16 18:00:38 log 28128 18604 Unauthorized: /api/auth/preferences/
WARNING 2026-03-16 18:01:23 views 28128 18604 Invalid date format from user 1: 15/06/2026
WARNING 2026-03-16 18:01:23 log 28128 18604 Bad Request: /api/daily-plan/generate/
WARNING 2026-03-16 18:01:24 log 28128 18604 Bad Request: /api/daily-plan/generate/
WARNING 2026-03-16 18:01:26 log 28128 18604 Not Found: /api/daily-plan/generate/
WARNING 2026-03-16 18:01:28 log 28128 18604 Bad Request: /api/daily-plan/generate/
WARNING 2026-03-16 18:01:29 log 28128 18604 Unauthorized: /api/daily-plan/generate/
INFO 2026-03-16 18:01:31 views 28128 18604 Daily plan created for user 1 on 2026-03-17
INFO 2026-03-16 18:01:32 views 28128 18604 Daily plan created for user 1 on 2026-03-17
INFO 2026-03-16 18:01:32 views 28128 18604 Daily plan updated for user 1 on 2026-03-17
WARNING 2026-03-16 18:01:34 log 28128 18604 Bad Request: /api/daily-plan/generate/
WARNING 2026-03-16 18:01:36 log 28128 18604 Not Found: /api/daily-plan/1/
WARNING 2026-03-16 18:01:38 log 28128 18604 Not Found: /api/daily-plan/1/
WARNING 2026-03-16 18:01:43 log 28128 18604 Unauthorized: /api/daily-plan/
WARNING 2026-03-16 18:01:51 log 28128 18604 Unauthorized: /api/events/
WARNING 2026-03-16 18:01:55 log 28128 18604 Bad Request: /api/events/filtered/
INFO 2026-03-16 18:19:45 autoreload 15740 30224 Watching for file changes with StatReloader
INFO 2026-03-16 18:19:47 log 15740 30092 "GET / HTTP/1.1" 200 21143
INFO 2026-03-16 18:19:48 log 15740 30092 "GET /static/css/design-system.css HTTP/1.1" 304 0
WARNING 2026-03-16 18:19:50 log 15740 30092 Not Found: /favicon.ico
WARNING 2026-03-16 18:19:50 log 15740 30092 "GET /favicon.ico HTTP/1.1" 404 5007
INFO 2026-03-16 18:19:56 log 15740 30092 "GET /login/ HTTP/1.1" 200 5298
WARNING 2026-03-16 18:19:56 log 15740 30092 "GET /static/images/logo.png HTTP/1.1" 404 1859
INFO 2026-03-16 18:20:08 log 15740 30208 "POST /api/auth/login/ HTTP/1.1" 200 491
INFO 2026-03-16 18:20:08 log 15740 30208 "GET /home/ HTTP/1.1" 200 24214
INFO 2026-03-16 18:20:09 log 15740 30208 "GET /static/js/api.js HTTP/1.1" 200 2122
INFO 2026-03-16 18:20:09 log 15740 27696 "GET /api/daily-plan/ HTTP/1.1" 200 52
INFO 2026-03-16 18:20:09 log 15740 30208 "GET /api/events/?page_size=20 HTTP/1.1" 200 15238
INFO 2026-03-16 18:20:09 log 15740 30208 "GET /api/events/filtered/?page_size=6 HTTP/1.1" 200 12052
INFO 2026-03-16 18:20:12 log 15740 30208 "GET /events/page/ HTTP/1.1" 200 18160
INFO 2026-03-16 18:20:12 log 15740 30208 "GET /static/js/map.js HTTP/1.1" 304 0
INFO 2026-03-16 18:20:12 log 15740 30208 "GET /static/js/events.js HTTP/1.1" 200 21091
INFO 2026-03-16 18:20:12 log 15740 30208 "GET /api/events/ HTTP/1.1" 200 15225
INFO 2026-03-16 18:20:18 log 15740 30208 "GET /daily-plan/ HTTP/1.1" 200 18977
INFO 2026-03-16 18:20:18 log 15740 30208 "GET /static/js/daily_plan_integration.js HTTP/1.1" 200 10054
INFO 2026-03-16 18:20:19 log 15740 30208 "GET /api/daily-plan/ HTTP/1.1" 200 52
INFO 2026-03-16 18:20:19 log 15740 28480 "GET /api/events/ HTTP/1.1" 200 15225
INFO 2026-03-16 18:20:19 log 15740 34972 "GET /api/events/?category=outdoor HTTP/1.1" 200 10317
INFO 2026-03-16 18:20:19 log 15740 27696 "GET /api/events/?category=food HTTP/1.1" 200 14496
WARNING 2026-03-16 18:20:20 log 15740 27696 Bad Request: /api/daily-plan/generate/
WARNING 2026-03-16 18:20:20 log 15740 27696 "POST /api/daily-plan/generate/ HTTP/1.1" 400 79
INFO 2026-03-16 18:20:21 log 15740 27696 "GET /onboarding/ HTTP/1.1" 200 15455
INFO 2026-03-16 18:20:22 log 15740 27696 "GET /api/auth/preferences/ HTTP/1.1" 200 77
INFO 2026-03-16 18:20:56 log 15740 27696 "POST /api/auth/preferences/ HTTP/1.1" 200 105
INFO 2026-03-16 18:20:57 log 15740 27696 "GET /home/ HTTP/1.1" 200 24214
INFO 2026-03-16 18:20:57 log 15740 34972 "GET /api/daily-plan/ HTTP/1.1" 200 52
INFO 2026-03-16 18:20:57 log 15740 27696 "GET /api/events/?page_size=20 HTTP/1.1" 200 15238
INFO 2026-03-16 18:20:57 log 15740 27696 "GET /api/events/filtered/?page_size=6 HTTP/1.1" 200 52
INFO 2026-03-16 18:21:00 log 15740 27696 "GET /daily-plan/ HTTP/1.1" 200 18977
INFO 2026-03-16 18:21:00 log 15740 27696 "GET /api/daily-plan/ HTTP/1.1" 200 52
INFO 2026-03-16 18:21:00 log 15740 30208 "GET /api/events/ HTTP/1.1" 200 15225
INFO 2026-03-16 18:21:00 log 15740 28480 "GET /api/events/?category=outdoor HTTP/1.1" 200 10317
INFO 2026-03-16 18:21:00 log 15740 34972 "GET /api/events/?category=food HTTP/1.1" 200 14496
WARNING 2026-03-16 18:21:01 log 15740 34972 Not Found: /api/daily-plan/generate/
WARNING 2026-03-16 18:21:01 log 15740 34972 "POST /api/daily-plan/generate/ HTTP/1.1" 404 68
WARNING 2026-03-16 18:21:03 log 15740 34972 Not Found: /api/daily-plan/generate/
WARNING 2026-03-16 18:21:03 log 15740 34972 "POST /api/daily-plan/generate/ HTTP/1.1" 404 68
INFO 2026-03-16 23:10:54 autoreload 26304 26500 Watching for file changes with StatReloader
INFO 2026-03-16 23:10:59 log 26304 22756 "GET / HTTP/1.1" 200 21143
WARNING 2026-03-16 23:11:00 log 26304 22756 Not Found: /favicon.ico
WARNING 2026-03-16 23:11:00 log 26304 22756 "GET /favicon.ico HTTP/1.1" 404 5007
INFO 2026-03-16 23:13:44 log 26304 22756 "GET /login/ HTTP/1.1" 200 5298
WARNING 2026-03-16 23:13:45 log 26304 22756 "GET /static/images/logo.png HTTP/1.1" 404 1859
INFO 2026-03-16 23:13:56 log 26304 2332 "POST /api/auth/login/ HTTP/1.1" 200 491
INFO 2026-03-16 23:13:56 log 26304 2332 "GET /home/ HTTP/1.1" 200 24214
INFO 2026-03-16 23:13:57 log 26304 2332 "GET /static/js/api.js HTTP/1.1" 200 3437
INFO 2026-03-16 23:13:57 log 26304 23088 "GET /api/daily-plan/ HTTP/1.1" 200 52
INFO 2026-03-16 23:13:57 log 26304 2332 "GET /api/events/?page_size=20 HTTP/1.1" 200 15238
INFO 2026-03-16 23:13:57 log 26304 2332 "GET /api/events/filtered/?page_size=6 HTTP/1.1" 200 52
INFO 2026-03-16 23:14:32 log 26304 2332 "GET /daily-plan/ HTTP/1.1" 200 18977
INFO 2026-03-16 23:14:32 log 26304 2332 "GET /static/js/daily_plan_integration.js HTTP/1.1" 304 0
INFO 2026-03-16 23:14:32 log 26304 2332 "GET /api/daily-plan/ HTTP/1.1" 200 52
INFO 2026-03-16 23:14:32 log 26304 23088 "GET /api/events/?category=food HTTP/1.1" 200 14496
INFO 2026-03-16 23:14:32 log 26304 15480 "GET /api/events/?category=outdoor HTTP/1.1" 200 10317
INFO 2026-03-16 23:14:32 log 26304 24376 "GET /api/events/ HTTP/1.1" 200 15225
WARNING 2026-03-16 23:14:36 log 26304 24376 Not Found: /api/daily-plan/generate/
WARNING 2026-03-16 23:14:36 log 26304 24376 "POST /api/daily-plan/generate/ HTTP/1.1" 404 68
INFO 2026-03-16 23:14:42 log 26304 24376 "GET /profile/ HTTP/1.1" 200 22093
INFO 2026-03-16 23:14:43 log 26304 23088 "GET /api/daily-plan/ HTTP/1.1" 200 52
INFO 2026-03-16 23:14:43 log 26304 24376 "GET /api/auth/me/ HTTP/1.1" 200 144
INFO 2026-03-16 23:14:43 log 26304 15480 "GET /api/auth/preferences/ HTTP/1.1" 200 105
INFO 2026-03-16 23:14:43 log 26304 2332 "GET /api/events/ HTTP/1.1" 200 15225
INFO 2026-03-16 23:14:52 log 26304 2332 "GET /settings/ HTTP/1.1" 200 25114
INFO 2026-03-16 23:14:59 log 26304 2332 "GET /map/ HTTP/1.1" 200 18733
INFO 2026-03-16 23:14:59 log 26304 2332 "GET /api/events/ HTTP/1.1" 200 15225
INFO 2026-03-16 23:15:03 log 26304 2332 "GET /events/page/ HTTP/1.1" 200 18160
INFO 2026-03-16 23:15:03 log 26304 2332 "GET /static/js/events.js HTTP/1.1" 304 0
INFO 2026-03-16 23:15:04 log 26304 2332 "GET /api/events/ HTTP/1.1" 200 15225
INFO 2026-03-16 23:15:22 log 26304 2332 "GET / HTTP/1.1" 200 21143
INFO 2026-03-16 23:30:28 autoreload 21928 22700 Watching for file changes with StatReloader
INFO 2026-03-16 23:30:32 log 21928 15072 "GET / HTTP/1.1" 200 21143
INFO 2026-03-16 23:30:35 log 21928 15072 "GET /login/ HTTP/1.1" 200 5298
WARNING 2026-03-16 23:30:35 log 21928 15072 "GET /static/images/logo.png HTTP/1.1" 404 1859
WARNING 2026-03-16 23:30:55 log 21928 19852 Bad Request: /api/auth/login/
WARNING 2026-03-16 23:30:55 log 21928 19852 "POST /api/auth/login/ HTTP/1.1" 400 51
WARNING 2026-03-16 23:30:56 log 21928 19596 Bad Request: /api/auth/login/
WARNING 2026-03-16 23:30:56 log 21928 19596 "POST /api/auth/login/ HTTP/1.1" 400 51
INFO 2026-03-16 23:31:05 log 21928 19596 "GET /api/auth/ui/forgot-password/ HTTP/1.1" 200 2988
WARNING 2026-03-16 23:31:05 log 21928 19596 "GET /static/images/logo.png HTTP/1.1" 404 1859
INFO 2026-03-16 23:31:11 log 21928 19852 "POST /api/auth/ui/forgot-password/ HTTP/1.1" 200 3099
WARNING 2026-03-16 23:31:11 log 21928 19852 "GET /static/images/logo.png HTTP/1.1" 404 1859
INFO 2026-03-16 23:31:18 log 21928 22484 "GET / HTTP/1.1" 200 21143
INFO 2026-03-16 23:31:20 log 21928 22484 "GET /login/ HTTP/1.1" 200 5298
WARNING 2026-03-16 23:31:20 log 21928 22484 "GET /static/images/logo.png HTTP/1.1" 404 1859
INFO 2026-03-16 23:31:23 log 21928 14388 "GET /api/auth/ui/forgot-password/ HTTP/1.1" 200 2988
WARNING 2026-03-16 23:31:23 log 21928 14388 "GET /static/images/logo.png HTTP/1.1" 404 1859
INFO 2026-03-16 23:31:38 log 21928 25972 "POST /api/auth/ui/forgot-password/ HTTP/1.1" 200 3099
WARNING 2026-03-16 23:31:38 log 21928 25972 "GET /static/images/logo.png HTTP/1.1" 404 1859
INFO 2026-03-16 23:32:28 log 21928 15164 "GET / HTTP/1.1" 200 21143
INFO 2026-03-16 23:32:29 log 21928 15164 "GET /login/ HTTP/1.1" 200 5298
WARNING 2026-03-16 23:32:30 log 21928 15164 "GET /static/images/logo.png HTTP/1.1" 404 1859
INFO 2026-03-16 23:32:33 log 21928 21148 "GET /api/auth/ui/signup/ HTTP/1.1" 200 5854
WARNING 2026-03-16 23:32:34 log 21928 21148 "GET /static/images/logo.png HTTP/1.1" 404 1859
INFO 2026-03-16 23:32:39 log 21928 20112 "GET /api/auth/ui/login/ HTTP/1.1" 200 5298
WARNING 2026-03-16 23:32:39 log 21928 20112 "GET /static/images/logo.png HTTP/1.1" 404 1859
INFO 2026-03-16 23:32:54 log 21928 23072 "POST /api/auth/login/ HTTP/1.1" 200 491
INFO 2026-03-16 23:32:54 log 21928 23072 "GET /home/ HTTP/1.1" 200 24214
INFO 2026-03-16 23:32:54 log 21928 23072 "GET /static/js/api.js HTTP/1.1" 304 0
INFO 2026-03-16 23:32:55 log 21928 12024 "GET /api/daily-plan/ HTTP/1.1" 200 52
INFO 2026-03-16 23:32:55 log 21928 23072 "GET /api/events/?page_size=20 HTTP/1.1" 200 15238
INFO 2026-03-16 23:32:55 log 21928 23072 "GET /api/events/filtered/?page_size=6 HTTP/1.1" 200 52
INFO 2026-03-16 23:33:29 log 21928 23072 "GET /daily-plan/ HTTP/1.1" 200 18977
INFO 2026-03-16 23:33:30 log 21928 23072 "GET /api/daily-plan/ HTTP/1.1" 200 52
INFO 2026-03-16 23:33:30 log 21928 12024 "GET /api/events/?category=food HTTP/1.1" 200 14496
INFO 2026-03-16 23:33:30 log 21928 18464 "GET /api/events/ HTTP/1.1" 200 15225
INFO 2026-03-16 23:33:30 log 21928 25860 "GET /api/events/?category=outdoor HTTP/1.1" 200 10317
INFO 2026-03-16 23:34:17 log 21928 25860 "GET /profile/ HTTP/1.1" 200 22093
INFO 2026-03-16 23:34:17 log 21928 18464 "GET /api/auth/preferences/ HTTP/1.1" 200 105
INFO 2026-03-16 23:34:17 log 21928 12024 "GET /api/daily-plan/ HTTP/1.1" 200 52
INFO 2026-03-16 23:34:17 log 21928 25860 "GET /api/auth/me/ HTTP/1.1" 200 144
INFO 2026-03-16 23:34:17 log 21928 23072 "GET /api/events/ HTTP/1.1" 200 15225
INFO 2026-03-16 23:34:23 log 21928 23072 "GET /daily-plan/ HTTP/1.1" 200 18977
INFO 2026-03-16 23:34:24 log 21928 23072 "GET /api/daily-plan/ HTTP/1.1" 200 52
INFO 2026-03-16 23:34:24 log 21928 25860 "GET /api/events/?category=food HTTP/1.1" 200 14496
INFO 2026-03-16 23:34:24 log 21928 12024 "GET /api/events/?category=outdoor HTTP/1.1" 200 10317
INFO 2026-03-16 23:34:24 log 21928 18464 "GET /api/events/ HTTP/1.1" 200 15225
WARNING 2026-03-16 23:34:26 log 21928 18464 Not Found: /api/daily-plan/generate/
WARNING 2026-03-16 23:34:26 log 21928 18464 "POST /api/daily-plan/generate/ HTTP/1.1" 404 68
INFO 2026-03-16 23:34:28 log 21928 18464 "GET /profile/ HTTP/1.1" 200 22093
INFO 2026-03-16 23:34:28 log 21928 18464 "GET /api/auth/me/ HTTP/1.1" 200 144
INFO 2026-03-16 23:34:28 log 21928 12024 "GET /api/auth/preferences/ HTTP/1.1" 200 105
INFO 2026-03-16 23:34:28 log 21928 25860 "GET /api/daily-plan/ HTTP/1.1" 200 52
INFO 2026-03-16 23:34:28 log 21928 23072 "GET /api/events/ HTTP/1.1" 200 15225
INFO 2026-03-16 23:34:30 log 21928 23072 "GET /api/auth/ui/preferences/ HTTP/1.1" 200 15455
INFO 2026-03-16 23:34:31 log 21928 23072 "GET /api/auth/preferences/ HTTP/1.1" 200 105
INFO 2026-03-16 23:34:50 log 21928 23072 "POST /api/auth/preferences/ HTTP/1.1" 200 105
INFO 2026-03-16 23:34:51 log 21928 23072 "GET /home/ HTTP/1.1" 200 24214
INFO 2026-03-16 23:34:52 log 21928 25860 "GET /api/daily-plan/ HTTP/1.1" 200 52
INFO 2026-03-16 23:34:52 log 21928 23072 "GET /api/events/?page_size=20 HTTP/1.1" 200 15238
INFO 2026-03-16 23:34:52 log 21928 23072 "GET /api/events/filtered/?page_size=6 HTTP/1.1" 200 52
INFO 2026-03-16 23:34:56 log 21928 23072 "GET /onboarding/ HTTP/1.1" 200 15455
INFO 2026-03-16 23:34:57 log 21928 23072 "GET /api/auth/preferences/ HTTP/1.1" 200 105
INFO 2026-03-16 23:35:03 log 21928 23072 "GET /home/ HTTP/1.1" 200 24214
INFO 2026-03-16 23:35:04 log 21928 25860 "GET /api/daily-plan/ HTTP/1.1" 200 52
INFO 2026-03-16 23:35:04 log 21928 23072 "GET /api/events/?page_size=20 HTTP/1.1" 200 15238
INFO 2026-03-16 23:35:04 log 21928 23072 "GET /api/events/filtered/?page_size=6 HTTP/1.1" 200 52
INFO 2026-03-16 23:35:08 log 21928 23072 "GET /events/page/ HTTP/1.1" 200 18160
INFO 2026-03-16 23:35:08 log 21928 23072 "GET /api/events/ HTTP/1.1" 200 15225
INFO 2026-03-16 23:35:11 log 21928 23072 "GET /daily-plan/ HTTP/1.1" 200 18977
INFO 2026-03-16 23:35:11 log 21928 23072 "GET /api/daily-plan/ HTTP/1.1" 200 52
INFO 2026-03-16 23:35:11 log 21928 25860 "GET /api/events/?category=food HTTP/1.1" 200 14496
INFO 2026-03-16 23:35:11 log 21928 18464 "GET /api/events/ HTTP/1.1" 200 15225
INFO 2026-03-16 23:35:11 log 21928 12024 "GET /api/events/?category=outdoor HTTP/1.1" 200 10317
INFO 2026-03-16 23:35:42 log 21928 12024 "GET /map/ HTTP/1.1" 200 18733
INFO 2026-03-16 23:35:43 log 21928 12024 "GET /api/events/ HTTP/1.1" 200 15225
INFO 2026-03-16 23:35:48 log 21928 12024 "GET /daily-plan/ HTTP/1.1" 200 18977
INFO 2026-03-16 23:35:48 log 21928 12024 "GET /api/daily-plan/ HTTP/1.1" 200 52
INFO 2026-03-16 23:35:48 log 21928 23072 "GET /api/events/ HTTP/1.1" 200 15225
INFO 2026-03-16 23:35:48 log 21928 18464 "GET /api/events/?category=food HTTP/1.1" 200 14496
INFO 2026-03-16 23:35:48 log 21928 25860 "GET /api/events/?category=outdoor HTTP/1.1" 200 10317
WARNING 2026-03-16 23:35:59 log 21928 25860 Not Found: /api/daily-plan/generate/
WARNING 2026-03-16 23:35:59 log 21928 25860 "POST /api/daily-plan/generate/ HTTP/1.1" 404 68
INFO 2026-03-16 23:36:24 log 21928 25860 "GET /profile/ HTTP/1.1" 200 22093
INFO 2026-03-16 23:36:25 log 21928 23072 "GET /api/daily-plan/ HTTP/1.1" 200 52
INFO 2026-03-16 23:36:25 log 21928 25860 "GET /api/auth/me/ HTTP/1.1" 200 144
INFO 2026-03-16 23:36:25 log 21928 18464 "GET /api/auth/preferences/ HTTP/1.1" 200 105
INFO 2026-03-16 23:36:25 log 21928 12024 "GET /api/events/ HTTP/1.1" 200 15225
INFO 2026-03-16 23:36:27 log 21928 12024 "GET /settings/ HTTP/1.1" 200 25114
WARNING 2026-03-16 23:36:33 log 21928 12024 Method Not Allowed (GET): /logout/
WARNING 2026-03-16 23:36:33 log 21928 12024 "GET /logout/ HTTP/1.1" 405 0
INFO 2026-03-30 23:22:22 autoreload 16820 13012 Watching for file changes with StatReloader
INFO 2026-03-30 23:47:51 autoreload 14388 14856 Watching for file changes with StatReloader
INFO 2026-03-30 23:47:55 log 14388 23300 "GET / HTTP/1.1" 200 21143
INFO 2026-03-30 23:47:56 log 14388 23300 "GET /static/css/design-system.css HTTP/1.1" 304 0
WARNING 2026-03-30 23:47:57 log 14388 23300 Not Found: /favicon.ico
WARNING 2026-03-30 23:47:57 log 14388 23300 "GET /favicon.ico HTTP/1.1" 404 5155
INFO 2026-03-30 23:48:05 log 14388 23300 "GET /events/page/?category=culture HTTP/1.1" 200 18160
INFO 2026-03-30 23:48:05 log 14388 23300 "GET /static/js/api.js HTTP/1.1" 304 0
INFO 2026-03-30 23:48:05 log 14388 10228 "GET /static/js/events.js HTTP/1.1" 304 0
INFO 2026-03-30 23:48:05 log 14388 1720 "GET /static/js/map.js HTTP/1.1" 200 893
WARNING 2026-03-30 23:48:06 log 14388 1720 Unauthorized: /api/events/
WARNING 2026-03-30 23:48:06 log 14388 1720 "GET /api/events/ HTTP/1.1" 401 172
WARNING 2026-03-30 23:48:06 log 14388 1720 Unauthorized: /api/auth/token/refresh/
WARNING 2026-03-30 23:48:06 log 14388 1720 "POST /api/auth/token/refresh/ HTTP/1.1" 401 54
INFO 2026-03-30 23:48:06 log 14388 1720 "GET /login/ HTTP/1.1" 200 5298
WARNING 2026-03-30 23:48:06 log 14388 1720 "GET /static/images/logo.png HTTP/1.1" 404 1859
INFO 2026-03-30 23:48:15 log 14388 10228 "POST /api/auth/login/ HTTP/1.1" 200 491
INFO 2026-03-30 23:48:15 log 14388 10228 "GET /home/ HTTP/1.1" 200 17671
INFO 2026-03-30 23:48:15 log 14388 10228 "GET /static/js/home.js HTTP/1.1" 200 8844
INFO 2026-03-30 23:48:15 log 14388 14612 "GET /api/daily-plan/ HTTP/1.1" 200 52
INFO 2026-03-30 23:48:15 log 14388 6228 "GET /api/events/filtered/ HTTP/1.1" 200 52
INFO 2026-03-30 23:48:15 log 14388 23300 "GET /api/events/?limit=6 HTTP/1.1" 200 15233
INFO 2026-03-30 23:48:16 log 14388 10228 "GET /api/events/?limit=4 HTTP/1.1" 200 15233
INFO 2026-03-30 23:48:23 log 14388 10228 "GET /events/page/ HTTP/1.1" 200 18160
INFO 2026-03-30 23:48:23 log 14388 10228 "GET /api/events/ HTTP/1.1" 200 15225
INFO 2026-03-30 23:48:35 log 14388 10228 "GET /profile/ HTTP/1.1" 200 22093
INFO 2026-03-30 23:48:36 log 14388 14612 "GET /api/auth/me/ HTTP/1.1" 200 144
INFO 2026-03-30 23:48:36 log 14388 10228 "GET /api/daily-plan/ HTTP/1.1" 200 52
INFO 2026-03-30 23:48:36 log 14388 6228 "GET /api/auth/preferences/ HTTP/1.1" 200 105
INFO 2026-03-30 23:48:36 log 14388 23300 "GET /api/events/ HTTP/1.1" 200 15225
INFO 2026-03-30 23:48:37 log 14388 23300 "GET /api/auth/ui/preferences/ HTTP/1.1" 200 15455
INFO 2026-03-30 23:48:38 log 14388 23300 "GET /api/auth/preferences/ HTTP/1.1" 200 105
INFO 2026-03-30 23:48:40 log 14388 23300 "POST /api/auth/preferences/ HTTP/1.1" 200 105
INFO 2026-03-30 23:48:41 log 14388 23300 "GET /home/ HTTP/1.1" 200 17671
INFO 2026-03-30 23:48:41 log 14388 23300 "GET /static/js/home.js HTTP/1.1" 304 0
INFO 2026-03-30 23:48:41 log 14388 14612 "GET /api/daily-plan/ HTTP/1.1" 200 52
INFO 2026-03-30 23:48:41 log 14388 23300 "GET /api/events/?limit=4 HTTP/1.1" 200 15233
INFO 2026-03-30 23:48:41 log 14388 10228 "GET /api/events/filtered/ HTTP/1.1" 200 52
INFO 2026-03-30 23:48:41 log 14388 6228 "GET /api/events/?limit=6 HTTP/1.1" 200 15233
INFO 2026-03-30 23:48:43 log 14388 10228 "GET /daily-plan/ HTTP/1.1" 200 20589
INFO 2026-03-30 23:48:43 log 14388 10228 "GET /static/js/daily_plan_integration.js?v=99 HTTP/1.1" 200 10053
INFO 2026-03-30 23:48:43 log 14388 10228 "GET /api/daily-plan/ HTTP/1.1" 200 52
INFO 2026-03-30 23:48:43 log 14388 23300 "GET /api/events/ HTTP/1.1" 200 15225
INFO 2026-03-30 23:48:43 log 14388 14612 "GET /api/events/?category=outdoor HTTP/1.1" 200 10317
INFO 2026-03-30 23:48:43 log 14388 6228 "GET /api/events/?category=food HTTP/1.1" 200 14496
WARNING 2026-03-30 23:48:45 log 14388 6228 Not Found: /api/daily-plan/generate/
WARNING 2026-03-30 23:48:45 log 14388 6228 "POST /api/daily-plan/generate/ HTTP/1.1" 404 68
INFO 2026-03-30 23:54:50 log 14388 22416 "GET / HTTP/1.1" 200 21143
INFO 2026-03-30 23:54:55 log 14388 22416 "GET /events/page/ HTTP/1.1" 200 18160
INFO 2026-03-30 23:54:55 log 14388 22416 "GET /static/js/map.js HTTP/1.1" 304 0
INFO 2026-03-30 23:54:55 log 14388 22416 "GET /api/events/ HTTP/1.1" 200 15225
INFO 2026-03-30 23:54:58 log 14388 22416 "GET /map/ HTTP/1.1" 200 21700
INFO 2026-03-30 23:54:59 log 14388 22416 "GET /api/events/ HTTP/1.1" 200 15225
INFO 2026-03-30 23:55:12 log 14388 22416 "GET /events/page/ HTTP/1.1" 200 18160
INFO 2026-03-30 23:55:13 log 14388 22416 "GET /api/events/ HTTP/1.1" 200 15225
INFO 2026-03-30 23:55:18 log 14388 22416 "GET /api/events/?category=food HTTP/1.1" 200 14496
INFO 2026-03-30 23:55:19 log 14388 22416 "GET /api/events/?category=culture HTTP/1.1" 200 14794
INFO 2026-03-30 23:55:20 log 14388 22416 "GET /api/events/?category=outdoor HTTP/1.1" 200 10317
INFO 2026-03-30 23:55:21 log 14388 22416 "GET /api/events/?category=shopping HTTP/1.1" 200 12529
INFO 2026-03-30 23:55:22 log 14388 22416 "GET /api/events/?category=other HTTP/1.1" 200 11121
INFO 2026-03-30 23:55:24 log 14388 22416 "GET /api/events/?category=shopping HTTP/1.1" 200 12529
INFO 2026-03-30 23:55:38 log 14388 22416 "GET /events/page/ HTTP/1.1" 200 18160
INFO 2026-03-30 23:55:38 log 14388 22416 "GET /api/events/ HTTP/1.1" 200 15225
INFO 2026-03-31 00:01:57 log 14388 20404 "GET /daily-plan/ HTTP/1.1" 200 20589
INFO 2026-03-31 00:01:58 log 14388 20404 "GET /static/js/daily_plan_integration.js?v=99 HTTP/1.1" 304 0
INFO 2026-03-31 00:01:58 log 14388 20404 "GET /api/daily-plan/ HTTP/1.1" 200 52
INFO 2026-03-31 00:01:58 log 14388 13984 "GET /api/events/?category=outdoor HTTP/1.1" 200 10317
INFO 2026-03-31 00:01:58 log 14388 6004 "GET /api/events/?category=food HTTP/1.1" 200 14496
INFO 2026-03-31 00:01:58 log 14388 9372 "GET /api/events/ HTTP/1.1" 200 15225
WARNING 2026-03-31 00:01:59 log 14388 9372 Bad Request: /api/daily-plan/generate/
WARNING 2026-03-31 00:01:59 log 14388 9372 "POST /api/daily-plan/generate/ HTTP/1.1" 400 48
INFO 2026-03-31 00:02:01 log 14388 9372 "GET /onboarding/ HTTP/1.1" 200 15455
INFO 2026-03-31 00:02:01 log 14388 9372 "GET /api/auth/preferences/ HTTP/1.1" 200 105
INFO 2026-03-31 00:02:03 log 14388 9372 "POST /api/auth/preferences/ HTTP/1.1" 200 105
INFO 2026-03-31 00:02:05 log 14388 9372 "GET /home/ HTTP/1.1" 200 17671
INFO 2026-03-31 00:02:05 log 14388 9372 "GET /static/js/home.js HTTP/1.1" 200 10300
INFO 2026-03-31 00:02:05 log 14388 20404 "GET /api/daily-plan/ HTTP/1.1" 200 52
INFO 2026-03-31 00:02:05 log 14388 9372 "GET /api/events/?limit=4 HTTP/1.1" 200 15233
INFO 2026-03-31 00:02:05 log 14388 13984 "GET /api/events/filtered/ HTTP/1.1" 200 52
INFO 2026-03-31 00:02:05 log 14388 6004 "GET /api/events/?limit=6 HTTP/1.1" 200 15233
INFO 2026-03-31 00:02:12 log 14388 6004 "GET /events/page/ HTTP/1.1" 200 18160
INFO 2026-03-31 00:02:12 log 14388 6004 "GET /static/js/map.js HTTP/1.1" 304 0
INFO 2026-03-31 00:02:13 log 14388 6004 "GET /api/events/ HTTP/1.1" 200 15225
INFO 2026-03-31 00:02:17 log 14388 6004 "GET /daily-plan/ HTTP/1.1" 200 20589
INFO 2026-03-31 00:02:17 log 14388 6004 "GET /api/daily-plan/ HTTP/1.1" 200 52
INFO 2026-03-31 00:02:17 log 14388 20404 "GET /api/events/ HTTP/1.1" 200 15225
INFO 2026-03-31 00:02:17 log 14388 9372 "GET /api/events/?category=outdoor HTTP/1.1" 200 10317
INFO 2026-03-31 00:02:17 log 14388 13984 "GET /api/events/?category=food HTTP/1.1" 200 14496
WARNING 2026-03-31 00:02:18 log 14388 13984 Bad Request: /api/daily-plan/generate/
WARNING 2026-03-31 00:02:18 log 14388 13984 "POST /api/daily-plan/generate/ HTTP/1.1" 400 48
INFO 2026-03-31 00:08:51 log 14388 14012 "GET /daily-plan/ HTTP/1.1" 200 20589
INFO 2026-03-31 00:08:51 log 14388 14012 "GET /static/js/daily_plan_integration.js?v=99 HTTP/1.1" 200 10338
WARNING 2026-03-31 00:08:52 log 14388 14012 Unauthorized: /api/daily-plan/
WARNING 2026-03-31 00:08:52 log 14388 23688 Unauthorized: /api/events/
WARNING 2026-03-31 00:08:52 log 14388 14012 "GET /api/daily-plan/ HTTP/1.1" 401 172
WARNING 2026-03-31 00:08:52 log 14388 13424 Unauthorized: /api/events/
WARNING 2026-03-31 00:08:52 log 14388 23688 "GET /api/events/?category=food HTTP/1.1" 401 172
WARNING 2026-03-31 00:08:52 log 14388 10248 Unauthorized: /api/events/
WARNING 2026-03-31 00:08:52 log 14388 13424 "GET /api/events/?category=outdoor HTTP/1.1" 401 172
WARNING 2026-03-31 00:08:52 log 14388 10248 "GET /api/events/ HTTP/1.1" 401 172
INFO 2026-03-31 00:08:52 log 14388 13424 "POST /api/auth/token/refresh/ HTTP/1.1" 200 245
INFO 2026-03-31 00:08:52 log 14388 10248 "POST /api/auth/token/refresh/ HTTP/1.1" 200 245
INFO 2026-03-31 00:08:52 log 14388 23688 "POST /api/auth/token/refresh/ HTTP/1.1" 200 245
INFO 2026-03-31 00:08:52 log 14388 14012 "POST /api/auth/token/refresh/ HTTP/1.1" 200 245
INFO 2026-03-31 00:08:52 log 14388 23688 "GET /api/daily-plan/ HTTP/1.1" 200 52
INFO 2026-03-31 00:08:52 log 14388 10248 "GET /api/events/?category=outdoor HTTP/1.1" 200 10317
INFO 2026-03-31 00:08:52 log 14388 13424 "GET /api/events/ HTTP/1.1" 200 15225
INFO 2026-03-31 00:08:52 log 14388 14012 "GET /api/events/?category=food HTTP/1.1" 200 14496
WARNING 2026-03-31 00:08:53 log 14388 14012 Bad Request: /api/daily-plan/generate/
WARNING 2026-03-31 00:08:53 log 14388 14012 "POST /api/daily-plan/generate/ HTTP/1.1" 400 48
ERROR 2026-04-01 10:23:43 log 22656 23336 Invalid HTTP_HOST header: 'testserver'. You may need to add 'testserver' to ALLOWED_HOSTS.
Traceback (most recent call last):
  File "C:\Users\majd9\OneDrive\Desktop\tizahab_project1\tizahab-web\.venv\Lib\site-packages\django\core\handlers\exception.py", line 55, in inner
    response = get_response(request)
  File "C:\Users\majd9\OneDrive\Desktop\tizahab_project1\tizahab-web\.venv\Lib\site-packages\django\utils\deprecation.py", line 308, in __call__
    response = self.process_request(request)
  File "C:\Users\majd9\OneDrive\Desktop\tizahab_project1\tizahab-web\.venv\Lib\site-packages\django\middleware\common.py", line 48, in process_request
    host = request.get_host()
  File "C:\Users\majd9\OneDrive\Desktop\tizahab_project1\tizahab-web\.venv\Lib\site-packages\django\http\request.py", line 205, in get_host
    raise DisallowedHost(msg)
django.core.exceptions.DisallowedHost: Invalid HTTP_HOST header: 'testserver'. You may need to add 'testserver' to ALLOWED_HOSTS.
ERROR 2026-04-01 10:23:43 log 22656 23336 Invalid HTTP_HOST header: 'testserver'. You may need to add 'testserver' to ALLOWED_HOSTS.
Traceback (most recent call last):
  File "C:\Users\majd9\OneDrive\Desktop\tizahab_project1\tizahab-web\.venv\Lib\site-packages\django\core\handlers\exception.py", line 55, in inner
    response = get_response(request)
  File "C:\Users\majd9\OneDrive\Desktop\tizahab_project1\tizahab-web\.venv\Lib\site-packages\django\utils\deprecation.py", line 308, in __call__
    response = self.process_request(request)
  File "C:\Users\majd9\OneDrive\Desktop\tizahab_project1\tizahab-web\.venv\Lib\site-packages\django\middleware\common.py", line 48, in process_request
    host = request.get_host()
  File "C:\Users\majd9\OneDrive\Desktop\tizahab_project1\tizahab-web\.venv\Lib\site-packages\django\http\request.py", line 205, in get_host
    raise DisallowedHost(msg)
django.core.exceptions.DisallowedHost: Invalid HTTP_HOST header: 'testserver'. You may need to add 'testserver' to ALLOWED_HOSTS.
ERROR 2026-04-01 10:23:43 log 22656 23336 Invalid HTTP_HOST header: 'testserver'. You may need to add 'testserver' to ALLOWED_HOSTS.
Traceback (most recent call last):
  File "C:\Users\majd9\OneDrive\Desktop\tizahab_project1\tizahab-web\.venv\Lib\site-packages\django\core\handlers\exception.py", line 55, in inner
    response = get_response(request)
  File "C:\Users\majd9\OneDrive\Desktop\tizahab_project1\tizahab-web\.venv\Lib\site-packages\django\utils\deprecation.py", line 308, in __call__
    response = self.process_request(request)
  File "C:\Users\majd9\OneDrive\Desktop\tizahab_project1\tizahab-web\.venv\Lib\site-packages\django\middleware\common.py", line 48, in process_request
    host = request.get_host()
  File "C:\Users\majd9\OneDrive\Desktop\tizahab_project1\tizahab-web\.venv\Lib\site-packages\django\http\request.py", line 205, in get_host
    raise DisallowedHost(msg)
django.core.exceptions.DisallowedHost: Invalid HTTP_HOST header: 'testserver'. You may need to add 'testserver' to ALLOWED_HOSTS.
ERROR 2026-04-01 10:23:43 log 22656 23336 Invalid HTTP_HOST header: 'testserver'. You may need to add 'testserver' to ALLOWED_HOSTS.
Traceback (most recent call last):
  File "C:\Users\majd9\OneDrive\Desktop\tizahab_project1\tizahab-web\.venv\Lib\site-packages\django\core\handlers\exception.py", line 55, in inner
    response = get_response(request)
  File "C:\Users\majd9\OneDrive\Desktop\tizahab_project1\tizahab-web\.venv\Lib\site-packages\django\utils\deprecation.py", line 308, in __call__
    response = self.process_request(request)
  File "C:\Users\majd9\OneDrive\Desktop\tizahab_project1\tizahab-web\.venv\Lib\site-packages\django\middleware\common.py", line 48, in process_request
    host = request.get_host()
  File "C:\Users\majd9\OneDrive\Desktop\tizahab_project1\tizahab-web\.venv\Lib\site-packages\django\http\request.py", line 205, in get_host
    raise DisallowedHost(msg)
django.core.exceptions.DisallowedHost: Invalid HTTP_HOST header: 'testserver'. You may need to add 'testserver' to ALLOWED_HOSTS.
INFO 2026-04-01 10:26:20 log 6600 23368 "GET / HTTP/1.1" 200 21143
INFO 2026-04-01 10:26:20 log 6600 8008 "GET /login/ HTTP/1.1" 200 5298
INFO 2026-04-01 10:26:20 log 6600 21332 "GET /api/events/ HTTP/1.1" 200 15225
INFO 2026-04-01 10:27:29 log 6600 21824 "POST /api/auth/signup/ HTTP/1.1" 201 491
INFO 2026-04-01 10:27:30 log 6600 24152 "POST /api/auth/login/ HTTP/1.1" 200 491
INFO 2026-04-01 10:27:30 log 6600 23208 "POST /api/auth/preferences/ HTTP/1.1" 201 90
INFO 2026-04-01 10:27:31 views 6600 23440 Daily plan created for user 14 on 2026-04-02
INFO 2026-04-01 10:27:31 log 6600 23440 "POST /api/daily-plan/generate/ HTTP/1.1" 201 1529
INFO 2026-04-01 10:41:36 log 6600 20016 "GET /home/ HTTP/1.1" 200 17671
INFO 2026-04-01 10:41:37 log 6600 21108 "GET /daily-plan/ HTTP/1.1" 200 20589
INFO 2026-04-01 10:41:37 log 6600 23028 "GET /events/page/ HTTP/1.1" 200 18160
INFO 2026-04-01 10:41:37 log 6600 19320 "GET /map/ HTTP/1.1" 200 21700
INFO 2026-04-01 10:41:38 log 6600 21916 "GET /profile/ HTTP/1.1" 200 22093
INFO 2026-04-01 10:41:38 log 6600 21052 "GET /settings/ HTTP/1.1" 200 25114
INFO 2026-04-01 10:41:38 log 6600 19116 "GET /onboarding/ HTTP/1.1" 200 15729
INFO 2026-04-01 10:41:38 log 6600 23272 "GET /api/events/ HTTP/1.1" 200 15225
INFO 2026-04-01 10:41:39 log 6600 19136 "GET /events/page/4057/ HTTP/1.1" 200 14032
WARNING 2026-04-01 10:41:39 log 6600 18320 Unauthorized: /api/events/filtered/
WARNING 2026-04-01 10:41:39 log 6600 18320 "GET /api/events/filtered/ HTTP/1.1" 401 58
INFO 2026-04-01 10:53:21 log 6600 11796 "POST /api/auth/login/ HTTP/1.1" 200 491
INFO 2026-04-01 10:53:22 log 6600 24328 "GET /daily-plan/ HTTP/1.1" 200 20589
INFO 2026-04-01 10:53:22 log 6600 17484 "GET /events/page/ HTTP/1.1" 200 18160
INFO 2026-04-01 10:58:42 log 6600 9820 "GET /daily-plan/ HTTP/1.1" 200 20589
INFO 2026-04-01 10:58:42 log 6600 24596 "GET /events/page/ HTTP/1.1" 200 18160
INFO 2026-04-01 10:59:41 log 14516 24596 "GET /daily-plan/ HTTP/1.1" 200 20628
INFO 2026-04-01 10:59:41 log 14516 16276 "GET /events/page/ HTTP/1.1" 200 18199
WARNING 2026-04-01 10:59:55 log 24304 22756 Bad Request: /api/auth/login/
WARNING 2026-04-01 10:59:56 log 24304 22756 Bad Request: /api/auth/login/
WARNING 2026-04-01 11:00:05 log 24304 22756 Bad Request: /api/auth/signup/
WARNING 2026-04-01 11:00:05 log 24304 22756 Bad Request: /api/auth/signup/
WARNING 2026-04-01 11:00:05 log 24304 22756 Bad Request: /api/auth/signup/
WARNING 2026-04-01 11:00:06 log 24304 22756 Bad Request: /api/auth/preferences/
WARNING 2026-04-01 11:00:08 log 24304 22756 Bad Request: /api/auth/preferences/
WARNING 2026-04-01 11:00:09 log 24304 22756 Bad Request: /api/auth/preferences/
WARNING 2026-04-01 11:00:10 log 24304 22756 Unauthorized: /api/auth/preferences/
WARNING 2026-04-01 11:00:15 log 24304 22756 Bad Request: /api/events/filtered/
WARNING 2026-04-01 11:00:23 log 24304 22756 Not Found: /api/daily-plan/1/
WARNING 2026-04-01 11:00:25 log 24304 22756 Not Found: /api/daily-plan/1/
WARNING 2026-04-01 11:00:28 log 24304 22756 Unauthorized: /api/daily-plan/
WARNING 2026-04-01 11:00:36 views 24304 22756 Invalid date format from user 1: 15/06/2026
WARNING 2026-04-01 11:00:36 log 24304 22756 Bad Request: /api/daily-plan/generate/
WARNING 2026-04-01 11:00:37 log 24304 22756 Bad Request: /api/daily-plan/generate/
WARNING 2026-04-01 11:00:39 log 24304 22756 Not Found: /api/daily-plan/generate/
WARNING 2026-04-01 11:00:40 log 24304 22756 Bad Request: /api/daily-plan/generate/
WARNING 2026-04-01 11:00:41 log 24304 22756 Unauthorized: /api/daily-plan/generate/
INFO 2026-04-01 11:00:42 views 24304 22756 Daily plan created for user 1 on 2026-04-02
INFO 2026-04-01 11:00:43 views 24304 22756 Daily plan created for user 1 on 2026-04-02
INFO 2026-04-01 11:00:43 views 24304 22756 Daily plan updated for user 1 on 2026-04-02
WARNING 2026-04-01 11:00:44 log 24304 22756 Bad Request: /api/daily-plan/generate/
WARNING 2026-04-01 11:01:19 log 816 21080 Bad Request: /api/auth/login/
WARNING 2026-04-01 11:01:20 log 816 21080 Bad Request: /api/auth/login/
WARNING 2026-04-01 11:01:29 log 816 21080 Bad Request: /api/auth/signup/
WARNING 2026-04-01 11:01:29 log 816 21080 Bad Request: /api/auth/signup/
WARNING 2026-04-01 11:01:29 log 816 21080 Bad Request: /api/auth/signup/
WARNING 2026-04-01 11:01:30 log 816 21080 Bad Request: /api/auth/preferences/
WARNING 2026-04-01 11:01:32 log 816 21080 Bad Request: /api/auth/preferences/
WARNING 2026-04-01 11:01:33 log 816 21080 Bad Request: /api/auth/preferences/
WARNING 2026-04-01 11:01:35 log 816 21080 Unauthorized: /api/auth/preferences/
WARNING 2026-04-01 11:01:39 log 816 21080 Bad Request: /api/events/filtered/
WARNING 2026-04-01 11:01:48 log 816 21080 Not Found: /api/daily-plan/1/
WARNING 2026-04-01 11:01:49 log 816 21080 Not Found: /api/daily-plan/1/
WARNING 2026-04-01 11:01:53 log 816 21080 Unauthorized: /api/daily-plan/
WARNING 2026-04-01 11:02:01 views 816 21080 Invalid date format from user 1: 15/06/2026
WARNING 2026-04-01 11:02:01 log 816 21080 Bad Request: /api/daily-plan/generate/
WARNING 2026-04-01 11:02:02 log 816 21080 Bad Request: /api/daily-plan/generate/
WARNING 2026-04-01 11:02:03 log 816 21080 Not Found: /api/daily-plan/generate/
WARNING 2026-04-01 11:02:04 log 816 21080 Bad Request: /api/daily-plan/generate/
WARNING 2026-04-01 11:02:05 log 816 21080 Unauthorized: /api/daily-plan/generate/
INFO 2026-04-01 11:02:06 views 816 21080 Daily plan created for user 1 on 2026-04-02
INFO 2026-04-01 11:02:07 views 816 21080 Daily plan created for user 1 on 2026-04-02
INFO 2026-04-01 11:02:07 views 816 21080 Daily plan updated for user 1 on 2026-04-02
WARNING 2026-04-01 11:02:08 log 816 21080 Bad Request: /api/daily-plan/generate/
INFO 2026-04-01 11:02:40 log 6600 21604 "GET / HTTP/1.1" 200 21143
INFO 2026-04-01 11:02:40 log 6600 23468 "GET /login/ HTTP/1.1" 200 5298
INFO 2026-04-01 11:02:40 log 6600 14900 "GET /signup/ HTTP/1.1" 200 5854
INFO 2026-04-01 11:02:40 log 6600 21188 "GET /home/ HTTP/1.1" 200 17671
INFO 2026-04-01 11:02:40 log 6600 6188 "GET /daily-plan/ HTTP/1.1" 200 20589
INFO 2026-04-01 11:02:40 log 6600 24252 "GET /events/page/ HTTP/1.1" 200 18160
INFO 2026-04-01 11:02:40 log 6600 23860 "GET /map/ HTTP/1.1" 200 21700
INFO 2026-04-01 11:02:40 log 6600 17568 "GET /profile/ HTTP/1.1" 200 22093
INFO 2026-04-01 11:02:40 log 6600 21448 "GET /settings/ HTTP/1.1" 200 25114
INFO 2026-04-01 11:02:40 log 6600 24712 "GET /onboarding/ HTTP/1.1" 200 15729
INFO 2026-04-01 11:02:40 log 6600 11696 "GET /admin-panel/ HTTP/1.1" 302 0
INFO 2026-04-01 11:02:40 log 6600 10644 "GET /api/auth/ui/forgot-password/ HTTP/1.1" 200 2988
INFO 2026-04-01 11:02:41 log 6600 25552 "GET /api/events/ HTTP/1.1" 200 15225
WARNING 2026-04-01 11:02:41 log 6600 20828 Unauthorized: /api/events/filtered/
WARNING 2026-04-01 11:02:41 log 6600 20828 "GET /api/events/filtered/ HTTP/1.1" 401 58
WARNING 2026-04-01 11:02:41 log 6600 20488 Unauthorized: /api/daily-plan/
WARNING 2026-04-01 11:02:41 log 6600 20488 "GET /api/daily-plan/ HTTP/1.1" 401 58
INFO 2026-04-01 11:06:09 autoreload 17892 25520 Watching for file changes with StatReloader
INFO 2026-04-01 11:06:15 log 6600 6044 "GET / HTTP/1.1" 200 21143
WARNING 2026-04-01 11:06:16 log 6600 6044 Not Found: /favicon.ico
WARNING 2026-04-01 11:06:16 log 6600 6044 "GET /favicon.ico HTTP/1.1" 404 5155
INFO 2026-04-01 11:06:18 log 6600 6044 "GET /login/ HTTP/1.1" 200 5298
INFO 2026-04-01 11:06:18 log 6600 6044 "GET /static/images/logo.png HTTP/1.1" 200 70
INFO 2026-04-01 11:06:20 log 6600 6044 "GET /api/auth/ui/signup/ HTTP/1.1" 200 5854
INFO 2026-04-01 11:06:48 log 6600 6044 "POST /api/auth/signup/ HTTP/1.1" 201 491
INFO 2026-04-01 11:06:48 log 6600 6044 "GET /onboarding/ HTTP/1.1" 200 15729
WARNING 2026-04-01 11:06:49 log 6600 6044 Unauthorized: /api/auth/preferences/
WARNING 2026-04-01 11:06:49 log 6600 6044 "GET /api/auth/preferences/ HTTP/1.1" 401 172
WARNING 2026-04-01 11:07:43 log 6600 6044 Unauthorized: /api/auth/preferences/
WARNING 2026-04-01 11:07:43 log 6600 6044 "POST /api/auth/preferences/ HTTP/1.1" 401 172
INFO 2026-04-01 11:07:43 log 6600 6044 "GET /login/ HTTP/1.1" 200 5298
INFO 2026-04-01 11:07:55 log 6600 6044 "POST /api/auth/login/ HTTP/1.1" 200 491
INFO 2026-04-01 11:07:55 log 6600 6044 "GET /home/ HTTP/1.1" 200 17671
INFO 2026-04-01 11:07:55 log 6600 6044 "GET /static/js/home.js HTTP/1.1" 200 10300
INFO 2026-04-01 11:07:55 log 6600 17844 "GET /static/js/api.js HTTP/1.1" 200 4222
INFO 2026-04-01 11:07:56 log 6600 2772 "GET /api/daily-plan/ HTTP/1.1" 200 52
INFO 2026-04-01 11:07:56 log 6600 6044 "GET /api/events/?limit=6 HTTP/1.1" 200 15233
INFO 2026-04-01 11:07:56 log 6600 17844 "GET /api/events/?limit=4 HTTP/1.1" 200 15233
INFO 2026-04-01 11:07:56 log 6600 22200 "GET /api/events/filtered/ HTTP/1.1" 200 15234
INFO 2026-04-01 11:08:05 log 6600 22200 "GET /events/page/4057/ HTTP/1.1" 200 14032
INFO 2026-04-01 11:08:05 log 6600 22200 "GET /static/js/events.js HTTP/1.1" 200 22791
INFO 2026-04-01 11:08:05 log 6600 22200 "GET /api/events/4057/ HTTP/1.1" 200 307
INFO 2026-04-01 11:08:08 log 6600 22200 "GET /api/daily-plan/ HTTP/1.1" 200 52
INFO 2026-04-01 11:08:08 log 6600 22200 "POST /api/daily-plan/ HTTP/1.1" 201 87
INFO 2026-04-01 11:08:12 log 6600 22200 "GET /events/page/ HTTP/1.1" 200 18160
INFO 2026-04-01 11:08:12 log 6600 22200 "GET /static/js/map.js HTTP/1.1" 200 893
INFO 2026-04-01 11:08:12 log 6600 22200 "GET /api/events/ HTTP/1.1" 200 15225
INFO 2026-04-01 11:08:15 log 6600 22200 "GET /daily-plan/ HTTP/1.1" 200 20589
INFO 2026-04-01 11:08:15 log 6600 22200 "GET /static/js/daily_plan_integration.js?v=99 HTTP/1.1" 200 10338
INFO 2026-04-01 11:08:15 log 6600 22200 "GET /api/daily-plan/ HTTP/1.1" 200 139
INFO 2026-04-01 11:08:15 log 6600 2772 "GET /api/events/ HTTP/1.1" 200 15225
INFO 2026-04-01 11:08:15 log 6600 6044 "GET /api/events/?category=outdoor HTTP/1.1" 200 10317
INFO 2026-04-01 11:08:15 log 6600 17844 "GET /api/events/?category=food HTTP/1.1" 200 14496
WARNING 2026-04-01 11:08:16 log 6600 17844 Bad Request: /api/daily-plan/generate/
WARNING 2026-04-01 11:08:16 log 6600 17844 "POST /api/daily-plan/generate/ HTTP/1.1" 400 79
INFO 2026-04-01 11:08:35 log 6600 17844 "GET /map/ HTTP/1.1" 200 21700
INFO 2026-04-01 11:08:36 log 6600 17844 "GET /api/events/ HTTP/1.1" 200 15225
INFO 2026-04-01 11:09:39 log 6600 17844 "GET /daily-plan/ HTTP/1.1" 200 20589
INFO 2026-04-01 11:09:39 log 6600 22200 "GET /api/events/ HTTP/1.1" 200 15225
INFO 2026-04-01 11:09:39 log 6600 2772 "GET /api/events/?category=outdoor HTTP/1.1" 200 10317
INFO 2026-04-01 11:09:39 log 6600 17844 "GET /api/daily-plan/ HTTP/1.1" 200 139
INFO 2026-04-01 11:09:39 log 6600 6044 "GET /api/events/?category=food HTTP/1.1" 200 14496
INFO 2026-04-01 11:10:03 log 6600 6044 "GET /home/ HTTP/1.1" 200 17671
INFO 2026-04-01 11:10:04 log 6600 2772 "GET /api/daily-plan/ HTTP/1.1" 200 139
INFO 2026-04-01 11:10:04 log 6600 6044 "GET /api/events/?limit=4 HTTP/1.1" 200 15233
INFO 2026-04-01 11:10:04 log 6600 22200 "GET /api/events/?limit=6 HTTP/1.1" 200 15233
INFO 2026-04-01 11:10:04 log 6600 17844 "GET /api/events/filtered/ HTTP/1.1" 200 15234
INFO 2026-04-01 11:16:06 log 6600 24712 "GET /daily-plan/ HTTP/1.1" 200 20589
INFO 2026-04-01 11:16:06 log 6600 8612 "GET /daily-plan/ HTTP/1.1" 200 20589
INFO 2026-04-01 11:16:06 log 6600 10412 "GET /daily-plan/ HTTP/1.1" 200 20589
INFO 2026-04-01 11:18:02 log 6600 21936 "GET /daily-plan/ HTTP/1.1" 200 20589
INFO 2026-04-01 11:19:18 log 6600 25064 "GET /daily-plan/ HTTP/1.1" 200 20589
INFO 2026-04-01 11:19:57 log 6600 22160 "GET /daily-plan/ HTTP/1.1" 200 20589
INFO 2026-04-01 11:20:37 log 6600 20408 "GET /daily-plan/ HTTP/1.1" 200 20589
INFO 2026-04-01 11:22:30 log 17632 12992 "GET /daily-plan/ HTTP/1.1" 200 20672
INFO 2026-04-01 11:22:30 log 17632 21432 "GET /daily-plan/ HTTP/1.1" 200 20672
INFO 2026-04-01 11:29:46 log 6600 21548 "POST /api/auth/login/ HTTP/1.1" 200 491
INFO 2026-04-01 11:29:46 log 6600 20792 "GET /api/auth/preferences/ HTTP/1.1" 200 90
INFO 2026-04-01 11:29:46 views 6600 23444 Daily plan created for user 14 on 2026-04-01
INFO 2026-04-01 11:29:46 log 6600 23444 "POST /api/daily-plan/generate/ HTTP/1.1" 201 1603
INFO 2026-04-01 11:29:46 views 6600 21192 Daily plan updated for user 14 on 2026-04-01
INFO 2026-04-01 11:29:46 log 6600 21192 "POST /api/daily-plan/generate/ HTTP/1.1" 200 1578
INFO 2026-04-01 11:36:11 autoreload 22416 20952 Watching for file changes with StatReloader
INFO 2026-04-01 11:36:14 log 6600 24384 "GET / HTTP/1.1" 200 21143
INFO 2026-04-01 11:36:19 log 6600 24384 "GET /login/ HTTP/1.1" 200 5298
INFO 2026-04-01 11:36:19 log 6600 24384 "GET /static/images/logo.png HTTP/1.1" 200 70
INFO 2026-04-01 11:36:31 log 6600 24384 "POST /api/auth/login/ HTTP/1.1" 200 491
INFO 2026-04-01 11:36:31 log 6600 24384 "GET /home/ HTTP/1.1" 200 17671
INFO 2026-04-01 11:36:31 log 6600 24384 "GET /api/events/?limit=4 HTTP/1.1" 200 15233
INFO 2026-04-01 11:36:31 log 6600 17596 "GET /api/events/?limit=6 HTTP/1.1" 200 15233
INFO 2026-04-01 11:36:31 log 6600 24164 "GET /api/daily-plan/ HTTP/1.1" 200 139
INFO 2026-04-01 11:36:31 log 6600 12152 "GET /api/events/filtered/ HTTP/1.1" 200 15234
INFO 2026-04-01 11:36:46 log 6600 12152 "GET /events/page/ HTTP/1.1" 200 18160
INFO 2026-04-01 11:36:46 log 6600 12152 "GET /api/events/ HTTP/1.1" 200 15225
INFO 2026-04-01 11:36:48 log 6600 12152 "GET /daily-plan/ HTTP/1.1" 200 20589
INFO 2026-04-01 11:36:49 log 6600 12152 "GET /api/daily-plan/ HTTP/1.1" 200 139
INFO 2026-04-01 11:36:49 log 6600 24384 "GET /api/events/ HTTP/1.1" 200 15225
INFO 2026-04-01 11:36:49 log 6600 17596 "GET /api/events/?category=outdoor HTTP/1.1" 200 10317
INFO 2026-04-01 11:36:49 log 6600 24164 "GET /api/events/?category=food HTTP/1.1" 200 14496
WARNING 2026-04-01 11:36:50 log 6600 17596 Bad Request: /api/daily-plan/generate/
WARNING 2026-04-01 11:36:50 log 6600 17596 "POST /api/daily-plan/generate/ HTTP/1.1" 400 79
INFO 2026-04-06 09:58:25 autoreload 20664 16192 Watching for file changes with StatReloader
INFO 2026-04-06 09:58:28 log 20664 8168 "GET / HTTP/1.1" 200 21143
INFO 2026-04-06 09:58:28 log 20664 8168 "GET /static/css/design-system.css HTTP/1.1" 304 0
WARNING 2026-04-06 09:58:29 log 20664 8168 Not Found: /favicon.ico
WARNING 2026-04-06 09:58:29 log 20664 8168 "GET /favicon.ico HTTP/1.1" 404 5155
INFO 2026-04-06 09:58:49 log 20664 8168 "GET /events/page/ HTTP/1.1" 200 19966
INFO 2026-04-06 09:58:50 log 20664 11360 "GET /static/js/map.js HTTP/1.1" 200 2191
INFO 2026-04-06 09:58:50 log 20664 8168 "GET /static/js/api.js HTTP/1.1" 200 4854
INFO 2026-04-06 09:58:50 log 20664 20948 "GET /static/js/events.js HTTP/1.1" 200 28899
WARNING 2026-04-06 09:58:50 log 20664 20948 Unauthorized: /api/auth/me/
WARNING 2026-04-06 09:58:50 log 20664 8168 Unauthorized: /api/events/favorites/
WARNING 2026-04-06 09:58:50 log 20664 20948 "GET /api/auth/me/ HTTP/1.1" 401 172
WARNING 2026-04-06 09:58:50 log 20664 8168 "GET /api/events/favorites/ HTTP/1.1" 401 172
INFO 2026-04-06 09:58:50 log 20664 8168 "POST /api/auth/token/refresh/ HTTP/1.1" 200 245
INFO 2026-04-06 09:58:50 log 20664 20948 "POST /api/auth/token/refresh/ HTTP/1.1" 200 245
INFO 2026-04-06 09:58:50 log 20664 8168 "GET /api/events/favorites/ HTTP/1.1" 200 2
INFO 2026-04-06 09:58:50 log 20664 20948 "GET /api/auth/me/ HTTP/1.1" 200 143
INFO 2026-04-06 09:58:50 log 20664 8168 "GET /api/events/ HTTP/1.1" 200 19940
INFO 2026-04-06 09:59:07 log 20664 8168 "GET /daily-plan/ HTTP/1.1" 200 21179
INFO 2026-04-06 09:59:07 log 20664 8168 "GET /static/js/daily_plan_integration.js?v=99 HTTP/1.1" 200 18060
INFO 2026-04-06 09:59:07 log 20664 8168 "GET /api/auth/me/ HTTP/1.1" 200 143
INFO 2026-04-06 09:59:07 log 20664 20948 "GET /api/daily-plan/ HTTP/1.1" 200 442
INFO 2026-04-06 09:59:07 log 20664 11360 "GET /api/events/ HTTP/1.1" 200 19940
INFO 2026-04-06 09:59:07 log 20664 8168 "GET /api/events/?category=outdoor HTTP/1.1" 200 10317
INFO 2026-04-06 09:59:07 log 20664 20948 "GET /api/events/?category=food HTTP/1.1" 200 14482
WARNING 2026-04-06 09:59:20 log 20664 20948 Bad Request: /api/daily-plan/generate/
WARNING 2026-04-06 09:59:20 log 20664 20948 "POST /api/daily-plan/generate/ HTTP/1.1" 400 79
INFO 2026-04-06 09:59:22 log 20664 20948 "GET /profile/ HTTP/1.1" 200 26097
INFO 2026-04-06 09:59:22 log 20664 20948 "GET /static/js/api.js HTTP/1.1" 304 0
INFO 2026-04-06 09:59:23 log 20664 8168 "GET /api/auth/preferences/ HTTP/1.1" 200 96
INFO 2026-04-06 09:59:23 log 20664 20948 "GET /api/auth/me/ HTTP/1.1" 200 143
INFO 2026-04-06 09:59:23 log 20664 11360 "GET /api/daily-plan/ HTTP/1.1" 200 442
INFO 2026-04-06 09:59:23 log 20664 8320 "GET /api/events/favorites/ HTTP/1.1" 200 2
INFO 2026-04-06 09:59:23 log 20664 12724 "GET /api/auth/me/ HTTP/1.1" 200 143
INFO 2026-04-06 09:59:29 log 20664 12724 "GET /login/ HTTP/1.1" 200 5148
WARNING 2026-04-06 09:59:37 log 20664 12724 Bad Request: /api/auth/login/
WARNING 2026-04-06 09:59:37 log 20664 12724 "POST /api/auth/login/ HTTP/1.1" 400 51
INFO 2026-04-06 09:59:56 log 20664 12724 "POST /api/auth/login/ HTTP/1.1" 200 491
INFO 2026-04-06 09:59:56 log 20664 12724 "GET /home/ HTTP/1.1" 200 18246
INFO 2026-04-06 09:59:56 log 20664 8320 "GET /static/js/api.js HTTP/1.1" 304 0
INFO 2026-04-06 09:59:56 log 20664 12724 "GET /static/js/home.js HTTP/1.1" 200 15187
INFO 2026-04-06 09:59:56 log 20664 12724 "GET /api/auth/me/ HTTP/1.1" 200 162
INFO 2026-04-06 09:59:56 log 20664 20948 "GET /api/daily-plan/ HTTP/1.1" 200 52
INFO 2026-04-06 09:59:56 log 20664 8320 "GET /api/events/ HTTP/1.1" 200 19940
INFO 2026-04-06 09:59:56 log 20664 11360 "GET /api/events/filtered/ HTTP/1.1" 200 1247
INFO 2026-04-06 09:59:58 log 20664 11360 "GET /events/page/ HTTP/1.1" 200 19966
INFO 2026-04-06 09:59:58 log 20664 11360 "GET /static/js/map.js HTTP/1.1" 304 0
INFO 2026-04-06 09:59:58 log 20664 8320 "GET /static/js/events.js HTTP/1.1" 304 0
INFO 2026-04-06 09:59:58 log 20664 8320 "GET /api/auth/me/ HTTP/1.1" 200 162
INFO 2026-04-06 09:59:58 log 20664 8320 "GET /api/events/favorites/ HTTP/1.1" 200 2
INFO 2026-04-06 09:59:58 log 20664 8320 "GET /api/events/ HTTP/1.1" 200 19940
INFO 2026-04-06 10:00:09 log 20664 8320 "GET /daily-plan/ HTTP/1.1" 200 21179
INFO 2026-04-06 10:00:09 log 20664 8320 "GET /static/js/daily_plan_integration.js?v=99 HTTP/1.1" 304 0
INFO 2026-04-06 10:00:09 log 20664 8320 "GET /api/auth/me/ HTTP/1.1" 200 162
INFO 2026-04-06 10:00:09 log 20664 11360 "GET /api/daily-plan/ HTTP/1.1" 200 52
INFO 2026-04-06 10:00:09 log 20664 11360 "GET /api/events/?category=outdoor HTTP/1.1" 200 10317
INFO 2026-04-06 10:00:09 log 20664 8320 "GET /api/events/?category=food HTTP/1.1" 200 14482
INFO 2026-04-06 10:00:09 log 20664 20948 "GET /api/events/ HTTP/1.1" 200 19940
INFO 2026-04-06 10:00:11 views 20664 20948 Daily plan created for user 10 on 2026-04-06
INFO 2026-04-06 10:00:11 log 20664 20948 "POST /api/daily-plan/generate/ HTTP/1.1" 201 1245
INFO 2026-04-06 10:00:13 views 20664 20948 Daily plan updated for user 10 on 2026-04-06
INFO 2026-04-06 10:00:13 log 20664 20948 "POST /api/daily-plan/generate/ HTTP/1.1" 200 1245
INFO 2026-04-06 10:00:14 views 20664 20948 Daily plan updated for user 10 on 2026-04-06
INFO 2026-04-06 10:00:14 log 20664 20948 "POST /api/daily-plan/generate/ HTTP/1.1" 200 1245
INFO 2026-04-06 10:00:15 views 20664 20948 Daily plan updated for user 10 on 2026-04-06
INFO 2026-04-06 10:00:15 log 20664 20948 "POST /api/daily-plan/generate/ HTTP/1.1" 200 1245
INFO 2026-04-06 10:00:41 log 20664 20948 "GET /profile/ HTTP/1.1" 200 26097
INFO 2026-04-06 10:00:41 log 20664 20948 "GET /static/js/api.js HTTP/1.1" 304 0
INFO 2026-04-06 10:00:41 log 20664 20948 "GET /api/auth/me/ HTTP/1.1" 200 162
INFO 2026-04-06 10:00:41 log 20664 11360 "GET /api/auth/preferences/ HTTP/1.1" 200 123
INFO 2026-04-06 10:00:41 log 20664 12724 "GET /api/events/favorites/ HTTP/1.1" 200 2
INFO 2026-04-06 10:00:41 log 20664 8168 "GET /api/auth/me/ HTTP/1.1" 200 162
INFO 2026-04-06 10:00:41 log 20664 8320 "GET /api/daily-plan/ HTTP/1.1" 200 1330
INFO 2026-04-06 10:00:42 log 20664 8168 "GET /api/auth/ui/preferences/ HTTP/1.1" 200 22399
INFO 2026-04-06 10:00:42 log 20664 8168 "GET /api/auth/preferences/ HTTP/1.1" 200 123
INFO 2026-04-06 10:01:08 log 20664 8168 "POST /api/auth/preferences/ HTTP/1.1" 200 139
INFO 2026-04-06 10:01:10 log 20664 8168 "GET /home/ HTTP/1.1" 200 18246
INFO 2026-04-06 10:01:10 log 20664 8168 "GET /static/js/home.js HTTP/1.1" 304 0
INFO 2026-04-06 10:01:10 log 20664 8168 "GET /api/auth/me/ HTTP/1.1" 200 178
INFO 2026-04-06 10:01:10 log 20664 20948 "GET /api/daily-plan/ HTTP/1.1" 200 1330
INFO 2026-04-06 10:01:10 log 20664 8320 "GET /api/events/ HTTP/1.1" 200 19940
INFO 2026-04-06 10:01:10 log 20664 12724 "GET /api/events/filtered/ HTTP/1.1" 200 17954
INFO 2026-04-06 10:01:11 log 20664 12724 "GET /events/page/ HTTP/1.1" 200 19966
INFO 2026-04-06 10:01:12 log 20664 12724 "GET /static/js/map.js HTTP/1.1" 304 0
INFO 2026-04-06 10:01:12 log 20664 8320 "GET /static/js/events.js HTTP/1.1" 304 0
INFO 2026-04-06 10:01:12 log 20664 8320 "GET /api/auth/me/ HTTP/1.1" 200 178
INFO 2026-04-06 10:01:12 log 20664 12724 "GET /api/events/favorites/ HTTP/1.1" 200 2
INFO 2026-04-06 10:01:12 log 20664 12724 "GET /api/events/ HTTP/1.1" 200 19940
INFO 2026-04-06 10:01:18 log 20664 12724 "GET /daily-plan/ HTTP/1.1" 200 21179
INFO 2026-04-06 10:01:18 log 20664 12724 "GET /static/js/daily_plan_integration.js?v=99 HTTP/1.1" 304 0
INFO 2026-04-06 10:01:18 log 20664 12724 "GET /api/auth/me/ HTTP/1.1" 200 178
INFO 2026-04-06 10:01:18 log 20664 8320 "GET /api/daily-plan/ HTTP/1.1" 200 1330
INFO 2026-04-06 10:01:18 log 20664 20948 "GET /api/events/ HTTP/1.1" 200 19940
INFO 2026-04-06 10:01:18 log 20664 12724 "GET /api/events/?category=food HTTP/1.1" 200 14482
INFO 2026-04-06 10:01:18 log 20664 8320 "GET /api/events/?category=outdoor HTTP/1.1" 200 10317
INFO 2026-04-06 10:01:19 views 20664 8320 Daily plan updated for user 10 on 2026-04-06
INFO 2026-04-06 10:01:19 log 20664 8320 "POST /api/daily-plan/generate/ HTTP/1.1" 200 1926
INFO 2026-04-06 10:01:21 views 20664 8320 Daily plan updated for user 10 on 2026-04-06
INFO 2026-04-06 10:01:21 log 20664 8320 "POST /api/daily-plan/generate/ HTTP/1.1" 200 1926
INFO 2026-04-06 10:01:52 log 20664 8320 "GET /events/page/ HTTP/1.1" 200 19966
INFO 2026-04-06 10:01:52 log 20664 8320 "GET /static/js/api.js HTTP/1.1" 304 0
INFO 2026-04-06 10:01:52 log 20664 8320 "GET /api/auth/me/ HTTP/1.1" 200 178
INFO 2026-04-06 10:01:52 log 20664 8320 "GET /api/events/favorites/ HTTP/1.1" 200 2
INFO 2026-04-06 10:01:52 log 20664 8320 "GET /api/events/ HTTP/1.1" 200 19940
INFO 2026-04-06 10:01:56 log 20664 8320 "GET /map/ HTTP/1.1" 200 23680
INFO 2026-04-06 10:01:56 log 20664 8320 "GET /static/js/map.js HTTP/1.1" 304 0
INFO 2026-04-06 10:01:56 log 20664 8320 "GET /api/auth/me/ HTTP/1.1" 200 178
INFO 2026-04-06 10:01:57 log 20664 8320 "GET /api/events/ HTTP/1.1" 200 19940
INFO 2026-04-06 10:02:01 log 20664 8320 "GET /events/page/ HTTP/1.1" 200 19966
INFO 2026-04-06 10:02:01 log 20664 8320 "GET /static/js/events.js HTTP/1.1" 304 0
INFO 2026-04-06 10:02:01 log 20664 8320 "GET /api/auth/me/ HTTP/1.1" 200 178
INFO 2026-04-06 10:02:01 log 20664 8320 "GET /api/events/favorites/ HTTP/1.1" 200 2
INFO 2026-04-06 10:02:01 log 20664 8320 "GET /api/events/ HTTP/1.1" 200 19940
INFO 2026-04-06 10:02:06 log 20664 8320 "GET /map/ HTTP/1.1" 200 23680
INFO 2026-04-06 10:02:06 log 20664 8320 "GET /api/auth/me/ HTTP/1.1" 200 178
INFO 2026-04-06 10:02:06 log 20664 8320 "GET /api/events/ HTTP/1.1" 200 19940
INFO 2026-04-06 10:02:13 log 20664 8320 "GET /profile/ HTTP/1.1" 200 26097
INFO 2026-04-06 10:02:13 log 20664 8320 "GET /api/auth/me/ HTTP/1.1" 200 178
INFO 2026-04-06 10:02:13 log 20664 8168 "GET /api/events/favorites/ HTTP/1.1" 200 2
INFO 2026-04-06 10:02:13 log 20664 12724 "GET /api/auth/preferences/ HTTP/1.1" 200 139
INFO 2026-04-06 10:02:13 log 20664 11360 "GET /api/auth/me/ HTTP/1.1" 200 178
INFO 2026-04-06 10:02:13 log 20664 20948 "GET /api/daily-plan/ HTTP/1.1" 200 2011
INFO 2026-04-06 10:02:17 log 20664 20948 "GET /settings/ HTTP/1.1" 200 34793
INFO 2026-04-06 10:02:18 log 20664 11360 "GET /api/auth/preferences/ HTTP/1.1" 200 139
INFO 2026-04-06 10:02:18 log 20664 20948 "GET /api/auth/me/ HTTP/1.1" 200 178
INFO 2026-04-06 10:02:25 log 20664 20948 "GET /profile/ HTTP/1.1" 200 26097
INFO 2026-04-06 10:02:26 log 20664 20948 "GET /api/auth/me/ HTTP/1.1" 200 178
INFO 2026-04-06 10:02:26 log 20664 8320 "GET /api/events/favorites/ HTTP/1.1" 200 2
INFO 2026-04-06 10:02:26 log 20664 11360 "GET /api/auth/preferences/ HTTP/1.1" 200 139
INFO 2026-04-06 10:02:26 log 20664 8168 "GET /api/auth/me/ HTTP/1.1" 200 178
INFO 2026-04-06 10:02:26 log 20664 12724 "GET /api/daily-plan/ HTTP/1.1" 200 2011
INFO 2026-04-06 10:02:26 log 20664 12724 "GET /map/ HTTP/1.1" 200 23680
INFO 2026-04-06 10:02:27 log 20664 12724 "GET /api/auth/me/ HTTP/1.1" 200 178
INFO 2026-04-06 10:02:27 log 20664 12724 "GET /api/events/ HTTP/1.1" 200 19940
INFO 2026-04-06 10:02:28 log 20664 12724 "GET /events/page/ HTTP/1.1" 200 19966
INFO 2026-04-06 10:02:28 log 20664 12724 "GET /api/auth/me/ HTTP/1.1" 200 178
INFO 2026-04-06 10:02:28 log 20664 12724 "GET /api/events/favorites/ HTTP/1.1" 200 2
INFO 2026-04-06 10:02:28 log 20664 12724 "GET /api/events/ HTTP/1.1" 200 19940
INFO 2026-04-06 10:02:28 log 20664 12724 "GET /daily-plan/ HTTP/1.1" 200 21179
INFO 2026-04-06 10:02:29 log 20664 12724 "GET /static/js/daily_plan_integration.js?v=99 HTTP/1.1" 304 0
INFO 2026-04-06 10:02:29 log 20664 12724 "GET /api/auth/me/ HTTP/1.1" 200 178
INFO 2026-04-06 10:02:29 log 20664 8168 "GET /api/daily-plan/ HTTP/1.1" 200 2011
INFO 2026-04-06 10:02:29 log 20664 8320 "GET /api/events/ HTTP/1.1" 200 19940
INFO 2026-04-06 10:02:29 log 20664 11360 "GET /api/events/?category=outdoor HTTP/1.1" 200 10317
INFO 2026-04-06 10:02:29 log 20664 12724 "GET /api/events/?category=food HTTP/1.1" 200 14482
INFO 2026-04-06 10:02:30 log 20664 12724 "GET /home/ HTTP/1.1" 200 18246
INFO 2026-04-06 10:02:30 log 20664 12724 "GET /static/js/home.js HTTP/1.1" 304 0
INFO 2026-04-06 10:02:30 log 20664 12724 "GET /api/auth/me/ HTTP/1.1" 200 178
INFO 2026-04-06 10:02:30 log 20664 8168 "GET /api/daily-plan/ HTTP/1.1" 200 2011
INFO 2026-04-06 10:02:30 log 20664 11360 "GET /api/events/ HTTP/1.1" 200 19940
INFO 2026-04-06 10:02:30 log 20664 8320 "GET /api/events/filtered/ HTTP/1.1" 200 17954
INFO 2026-04-06 10:02:34 log 20664 8320 "GET / HTTP/1.1" 200 21143
INFO 2026-04-06 10:04:38 log 20664 8320 "GET /login/ HTTP/1.1" 200 5148
INFO 2026-04-06 10:04:49 log 20664 8320 "POST /api/auth/login/ HTTP/1.1" 200 491
INFO 2026-04-06 10:04:49 log 20664 8320 "GET /home/ HTTP/1.1" 200 18246
INFO 2026-04-06 10:04:49 log 20664 8320 "GET /static/js/home.js HTTP/1.1" 304 0
INFO 2026-04-06 10:04:49 log 20664 8320 "GET /static/js/api.js HTTP/1.1" 304 0
INFO 2026-04-06 10:04:49 log 20664 8320 "GET /api/auth/me/ HTTP/1.1" 200 178
INFO 2026-04-06 10:04:49 log 20664 12724 "GET /api/daily-plan/ HTTP/1.1" 200 2011
INFO 2026-04-06 10:04:49 log 20664 11360 "GET /api/events/ HTTP/1.1" 200 19940
INFO 2026-04-06 10:04:49 log 20664 8168 "GET /api/events/filtered/ HTTP/1.1" 200 17954
WARNING 2026-04-06 10:05:30 log 2664 4900 Bad Request: /api/auth/login/
WARNING 2026-04-06 10:05:31 log 2664 4900 Bad Request: /api/auth/login/
WARNING 2026-04-06 10:05:35 log 2664 4900 Bad Request: /api/auth/signup/
WARNING 2026-04-06 10:05:35 log 2664 4900 Bad Request: /api/auth/signup/
WARNING 2026-04-06 10:05:35 log 2664 4900 Bad Request: /api/auth/signup/
WARNING 2026-04-06 10:05:38 log 2664 4900 Bad Request: /api/auth/preferences/
WARNING 2026-04-06 10:05:41 log 2664 4900 Bad Request: /api/auth/preferences/
WARNING 2026-04-06 10:05:43 log 2664 4900 Bad Request: /api/auth/preferences/
WARNING 2026-04-06 10:05:45 log 2664 4900 Unauthorized: /api/auth/preferences/
WARNING 2026-04-06 10:05:50 log 2664 4900 Not Found: /api/daily-plan/1/
WARNING 2026-04-06 10:05:52 log 2664 4900 Not Found: /api/daily-plan/1/
WARNING 2026-04-06 10:05:58 log 2664 4900 Unauthorized: /api/daily-plan/
WARNING 2026-04-06 10:06:11 views 2664 4900 Invalid date format from user 1: 15/06/2026
WARNING 2026-04-06 10:06:11 log 2664 4900 Bad Request: /api/daily-plan/generate/
WARNING 2026-04-06 10:06:13 log 2664 4900 Bad Request: /api/daily-plan/generate/
WARNING 2026-04-06 10:06:15 log 2664 4900 Not Found: /api/daily-plan/generate/
WARNING 2026-04-06 10:06:17 log 2664 4900 Bad Request: /api/daily-plan/generate/
WARNING 2026-04-06 10:06:19 log 2664 4900 Unauthorized: /api/daily-plan/generate/
INFO 2026-04-06 10:06:21 views 2664 4900 Daily plan created for user 1 on 2026-04-07
INFO 2026-04-06 10:06:23 views 2664 4900 Daily plan created for user 1 on 2026-04-07
INFO 2026-04-06 10:06:23 views 2664 4900 Daily plan updated for user 1 on 2026-04-07
WARNING 2026-04-06 10:06:25 log 2664 4900 Bad Request: /api/daily-plan/generate/
WARNING 2026-04-06 10:06:45 log 2664 4900 Bad Request: /api/events/filtered/
WARNING 2026-04-06 10:06:52 log 2664 4900 Bad Request: /api/events/favorites/
WARNING 2026-04-06 10:07:02 log 2664 4900 Not Found: /api/events/favorites/1/
WARNING 2026-04-06 10:07:04 log 2664 4900 Unauthorized: /api/events/favorites/
INFO 2026-04-06 10:08:03 autoreload 20036 8320 Watching for file changes with StatReloader
INFO 2026-04-06 10:08:09 log 20036 3104 "GET /admin/ HTTP/1.1" 302 0
INFO 2026-04-06 10:08:09 log 20036 3104 "GET /admin/login/?next=/admin/ HTTP/1.1" 200 4077
INFO 2026-04-06 10:08:09 log 20036 19104 "GET /static/admin/css/dark_mode.css HTTP/1.1" 200 3538
INFO 2026-04-06 10:08:09 log 20036 19448 "GET /static/admin/css/responsive.css HTTP/1.1" 200 16194
INFO 2026-04-06 10:08:09 log 20036 4956 "GET /static/admin/css/login.css HTTP/1.1" 200 951
INFO 2026-04-06 10:08:09 log 20036 3104 "GET /static/admin/css/base.css HTTP/1.1" 200 23100
INFO 2026-04-06 10:08:09 log 20036 16516 "GET /static/admin/css/nav_sidebar.css HTTP/1.1" 200 2810
INFO 2026-04-06 10:08:09 log 20036 16516 "GET /static/admin/js/nav_sidebar.js HTTP/1.1" 200 3063
INFO 2026-04-06 10:08:09 log 20036 22448 "GET /static/admin/js/theme.js HTTP/1.1" 200 1653
WARNING 2026-04-07 10:42:03 log 12100 21940 Bad Request: /api/auth/login/
WARNING 2026-04-07 10:42:04 log 12100 21940 Bad Request: /api/auth/login/
WARNING 2026-04-07 10:42:09 log 12100 21940 Bad Request: /api/auth/signup/
WARNING 2026-04-07 10:42:09 log 12100 21940 Bad Request: /api/auth/signup/
WARNING 2026-04-07 10:42:09 log 12100 21940 Bad Request: /api/auth/signup/
WARNING 2026-04-07 10:42:11 log 12100 21940 Bad Request: /api/auth/preferences/
WARNING 2026-04-07 10:42:15 log 12100 21940 Bad Request: /api/auth/preferences/
WARNING 2026-04-07 10:42:17 log 12100 21940 Bad Request: /api/auth/preferences/
WARNING 2026-04-07 10:42:19 log 12100 21940 Unauthorized: /api/auth/preferences/
WARNING 2026-04-07 10:42:24 log 12100 21940 Not Found: /api/daily-plan/1/
WARNING 2026-04-07 10:42:27 log 12100 21940 Not Found: /api/daily-plan/1/
WARNING 2026-04-07 10:42:32 log 12100 21940 Unauthorized: /api/daily-plan/
WARNING 2026-04-07 10:42:44 views 12100 21940 Invalid date format from user 1: 15/06/2026
WARNING 2026-04-07 10:42:44 log 12100 21940 Bad Request: /api/daily-plan/generate/
WARNING 2026-04-07 10:42:46 log 12100 21940 Bad Request: /api/daily-plan/generate/
WARNING 2026-04-07 10:42:48 log 12100 21940 Not Found: /api/daily-plan/generate/
WARNING 2026-04-07 10:42:50 log 12100 21940 Bad Request: /api/daily-plan/generate/
WARNING 2026-04-07 10:42:51 log 12100 21940 Unauthorized: /api/daily-plan/generate/
INFO 2026-04-07 10:42:53 views 12100 21940 Daily plan created for user 1 on 2026-04-08
INFO 2026-04-07 10:42:55 views 12100 21940 Daily plan created for user 1 on 2026-04-08
INFO 2026-04-07 10:42:55 views 12100 21940 Daily plan updated for user 1 on 2026-04-08
WARNING 2026-04-07 10:42:56 log 12100 21940 Bad Request: /api/daily-plan/generate/
WARNING 2026-04-07 10:43:13 log 12100 21940 Bad Request: /api/events/filtered/
WARNING 2026-04-07 10:43:21 log 12100 21940 Bad Request: /api/events/favorites/
WARNING 2026-04-07 10:43:31 log 12100 21940 Not Found: /api/events/favorites/1/
WARNING 2026-04-07 10:43:34 log 12100 21940 Unauthorized: /api/events/favorites/
INFO 2026-04-07 10:55:35 autoreload 20396 23532 Watching for file changes with StatReloader
INFO 2026-04-07 10:55:42 log 20396 22848 "GET /admin-panel/ HTTP/1.1" 302 0
INFO 2026-04-07 10:55:42 log 20396 22848 "GET /login/?next=/admin-panel/ HTTP/1.1" 200 5148
WARNING 2026-04-07 10:55:44 log 20396 22848 Not Found: /favicon.ico
WARNING 2026-04-07 10:55:44 log 20396 22848 "GET /favicon.ico HTTP/1.1" 404 5155
INFO 2026-04-07 10:56:17 log 20396 22848 "POST /api/auth/login/ HTTP/1.1" 200 491
INFO 2026-04-07 10:56:18 log 20396 22848 "GET /home/ HTTP/1.1" 200 18246
INFO 2026-04-07 10:56:18 log 20396 22848 "GET /static/js/home.js HTTP/1.1" 304 0
INFO 2026-04-07 10:56:18 log 20396 7472 "GET /static/js/api.js HTTP/1.1" 304 0
INFO 2026-04-07 10:56:19 log 20396 7472 "GET /api/auth/me/ HTTP/1.1" 200 178
INFO 2026-04-07 10:56:19 log 20396 7720 "GET /api/daily-plan/ HTTP/1.1" 200 2011
INFO 2026-04-07 10:56:19 log 20396 22848 "GET /api/events/ HTTP/1.1" 200 19940
INFO 2026-04-07 10:56:19 log 20396 19588 "GET /api/events/filtered/ HTTP/1.1" 200 17954
INFO 2026-04-07 10:56:24 log 20396 19588 "GET /admin-panel/ HTTP/1.1" 302 0
INFO 2026-04-07 10:56:24 log 20396 19588 "GET /login/?next=/admin-panel/ HTTP/1.1" 200 5148
INFO 2026-04-07 10:56:37 log 20396 19588 "GET / HTTP/1.1" 200 21143
INFO 2026-04-07 10:57:15 autoreload 20396 23532 C:\Users\majd9\OneDrive\Desktop\tizahab_project1\tizahab-web\config\urls.py changed, reloading.
INFO 2026-04-07 10:57:17 autoreload 22936 3372 Watching for file changes with StatReloader
INFO 2026-04-07 10:58:54 autoreload 12536 1476 Watching for file changes with StatReloader
INFO 2026-04-07 10:59:00 log 12536 17296 "GET / HTTP/1.1" 200 21143
INFO 2026-04-07 10:59:21 log 12536 17296 "GET /admin/ HTTP/1.1" 302 0
INFO 2026-04-07 10:59:21 log 12536 17296 "GET /admin/login/?next=/admin/ HTTP/1.1" 200 4077
INFO 2026-04-07 10:59:22 log 12536 17296 "GET /static/admin/css/base.css HTTP/1.1" 200 23100
INFO 2026-04-07 10:59:22 log 12536 784 "GET /static/admin/css/dark_mode.css HTTP/1.1" 200 3538
INFO 2026-04-07 10:59:22 log 12536 12380 "GET /static/admin/css/login.css HTTP/1.1" 200 951
INFO 2026-04-07 10:59:22 log 12536 11248 "GET /static/admin/css/nav_sidebar.css HTTP/1.1" 200 2810
INFO 2026-04-07 10:59:22 log 12536 22704 "GET /static/admin/css/responsive.css HTTP/1.1" 200 16194
INFO 2026-04-07 10:59:22 log 12536 11248 "GET /static/admin/js/nav_sidebar.js HTTP/1.1" 200 3063
INFO 2026-04-07 10:59:22 log 12536 18964 "GET /static/admin/js/theme.js HTTP/1.1" 200 1653
INFO 2026-04-07 10:59:34 log 12536 18964 "POST /admin/login/?next=/admin/ HTTP/1.1" 200 4252
INFO 2026-04-07 10:59:40 log 12536 18964 "POST /admin/login/?next=/admin/ HTTP/1.1" 200 4252
INFO 2026-04-07 10:59:50 log 12536 18964 "POST /admin/login/?next=/admin/ HTTP/1.1" 302 0
INFO 2026-04-07 10:59:50 log 12536 18964 "GET /admin/ HTTP/1.1" 200 9307
INFO 2026-04-07 10:59:50 log 12536 18964 "GET /static/admin/css/dashboard.css HTTP/1.1" 200 441
INFO 2026-04-07 10:59:50 log 12536 11248 "GET /static/admin/img/icon-changelink.svg HTTP/1.1" 200 978
INFO 2026-04-07 10:59:50 log 12536 18964 "GET /static/admin/img/icon-addlink.svg HTTP/1.1" 200 593
INFO 2026-04-07 11:00:04 autoreload 12536 1476 C:\Users\majd9\OneDrive\Desktop\tizahab_project1\tizahab-web\config\urls.py changed, reloading.
INFO 2026-04-07 11:00:06 autoreload 20652 10824 Watching for file changes with StatReloader
INFO 2026-04-07 11:00:11 log 20652 23100 "GET /admin-panel/ HTTP/1.1" 200 22597
INFO 2026-04-07 11:00:12 log 20652 23100 "GET /api/auth/me/ HTTP/1.1" 200 178
INFO 2026-04-07 11:00:12 log 20652 17220 "GET /api/events/ HTTP/1.1" 200 19940
INFO 2026-04-07 11:00:16 log 20652 17220 "GET /profile/ HTTP/1.1" 200 26097
INFO 2026-04-07 11:00:16 log 20652 17220 "GET /api/auth/me/ HTTP/1.1" 200 178
INFO 2026-04-07 11:00:16 log 20652 23100 "GET /api/auth/preferences/ HTTP/1.1" 200 139
INFO 2026-04-07 11:00:16 log 20652 7896 "GET /api/events/favorites/ HTTP/1.1" 200 2
INFO 2026-04-07 11:00:16 log 20652 16140 "GET /api/auth/me/ HTTP/1.1" 200 178
INFO 2026-04-07 11:00:16 log 20652 16024 "GET /api/daily-plan/ HTTP/1.1" 200 2011
INFO 2026-04-07 11:00:29 log 20652 16024 "GET /daily-plan/ HTTP/1.1" 200 21179
INFO 2026-04-07 11:00:29 log 20652 16024 "GET /static/js/map.js HTTP/1.1" 304 0
INFO 2026-04-07 11:00:29 log 20652 16024 "GET /static/js/daily_plan_integration.js?v=99 HTTP/1.1" 304 0
INFO 2026-04-07 11:00:30 log 20652 16024 "GET /api/auth/me/ HTTP/1.1" 200 178
INFO 2026-04-07 11:00:30 log 20652 16140 "GET /api/daily-plan/ HTTP/1.1" 200 2011
INFO 2026-04-07 11:00:30 log 20652 7896 "GET /api/events/ HTTP/1.1" 200 19940
INFO 2026-04-07 11:00:30 log 20652 23100 "GET /api/events/?category=outdoor HTTP/1.1" 200 10317
INFO 2026-04-07 11:00:30 log 20652 16024 "GET /api/events/?category=food HTTP/1.1" 200 14482
INFO 2026-04-07 11:00:43 log 20652 16024 "GET /events/page/9517/ HTTP/1.1" 200 14015
INFO 2026-04-07 11:00:43 log 20652 16024 "GET /static/js/events.js HTTP/1.1" 304 0
INFO 2026-04-07 11:00:44 log 20652 16024 "GET /api/auth/me/ HTTP/1.1" 200 178
INFO 2026-04-07 11:00:44 log 20652 16024 "GET /api/events/9517/ HTTP/1.1" 200 442
INFO 2026-04-07 11:13:08 autoreload 21184 23596 Watching for file changes with StatReloader
WARNING 2026-04-07 11:13:15 log 21184 10792 Not Found: /api/events/admin/events/
WARNING 2026-04-07 11:13:15 log 21184 10792 "GET /api/events/admin/events/ HTTP/1.1" 404 6732
WARNING 2026-04-07 11:15:09 log 21184 10792 Not Found: /api/events/admin/events/
WARNING 2026-04-07 11:15:09 log 21184 10792 "GET /api/events/admin/events/ HTTP/1.1" 404 6732
WARNING 2026-04-07 11:15:09 log 21184 10792 Not Found: /api/events/admin/events/
WARNING 2026-04-07 11:15:09 log 21184 10792 "GET /api/events/admin/events/ HTTP/1.1" 404 6732
WARNING 2026-04-07 11:15:26 log 21184 10792 Not Found: /api/events/admin/events/
WARNING 2026-04-07 11:15:26 log 21184 10792 "GET /api/events/admin/events/ HTTP/1.1" 404 6732
INFO 2026-04-07 11:17:35 autoreload 21184 23596 C:\Users\majd9\OneDrive\Desktop\tizahab_project1\tizahab-web\config\urls.py changed, reloading.
INFO 2026-04-07 11:17:39 autoreload 23624 23440 Watching for file changes with StatReloader
INFO 2026-04-07 11:20:51 autoreload 21312 21316 Watching for file changes with StatReloader
INFO 2026-04-07 11:21:34 log 21312 22464 "GET / HTTP/1.1" 200 21143
WARNING 2026-04-07 11:21:35 log 21312 22464 Not Found: /favicon.ico
WARNING 2026-04-07 11:21:35 log 21312 22464 "GET /favicon.ico HTTP/1.1" 404 5155
INFO 2026-04-07 11:22:12 log 21312 22464 "GET /admin/events/ HTTP/1.1" 200 5363
INFO 2026-04-07 11:37:43 autoreload 22240 5372 Watching for file changes with StatReloader
INFO 2026-04-07 11:37:53 log 22240 18336 "GET / HTTP/1.1" 200 21143
INFO 2026-04-07 11:38:19 log 22240 18336 "GET /admin-panel/ HTTP/1.1" 200 37962
WARNING 2026-04-07 11:38:20 log 22240 18336 Unauthorized: /api/auth/me/
WARNING 2026-04-07 11:38:20 log 22240 23380 Unauthorized: /api/events/
WARNING 2026-04-07 11:38:20 log 22240 18336 "GET /api/auth/me/ HTTP/1.1" 401 172
WARNING 2026-04-07 11:38:20 log 22240 23380 "GET /api/events/ HTTP/1.1" 401 172
INFO 2026-04-07 11:38:20 log 22240 23380 "POST /api/auth/token/refresh/ HTTP/1.1" 200 245
INFO 2026-04-07 11:38:20 log 22240 23380 "GET /login/ HTTP/1.1" 200 5148
INFO 2026-04-07 11:38:31 log 22240 23380 "GET /admin/ HTTP/1.1" 200 9307
INFO 2026-04-07 11:38:42 log 22240 23380 "GET /admin-panel/ HTTP/1.1" 200 37962
WARNING 2026-04-07 11:38:42 log 22240 23380 Unauthorized: /api/auth/me/
WARNING 2026-04-07 11:38:42 log 22240 18336 Unauthorized: /api/events/
WARNING 2026-04-07 11:38:42 log 22240 23380 "GET /api/auth/me/ HTTP/1.1" 401 172
WARNING 2026-04-07 11:38:42 log 22240 18336 "GET /api/events/ HTTP/1.1" 401 172
INFO 2026-04-07 11:38:42 log 22240 18336 "POST /api/auth/token/refresh/ HTTP/1.1" 200 245
INFO 2026-04-07 11:38:42 log 22240 23380 "GET /login/ HTTP/1.1" 200 5148
INFO 2026-04-07 11:38:42 log 22240 23380 "GET /admin-panel/ HTTP/1.1" 200 37962
WARNING 2026-04-07 11:38:43 log 22240 23380 Unauthorized: /api/auth/me/
WARNING 2026-04-07 11:38:43 log 22240 18336 Unauthorized: /api/events/
WARNING 2026-04-07 11:38:43 log 22240 23380 "GET /api/auth/me/ HTTP/1.1" 401 172
WARNING 2026-04-07 11:38:43 log 22240 18336 "GET /api/events/ HTTP/1.1" 401 172
INFO 2026-04-07 11:38:43 log 22240 18336 "POST /api/auth/token/refresh/ HTTP/1.1" 200 245
INFO 2026-04-07 11:38:43 log 22240 23380 "GET /login/ HTTP/1.1" 200 5148
INFO 2026-04-07 11:38:53 log 22240 23380 "POST /api/auth/login/ HTTP/1.1" 200 491
INFO 2026-04-07 11:38:53 log 22240 23380 "GET /home/ HTTP/1.1" 200 18246
INFO 2026-04-07 11:38:53 log 22240 18336 "GET /api/events/ HTTP/1.1" 200 20686
INFO 2026-04-07 11:38:53 log 22240 23380 "GET /api/auth/me/ HTTP/1.1" 200 136
INFO 2026-04-07 11:38:53 log 22240 9704 "GET /api/events/filtered/ HTTP/1.1" 200 20695
INFO 2026-04-07 11:38:53 log 22240 13996 "GET /api/daily-plan/ HTTP/1.1" 200 52
INFO 2026-04-07 11:38:59 log 22240 9704 "GET /admin-panel/ HTTP/1.1" 200 37962
INFO 2026-04-07 11:38:59 log 22240 9704 "GET /api/auth/me/ HTTP/1.1" 200 136
INFO 2026-04-07 11:38:59 log 22240 13996 "GET /api/events/ HTTP/1.1" 200 20686
INFO 2026-04-07 11:39:28 log 22240 13996 "GET /api/events/ HTTP/1.1" 200 20686
INFO 2026-04-07 11:39:37 log 22240 13996 "GET /events/page/ HTTP/1.1" 200 19966
INFO 2026-04-07 11:39:37 log 22240 13996 "GET /api/auth/me/ HTTP/1.1" 200 136
INFO 2026-04-07 11:39:37 log 22240 13996 "GET /api/events/favorites/ HTTP/1.1" 200 2
INFO 2026-04-07 11:39:37 log 22240 13996 "GET /api/events/ HTTP/1.1" 200 20686
INFO 2026-04-07 11:39:38 log 22240 13996 "GET /daily-plan/ HTTP/1.1" 200 21179
INFO 2026-04-07 11:39:39 log 22240 13996 "GET /api/auth/me/ HTTP/1.1" 200 136
INFO 2026-04-07 11:39:39 log 22240 9704 "GET /api/daily-plan/ HTTP/1.1" 200 52
INFO 2026-04-07 11:39:39 log 22240 13996 "GET /api/events/?category=outdoor HTTP/1.1" 200 10793
INFO 2026-04-07 11:39:39 log 22240 23380 "GET /api/events/ HTTP/1.1" 200 20686
INFO 2026-04-07 11:39:39 log 22240 9704 "GET /api/events/?category=food HTTP/1.1" 200 15232
INFO 2026-04-07 11:39:39 log 22240 9704 "GET /daily-plan/ HTTP/1.1" 200 21179
INFO 2026-04-07 11:39:40 log 22240 9704 "GET /api/auth/me/ HTTP/1.1" 200 136
INFO 2026-04-07 11:39:40 log 22240 23380 "GET /api/daily-plan/ HTTP/1.1" 200 52
INFO 2026-04-07 11:39:40 log 22240 13996 "GET /api/events/ HTTP/1.1" 200 20686
INFO 2026-04-07 11:39:40 log 22240 23380 "GET /api/events/?category=food HTTP/1.1" 200 15232
INFO 2026-04-07 11:39:40 log 22240 9704 "GET /api/events/?category=outdoor HTTP/1.1" 200 10793
INFO 2026-04-07 11:39:41 log 22240 9704 "GET /home/ HTTP/1.1" 200 18246
INFO 2026-04-07 11:39:42 log 22240 9704 "GET /api/auth/me/ HTTP/1.1" 200 136
INFO 2026-04-07 11:39:42 log 22240 18336 "GET /api/daily-plan/ HTTP/1.1" 200 52
INFO 2026-04-07 11:39:43 log 22240 23380 "GET /api/events/ HTTP/1.1" 200 20686
INFO 2026-04-07 11:39:43 log 22240 13996 "GET /api/events/filtered/ HTTP/1.1" 200 20695
INFO 2026-04-07 11:39:43 log 22240 13996 "GET /profile/ HTTP/1.1" 200 26097
INFO 2026-04-07 11:39:44 log 22240 13996 "GET /api/auth/me/ HTTP/1.1" 200 136
INFO 2026-04-07 11:39:44 log 22240 23380 "GET /api/auth/preferences/ HTTP/1.1" 200 96
INFO 2026-04-07 11:39:45 log 22240 18336 "GET /api/daily-plan/ HTTP/1.1" 200 52
INFO 2026-04-07 11:39:45 log 22240 9704 "GET /api/events/favorites/ HTTP/1.1" 200 2
INFO 2026-04-07 11:39:45 log 22240 19448 "GET /api/auth/me/ HTTP/1.1" 200 136
INFO 2026-04-07 11:39:46 log 22240 19448 "GET /settings/ HTTP/1.1" 200 34793
INFO 2026-04-07 11:39:47 log 22240 19448 "GET /api/auth/me/ HTTP/1.1" 200 136
INFO 2026-04-07 11:39:47 log 22240 9704 "GET /api/auth/preferences/ HTTP/1.1" 200 96
INFO 2026-04-07 12:32:31 autoreload 9444 11272 Watching for file changes with StatReloader
INFO 2026-04-07 12:33:20 log 9444 23796 "GET /admin-panel/ HTTP/1.1" 200 38869
INFO 2026-04-07 12:33:20 log 9444 23796 "GET /admin-panel/ HTTP/1.1" 200 38869
WARNING 2026-04-07 12:33:21 log 9444 16576 Not Found: /api/events/admin/events/
WARNING 2026-04-07 12:33:21 log 9444 19980 Not Found: /api/auth/admin/users/
WARNING 2026-04-07 12:33:21 log 9444 19980 "GET /api/auth/admin/users/ HTTP/1.1" 404 7796
WARNING 2026-04-07 12:33:21 log 9444 16576 "GET /api/events/admin/events/ HTTP/1.1" 404 6732
WARNING 2026-04-07 12:33:21 log 9444 23796 Unauthorized: /api/auth/me/
WARNING 2026-04-07 12:33:21 log 9444 23796 "GET /api/auth/me/ HTTP/1.1" 401 172
INFO 2026-04-07 12:33:21 log 9444 23796 "POST /api/auth/token/refresh/ HTTP/1.1" 200 245
INFO 2026-04-07 12:33:21 log 9444 23796 "GET /api/auth/me/ HTTP/1.1" 200 136
INFO 2026-04-07 12:33:35 log 9444 23796 "GET /daily-plan/ HTTP/1.1" 200 21179
INFO 2026-04-07 12:33:36 log 9444 23796 "GET /api/auth/me/ HTTP/1.1" 200 136
INFO 2026-04-07 12:33:36 log 9444 16576 "GET /api/daily-plan/ HTTP/1.1" 200 52
INFO 2026-04-07 12:33:36 log 9444 23796 "GET /api/events/?category=outdoor HTTP/1.1" 200 10793
INFO 2026-04-07 12:33:36 log 9444 16576 "GET /api/events/?category=food HTTP/1.1" 200 15232
INFO 2026-04-07 12:33:36 log 9444 19980 "GET /api/events/ HTTP/1.1" 200 20686
INFO 2026-04-07 12:33:37 log 9444 23796 "GET /home/ HTTP/1.1" 200 18246
INFO 2026-04-07 12:33:37 log 9444 2312 "GET /api/daily-plan/ HTTP/1.1" 200 52
INFO 2026-04-07 12:33:37 log 9444 23796 "GET /api/auth/me/ HTTP/1.1" 200 136
INFO 2026-04-07 12:33:37 log 9444 19980 "GET /api/events/ HTTP/1.1" 200 20686
INFO 2026-04-07 12:33:37 log 9444 16576 "GET /api/events/filtered/ HTTP/1.1" 200 20695
INFO 2026-04-07 12:33:38 log 9444 16576 "GET /events/page/ HTTP/1.1" 200 19966
INFO 2026-04-07 12:33:38 log 9444 16576 "GET /api/auth/me/ HTTP/1.1" 200 136
INFO 2026-04-07 12:33:38 log 9444 16576 "GET /api/events/favorites/ HTTP/1.1" 200 2
INFO 2026-04-07 12:33:38 log 9444 16576 "GET /api/events/ HTTP/1.1" 200 20686
INFO 2026-04-07 12:33:39 log 9444 16576 "GET /map/ HTTP/1.1" 200 23680
INFO 2026-04-07 12:33:40 log 9444 16576 "GET /api/auth/me/ HTTP/1.1" 200 136
INFO 2026-04-07 12:33:40 log 9444 16576 "GET /api/events/ HTTP/1.1" 200 20686
INFO 2026-04-07 12:33:41 log 9444 16576 "GET /profile/ HTTP/1.1" 200 26097
INFO 2026-04-07 12:33:41 log 9444 16576 "GET /api/auth/me/ HTTP/1.1" 200 136
INFO 2026-04-07 12:33:41 log 9444 19980 "GET /api/auth/preferences/ HTTP/1.1" 200 96
INFO 2026-04-07 12:33:41 log 9444 2312 "GET /api/events/favorites/ HTTP/1.1" 200 2
INFO 2026-04-07 12:33:41 log 9444 23796 "GET /api/daily-plan/ HTTP/1.1" 200 52
INFO 2026-04-07 12:33:41 log 9444 10984 "GET /api/auth/me/ HTTP/1.1" 200 136
INFO 2026-04-07 12:56:07 autoreload 9112 5300 Watching for file changes with StatReloader
INFO 2026-04-07 12:56:22 log 9112 10816 "GET / HTTP/1.1" 200 21143
INFO 2026-04-07 12:56:24 log 9112 10816 "GET /login/ HTTP/1.1" 200 5148
INFO 2026-04-07 12:56:35 log 9112 10816 "POST /api/auth/login/ HTTP/1.1" 200 491
INFO 2026-04-07 12:56:36 log 9112 10816 "GET /home/ HTTP/1.1" 200 18246
INFO 2026-04-07 12:56:36 log 9112 10816 "GET /api/auth/me/ HTTP/1.1" 200 136
INFO 2026-04-07 12:56:36 log 9112 21988 "GET /api/daily-plan/ HTTP/1.1" 200 52
INFO 2026-04-07 12:56:36 log 9112 9888 "GET /api/events/ HTTP/1.1" 200 20686
INFO 2026-04-07 12:56:36 log 9112 16784 "GET /api/events/filtered/ HTTP/1.1" 200 20695
INFO 2026-04-07 12:57:16 log 9112 16784 "GET /admin-panel/ HTTP/1.1" 200 5671
WARNING 2026-04-07 12:57:16 log 9112 16784 Not Found: /api/events/admin/events/
WARNING 2026-04-07 12:57:16 log 9112 9888 Not Found: /api/auth/admin/users/
WARNING 2026-04-07 12:57:16 log 9112 16784 "GET /api/events/admin/events/ HTTP/1.1" 404 6732
WARNING 2026-04-07 12:57:16 log 9112 9888 "GET /api/auth/admin/users/ HTTP/1.1" 404 7796
WARNING 2026-04-07 12:57:21 log 9112 9888 Not Found: /api/events/admin/events/
WARNING 2026-04-07 12:57:21 log 9112 9888 "GET /api/events/admin/events/ HTTP/1.1" 404 6732
INFO 2026-04-07 12:57:26 log 9112 20080 "GET /login/ HTTP/1.1" 200 5148
INFO 2026-04-07 12:57:34 log 9112 20080 "POST /api/auth/login/ HTTP/1.1" 200 491
INFO 2026-04-07 12:57:34 log 9112 20080 "GET /home/ HTTP/1.1" 200 18246
INFO 2026-04-07 12:57:35 log 9112 20080 "GET /api/auth/me/ HTTP/1.1" 200 136
INFO 2026-04-07 12:57:35 log 9112 22540 "GET /api/daily-plan/ HTTP/1.1" 200 52
INFO 2026-04-07 12:57:35 log 9112 22612 "GET /api/events/filtered/ HTTP/1.1" 200 20695
INFO 2026-04-07 12:57:35 log 9112 16092 "GET /api/events/ HTTP/1.1" 200 20686
INFO 2026-04-07 12:57:38 log 9112 22612 "GET /profile/ HTTP/1.1" 200 26097
INFO 2026-04-07 12:57:38 log 9112 22540 "GET /api/daily-plan/ HTTP/1.1" 200 52
INFO 2026-04-07 12:57:38 log 9112 22612 "GET /api/auth/me/ HTTP/1.1" 200 136
INFO 2026-04-07 12:57:38 log 9112 16092 "GET /api/auth/preferences/ HTTP/1.1" 200 96
INFO 2026-04-07 12:57:38 log 9112 20080 "GET /api/events/favorites/ HTTP/1.1" 200 2
INFO 2026-04-07 12:57:38 log 9112 6408 "GET /api/auth/me/ HTTP/1.1" 200 136
INFO 2026-04-07 12:59:25 log 9112 6408 "GET /admin/ HTTP/1.1" 200 9307
INFO 2026-04-07 12:59:32 log 9112 6408 "GET /admin/auth/user/ HTTP/1.1" 200 20498
INFO 2026-04-07 12:59:32 log 9112 20080 "GET /admin/jsi18n/ HTTP/1.1" 200 3342
INFO 2026-04-07 12:59:32 log 9112 6408 "GET /static/admin/css/changelists.css HTTP/1.1" 200 7501
INFO 2026-04-07 12:59:32 log 9112 22540 "GET /static/admin/js/jquery.init.js HTTP/1.1" 200 347
INFO 2026-04-07 12:59:32 log 9112 6408 "GET /static/admin/js/urlify.js HTTP/1.1" 200 7887
INFO 2026-04-07 12:59:32 log 9112 22612 "GET /static/admin/js/core.js HTTP/1.1" 200 6208
INFO 2026-04-07 12:59:32 log 9112 20092 "GET /static/admin/js/admin/RelatedObjectLookups.js HTTP/1.1" 200 9777
INFO 2026-04-07 12:59:32 log 9112 22540 "GET /static/admin/js/prepopulate.js HTTP/1.1" 200 1531
INFO 2026-04-07 12:59:32 log 9112 20080 "GET /static/admin/js/actions.js HTTP/1.1" 200 8076
INFO 2026-04-07 12:59:32 log 9112 22612 "GET /static/admin/img/icon-yes.svg HTTP/1.1" 200 558
INFO 2026-04-07 12:59:32 log 9112 20092 "GET /static/admin/img/search.svg HTTP/1.1" 200 607
INFO 2026-04-07 12:59:32 log 9112 20092 "GET /static/admin/img/icon-no.svg HTTP/1.1" 200 645
INFO 2026-04-07 12:59:32 log 9112 16092 "GET /static/admin/js/vendor/jquery/jquery.js HTTP/1.1" 200 285314
INFO 2026-04-07 12:59:32 log 9112 6408 "GET /static/admin/js/vendor/xregexp/xregexp.js HTTP/1.1" 200 325171
INFO 2026-04-07 12:59:32 log 9112 6408 "GET /static/admin/js/filters.js HTTP/1.1" 200 978
INFO 2026-04-07 12:59:33 log 9112 16092 "GET /static/admin/img/tooltag-add.svg HTTP/1.1" 200 593
INFO 2026-04-07 12:59:33 log 9112 20092 "GET /static/admin/img/sorting-icons.svg HTTP/1.1" 200 1761
INFO 2026-04-07 12:59:33 log 9112 6408 "GET /static/admin/img/icon-viewlink.svg HTTP/1.1" 200 928
INFO 2026-04-07 12:59:56 log 9112 20092 "GET /admin/events/event/ HTTP/1.1" 200 61607
INFO 2026-04-07 12:59:56 log 9112 20092 "GET /admin/jsi18n/ HTTP/1.1" 200 3342
INFO 2026-04-07 13:05:58 autoreload 11612 23888 Watching for file changes with StatReloader
INFO 2026-04-07 13:06:05 log 11612 14080 "GET / HTTP/1.1" 200 21143
INFO 2026-04-07 13:06:07 log 11612 14080 "GET /login/ HTTP/1.1" 200 5148
INFO 2026-04-07 13:06:18 log 11612 14080 "POST /api/auth/login/ HTTP/1.1" 200 491
INFO 2026-04-07 13:06:18 log 11612 14080 "GET /home/ HTTP/1.1" 200 18246
INFO 2026-04-07 13:06:18 log 11612 14080 "GET /api/auth/me/ HTTP/1.1" 200 136
INFO 2026-04-07 13:06:18 log 11612 16100 "GET /api/daily-plan/ HTTP/1.1" 200 52
INFO 2026-04-07 13:06:18 log 11612 5016 "GET /api/events/ HTTP/1.1" 200 20686
INFO 2026-04-07 13:06:18 log 11612 11492 "GET /api/events/filtered/ HTTP/1.1" 200 20695
INFO 2026-04-07 13:06:23 log 11612 5016 "GET /profile/ HTTP/1.1" 200 26097
INFO 2026-04-07 13:06:23 log 11612 5016 "GET /api/auth/me/ HTTP/1.1" 200 136
INFO 2026-04-07 13:06:23 log 11612 14080 "GET /api/events/favorites/ HTTP/1.1" 200 2
INFO 2026-04-07 13:06:23 log 11612 11492 "GET /api/auth/preferences/ HTTP/1.1" 200 96
INFO 2026-04-07 13:06:23 log 11612 16100 "GET /api/daily-plan/ HTTP/1.1" 200 52
INFO 2026-04-07 13:06:23 log 11612 24300 "GET /api/auth/me/ HTTP/1.1" 200 136
INFO 2026-04-07 13:07:09 log 11612 24300 "GET /admin-panel/ HTTP/1.1" 200 6285
WARNING 2026-04-07 13:07:09 log 11612 24300 Not Found: /api/events/admin/events/
WARNING 2026-04-07 13:07:09 log 11612 16100 Not Found: /api/auth/admin/users/
WARNING 2026-04-07 13:07:09 log 11612 24300 "GET /api/events/admin/events/ HTTP/1.1" 404 6732
WARNING 2026-04-07 13:07:09 log 11612 16100 "GET /api/auth/admin/users/ HTTP/1.1" 404 7796
INFO 2026-04-07 14:11:14 autoreload 2304 6268 Watching for file changes with StatReloader
INFO 2026-04-07 14:11:23 log 2304 24492 "GET / HTTP/1.1" 200 21143
INFO 2026-04-07 14:11:24 log 2304 24492 "GET /login/ HTTP/1.1" 200 5148
INFO 2026-04-07 14:11:31 log 2304 24492 "POST /api/auth/login/ HTTP/1.1" 200 491
INFO 2026-04-07 14:11:31 log 2304 24492 "GET /home/ HTTP/1.1" 200 18246
INFO 2026-04-07 14:11:31 log 2304 24492 "GET /static/js/home.js HTTP/1.1" 304 0
INFO 2026-04-07 14:11:31 log 2304 12424 "GET /static/js/api.js HTTP/1.1" 304 0
INFO 2026-04-07 14:11:32 log 2304 12424 "GET /api/auth/me/ HTTP/1.1" 200 136
INFO 2026-04-07 14:11:32 log 2304 17780 "GET /api/daily-plan/ HTTP/1.1" 200 52
INFO 2026-04-07 14:11:32 log 2304 10228 "GET /api/events/filtered/ HTTP/1.1" 200 20695
INFO 2026-04-07 14:11:32 log 2304 24492 "GET /api/events/ HTTP/1.1" 200 20686
INFO 2026-04-07 14:11:39 log 2304 10228 "GET /admin-panel/ HTTP/1.1" 200 7355
WARNING 2026-04-07 14:11:39 log 2304 10228 Not Found: /api/events/admin/events/
WARNING 2026-04-07 14:11:39 log 2304 24492 Not Found: /api/auth/admin/users/
WARNING 2026-04-07 14:11:39 log 2304 10228 "GET /api/events/admin/events/ HTTP/1.1" 404 6732
WARNING 2026-04-07 14:11:39 log 2304 24492 "GET /api/auth/admin/users/ HTTP/1.1" 404 7796
WARNING 2026-04-07 14:12:09 log 2304 10228 Not Found: /.well-known/appspecific/com.chrome.devtools.json
WARNING 2026-04-07 14:12:09 log 2304 10228 "GET /.well-known/appspecific/com.chrome.devtools.json HTTP/1.1" 404 5266
WARNING 2026-04-07 14:12:43 log 2304 10228 Not Found: /api/events/admin/events/
WARNING 2026-04-07 14:12:43 log 2304 10228 "GET /api/events/admin/events/ HTTP/1.1" 404 6732
WARNING 2026-04-07 14:15:33 log 2304 10228 Method Not Allowed (GET): /logout/
WARNING 2026-04-07 14:15:33 log 2304 10228 "GET /logout/ HTTP/1.1" 405 0
WARNING 2026-04-07 14:15:42 log 2304 10228 Method Not Allowed (GET): /logout/
WARNING 2026-04-07 14:15:42 log 2304 10228 "GET /logout/ HTTP/1.1" 405 0
INFO 2026-04-07 14:16:19 log 2304 10228 "GET / HTTP/1.1" 200 21143
INFO 2026-04-07 14:16:23 log 2304 10228 "GET /login/ HTTP/1.1" 200 5148
INFO 2026-04-07 14:16:32 log 2304 10228 "POST /api/auth/login/ HTTP/1.1" 200 491
INFO 2026-04-07 14:16:32 log 2304 10228 "GET /home/ HTTP/1.1" 200 18246
INFO 2026-04-07 14:16:32 log 2304 10228 "GET /api/auth/me/ HTTP/1.1" 200 136
INFO 2026-04-07 14:16:32 log 2304 2088 "GET /api/daily-plan/ HTTP/1.1" 200 52
INFO 2026-04-07 14:16:32 log 2304 24492 "GET /api/events/ HTTP/1.1" 200 20686
INFO 2026-04-07 14:16:32 log 2304 10396 "GET /api/events/filtered/ HTTP/1.1" 200 20695
INFO 2026-04-07 14:16:38 log 2304 10396 "GET /admin-panel/ HTTP/1.1" 200 7492
WARNING 2026-04-07 14:16:38 log 2304 24492 Not Found: /api/auth/admin/users/
WARNING 2026-04-07 14:16:38 log 2304 10396 Not Found: /api/events/admin/events/
WARNING 2026-04-07 14:16:38 log 2304 10396 "GET /api/events/admin/events/ HTTP/1.1" 404 6732
WARNING 2026-04-07 14:16:38 log 2304 24492 "GET /api/auth/admin/users/ HTTP/1.1" 404 7796
WARNING 2026-04-07 14:16:40 log 2304 24492 Not Found: /api/events/admin/events/
WARNING 2026-04-07 14:16:40 log 2304 24492 "GET /api/events/admin/events/ HTTP/1.1" 404 6732
WARNING 2026-04-07 14:16:41 log 2304 24492 Not Found: /api/events/admin/events/
WARNING 2026-04-07 14:16:41 log 2304 24492 "GET /api/events/admin/events/ HTTP/1.1" 404 6732
WARNING 2026-04-07 14:16:44 log 2304 24492 Not Found: /.well-known/appspecific/com.chrome.devtools.json
WARNING 2026-04-07 14:16:44 log 2304 24492 "GET /.well-known/appspecific/com.chrome.devtools.json HTTP/1.1" 404 5266
INFO 2026-04-07 14:20:45 autoreload 2304 6268 C:\Users\majd9\OneDrive\Desktop\tizahab_project1\tizahab-web\accounts\views.py changed, reloading.
INFO 2026-04-07 14:20:46 autoreload 5184 2952 Watching for file changes with StatReloader
INFO 2026-04-07 14:20:56 autoreload 5184 2952 C:\Users\majd9\OneDrive\Desktop\tizahab_project1\tizahab-web\accounts\views.py changed, reloading.
INFO 2026-04-07 14:20:57 autoreload 2284 21280 Watching for file changes with StatReloader
INFO 2026-04-07 14:21:05 autoreload 2284 21280 C:\Users\majd9\OneDrive\Desktop\tizahab_project1\tizahab-web\accounts\urls.py changed, reloading.
INFO 2026-04-07 14:21:05 autoreload 696 16692 Watching for file changes with StatReloader
INFO 2026-04-07 14:21:13 autoreload 696 16692 C:\Users\majd9\OneDrive\Desktop\tizahab_project1\tizahab-web\accounts\urls.py changed, reloading.
INFO 2026-04-07 14:21:14 autoreload 11780 11776 Watching for file changes with StatReloader
INFO 2026-04-07 14:21:22 autoreload 11780 11776 C:\Users\majd9\OneDrive\Desktop\tizahab_project1\tizahab-web\events\api_urls.py changed, reloading.
INFO 2026-04-07 14:21:23 autoreload 18952 19764 Watching for file changes with StatReloader
INFO 2026-04-07 14:21:27 autoreload 18952 19764 C:\Users\majd9\OneDrive\Desktop\tizahab_project1\tizahab-web\events\api_urls.py changed, reloading.
INFO 2026-04-07 14:21:27 autoreload 9400 16092 Watching for file changes with StatReloader
INFO 2026-04-07 14:27:39 autoreload 4212 10872 Watching for file changes with StatReloader
INFO 2026-04-07 14:27:42 log 4212 14352 "GET / HTTP/1.1" 200 21143
INFO 2026-04-07 14:27:44 log 4212 14352 "GET /login/ HTTP/1.1" 200 5259
INFO 2026-04-07 14:27:52 log 4212 14352 "POST /api/auth/login/ HTTP/1.1" 200 491
INFO 2026-04-07 14:27:52 log 4212 14352 "GET /admin-panel/ HTTP/1.1" 200 7340
INFO 2026-04-07 14:27:53 log 4212 19972 "GET /api/auth/admin/users/ HTTP/1.1" 200 2025
INFO 2026-04-07 14:27:53 log 4212 14352 "GET /api/events/admin/events/ HTTP/1.1" 200 20699
INFO 2026-04-07 14:28:04 log 4212 14352 "PATCH /api/events/admin/events/9468/ HTTP/1.1" 200 365
INFO 2026-04-07 14:28:04 log 4212 14352 "GET /api/events/admin/events/ HTTP/1.1" 200 20699
INFO 2026-04-07 14:28:07 log 4212 14352 "DELETE /api/events/admin/events/9468/ HTTP/1.1" 204 0
INFO 2026-04-07 14:28:07 log 4212 14352 "GET /api/events/admin/events/ HTTP/1.1" 200 20687
INFO 2026-04-07 14:28:14 log 4212 14352 "DELETE /api/auth/admin/users/11/ HTTP/1.1" 204 0
INFO 2026-04-07 14:28:14 log 4212 14352 "GET /api/auth/admin/users/ HTTP/1.1" 200 1885
INFO 2026-04-07 14:28:19 log 4212 14352 "GET /api/events/admin/events/ HTTP/1.1" 200 20687
INFO 2026-04-07 14:28:20 log 4212 14352 "GET /api/events/admin/events/ HTTP/1.1" 200 20687
INFO 2026-04-07 14:28:21 log 4212 14352 "GET /api/events/admin/events/ HTTP/1.1" 200 20687
INFO 2026-04-07 14:28:21 log 4212 14352 "GET /api/events/admin/events/ HTTP/1.1" 200 20687
INFO 2026-04-07 14:28:29 log 4212 14352 "DELETE /api/events/admin/events/9517/ HTTP/1.1" 204 0
INFO 2026-04-07 14:28:29 log 4212 14352 "GET /api/events/admin/events/ HTTP/1.1" 200 20647
INFO 2026-04-07 14:28:30 log 4212 14352 "GET /api/events/admin/events/ HTTP/1.1" 200 20647
INFO 2026-04-07 14:28:31 log 4212 14352 "GET /api/events/admin/events/ HTTP/1.1" 200 20647
INFO 2026-04-07 14:28:35 log 4212 14352 "GET /login/ HTTP/1.1" 200 5259
INFO 2026-04-07 14:28:41 log 4212 14352 "POST /api/auth/login/ HTTP/1.1" 200 491
INFO 2026-04-07 14:28:41 log 4212 14352 "GET /home/ HTTP/1.1" 200 18246
INFO 2026-04-07 14:28:41 log 4212 14352 "GET /api/auth/me/ HTTP/1.1" 200 178
INFO 2026-04-07 14:28:41 log 4212 19972 "GET /api/events/ HTTP/1.1" 200 20634
INFO 2026-04-07 14:28:41 log 4212 19812 "GET /api/daily-plan/ HTTP/1.1" 200 1625
INFO 2026-04-07 14:28:41 log 4212 24136 "GET /api/events/filtered/ HTTP/1.1" 200 18665
INFO 2026-04-07 14:28:45 log 4212 24136 "GET /daily-plan/ HTTP/1.1" 200 21179
INFO 2026-04-07 14:28:45 log 4212 24136 "GET /static/js/map.js HTTP/1.1" 304 0
INFO 2026-04-07 14:28:45 log 4212 24136 "GET /static/js/daily_plan_integration.js?v=99 HTTP/1.1" 304 0
INFO 2026-04-07 14:28:45 log 4212 24136 "GET /api/auth/me/ HTTP/1.1" 200 178
INFO 2026-04-07 14:28:45 log 4212 19812 "GET /api/daily-plan/ HTTP/1.1" 200 1625
INFO 2026-04-07 14:28:45 log 4212 19972 "GET /api/events/ HTTP/1.1" 200 20634
INFO 2026-04-07 14:28:45 log 4212 24136 "GET /api/events/?category=outdoor HTTP/1.1" 200 10793
INFO 2026-04-07 14:28:45 log 4212 19812 "GET /api/events/?category=food HTTP/1.1" 200 15232
INFO 2026-04-07 14:28:46 log 4212 19812 "GET /events/page/ HTTP/1.1" 200 19966
INFO 2026-04-07 14:28:47 log 4212 19812 "GET /static/js/events.js HTTP/1.1" 304 0
INFO 2026-04-07 14:28:47 log 4212 19812 "GET /api/auth/me/ HTTP/1.1" 200 178
INFO 2026-04-07 14:28:47 log 4212 24136 "GET /api/events/favorites/ HTTP/1.1" 200 2
INFO 2026-04-07 14:28:47 log 4212 24136 "GET /api/events/ HTTP/1.1" 200 20634
INFO 2026-04-07 14:35:14 log 4212 364 "GET /daily-plan/ HTTP/1.1" 200 21179
INFO 2026-04-07 14:35:17 log 4212 364 "GET /api/auth/me/ HTTP/1.1" 200 178
INFO 2026-04-07 14:35:17 log 4212 3256 "GET /api/daily-plan/ HTTP/1.1" 200 1625
INFO 2026-04-07 14:35:17 log 4212 23688 "GET /api/events/?category=outdoor HTTP/1.1" 200 10793
INFO 2026-04-07 14:35:17 log 4212 3316 "GET /api/events/ HTTP/1.1" 200 20634
INFO 2026-04-07 14:35:17 log 4212 24000 "GET /api/events/?category=food HTTP/1.1" 200 15232
INFO 2026-04-07 14:35:18 views 4212 24000 Daily plan created for user 10 on 2026-04-07
INFO 2026-04-07 14:35:18 log 4212 24000 "POST /api/daily-plan/generate/ HTTP/1.1" 201 1984
INFO 2026-04-07 14:35:23 views 4212 24000 Daily plan updated for user 10 on 2026-04-07
INFO 2026-04-07 14:35:23 log 4212 24000 "POST /api/daily-plan/generate/ HTTP/1.1" 200 1984
INFO 2026-04-07 14:35:28 log 4212 24000 "GET /home/ HTTP/1.1" 200 18246
INFO 2026-04-07 14:35:28 log 4212 24000 "GET /api/auth/me/ HTTP/1.1" 200 178
INFO 2026-04-07 14:35:29 log 4212 3316 "GET /api/events/ HTTP/1.1" 200 20634
INFO 2026-04-07 14:35:29 log 4212 3256 "GET /api/daily-plan/ HTTP/1.1" 200 3643
INFO 2026-04-07 14:35:29 log 4212 23688 "GET /api/events/filtered/ HTTP/1.1" 200 18665
INFO 2026-04-07 14:35:31 log 4212 23688 "GET /daily-plan/ HTTP/1.1" 200 21179
INFO 2026-04-07 14:35:31 log 4212 23688 "GET /api/auth/me/ HTTP/1.1" 200 178
INFO 2026-04-07 14:35:31 log 4212 3256 "GET /api/daily-plan/ HTTP/1.1" 200 3643
INFO 2026-04-07 14:35:31 log 4212 23688 "GET /api/events/?category=outdoor HTTP/1.1" 200 10793
INFO 2026-04-07 14:35:31 log 4212 3316 "GET /api/events/ HTTP/1.1" 200 20634
INFO 2026-04-07 14:35:31 log 4212 3256 "GET /api/events/?category=food HTTP/1.1" 200 15232
INFO 2026-04-07 14:41:45 log 4212 10748 "GET / HTTP/1.1" 200 21143
INFO 2026-04-07 14:41:55 log 4212 10748 "GET /admin-panel/ HTTP/1.1" 200 7340
INFO 2026-04-07 14:41:55 log 4212 22340 "GET /api/auth/admin/users/ HTTP/1.1" 200 1885
INFO 2026-04-07 14:41:55 log 4212 10748 "GET /api/events/admin/events/ HTTP/1.1" 200 20647
INFO 2026-04-07 14:42:23 log 4212 10748 "GET /login/ HTTP/1.1" 200 5259
INFO 2026-04-07 14:42:32 log 4212 10748 "POST /api/auth/login/ HTTP/1.1" 200 491
INFO 2026-04-07 14:42:32 log 4212 10748 "GET /admin-panel/ HTTP/1.1" 200 7340
INFO 2026-04-07 14:42:32 log 4212 22340 "GET /api/auth/admin/users/ HTTP/1.1" 200 1885
INFO 2026-04-07 14:42:32 log 4212 10748 "GET /api/events/admin/events/ HTTP/1.1" 200 20647
INFO 2026-04-07 14:42:49 log 4212 10748 "DELETE /api/auth/admin/users/9/ HTTP/1.1" 204 0
INFO 2026-04-07 14:42:49 log 4212 10748 "GET /api/auth/admin/users/ HTTP/1.1" 200 1730
ERROR 2026-04-07 15:35:25 log 20436 16452 Invalid HTTP_HOST header: 'testserver'. You may need to add 'testserver' to ALLOWED_HOSTS.
Traceback (most recent call last):
  File "C:\Users\majd9\OneDrive\Desktop\tizahab_project1\tizahab-web\.venv\Lib\site-packages\django\core\handlers\exception.py", line 55, in inner
    response = get_response(request)
  File "C:\Users\majd9\OneDrive\Desktop\tizahab_project1\tizahab-web\.venv\Lib\site-packages\django\utils\deprecation.py", line 308, in __call__
    response = self.process_request(request)
  File "C:\Users\majd9\OneDrive\Desktop\tizahab_project1\tizahab-web\.venv\Lib\site-packages\django\middleware\common.py", line 48, in process_request
    host = request.get_host()
  File "C:\Users\majd9\OneDrive\Desktop\tizahab_project1\tizahab-web\.venv\Lib\site-packages\django\http\request.py", line 205, in get_host
    raise DisallowedHost(msg)
django.core.exceptions.DisallowedHost: Invalid HTTP_HOST header: 'testserver'. You may need to add 'testserver' to ALLOWED_HOSTS.
WARNING 2026-04-07 15:41:19 log 10800 12344 Bad Request: /api/auth/login/
WARNING 2026-04-07 15:41:22 log 10800 12344 Bad Request: /api/auth/login/
WARNING 2026-04-07 15:41:24 log 10800 12344 Bad Request: /api/auth/signup/
WARNING 2026-04-07 15:41:24 log 10800 12344 Bad Request: /api/auth/signup/
WARNING 2026-04-07 15:41:24 log 10800 12344 Bad Request: /api/auth/signup/
WARNING 2026-04-07 15:41:31 log 10800 12344 Bad Request: /api/events/favorites/
WARNING 2026-04-07 15:42:12 log 10800 12344 Not Found: /api/events/favorites/1/
WARNING 2026-04-07 15:42:22 log 10800 12344 Unauthorized: /api/events/favorites/
WARNING 2026-04-07 15:42:41 views 10800 12344 Invalid date format from user 1: 15/06/2026
WARNING 2026-04-07 15:42:41 log 10800 12344 Bad Request: /api/daily-plan/generate/
WARNING 2026-04-07 15:42:49 log 10800 12344 Bad Request: /api/daily-plan/generate/
WARNING 2026-04-07 15:42:57 log 10800 12344 Not Found: /api/daily-plan/generate/
WARNING 2026-04-07 15:43:05 log 10800 12344 Bad Request: /api/daily-plan/generate/
WARNING 2026-04-07 15:43:13 log 10800 12344 Unauthorized: /api/daily-plan/generate/
INFO 2026-04-07 15:43:21 views 10800 12344 Daily plan created for user 1 on 2026-04-08
INFO 2026-04-07 15:43:29 views 10800 12344 Daily plan created for user 1 on 2026-04-08
INFO 2026-04-07 15:43:29 views 10800 12344 Daily plan updated for user 1 on 2026-04-08
WARNING 2026-04-07 15:43:36 log 10800 12344 Bad Request: /api/daily-plan/generate/
WARNING 2026-04-07 15:49:22 log 4872 13552 Too Many Requests: /api/auth/login/
WARNING 2026-04-07 15:49:25 log 4872 13552 Too Many Requests: /api/auth/ui/forgot-password/
WARNING 2026-04-07 15:49:28 log 16624 9460 Bad Request: /api/auth/login/
WARNING 2026-04-07 15:49:32 log 4872 13552 Too Many Requests: /api/auth/signup/
WARNING 2026-04-07 15:49:33 log 16624 9460 Bad Request: /api/auth/login/
WARNING 2026-04-07 15:49:38 log 16624 9460 Bad Request: /api/auth/signup/
WARNING 2026-04-07 15:49:38 log 16624 9460 Bad Request: /api/auth/signup/
WARNING 2026-04-07 15:49:38 log 16624 9460 Bad Request: /api/auth/signup/
WARNING 2026-04-07 15:49:58 log 16624 9460 Bad Request: /api/events/favorites/
WARNING 2026-04-07 15:50:19 log 16624 9460 Not Found: /api/events/favorites/1/
WARNING 2026-04-07 15:50:29 log 16624 9460 Unauthorized: /api/events/favorites/
WARNING 2026-04-07 15:50:35 log 16624 9460 Forbidden (Permission denied): /api/auth/login/
Traceback (most recent call last):
  File "C:\Users\majd9\OneDrive\Desktop\tizahab_project1\tizahab-web\.venv\Lib\site-packages\django\core\handlers\exception.py", line 55, in inner
    response = get_response(request)
  File "C:\Users\majd9\OneDrive\Desktop\tizahab_project1\tizahab-web\.venv\Lib\site-packages\django\core\handlers\base.py", line 198, in _get_response
    response = wrapped_callback(request, *callback_args, **callback_kwargs)
  File "C:\Users\majd9\OneDrive\Desktop\tizahab_project1\tizahab-web\.venv\Lib\site-packages\django\views\decorators\csrf.py", line 65, in _view_wrapper
    return view_func(request, *args, **kwargs)
  File "C:\Users\majd9\OneDrive\Desktop\tizahab_project1\tizahab-web\.venv\Lib\site-packages\django\views\generic\base.py", line 106, in view
    return self.dispatch(request, *args, **kwargs)
           ~~~~~~~~~~~~~^^^^^^^^^^^^^^^^^^^^^^^^^^
  File "C:\Users\majd9\OneDrive\Desktop\tizahab_project1\tizahab-web\.venv\Lib\site-packages\django\utils\decorators.py", line 48, in _wrapper
    return bound_method(*args, **kwargs)
  File "C:\Users\majd9\OneDrive\Desktop\tizahab_project1\tizahab-web\.venv\Lib\site-packages\django_ratelimit\decorators.py", line 26, in _wrapped
    raise (import_string(cls) if isinstance(cls, str) else cls)()
django_ratelimit.exceptions.Ratelimited
WARNING 2026-04-07 15:50:36 log 16624 9460 Forbidden (Permission denied): /api/auth/login/
Traceback (most recent call last):
  File "C:\Users\majd9\OneDrive\Desktop\tizahab_project1\tizahab-web\.venv\Lib\site-packages\django\core\handlers\exception.py", line 55, in inner
    response = get_response(request)
  File "C:\Users\majd9\OneDrive\Desktop\tizahab_project1\tizahab-web\.venv\Lib\site-packages\django\core\handlers\base.py", line 198, in _get_response
    response = wrapped_callback(request, *callback_args, **callback_kwargs)
  File "C:\Users\majd9\OneDrive\Desktop\tizahab_project1\tizahab-web\.venv\Lib\site-packages\django\views\decorators\csrf.py", line 65, in _view_wrapper
    return view_func(request, *args, **kwargs)
  File "C:\Users\majd9\OneDrive\Desktop\tizahab_project1\tizahab-web\.venv\Lib\site-packages\django\views\generic\base.py", line 106, in view
    return self.dispatch(request, *args, **kwargs)
           ~~~~~~~~~~~~~^^^^^^^^^^^^^^^^^^^^^^^^^^
  File "C:\Users\majd9\OneDrive\Desktop\tizahab_project1\tizahab-web\.venv\Lib\site-packages\django\utils\decorators.py", line 48, in _wrapper
    return bound_method(*args, **kwargs)
  File "C:\Users\majd9\OneDrive\Desktop\tizahab_project1\tizahab-web\.venv\Lib\site-packages\django_ratelimit\decorators.py", line 26, in _wrapped
    raise (import_string(cls) if isinstance(cls, str) else cls)()
django_ratelimit.exceptions.Ratelimited
WARNING 2026-04-07 15:50:37 log 16624 9460 Forbidden (Permission denied): /api/auth/login/
Traceback (most recent call last):
  File "C:\Users\majd9\OneDrive\Desktop\tizahab_project1\tizahab-web\.venv\Lib\site-packages\django\core\handlers\exception.py", line 55, in inner
    response = get_response(request)
  File "C:\Users\majd9\OneDrive\Desktop\tizahab_project1\tizahab-web\.venv\Lib\site-packages\django\core\handlers\base.py", line 198, in _get_response
    response = wrapped_callback(request, *callback_args, **callback_kwargs)
  File "C:\Users\majd9\OneDrive\Desktop\tizahab_project1\tizahab-web\.venv\Lib\site-packages\django\views\decorators\csrf.py", line 65, in _view_wrapper
    return view_func(request, *args, **kwargs)
  File "C:\Users\majd9\OneDrive\Desktop\tizahab_project1\tizahab-web\.venv\Lib\site-packages\django\views\generic\base.py", line 106, in view
    return self.dispatch(request, *args, **kwargs)
           ~~~~~~~~~~~~~^^^^^^^^^^^^^^^^^^^^^^^^^^
  File "C:\Users\majd9\OneDrive\Desktop\tizahab_project1\tizahab-web\.venv\Lib\site-packages\django\utils\decorators.py", line 48, in _wrapper
    return bound_method(*args, **kwargs)
  File "C:\Users\majd9\OneDrive\Desktop\tizahab_project1\tizahab-web\.venv\Lib\site-packages\django_ratelimit\decorators.py", line 26, in _wrapped
    raise (import_string(cls) if isinstance(cls, str) else cls)()
django_ratelimit.exceptions.Ratelimited
WARNING 2026-04-07 15:50:38 log 16624 9460 Forbidden (Permission denied): /api/auth/login/
Traceback (most recent call last):
  File "C:\Users\majd9\OneDrive\Desktop\tizahab_project1\tizahab-web\.venv\Lib\site-packages\django\core\handlers\exception.py", line 55, in inner
    response = get_response(request)
  File "C:\Users\majd9\OneDrive\Desktop\tizahab_project1\tizahab-web\.venv\Lib\site-packages\django\core\handlers\base.py", line 198, in _get_response
    response = wrapped_callback(request, *callback_args, **callback_kwargs)
  File "C:\Users\majd9\OneDrive\Desktop\tizahab_project1\tizahab-web\.venv\Lib\site-packages\django\views\decorators\csrf.py", line 65, in _view_wrapper
    return view_func(request, *args, **kwargs)
  File "C:\Users\majd9\OneDrive\Desktop\tizahab_project1\tizahab-web\.venv\Lib\site-packages\django\views\generic\base.py", line 106, in view
    return self.dispatch(request, *args, **kwargs)
           ~~~~~~~~~~~~~^^^^^^^^^^^^^^^^^^^^^^^^^^
  File "C:\Users\majd9\OneDrive\Desktop\tizahab_project1\tizahab-web\.venv\Lib\site-packages\django\utils\decorators.py", line 48, in _wrapper
    return bound_method(*args, **kwargs)
  File "C:\Users\majd9\OneDrive\Desktop\tizahab_project1\tizahab-web\.venv\Lib\site-packages\django_ratelimit\decorators.py", line 26, in _wrapped
    raise (import_string(cls) if isinstance(cls, str) else cls)()
django_ratelimit.exceptions.Ratelimited
WARNING 2026-04-07 15:50:39 log 16624 9460 Forbidden (Permission denied): /api/auth/login/
Traceback (most recent call last):
  File "C:\Users\majd9\OneDrive\Desktop\tizahab_project1\tizahab-web\.venv\Lib\site-packages\django\core\handlers\exception.py", line 55, in inner
    response = get_response(request)
  File "C:\Users\majd9\OneDrive\Desktop\tizahab_project1\tizahab-web\.venv\Lib\site-packages\django\core\handlers\base.py", line 198, in _get_response
    response = wrapped_callback(request, *callback_args, **callback_kwargs)
  File "C:\Users\majd9\OneDrive\Desktop\tizahab_project1\tizahab-web\.venv\Lib\site-packages\django\views\decorators\csrf.py", line 65, in _view_wrapper
    return view_func(request, *args, **kwargs)
  File "C:\Users\majd9\OneDrive\Desktop\tizahab_project1\tizahab-web\.venv\Lib\site-packages\django\views\generic\base.py", line 106, in view
    return self.dispatch(request, *args, **kwargs)
           ~~~~~~~~~~~~~^^^^^^^^^^^^^^^^^^^^^^^^^^
  File "C:\Users\majd9\OneDrive\Desktop\tizahab_project1\tizahab-web\.venv\Lib\site-packages\django\utils\decorators.py", line 48, in _wrapper
    return bound_method(*args, **kwargs)
  File "C:\Users\majd9\OneDrive\Desktop\tizahab_project1\tizahab-web\.venv\Lib\site-packages\django_ratelimit\decorators.py", line 26, in _wrapped
    raise (import_string(cls) if isinstance(cls, str) else cls)()
django_ratelimit.exceptions.Ratelimited
WARNING 2026-04-07 15:50:40 log 16624 9460 Forbidden (Permission denied): /api/auth/login/
Traceback (most recent call last):
  File "C:\Users\majd9\OneDrive\Desktop\tizahab_project1\tizahab-web\.venv\Lib\site-packages\django\core\handlers\exception.py", line 55, in inner
    response = get_response(request)
  File "C:\Users\majd9\OneDrive\Desktop\tizahab_project1\tizahab-web\.venv\Lib\site-packages\django\core\handlers\base.py", line 198, in _get_response
    response = wrapped_callback(request, *callback_args, **callback_kwargs)
  File "C:\Users\majd9\OneDrive\Desktop\tizahab_project1\tizahab-web\.venv\Lib\site-packages\django\views\decorators\csrf.py", line 65, in _view_wrapper
    return view_func(request, *args, **kwargs)
  File "C:\Users\majd9\OneDrive\Desktop\tizahab_project1\tizahab-web\.venv\Lib\site-packages\django\views\generic\base.py", line 106, in view
    return self.dispatch(request, *args, **kwargs)
           ~~~~~~~~~~~~~^^^^^^^^^^^^^^^^^^^^^^^^^^
  File "C:\Users\majd9\OneDrive\Desktop\tizahab_project1\tizahab-web\.venv\Lib\site-packages\django\utils\decorators.py", line 48, in _wrapper
    return bound_method(*args, **kwargs)
  File "C:\Users\majd9\OneDrive\Desktop\tizahab_project1\tizahab-web\.venv\Lib\site-packages\django_ratelimit\decorators.py", line 26, in _wrapped
    raise (import_string(cls) if isinstance(cls, str) else cls)()
django_ratelimit.exceptions.Ratelimited
WARNING 2026-04-07 15:50:41 log 16624 9460 Forbidden (Permission denied): /api/auth/login/
Traceback (most recent call last):
  File "C:\Users\majd9\OneDrive\Desktop\tizahab_project1\tizahab-web\.venv\Lib\site-packages\django\core\handlers\exception.py", line 55, in inner
    response = get_response(request)
  File "C:\Users\majd9\OneDrive\Desktop\tizahab_project1\tizahab-web\.venv\Lib\site-packages\django\core\handlers\base.py", line 198, in _get_response
    response = wrapped_callback(request, *callback_args, **callback_kwargs)
  File "C:\Users\majd9\OneDrive\Desktop\tizahab_project1\tizahab-web\.venv\Lib\site-packages\django\views\decorators\csrf.py", line 65, in _view_wrapper
    return view_func(request, *args, **kwargs)
  File "C:\Users\majd9\OneDrive\Desktop\tizahab_project1\tizahab-web\.venv\Lib\site-packages\django\views\generic\base.py", line 106, in view
    return self.dispatch(request, *args, **kwargs)
           ~~~~~~~~~~~~~^^^^^^^^^^^^^^^^^^^^^^^^^^
  File "C:\Users\majd9\OneDrive\Desktop\tizahab_project1\tizahab-web\.venv\Lib\site-packages\django\utils\decorators.py", line 48, in _wrapper
    return bound_method(*args, **kwargs)
  File "C:\Users\majd9\OneDrive\Desktop\tizahab_project1\tizahab-web\.venv\Lib\site-packages\django_ratelimit\decorators.py", line 26, in _wrapped
    raise (import_string(cls) if isinstance(cls, str) else cls)()
django_ratelimit.exceptions.Ratelimited
WARNING 2026-04-07 15:50:42 log 16624 9460 Forbidden (Permission denied): /api/auth/login/
Traceback (most recent call last):
  File "C:\Users\majd9\OneDrive\Desktop\tizahab_project1\tizahab-web\.venv\Lib\site-packages\django\core\handlers\exception.py", line 55, in inner
    response = get_response(request)
  File "C:\Users\majd9\OneDrive\Desktop\tizahab_project1\tizahab-web\.venv\Lib\site-packages\django\core\handlers\base.py", line 198, in _get_response
    response = wrapped_callback(request, *callback_args, **callback_kwargs)
  File "C:\Users\majd9\OneDrive\Desktop\tizahab_project1\tizahab-web\.venv\Lib\site-packages\django\views\decorators\csrf.py", line 65, in _view_wrapper
    return view_func(request, *args, **kwargs)
  File "C:\Users\majd9\OneDrive\Desktop\tizahab_project1\tizahab-web\.venv\Lib\site-packages\django\views\generic\base.py", line 106, in view
    return self.dispatch(request, *args, **kwargs)
           ~~~~~~~~~~~~~^^^^^^^^^^^^^^^^^^^^^^^^^^
  File "C:\Users\majd9\OneDrive\Desktop\tizahab_project1\tizahab-web\.venv\Lib\site-packages\django\utils\decorators.py", line 48, in _wrapper
    return bound_method(*args, **kwargs)
  File "C:\Users\majd9\OneDrive\Desktop\tizahab_project1\tizahab-web\.venv\Lib\site-packages\django_ratelimit\decorators.py", line 26, in _wrapped
    raise (import_string(cls) if isinstance(cls, str) else cls)()
django_ratelimit.exceptions.Ratelimited
WARNING 2026-04-07 15:51:42 log 12344 11844 Too Many Requests: /api/auth/login/
WARNING 2026-04-07 15:51:43 log 12344 11844 Too Many Requests: /api/auth/ui/forgot-password/
WARNING 2026-04-07 15:51:44 log 13716 16304 Bad Request: /api/auth/login/
WARNING 2026-04-07 15:51:45 log 12344 11844 Too Many Requests: /api/auth/signup/
WARNING 2026-04-07 15:51:46 log 13716 16304 Bad Request: /api/auth/login/
WARNING 2026-04-07 15:51:48 log 13716 16304 Bad Request: /api/auth/signup/
WARNING 2026-04-07 15:51:48 log 13716 16304 Bad Request: /api/auth/signup/
WARNING 2026-04-07 15:51:48 log 13716 16304 Bad Request: /api/auth/signup/
WARNING 2026-04-07 15:51:55 log 13716 16304 Bad Request: /api/events/favorites/
WARNING 2026-04-07 15:52:09 log 13716 16304 Not Found: /api/events/favorites/1/
WARNING 2026-04-07 15:52:13 log 13716 16304 Unauthorized: /api/events/favorites/
WARNING 2026-04-07 15:52:19 views 13716 16304 Invalid date format from user 1: 15/06/2026
WARNING 2026-04-07 15:52:19 log 13716 16304 Bad Request: /api/daily-plan/generate/
WARNING 2026-04-07 15:52:22 log 13716 16304 Bad Request: /api/daily-plan/generate/
WARNING 2026-04-07 15:52:25 log 13716 16304 Not Found: /api/daily-plan/generate/
WARNING 2026-04-07 15:52:27 log 13716 16304 Bad Request: /api/daily-plan/generate/
WARNING 2026-04-07 15:52:30 log 13716 16304 Unauthorized: /api/daily-plan/generate/
INFO 2026-04-07 15:52:32 views 13716 16304 Daily plan created for user 1 on 2026-04-08
INFO 2026-04-07 15:52:35 views 13716 16304 Daily plan created for user 1 on 2026-04-08
INFO 2026-04-07 15:52:35 views 13716 16304 Daily plan updated for user 1 on 2026-04-08
WARNING 2026-04-07 15:52:38 log 13716 16304 Bad Request: /api/daily-plan/generate/
INFO 2026-04-07 15:57:25 autoreload 12024 10804 Watching for file changes with StatReloader
INFO 2026-04-07 15:57:29 log 12024 19376 "GET / HTTP/1.1" 200 21143
WARNING 2026-04-07 15:57:30 log 12024 19376 Not Found: /favicon.ico
WARNING 2026-04-07 15:57:30 log 12024 19376 "GET /favicon.ico HTTP/1.1" 404 5155
INFO 2026-04-07 15:57:32 log 12024 19376 "GET /login/ HTTP/1.1" 200 5259
WARNING 2026-04-07 15:57:39 log 12024 19376 Bad Request: /api/auth/login/
WARNING 2026-04-07 15:57:39 log 12024 19376 "POST /api/auth/login/ HTTP/1.1" 400 51
INFO 2026-04-07 15:57:41 log 12024 19376 "GET /api/auth/ui/forgot-password/ HTTP/1.1" 200 2988
INFO 2026-04-07 15:57:41 log 12024 19376 "GET /static/images/logo.png HTTP/1.1" 200 70
INFO 2026-04-07 15:57:48 log 12024 19376 "POST /api/auth/ui/forgot-password/ HTTP/1.1" 200 3099
INFO 2026-04-07 15:57:52 log 12024 19376 "GET / HTTP/1.1" 200 21143
INFO 2026-04-07 15:57:54 log 12024 19376 "GET /login/ HTTP/1.1" 200 5259
INFO 2026-04-07 15:58:06 log 12024 19376 "POST /api/auth/login/ HTTP/1.1" 200 491
INFO 2026-04-07 15:58:06 log 12024 19376 "GET /admin-panel/ HTTP/1.1" 200 7706
INFO 2026-04-07 15:58:06 log 12024 20120 "GET /api/auth/admin/users/ HTTP/1.1" 200 1730
INFO 2026-04-07 15:58:06 log 12024 19376 "GET /api/events/admin/events/ HTTP/1.1" 200 20647
WARNING 2026-04-07 15:58:22 log 12024 19376 Method Not Allowed (GET): /logout/
WARNING 2026-04-07 15:58:22 log 12024 19376 "GET /logout/ HTTP/1.1" 405 0
WARNING 2026-04-07 15:58:25 log 12024 19376 Method Not Allowed (GET): /logout/
WARNING 2026-04-07 15:58:25 log 12024 19376 "GET /logout/ HTTP/1.1" 405 0
WARNING 2026-04-07 15:58:37 log 12024 19376 Method Not Allowed (GET): /logout/
WARNING 2026-04-07 15:58:37 log 12024 19376 "GET /logout/ HTTP/1.1" 405 0
INFO 2026-04-07 15:58:56 log 12024 19376 "POST /api/auth/login/ HTTP/1.1" 200 491
INFO 2026-04-07 15:58:56 log 12024 19376 "GET /home/ HTTP/1.1" 200 18247
INFO 2026-04-07 15:58:56 log 12024 19376 "GET /api/auth/me/ HTTP/1.1" 200 178
INFO 2026-04-07 15:58:56 log 12024 21952 "GET /api/events/ HTTP/1.1" 200 20634
INFO 2026-04-07 15:58:56 log 12024 21960 "GET /api/daily-plan/ HTTP/1.1" 200 3643
INFO 2026-04-07 15:58:56 log 12024 21956 "GET /api/events/filtered/ HTTP/1.1" 200 18665
INFO 2026-04-07 15:58:59 log 12024 21956 "GET /profile/ HTTP/1.1" 200 26385
INFO 2026-04-07 15:58:59 log 12024 20120 "POST /api/auth/login/ HTTP/1.1" 200 491
INFO 2026-04-07 15:58:59 log 12024 21952 "GET /api/events/favorites/ HTTP/1.1" 200 2
INFO 2026-04-07 15:58:59 log 12024 20120 "GET /api/auth/me/ HTTP/1.1" 200 178
INFO 2026-04-07 15:58:59 log 12024 21956 "GET /api/auth/preferences/ HTTP/1.1" 200 139
INFO 2026-04-07 15:58:59 log 12024 19376 "GET /api/auth/me/ HTTP/1.1" 200 178
INFO 2026-04-07 15:58:59 log 12024 21960 "GET /api/daily-plan/ HTTP/1.1" 200 3643
INFO 2026-04-07 15:59:01 log 12024 21960 "GET /api/auth/ui/preferences/ HTTP/1.1" 200 22399
INFO 2026-04-07 15:59:02 log 12024 21960 "GET /api/auth/preferences/ HTTP/1.1" 200 139
INFO 2026-04-07 15:59:09 log 12024 21960 "POST /api/auth/preferences/ HTTP/1.1" 200 146
INFO 2026-04-07 15:59:10 log 12024 21960 "GET /home/ HTTP/1.1" 200 18247
INFO 2026-04-07 15:59:11 log 12024 21960 "GET /api/auth/me/ HTTP/1.1" 200 185
INFO 2026-04-07 15:59:11 log 12024 20120 "GET /api/daily-plan/ HTTP/1.1" 200 3643
INFO 2026-04-07 15:59:11 log 12024 19376 "GET /api/events/ HTTP/1.1" 200 20634
INFO 2026-04-07 15:59:11 log 12024 21956 "GET /api/events/filtered/ HTTP/1.1" 200 17951
INFO 2026-04-07 15:59:12 log 12024 21956 "GET /events/page/ HTTP/1.1" 200 20006
INFO 2026-04-07 15:59:13 log 12024 21956 "GET /api/auth/me/ HTTP/1.1" 200 185
INFO 2026-04-07 15:59:13 log 12024 21956 "GET /api/events/favorites/ HTTP/1.1" 200 2
INFO 2026-04-07 15:59:13 log 12024 21956 "GET /api/events/ HTTP/1.1" 200 20634
INFO 2026-04-07 15:59:19 log 12024 21956 "GET /daily-plan/ HTTP/1.1" 200 21219
INFO 2026-04-07 15:59:19 log 12024 21956 "GET /api/auth/me/ HTTP/1.1" 200 185
INFO 2026-04-07 15:59:19 log 12024 19376 "GET /api/daily-plan/ HTTP/1.1" 200 3643
INFO 2026-04-07 15:59:19 log 12024 21956 "GET /api/events/?category=food HTTP/1.1" 200 15232
INFO 2026-04-07 15:59:19 log 12024 20120 "GET /api/events/?category=outdoor HTTP/1.1" 200 10793
INFO 2026-04-07 15:59:19 log 12024 21960 "GET /api/events/ HTTP/1.1" 200 20634
INFO 2026-04-07 15:59:22 views 12024 21960 Daily plan updated for user 10 on 2026-04-07
INFO 2026-04-07 15:59:22 log 12024 21960 "POST /api/daily-plan/generate/ HTTP/1.1" 200 1929
INFO 2026-04-07 15:59:23 views 12024 21960 Daily plan updated for user 10 on 2026-04-07
INFO 2026-04-07 15:59:23 log 12024 21960 "POST /api/daily-plan/generate/ HTTP/1.1" 200 1929
INFO 2026-04-07 15:59:24 views 12024 21960 Daily plan updated for user 10 on 2026-04-07
INFO 2026-04-07 15:59:24 log 12024 21960 "POST /api/daily-plan/generate/ HTTP/1.1" 200 1929
INFO 2026-04-07 15:59:34 log 12024 21960 "GET /map/ HTTP/1.1" 200 23681
INFO 2026-04-07 15:59:35 log 12024 21960 "GET /api/auth/me/ HTTP/1.1" 200 185
INFO 2026-04-07 15:59:36 log 12024 21960 "GET /api/events/ HTTP/1.1" 200 20634
INFO 2026-04-07 15:59:40 log 12024 21960 "GET /daily-plan/ HTTP/1.1" 200 21219
INFO 2026-04-07 15:59:41 log 12024 21960 "GET /api/auth/me/ HTTP/1.1" 200 185
INFO 2026-04-07 15:59:41 log 12024 20120 "GET /api/daily-plan/ HTTP/1.1" 200 3588
INFO 2026-04-07 15:59:41 log 12024 21956 "GET /api/events/?category=outdoor HTTP/1.1" 200 10793
INFO 2026-04-07 15:59:41 log 12024 19376 "GET /api/events/ HTTP/1.1" 200 20634
INFO 2026-04-07 15:59:41 log 12024 21960 "GET /api/events/?category=food HTTP/1.1" 200 15232
INFO 2026-04-07 15:59:55 log 12024 21960 "GET /home/ HTTP/1.1" 200 18247
INFO 2026-04-07 15:59:55 log 12024 21960 "GET /api/auth/me/ HTTP/1.1" 200 185
INFO 2026-04-07 15:59:55 log 12024 21956 "GET /api/events/ HTTP/1.1" 200 20634
INFO 2026-04-07 15:59:55 log 12024 20120 "GET /api/daily-plan/ HTTP/1.1" 200 3588
INFO 2026-04-07 15:59:55 log 12024 19376 "GET /api/events/filtered/ HTTP/1.1" 200 17951
INFO 2026-04-07 16:00:06 log 12024 19376 "GET /events/page/ HTTP/1.1" 200 20006
INFO 2026-04-07 16:00:06 log 12024 19376 "GET /api/auth/me/ HTTP/1.1" 200 185
INFO 2026-04-07 16:00:06 log 12024 19376 "GET /api/events/favorites/ HTTP/1.1" 200 2
INFO 2026-04-07 16:00:06 log 12024 19376 "GET /api/events/ HTTP/1.1" 200 20634
INFO 2026-04-07 16:00:10 log 12024 19376 "GET /settings/ HTTP/1.1" 200 34795
INFO 2026-04-07 16:00:10 log 12024 19376 "GET /api/auth/me/ HTTP/1.1" 200 185
INFO 2026-04-07 16:00:10 log 12024 20120 "GET /api/auth/preferences/ HTTP/1.1" 200 146
WARNING 2026-04-07 16:00:16 log 12024 20120 Method Not Allowed (GET): /logout/
WARNING 2026-04-07 16:00:16 log 12024 20120 "GET /logout/ HTTP/1.1" 405 0
INFO 2026-04-07 16:00:39 log 12024 20120 "GET /login/ HTTP/1.1" 200 5259
INFO 2026-04-07 16:04:53 log 12024 20120 "GET /events/page/ HTTP/1.1" 200 20006
WARNING 2026-04-07 16:04:54 log 12024 20120 Unauthorized: /api/auth/me/
WARNING 2026-04-07 16:04:54 log 12024 20120 "GET /api/auth/me/ HTTP/1.1" 401 58
INFO 2026-04-07 16:04:55 log 12024 20120 "GET /api/events/ HTTP/1.1" 200 20634
INFO 2026-04-07 16:04:55 log 12024 20120 "GET /login/ HTTP/1.1" 200 5259
INFO 2026-04-07 16:04:56 log 12024 20120 "GET /events/page/ HTTP/1.1" 200 20006
WARNING 2026-04-07 16:04:56 log 12024 20120 Unauthorized: /api/auth/me/
WARNING 2026-04-07 16:04:56 log 12024 20120 "GET /api/auth/me/ HTTP/1.1" 401 58
INFO 2026-04-07 16:04:56 log 12024 19376 "GET /login/ HTTP/1.1" 200 5259
INFO 2026-04-07 16:04:56 log 12024 20120 "GET /api/events/ HTTP/1.1" 200 20634
INFO 2026-04-07 16:05:04 log 12024 20120 "GET /events/page/ HTTP/1.1" 200 20006
WARNING 2026-04-07 16:05:05 log 12024 20120 Unauthorized: /api/auth/me/
WARNING 2026-04-07 16:05:05 log 12024 20120 "GET /api/auth/me/ HTTP/1.1" 401 58
INFO 2026-04-07 16:05:05 log 12024 20120 "GET /api/events/ HTTP/1.1" 200 20634
INFO 2026-04-07 16:05:05 log 12024 19376 "GET /login/ HTTP/1.1" 200 5259
INFO 2026-04-07 16:05:06 log 12024 19376 "GET /api/auth/ui/signup/ HTTP/1.1" 200 5908
INFO 2026-04-07 16:05:08 log 12024 19376 "GET /events/page/ HTTP/1.1" 200 20006
WARNING 2026-04-07 16:05:08 log 12024 19376 Unauthorized: /api/auth/me/
WARNING 2026-04-07 16:05:08 log 12024 19376 "GET /api/auth/me/ HTTP/1.1" 401 58
INFO 2026-04-07 16:05:08 log 12024 19376 "GET /api/events/ HTTP/1.1" 200 20634
INFO 2026-04-07 16:05:08 log 12024 19376 "GET /login/ HTTP/1.1" 200 5259
INFO 2026-04-07 16:13:58 log 12024 11632 "GET /events/page/ HTTP/1.1" 200 20006
WARNING 2026-04-07 16:14:00 log 12024 11632 Unauthorized: /api/auth/me/
WARNING 2026-04-07 16:14:00 log 12024 11632 "GET /api/auth/me/ HTTP/1.1" 401 58
INFO 2026-04-07 16:14:00 log 12024 11632 "GET /api/events/ HTTP/1.1" 200 20634
INFO 2026-04-07 16:14:00 log 12024 13976 "GET /login/ HTTP/1.1" 200 5503
INFO 2026-04-07 16:14:03 log 12024 13976 "GET /login/ HTTP/1.1" 200 5503
INFO 2026-04-07 16:14:17 autoreload 22808 24168 Watching for file changes with StatReloader
INFO 2026-04-07 16:14:19 log 22808 22688 "GET / HTTP/1.1" 200 21143
INFO 2026-04-07 16:14:28 log 22808 22688 "GET /signup/ HTTP/1.1" 200 5908
INFO 2026-04-07 16:14:33 log 22808 22688 "GET /daily-plan/ HTTP/1.1" 200 21287
WARNING 2026-04-07 16:14:33 log 22808 22688 Unauthorized: /api/auth/me/
WARNING 2026-04-07 16:14:33 log 22808 22636 Unauthorized: /api/daily-plan/
WARNING 2026-04-07 16:14:33 log 22808 22688 "GET /api/auth/me/ HTTP/1.1" 401 58
WARNING 2026-04-07 16:14:33 log 22808 22636 "GET /api/daily-plan/ HTTP/1.1" 401 58
INFO 2026-04-07 16:14:33 log 22808 22688 "GET /api/events/?category=outdoor HTTP/1.1" 200 10793
INFO 2026-04-07 16:14:33 log 22808 22636 "GET /api/events/?category=food HTTP/1.1" 200 15232
INFO 2026-04-07 16:14:33 log 22808 23016 "GET /api/events/ HTTP/1.1" 200 20634
INFO 2026-04-07 16:14:33 log 22808 25412 "GET /login/ HTTP/1.1" 200 5503
INFO 2026-04-07 16:14:36 log 22808 25412 "GET /events/page/ HTTP/1.1" 200 20006
WARNING 2026-04-07 16:14:37 log 22808 25412 Unauthorized: /api/auth/me/
WARNING 2026-04-07 16:14:37 log 22808 25412 "GET /api/auth/me/ HTTP/1.1" 401 58
INFO 2026-04-07 16:14:37 log 22808 25412 "GET /api/events/ HTTP/1.1" 200 20634
INFO 2026-04-07 16:14:37 log 22808 22636 "GET /login/ HTTP/1.1" 200 5503
INFO 2026-04-07 16:14:42 log 22808 22636 "GET /events/page/ HTTP/1.1" 200 20006
WARNING 2026-04-07 16:14:42 log 22808 22636 Unauthorized: /api/auth/me/
WARNING 2026-04-07 16:14:42 log 22808 22636 "GET /api/auth/me/ HTTP/1.1" 401 58
INFO 2026-04-07 16:14:42 log 22808 22636 "GET /api/events/ HTTP/1.1" 200 20634
INFO 2026-04-07 16:14:42 log 22808 25412 "GET /login/ HTTP/1.1" 200 5503
INFO 2026-04-07 16:14:44 log 22808 25412 "GET /events/page/ HTTP/1.1" 200 20006
WARNING 2026-04-07 16:14:44 log 22808 25412 Unauthorized: /api/auth/me/
WARNING 2026-04-07 16:14:44 log 22808 25412 "GET /api/auth/me/ HTTP/1.1" 401 58
INFO 2026-04-07 16:14:44 log 22808 25412 "GET /api/events/ HTTP/1.1" 200 20634
INFO 2026-04-07 16:14:44 log 22808 25412 "GET /login/ HTTP/1.1" 200 5503
INFO 2026-04-07 16:14:47 log 22808 25412 "GET /api/auth/ui/signup/ HTTP/1.1" 200 5908
INFO 2026-04-07 16:14:49 log 22808 25412 "GET /events/page/ HTTP/1.1" 200 20006
WARNING 2026-04-07 16:14:49 log 22808 25412 Unauthorized: /api/auth/me/
WARNING 2026-04-07 16:14:49 log 22808 25412 "GET /api/auth/me/ HTTP/1.1" 401 58
INFO 2026-04-07 16:14:49 log 22808 25412 "GET /api/events/ HTTP/1.1" 200 20634
INFO 2026-04-07 16:14:49 log 22808 25412 "GET /login/ HTTP/1.1" 200 5503
INFO 2026-04-07 16:15:12 log 22808 25412 "GET /home/ HTTP/1.1" 200 18247
WARNING 2026-04-07 16:15:14 log 22808 25412 Unauthorized: /api/auth/me/
WARNING 2026-04-07 16:15:14 log 22808 25412 "GET /api/auth/me/ HTTP/1.1" 401 58
WARNING 2026-04-07 16:15:14 log 22808 23016 Unauthorized: /api/daily-plan/
WARNING 2026-04-07 16:15:14 log 22808 25412 Unauthorized: /api/events/filtered/
WARNING 2026-04-07 16:15:14 log 22808 25412 "GET /api/events/filtered/ HTTP/1.1" 401 58
WARNING 2026-04-07 16:15:14 log 22808 23016 "GET /api/daily-plan/ HTTP/1.1" 401 58
INFO 2026-04-07 16:15:14 log 22808 22636 "GET /api/events/ HTTP/1.1" 200 20634
INFO 2026-04-07 16:15:14 log 22808 22636 "GET /login/ HTTP/1.1" 200 5503
INFO 2026-04-07 16:15:25 log 22808 22636 "GET / HTTP/1.1" 200 21143
INFO 2026-04-07 16:17:37 log 22808 22636 "GET /login/ HTTP/1.1" 200 5496
INFO 2026-04-07 16:17:38 log 22808 22636 "GET /home/ HTTP/1.1" 200 18247
WARNING 2026-04-07 16:17:39 log 22808 22636 Unauthorized: /api/auth/me/
WARNING 2026-04-07 16:17:39 log 22808 22636 "GET /api/auth/me/ HTTP/1.1" 401 58
WARNING 2026-04-07 16:17:39 log 22808 23016 Unauthorized: /api/events/filtered/
WARNING 2026-04-07 16:17:39 log 22808 22636 Unauthorized: /api/daily-plan/
WARNING 2026-04-07 16:17:39 log 22808 23016 "GET /api/events/filtered/ HTTP/1.1" 401 58
WARNING 2026-04-07 16:17:39 log 22808 22636 "GET /api/daily-plan/ HTTP/1.1" 401 58
INFO 2026-04-07 16:17:39 log 22808 25412 "GET /api/events/ HTTP/1.1" 200 20634
INFO 2026-04-07 16:17:39 log 22808 25412 "GET /login/ HTTP/1.1" 200 5496
INFO 2026-04-07 16:17:40 log 22808 25412 "GET /home/ HTTP/1.1" 200 18247
WARNING 2026-04-07 16:17:41 log 22808 25412 Unauthorized: /api/auth/me/
WARNING 2026-04-07 16:17:41 log 22808 23016 Unauthorized: /api/events/filtered/
WARNING 2026-04-07 16:17:41 log 22808 22688 Unauthorized: /api/daily-plan/
WARNING 2026-04-07 16:17:41 log 22808 22688 "GET /api/daily-plan/ HTTP/1.1" 401 58
WARNING 2026-04-07 16:17:41 log 22808 25412 "GET /api/auth/me/ HTTP/1.1" 401 58
WARNING 2026-04-07 16:17:41 log 22808 23016 "GET /api/events/filtered/ HTTP/1.1" 401 58
INFO 2026-04-07 16:17:41 log 22808 22636 "GET /api/events/ HTTP/1.1" 200 20634
INFO 2026-04-07 16:17:41 log 22808 22636 "GET /login/ HTTP/1.1" 200 5496
INFO 2026-04-07 16:17:41 log 22808 22636 "GET /home/ HTTP/1.1" 200 18247
WARNING 2026-04-07 16:17:42 log 22808 22636 Unauthorized: /api/auth/me/
WARNING 2026-04-07 16:17:42 log 22808 23016 Unauthorized: /api/events/filtered/
WARNING 2026-04-07 16:17:42 log 22808 22688 Unauthorized: /api/daily-plan/
WARNING 2026-04-07 16:17:42 log 22808 22688 "GET /api/daily-plan/ HTTP/1.1" 401 58
WARNING 2026-04-07 16:17:42 log 22808 22636 "GET /api/auth/me/ HTTP/1.1" 401 58
WARNING 2026-04-07 16:17:42 log 22808 23016 "GET /api/events/filtered/ HTTP/1.1" 401 58
INFO 2026-04-07 16:17:42 log 22808 25412 "GET /api/events/ HTTP/1.1" 200 20634
INFO 2026-04-07 16:17:42 log 22808 25412 "GET /login/ HTTP/1.1" 200 5496
INFO 2026-04-07 16:17:44 log 22808 25412 "GET / HTTP/1.1" 200 21143
INFO 2026-04-07 16:17:46 log 22808 25412 "GET /login/ HTTP/1.1" 200 5496
INFO 2026-04-07 16:17:47 log 22808 25412 "GET /api/auth/ui/signup/ HTTP/1.1" 200 5901
INFO 2026-04-07 16:17:48 log 22808 25412 "GET /home/ HTTP/1.1" 200 18247
WARNING 2026-04-07 16:17:49 log 22808 25412 Unauthorized: /api/auth/me/
WARNING 2026-04-07 16:17:49 log 22808 22688 Unauthorized: /api/events/filtered/
WARNING 2026-04-07 16:17:49 log 22808 22636 Unauthorized: /api/daily-plan/
WARNING 2026-04-07 16:17:49 log 22808 22688 "GET /api/events/filtered/ HTTP/1.1" 401 58
WARNING 2026-04-07 16:17:49 log 22808 25412 "GET /api/auth/me/ HTTP/1.1" 401 58
WARNING 2026-04-07 16:17:49 log 22808 22636 "GET /api/daily-plan/ HTTP/1.1" 401 58
INFO 2026-04-07 16:17:49 log 22808 23016 "GET /api/events/ HTTP/1.1" 200 20634
INFO 2026-04-07 16:17:49 log 22808 23016 "GET /login/ HTTP/1.1" 200 5496
INFO 2026-04-07 16:18:08 log 22808 23016 "GET / HTTP/1.1" 200 21143
INFO 2026-04-07 16:22:18 autoreload 14840 8176 Watching for file changes with StatReloader
INFO 2026-04-07 16:22:21 log 14840 23448 "GET / HTTP/1.1" 200 21143
WARNING 2026-04-07 16:22:36 log 14840 23448 Not Found: /indx
WARNING 2026-04-07 16:22:36 log 14840 23448 "GET /indx HTTP/1.1" 404 5291
INFO 2026-04-07 16:22:41 log 14840 23448 "GET /login/ HTTP/1.1" 200 5489
INFO 2026-04-07 16:22:43 log 14840 23448 "GET / HTTP/1.1" 200 21143
INFO 2026-04-07 16:22:45 log 14840 23448 "GET /login/ HTTP/1.1" 200 5489
INFO 2026-04-07 16:22:47 log 14840 23448 "GET / HTTP/1.1" 200 21143
INFO 2026-04-07 16:22:49 log 14840 23448 "GET /login/ HTTP/1.1" 200 5489
INFO 2026-04-07 16:22:50 log 14840 23448 "GET /api/auth/ui/signup/ HTTP/1.1" 200 5894
INFO 2026-04-07 16:22:51 log 14840 23448 "GET / HTTP/1.1" 200 21143
WARNING 2026-04-07 16:25:56 log 2552 12476 Bad Request: /api/auth/login/
WARNING 2026-04-07 16:25:58 log 2552 12476 Bad Request: /api/auth/login/
WARNING 2026-04-07 16:25:59 log 2552 12476 Bad Request: /api/auth/signup/
WARNING 2026-04-07 16:25:59 log 2552 12476 Bad Request: /api/auth/signup/
WARNING 2026-04-07 16:25:59 log 2552 12476 Bad Request: /api/auth/signup/
WARNING 2026-04-07 16:26:07 log 2552 12476 Bad Request: /api/events/favorites/
WARNING 2026-04-07 16:26:21 log 2552 12476 Not Found: /api/events/favorites/1/
WARNING 2026-04-07 16:26:24 log 2552 12476 Unauthorized: /api/events/favorites/
WARNING 2026-04-07 16:26:30 views 2552 12476 Invalid date format from user 1: 15/06/2026
WARNING 2026-04-07 16:26:30 log 2552 12476 Bad Request: /api/daily-plan/generate/
WARNING 2026-04-07 16:26:32 log 2552 12476 Bad Request: /api/daily-plan/generate/
WARNING 2026-04-07 16:26:35 log 2552 12476 Not Found: /api/daily-plan/generate/
WARNING 2026-04-07 16:26:38 log 2552 12476 Bad Request: /api/daily-plan/generate/
WARNING 2026-04-07 16:26:40 log 2552 12476 Unauthorized: /api/daily-plan/generate/
INFO 2026-04-07 16:26:43 views 2552 12476 Daily plan created for user 1 on 2026-04-08
INFO 2026-04-07 16:26:51 views 2552 12476 Daily plan created for user 1 on 2026-04-08
INFO 2026-04-07 16:26:51 views 2552 12476 Daily plan updated for user 1 on 2026-04-08
WARNING 2026-04-07 16:26:59 log 2552 12476 Bad Request: /api/daily-plan/generate/
INFO 2026-04-07 16:28:09 autoreload 13668 8984 Watching for file changes with StatReloader
INFO 2026-04-07 16:28:16 log 13668 22860 "GET / HTTP/1.1" 200 21143
INFO 2026-04-07 16:28:24 log 13668 22860 "GET /login/ HTTP/1.1" 200 5489
WARNING 2026-04-07 16:28:35 log 13668 22860 Bad Request: /api/auth/login/
WARNING 2026-04-07 16:28:35 log 13668 22860 "POST /api/auth/login/ HTTP/1.1" 400 51
WARNING 2026-04-07 16:28:36 log 13668 10776 Bad Request: /api/auth/login/
WARNING 2026-04-07 16:28:36 log 13668 10776 "POST /api/auth/login/ HTTP/1.1" 400 51
WARNING 2026-04-07 16:28:37 log 13668 24476 Bad Request: /api/auth/login/
WARNING 2026-04-07 16:28:37 log 13668 24476 "POST /api/auth/login/ HTTP/1.1" 400 51
INFO 2026-04-07 16:28:47 log 13668 24476 "POST /api/auth/login/ HTTP/1.1" 200 491
INFO 2026-04-07 16:28:47 log 13668 24476 "GET /admin-panel/ HTTP/1.1" 200 7706
INFO 2026-04-07 16:28:47 log 13668 10776 "GET /api/auth/admin/users/ HTTP/1.1" 200 1730
INFO 2026-04-07 16:28:47 log 13668 24476 "GET /api/events/admin/events/ HTTP/1.1" 200 20647
INFO 2026-04-07 16:29:20 log 13668 24476 "GET /api/auth/ui/signup/ HTTP/1.1" 200 5894
INFO 2026-04-07 16:29:22 log 13668 24476 "GET /api/auth/ui/login/ HTTP/1.1" 200 5489
INFO 2026-04-07 16:29:25 log 13668 24476 "GET / HTTP/1.1" 200 21143
INFO 2026-04-07 16:29:28 log 13668 24476 "GET /daily-plan/ HTTP/1.1" 200 21287
INFO 2026-04-07 16:29:29 log 13668 24476 "GET /api/auth/me/ HTTP/1.1" 200 136
INFO 2026-04-07 16:29:29 log 13668 10776 "GET /api/daily-plan/ HTTP/1.1" 200 52
INFO 2026-04-07 16:29:29 log 13668 24476 "GET /api/events/?category=outdoor HTTP/1.1" 200 10793
INFO 2026-04-07 16:29:29 log 13668 10776 "GET /api/events/?category=food HTTP/1.1" 200 15232
INFO 2026-04-07 16:29:29 log 13668 22860 "GET /api/events/ HTTP/1.1" 200 20634
WARNING 2026-04-07 16:29:34 log 13668 22860 Bad Request: /api/daily-plan/generate/
WARNING 2026-04-07 16:29:34 log 13668 22860 "POST /api/daily-plan/generate/ HTTP/1.1" 400 79
INFO 2026-04-07 16:29:39 log 13668 22860 "GET /profile/ HTTP/1.1" 200 26385
INFO 2026-04-07 16:29:40 log 13668 22860 "GET /api/auth/me/ HTTP/1.1" 200 136
INFO 2026-04-07 16:29:40 log 13668 24476 "GET /api/daily-plan/ HTTP/1.1" 200 52
INFO 2026-04-07 16:29:40 log 13668 10776 "GET /api/auth/preferences/ HTTP/1.1" 200 96
INFO 2026-04-07 16:29:40 log 13668 24776 "GET /api/events/favorites/ HTTP/1.1" 200 2
INFO 2026-04-07 16:29:40 log 13668 15076 "GET /api/auth/me/ HTTP/1.1" 200 136
WARNING 2026-04-07 16:29:45 log 13668 15076 Method Not Allowed (GET): /logout/
WARNING 2026-04-07 16:29:45 log 13668 15076 "GET /logout/ HTTP/1.1" 405 0
INFO 2026-04-07 16:31:05 log 13668 15076 "GET /login/ HTTP/1.1" 200 5489
INFO 2026-04-07 16:31:15 log 13668 15076 "POST /api/auth/login/ HTTP/1.1" 200 491
INFO 2026-04-07 16:31:15 log 13668 15076 "GET /home/ HTTP/1.1" 200 18247
INFO 2026-04-07 16:31:16 log 13668 15076 "GET /api/auth/me/ HTTP/1.1" 200 185
INFO 2026-04-07 16:31:16 log 13668 24476 "GET /api/daily-plan/ HTTP/1.1" 200 3588
INFO 2026-04-07 16:31:16 log 13668 24776 "GET /api/events/ HTTP/1.1" 200 20634
INFO 2026-04-07 16:31:16 log 13668 10776 "GET /api/events/filtered/ HTTP/1.1" 200 17951
WARNING 2026-04-07 16:31:19 log 13668 10776 Method Not Allowed (GET): /logout/
WARNING 2026-04-07 16:31:19 log 13668 10776 "GET /logout/ HTTP/1.1" 405 0
INFO 2026-04-07 16:31:23 log 13668 10776 "GET /events/page/ HTTP/1.1" 200 20006
WARNING 2026-04-07 16:31:23 log 13668 10776 Unauthorized: /api/auth/me/
WARNING 2026-04-07 16:31:23 log 13668 10776 "GET /api/auth/me/ HTTP/1.1" 401 58
INFO 2026-04-07 16:31:23 log 13668 10776 "GET /api/events/ HTTP/1.1" 200 20634
INFO 2026-04-07 16:31:23 log 13668 10776 "GET /login/ HTTP/1.1" 200 5489
WARNING 2026-04-07 16:35:38 log 11296 14128 Bad Request: /api/auth/login/
WARNING 2026-04-07 16:35:40 log 11296 14128 Bad Request: /api/auth/login/
WARNING 2026-04-07 16:35:41 log 11296 14128 Bad Request: /api/auth/signup/
WARNING 2026-04-07 16:35:41 log 11296 14128 Bad Request: /api/auth/signup/
WARNING 2026-04-07 16:35:41 log 11296 14128 Bad Request: /api/auth/signup/
WARNING 2026-04-07 16:35:48 log 11296 14128 Bad Request: /api/events/favorites/
WARNING 2026-04-07 16:36:02 log 11296 14128 Not Found: /api/events/favorites/1/
WARNING 2026-04-07 16:36:05 log 11296 14128 Unauthorized: /api/events/favorites/
WARNING 2026-04-07 16:36:12 views 11296 14128 Invalid date format from user 1: 15/06/2026
WARNING 2026-04-07 16:36:12 log 11296 14128 Bad Request: /api/daily-plan/generate/
WARNING 2026-04-07 16:36:14 log 11296 14128 Bad Request: /api/daily-plan/generate/
WARNING 2026-04-07 16:36:17 log 11296 14128 Not Found: /api/daily-plan/generate/
WARNING 2026-04-07 16:36:20 log 11296 14128 Bad Request: /api/daily-plan/generate/
WARNING 2026-04-07 16:36:22 log 11296 14128 Unauthorized: /api/daily-plan/generate/
INFO 2026-04-07 16:36:25 views 11296 14128 Daily plan created for user 1 on 2026-04-08
INFO 2026-04-07 16:36:27 views 11296 14128 Daily plan created for user 1 on 2026-04-08
INFO 2026-04-07 16:36:27 views 11296 14128 Daily plan updated for user 1 on 2026-04-08
WARNING 2026-04-07 16:36:30 log 11296 14128 Bad Request: /api/daily-plan/generate/
INFO 2026-04-07 16:37:37 autoreload 25592 22896 Watching for file changes with StatReloader
INFO 2026-04-07 16:37:40 log 25592 21708 "GET / HTTP/1.1" 200 21143
INFO 2026-04-07 16:37:51 log 25592 21708 "GET /login/ HTTP/1.1" 200 5489
INFO 2026-04-07 16:38:05 log 25592 21708 "POST /api/auth/login/ HTTP/1.1" 200 491
INFO 2026-04-07 16:38:05 log 25592 21708 "GET /home/ HTTP/1.1" 200 18247
INFO 2026-04-07 16:38:06 log 25592 21708 "GET /api/auth/me/ HTTP/1.1" 200 185
INFO 2026-04-07 16:38:06 log 25592 6368 "GET /api/events/ HTTP/1.1" 200 20634
INFO 2026-04-07 16:38:06 log 25592 24532 "GET /api/daily-plan/ HTTP/1.1" 200 3588
INFO 2026-04-07 16:38:06 log 25592 24728 "GET /api/events/filtered/ HTTP/1.1" 200 17951
INFO 2026-04-07 16:38:07 log 25592 24728 "GET /events/page/ HTTP/1.1" 200 20006
INFO 2026-04-07 16:38:08 log 25592 24728 "GET /api/auth/me/ HTTP/1.1" 200 185
INFO 2026-04-07 16:38:08 log 25592 24728 "GET /api/events/favorites/ HTTP/1.1" 200 2
INFO 2026-04-07 16:38:08 log 25592 24728 "GET /api/events/ HTTP/1.1" 200 20634
INFO 2026-04-07 16:38:09 log 25592 24728 "GET /daily-plan/ HTTP/1.1" 200 21287
INFO 2026-04-07 16:38:10 log 25592 24728 "GET /api/auth/me/ HTTP/1.1" 200 185
INFO 2026-04-07 16:38:10 log 25592 6368 "GET /api/daily-plan/ HTTP/1.1" 200 3588
INFO 2026-04-07 16:38:10 log 25592 6368 "GET /api/events/?category=outdoor HTTP/1.1" 200 10793
INFO 2026-04-07 16:38:10 log 25592 24728 "GET /api/events/?category=food HTTP/1.1" 200 15232
INFO 2026-04-07 16:38:10 log 25592 24532 "GET /api/events/ HTTP/1.1" 200 20634
INFO 2026-04-07 16:38:12 views 25592 24532 Daily plan updated for user 10 on 2026-04-07
INFO 2026-04-07 16:38:12 log 25592 24532 "POST /api/daily-plan/generate/ HTTP/1.1" 200 1929
INFO 2026-04-07 16:38:17 log 25592 24532 "GET /map/ HTTP/1.1" 200 23681
INFO 2026-04-07 16:38:17 log 25592 24532 "GET /api/auth/me/ HTTP/1.1" 200 185
INFO 2026-04-07 16:38:17 log 25592 24532 "GET /api/events/ HTTP/1.1" 200 20634
INFO 2026-04-07 16:38:24 log 25592 24532 "GET /home/ HTTP/1.1" 200 18247
INFO 2026-04-07 16:38:25 log 25592 24532 "GET /api/auth/me/ HTTP/1.1" 200 185
INFO 2026-04-07 16:38:25 log 25592 21708 "GET /api/daily-plan/ HTTP/1.1" 200 3588
INFO 2026-04-07 16:38:25 log 25592 24728 "GET /api/events/ HTTP/1.1" 200 20634
INFO 2026-04-07 16:38:25 log 25592 6368 "GET /api/events/filtered/ HTTP/1.1" 200 17951
INFO 2026-04-07 16:38:28 log 25592 6368 "GET /settings/ HTTP/1.1" 200 34795
INFO 2026-04-07 16:38:29 log 25592 24728 "GET /api/auth/preferences/ HTTP/1.1" 200 146
INFO 2026-04-07 16:38:29 log 25592 6368 "GET /api/auth/me/ HTTP/1.1" 200 185
WARNING 2026-04-07 16:38:30 log 25592 6368 Method Not Allowed (GET): /logout/
WARNING 2026-04-07 16:38:30 log 25592 6368 "GET /logout/ HTTP/1.1" 405 0
INFO 2026-04-07 16:38:42 log 25592 6368 "GET /profile/ HTTP/1.1" 200 26385
WARNING 2026-04-07 16:38:42 log 25592 6368 Unauthorized: /api/auth/me/
WARNING 2026-04-07 16:38:42 log 25592 6368 "GET /api/auth/me/ HTTP/1.1" 401 58
INFO 2026-04-07 16:38:42 log 25592 24728 "GET /login/ HTTP/1.1" 200 5489
INFO 2026-04-07 16:38:54 log 25592 24728 "POST /api/auth/login/ HTTP/1.1" 200 491
INFO 2026-04-07 16:38:55 log 25592 24728 "GET /admin-panel/ HTTP/1.1" 200 7706
INFO 2026-04-07 16:38:55 log 25592 24728 "GET /api/events/admin/events/ HTTP/1.1" 200 20647
INFO 2026-04-07 16:38:55 log 25592 21708 "GET /api/auth/admin/users/ HTTP/1.1" 200 1730
INFO 2026-04-07 16:38:59 log 25592 6368 "POST /api/auth/login/ HTTP/1.1" 200 491
INFO 2026-04-08 11:47:22 autoreload 22564 25856 Watching for file changes with StatReloader
INFO 2026-04-08 11:47:44 log 22564 24396 "GET / HTTP/1.1" 200 21143
WARNING 2026-04-08 11:47:46 log 22564 24396 Not Found: /favicon.ico
WARNING 2026-04-08 11:47:46 log 22564 24396 "GET /favicon.ico HTTP/1.1" 404 5312
INFO 2026-04-08 11:47:47 log 22564 24396 "GET /login/ HTTP/1.1" 200 5489
INFO 2026-04-08 11:47:53 log 22564 24396 "POST /api/auth/login/ HTTP/1.1" 200 491
INFO 2026-04-08 11:47:54 log 22564 24396 "GET /home/ HTTP/1.1" 200 18247
INFO 2026-04-08 11:47:54 log 22564 24396 "GET /static/js/home.js HTTP/1.1" 304 0
INFO 2026-04-08 11:47:54 log 22564 24396 "GET /static/js/api.js HTTP/1.1" 200 5387
INFO 2026-04-08 11:47:54 log 22564 24396 "GET /api/auth/me/ HTTP/1.1" 200 185
INFO 2026-04-08 11:47:54 log 22564 13812 "GET /api/daily-plan/ HTTP/1.1" 200 3588
INFO 2026-04-08 11:47:54 log 22564 1628 "GET /api/events/filtered/ HTTP/1.1" 200 17951
INFO 2026-04-08 11:47:54 log 22564 25552 "GET /api/events/ HTTP/1.1" 200 20634
INFO 2026-04-08 11:47:56 log 22564 25552 "GET /daily-plan/ HTTP/1.1" 200 21287
INFO 2026-04-08 11:47:56 log 22564 25552 "GET /static/js/map.js HTTP/1.1" 304 0
INFO 2026-04-08 11:47:56 log 22564 1628 "GET /static/js/daily_plan_integration.js?v=99 HTTP/1.1" 200 18113
INFO 2026-04-08 11:47:56 log 22564 1628 "GET /api/auth/me/ HTTP/1.1" 200 185
INFO 2026-04-08 11:47:56 log 22564 25552 "GET /api/daily-plan/ HTTP/1.1" 200 3588
INFO 2026-04-08 11:47:56 log 22564 1628 "GET /api/events/?category=outdoor HTTP/1.1" 200 10793
INFO 2026-04-08 11:47:56 log 22564 13812 "GET /api/events/ HTTP/1.1" 200 20634
INFO 2026-04-08 11:47:56 log 22564 25552 "GET /api/events/?category=food HTTP/1.1" 200 15232
INFO 2026-04-08 11:48:25 views 22564 13812 Daily plan created for user 10 on 2026-04-08
INFO 2026-04-08 11:48:25 log 22564 13812 "POST /api/daily-plan/generate/ HTTP/1.1" 201 1891
INFO 2026-04-08 11:48:27 views 22564 13812 Daily plan updated for user 10 on 2026-04-08
INFO 2026-04-08 11:48:27 log 22564 13812 "POST /api/daily-plan/generate/ HTTP/1.1" 200 1891
INFO 2026-04-08 11:48:27 views 22564 13812 Daily plan updated for user 10 on 2026-04-08
INFO 2026-04-08 11:48:27 log 22564 13812 "POST /api/daily-plan/generate/ HTTP/1.1" 200 1891
INFO 2026-04-08 11:48:30 log 22564 13812 "GET /daily-plan/ HTTP/1.1" 200 21287
INFO 2026-04-08 11:48:30 log 22564 13812 "GET /api/auth/me/ HTTP/1.1" 200 185
INFO 2026-04-08 11:48:30 log 22564 25552 "GET /api/daily-plan/ HTTP/1.1" 200 5513
INFO 2026-04-08 11:48:30 log 22564 1628 "GET /api/events/?category=food HTTP/1.1" 200 15232
INFO 2026-04-08 11:48:30 log 22564 24396 "GET /api/events/?category=outdoor HTTP/1.1" 200 10793
INFO 2026-04-08 11:48:30 log 22564 12252 "GET /api/events/ HTTP/1.1" 200 20634
INFO 2026-04-08 11:48:34 views 22564 12252 Daily plan updated for user 10 on 2026-04-08
INFO 2026-04-08 11:48:34 log 22564 12252 "POST /api/daily-plan/generate/ HTTP/1.1" 200 1891
INFO 2026-04-08 11:48:54 log 22564 12252 "GET /events/page/ HTTP/1.1" 200 20006
INFO 2026-04-08 11:48:54 log 22564 12252 "GET /static/js/events.js HTTP/1.1" 200 28985
INFO 2026-04-08 11:48:54 log 22564 12252 "GET /api/auth/me/ HTTP/1.1" 200 185
INFO 2026-04-08 11:48:54 log 22564 12252 "GET /api/events/favorites/ HTTP/1.1" 200 2
INFO 2026-04-08 11:48:54 log 22564 12252 "GET /api/events/ HTTP/1.1" 200 20634
INFO 2026-04-08 11:58:19 log 22564 22888 "GET /profile/ HTTP/1.1" 200 26385
INFO 2026-04-08 11:58:20 log 22564 22888 "GET /api/auth/me/ HTTP/1.1" 200 185
INFO 2026-04-08 11:58:20 log 22564 21116 "GET /api/events/favorites/ HTTP/1.1" 200 2
INFO 2026-04-08 11:58:20 log 22564 2480 "GET /api/daily-plan/ HTTP/1.1" 200 5513
INFO 2026-04-08 11:58:20 log 22564 15444 "GET /api/auth/me/ HTTP/1.1" 200 185
INFO 2026-04-08 11:58:20 log 22564 17160 "GET /api/auth/preferences/ HTTP/1.1" 200 146
WARNING 2026-04-08 11:58:21 log 22564 17160 Method Not Allowed (GET): /logout/
WARNING 2026-04-08 11:58:21 log 22564 17160 "GET /logout/ HTTP/1.1" 405 0
INFO 2026-04-08 12:00:06 log 22564 17160 "GET /login/?next=%2Fprofile%2F HTTP/1.1" 200 5489
INFO 2026-04-08 12:00:22 log 22564 17160 "POST /api/auth/login/ HTTP/1.1" 200 491
INFO 2026-04-08 12:00:22 log 22564 17160 "GET /profile/ HTTP/1.1" 200 26385
INFO 2026-04-08 12:00:22 log 22564 2480 "GET /api/auth/preferences/ HTTP/1.1" 200 146
INFO 2026-04-08 12:00:22 log 22564 17160 "GET /api/auth/me/ HTTP/1.1" 200 185
INFO 2026-04-08 12:00:22 log 22564 22888 "GET /api/events/favorites/ HTTP/1.1" 200 2
INFO 2026-04-08 12:00:22 log 22564 2480 "GET /api/auth/me/ HTTP/1.1" 200 185
INFO 2026-04-08 12:00:22 log 22564 21116 "GET /api/daily-plan/ HTTP/1.1" 200 5513
INFO 2026-04-08 12:00:24 log 22564 21116 "GET /home/ HTTP/1.1" 200 18247
INFO 2026-04-08 12:00:24 log 22564 21116 "GET /api/auth/me/ HTTP/1.1" 200 185
INFO 2026-04-08 12:00:24 log 22564 2480 "GET /api/events/ HTTP/1.1" 200 20634
INFO 2026-04-08 12:00:24 log 22564 17160 "GET /api/daily-plan/ HTTP/1.1" 200 5513
INFO 2026-04-08 12:00:24 log 22564 22888 "GET /api/events/filtered/ HTTP/1.1" 200 17951
INFO 2026-04-08 12:00:26 log 22564 15444 "POST /api/auth/login/ HTTP/1.1" 200 491
INFO 2026-04-08 12:00:54 log 22564 15444 "GET /daily-plan/ HTTP/1.1" 200 21287
INFO 2026-04-08 12:00:54 log 22564 15444 "GET /api/auth/me/ HTTP/1.1" 200 185
INFO 2026-04-08 12:00:54 log 22564 22888 "GET /api/daily-plan/ HTTP/1.1" 200 5513
INFO 2026-04-08 12:00:54 log 22564 22888 "GET /api/events/?category=outdoor HTTP/1.1" 200 10793
INFO 2026-04-08 12:00:54 log 22564 15444 "GET /api/events/?category=food HTTP/1.1" 200 15232
INFO 2026-04-08 12:00:54 log 22564 17160 "GET /api/events/ HTTP/1.1" 200 20634
INFO 2026-04-08 12:00:56 log 22564 17160 "GET /home/ HTTP/1.1" 200 18247
INFO 2026-04-08 12:00:56 log 22564 2480 "GET /api/daily-plan/ HTTP/1.1" 200 5513
INFO 2026-04-08 12:00:56 log 22564 17160 "GET /api/auth/me/ HTTP/1.1" 200 185
INFO 2026-04-08 12:00:56 log 22564 15444 "GET /api/events/ HTTP/1.1" 200 20634
INFO 2026-04-08 12:00:56 log 22564 22888 "GET /api/events/filtered/ HTTP/1.1" 200 17951
INFO 2026-04-08 12:00:58 log 22564 22888 "GET /events/page/ HTTP/1.1" 200 20006
INFO 2026-04-08 12:00:58 log 22564 22888 "GET /api/auth/me/ HTTP/1.1" 200 185
INFO 2026-04-08 12:00:58 log 22564 22888 "GET /api/events/favorites/ HTTP/1.1" 200 2
INFO 2026-04-08 12:00:59 log 22564 22888 "GET /api/events/ HTTP/1.1" 200 20634
INFO 2026-04-08 12:01:01 log 22564 22888 "GET /daily-plan/ HTTP/1.1" 200 21287
INFO 2026-04-08 12:01:01 log 22564 22888 "GET /api/auth/me/ HTTP/1.1" 200 185
INFO 2026-04-08 12:01:01 log 22564 2480 "GET /api/events/ HTTP/1.1" 200 20634
INFO 2026-04-08 12:01:01 log 22564 15444 "GET /api/daily-plan/ HTTP/1.1" 200 5513
INFO 2026-04-08 12:01:01 log 22564 22888 "GET /api/events/?category=food HTTP/1.1" 200 15232
INFO 2026-04-08 12:01:01 log 22564 17160 "GET /api/events/?category=outdoor HTTP/1.1" 200 10793
INFO 2026-04-08 12:01:03 views 22564 17160 Daily plan updated for user 10 on 2026-04-08
INFO 2026-04-08 12:01:03 log 22564 17160 "POST /api/daily-plan/generate/ HTTP/1.1" 200 1891
INFO 2026-04-08 12:01:06 views 22564 17160 Daily plan updated for user 10 on 2026-04-08
INFO 2026-04-08 12:01:06 log 22564 17160 "POST /api/daily-plan/generate/ HTTP/1.1" 200 1891
INFO 2026-04-08 12:01:07 views 22564 17160 Daily plan updated for user 10 on 2026-04-08
INFO 2026-04-08 12:01:07 log 22564 17160 "POST /api/daily-plan/generate/ HTTP/1.1" 200 1891
INFO 2026-04-08 12:02:40 log 22564 6592 "GET /home/ HTTP/1.1" 200 18247
INFO 2026-04-08 12:02:40 log 22564 6592 "GET /api/auth/me/ HTTP/1.1" 200 185
INFO 2026-04-08 12:02:40 log 22564 4868 "GET /api/events/ HTTP/1.1" 200 20634
INFO 2026-04-08 12:02:40 log 22564 24764 "GET /api/daily-plan/ HTTP/1.1" 200 5513
INFO 2026-04-08 12:02:41 log 22564 23016 "GET /api/events/filtered/ HTTP/1.1" 200 17951
INFO 2026-04-08 12:02:48 log 22564 23016 "GET /events/page/ HTTP/1.1" 200 20006
INFO 2026-04-08 12:02:48 log 22564 23016 "GET /api/auth/me/ HTTP/1.1" 200 185
INFO 2026-04-08 12:02:49 log 22564 23016 "GET /api/events/favorites/ HTTP/1.1" 200 2
INFO 2026-04-08 12:02:49 log 22564 23016 "GET /api/events/ HTTP/1.1" 200 20634
INFO 2026-04-08 12:03:23 log 22564 23016 "GET /api/events/?page=2 HTTP/1.1" 200 19317
INFO 2026-04-08 12:03:31 log 22564 23016 "GET /map/ HTTP/1.1" 200 23681
INFO 2026-04-08 12:03:32 log 22564 23016 "GET /api/auth/me/ HTTP/1.1" 200 185
INFO 2026-04-08 12:03:32 log 22564 23016 "GET /api/events/ HTTP/1.1" 200 20634
INFO 2026-04-08 12:03:40 log 22564 23016 "GET /api/events/?page=2 HTTP/1.1" 200 19317
INFO 2026-04-08 12:03:41 log 22564 23016 "GET /api/events/?page=3 HTTP/1.1" 200 18687
INFO 2026-04-08 12:03:42 log 22564 23016 "GET /api/events/?page=4 HTTP/1.1" 200 19502
INFO 2026-04-08 12:03:43 log 22564 23016 "GET /api/events/?page=5 HTTP/1.1" 200 18976
INFO 2026-04-08 12:03:43 log 22564 23016 "GET /api/events/?page=6 HTTP/1.1" 200 19328
INFO 2026-04-08 12:03:59 log 22564 23016 "GET /profile/ HTTP/1.1" 200 26385
INFO 2026-04-08 12:03:59 log 22564 23016 "GET /api/auth/me/ HTTP/1.1" 200 185
INFO 2026-04-08 12:03:59 log 22564 6592 "GET /api/events/favorites/ HTTP/1.1" 200 2
INFO 2026-04-08 12:03:59 log 22564 24764 "GET /api/auth/preferences/ HTTP/1.1" 200 146
INFO 2026-04-08 12:03:59 log 22564 4868 "GET /api/daily-plan/ HTTP/1.1" 200 5513
INFO 2026-04-08 12:03:59 log 22564 28344 "GET /api/auth/me/ HTTP/1.1" 200 185
INFO 2026-04-08 12:04:04 log 22564 4868 "GET /settings/ HTTP/1.1" 200 34795
INFO 2026-04-08 12:04:05 log 22564 4868 "GET /api/auth/me/ HTTP/1.1" 200 185
INFO 2026-04-08 12:04:05 log 22564 28344 "GET /api/auth/preferences/ HTTP/1.1" 200 146
WARNING 2026-04-08 12:04:09 log 22564 4868 Method Not Allowed (GET): /logout/
WARNING 2026-04-08 12:04:09 log 22564 4868 "GET /logout/ HTTP/1.1" 405 0
INFO 2026-04-08 12:04:14 log 22564 4868 "GET /profile/ HTTP/1.1" 200 26385
WARNING 2026-04-08 12:04:15 log 22564 4868 Unauthorized: /api/auth/me/
WARNING 2026-04-08 12:04:15 log 22564 4868 "GET /api/auth/me/ HTTP/1.1" 401 58
INFO 2026-04-08 12:04:15 log 22564 28344 "GET /login/?next=%2Fprofile%2F HTTP/1.1" 200 5489
INFO 2026-04-08 12:04:18 log 22564 28344 "GET / HTTP/1.1" 200 21143
INFO 2026-04-08 12:04:30 log 22564 28344 "POST /api/auth/login/ HTTP/1.1" 200 491
INFO 2026-04-08 12:04:30 log 22564 28344 "GET /profile/ HTTP/1.1" 200 26385
INFO 2026-04-08 12:04:30 log 22564 28344 "GET /api/auth/me/ HTTP/1.1" 200 185
INFO 2026-04-08 12:04:30 log 22564 28344 "GET /api/auth/me/ HTTP/1.1" 200 185
INFO 2026-04-08 12:04:30 log 22564 6592 "GET /api/daily-plan/ HTTP/1.1" 200 5513
INFO 2026-04-08 12:04:30 log 22564 24764 "GET /api/auth/preferences/ HTTP/1.1" 200 146
INFO 2026-04-08 12:04:30 log 22564 23016 "GET /api/events/favorites/ HTTP/1.1" 200 2
INFO 2026-04-08 12:04:32 log 22564 23016 "GET /profile/ HTTP/1.1" 200 26385
INFO 2026-04-08 12:04:32 log 22564 28344 "GET /api/events/favorites/ HTTP/1.1" 200 2
INFO 2026-04-08 12:04:32 log 22564 23016 "GET /api/auth/me/ HTTP/1.1" 200 185
INFO 2026-04-08 12:04:32 log 22564 24764 "GET /api/auth/preferences/ HTTP/1.1" 200 146
INFO 2026-04-08 12:04:32 log 22564 6592 "GET /api/daily-plan/ HTTP/1.1" 200 5513
INFO 2026-04-08 12:04:32 log 22564 28292 "GET /api/auth/me/ HTTP/1.1" 200 185
INFO 2026-04-08 12:04:35 log 22564 4868 "POST /api/auth/login/ HTTP/1.1" 200 491
WARNING 2026-04-08 12:04:37 log 22564 4868 Method Not Allowed (GET): /logout/
WARNING 2026-04-08 12:04:37 log 22564 4868 "GET /logout/ HTTP/1.1" 405 0
INFO 2026-04-08 12:04:40 log 22564 4868 "GET /profile/ HTTP/1.1" 200 26385
INFO 2026-04-08 12:04:41 log 22564 4868 "GET /api/auth/me/ HTTP/1.1" 200 185
INFO 2026-04-08 12:04:41 log 22564 28344 "GET /api/auth/me/ HTTP/1.1" 200 185
INFO 2026-04-08 12:04:41 log 22564 28292 "GET /api/auth/preferences/ HTTP/1.1" 200 146
INFO 2026-04-08 12:04:41 log 22564 6592 "GET /api/events/favorites/ HTTP/1.1" 200 2
INFO 2026-04-08 12:04:41 log 22564 24764 "GET /api/daily-plan/ HTTP/1.1" 200 5513
INFO 2026-04-08 12:04:46 log 22564 24764 "GET /profile/ HTTP/1.1" 200 26385
INFO 2026-04-08 12:04:46 log 22564 24764 "GET /api/auth/me/ HTTP/1.1" 200 185
INFO 2026-04-08 12:04:46 log 22564 6592 "GET /api/auth/preferences/ HTTP/1.1" 200 146
INFO 2026-04-08 12:04:46 log 22564 28292 "GET /api/events/favorites/ HTTP/1.1" 200 2
INFO 2026-04-08 12:04:46 log 22564 4868 "GET /api/auth/me/ HTTP/1.1" 200 185
INFO 2026-04-08 12:04:46 log 22564 28344 "GET /api/daily-plan/ HTTP/1.1" 200 5513
WARNING 2026-04-08 12:04:48 log 22564 28344 Method Not Allowed (GET): /logout/
WARNING 2026-04-08 12:04:48 log 22564 28344 "GET /logout/ HTTP/1.1" 405 0
INFO 2026-04-08 12:04:52 log 22564 28344 "GET /home/ HTTP/1.1" 200 18247
INFO 2026-04-08 12:04:52 log 22564 28344 "GET /daily-plan/ HTTP/1.1" 200 21287
INFO 2026-04-08 12:04:57 log 22564 28344 "GET /login/?next=%2Fprofile%2F HTTP/1.1" 200 5489
INFO 2026-04-08 12:05:07 log 22564 28344 "POST /api/auth/login/ HTTP/1.1" 200 491
INFO 2026-04-08 12:05:07 log 22564 28344 "GET /profile/ HTTP/1.1" 200 26385
INFO 2026-04-08 12:05:08 log 22564 28344 "GET /api/auth/me/ HTTP/1.1" 200 136
INFO 2026-04-08 12:05:08 log 22564 28292 "GET /api/auth/me/ HTTP/1.1" 200 136
INFO 2026-04-08 12:05:08 log 22564 6592 "GET /api/daily-plan/ HTTP/1.1" 200 52
INFO 2026-04-08 12:05:08 log 22564 4868 "GET /api/auth/preferences/ HTTP/1.1" 200 96
INFO 2026-04-08 12:05:08 log 22564 24764 "GET /api/events/favorites/ HTTP/1.1" 200 2
INFO 2026-04-08 12:05:11 log 22564 24764 "GET /home/ HTTP/1.1" 200 18247
INFO 2026-04-08 12:05:11 log 22564 24764 "GET /api/auth/me/ HTTP/1.1" 200 136
INFO 2026-04-08 12:05:11 log 22564 28292 "GET /api/daily-plan/ HTTP/1.1" 200 52
INFO 2026-04-08 12:05:11 log 22564 4868 "GET /api/events/ HTTP/1.1" 200 20634
INFO 2026-04-08 12:05:11 log 22564 6592 "GET /api/events/filtered/ HTTP/1.1" 200 20643
INFO 2026-04-08 12:05:15 log 22564 4868 "GET /profile/ HTTP/1.1" 200 26385
INFO 2026-04-08 12:05:15 log 22564 24764 "GET /api/events/favorites/ HTTP/1.1" 200 2
INFO 2026-04-08 12:05:15 log 22564 28292 "GET /api/daily-plan/ HTTP/1.1" 200 52
INFO 2026-04-08 12:05:15 log 22564 6592 "GET /api/auth/preferences/ HTTP/1.1" 200 96
INFO 2026-04-08 12:05:15 log 22564 4868 "GET /api/auth/me/ HTTP/1.1" 200 136
INFO 2026-04-08 12:05:15 log 22564 24764 "GET /api/auth/me/ HTTP/1.1" 200 136
WARNING 2026-04-08 12:05:23 log 22564 24764 Method Not Allowed (GET): /logout/
WARNING 2026-04-08 12:05:23 log 22564 24764 "GET /logout/ HTTP/1.1" 405 0
WARNING 2026-04-08 12:05:24 log 22564 24764 Method Not Allowed (GET): /logout/
WARNING 2026-04-08 12:05:24 log 22564 24764 "GET /logout/ HTTP/1.1" 405 0
INFO 2026-04-08 12:05:26 log 22564 24764 "GET /daily-plan/ HTTP/1.1" 200 21287
INFO 2026-04-08 12:05:28 log 22564 24764 "GET /login/ HTTP/1.1" 200 5489
INFO 2026-04-08 12:05:31 log 22564 24764 "GET /login/ HTTP/1.1" 200 5489
INFO 2026-04-08 12:05:45 log 22564 24764 "POST /api/auth/login/ HTTP/1.1" 200 491
INFO 2026-04-08 12:05:46 log 22564 24764 "GET /admin-panel/ HTTP/1.1" 200 7706
INFO 2026-04-08 12:05:46 log 22564 28292 "GET /api/auth/admin/users/ HTTP/1.1" 200 1730
INFO 2026-04-08 12:05:46 log 22564 24764 "GET /api/events/admin/events/ HTTP/1.1" 200 20647
INFO 2026-04-08 12:05:49 log 22564 4868 "POST /api/auth/login/ HTTP/1.1" 200 491
INFO 2026-04-08 12:06:15 log 22564 4868 "DELETE /api/auth/admin/users/6/ HTTP/1.1" 204 0
INFO 2026-04-08 12:06:15 log 22564 4868 "GET /api/auth/admin/users/ HTTP/1.1" 200 1569
INFO 2026-04-08 12:06:18 log 22564 4868 "DELETE /api/auth/admin/users/5/ HTTP/1.1" 204 0
INFO 2026-04-08 12:06:18 log 22564 4868 "GET /api/auth/admin/users/ HTTP/1.1" 200 1416
INFO 2026-04-08 12:06:22 log 22564 4868 "GET /admin-panel/ HTTP/1.1" 200 7706
INFO 2026-04-08 12:06:22 log 22564 24764 "GET /api/auth/admin/users/ HTTP/1.1" 200 1416
INFO 2026-04-08 12:06:22 log 22564 4868 "GET /api/events/admin/events/ HTTP/1.1" 200 20647
INFO 2026-04-08 12:23:45 autoreload 28392 2072 Watching for file changes with StatReloader
INFO 2026-04-08 12:23:51 log 28392 4600 "GET / HTTP/1.1" 200 21143
INFO 2026-04-08 12:23:56 log 28392 4600 "GET /login/ HTTP/1.1" 200 5489
WARNING 2026-04-08 12:24:05 log 28392 4600 Bad Request: /api/auth/login/
WARNING 2026-04-08 12:24:05 log 28392 4600 "POST /api/auth/login/ HTTP/1.1" 400 51
INFO 2026-04-08 12:24:16 log 28392 4600 "POST /api/auth/login/ HTTP/1.1" 200 491
INFO 2026-04-08 12:24:16 log 28392 4600 "GET /home/ HTTP/1.1" 200 18247
INFO 2026-04-08 12:24:23 log 28392 4600 "GET /api/auth/me/ HTTP/1.1" 200 185
INFO 2026-04-08 12:24:23 log 28392 21612 "GET /api/daily-plan/ HTTP/1.1" 200 5513
INFO 2026-04-08 12:24:23 log 28392 17236 "GET /api/events/ HTTP/1.1" 200 20634
INFO 2026-04-08 12:24:23 log 28392 27788 "GET /api/events/filtered/ HTTP/1.1" 200 17951
INFO 2026-04-08 12:24:26 log 28392 27788 "GET /events/page/ HTTP/1.1" 200 20006
INFO 2026-04-08 12:24:27 log 28392 27788 "GET /api/auth/me/ HTTP/1.1" 200 185
INFO 2026-04-08 12:24:27 log 28392 27788 "GET /api/events/favorites/ HTTP/1.1" 200 2
INFO 2026-04-08 12:24:27 log 28392 27788 "GET /api/events/ HTTP/1.1" 200 20634
INFO 2026-04-08 12:24:44 log 28392 27788 "GET /events/page/9516/ HTTP/1.1" 200 14016
INFO 2026-04-08 12:24:44 log 28392 27788 "GET /api/auth/me/ HTTP/1.1" 200 185
INFO 2026-04-08 12:24:44 log 28392 27788 "GET /api/events/9516/ HTTP/1.1" 200 410
WARNING 2026-04-08 12:28:31 log 20736 27640 Bad Request: /api/auth/login/
WARNING 2026-04-08 12:28:32 log 20736 27640 Bad Request: /api/auth/login/
WARNING 2026-04-08 12:28:34 log 20736 27640 Bad Request: /api/auth/signup/
WARNING 2026-04-08 12:28:34 log 20736 27640 Bad Request: /api/auth/signup/
WARNING 2026-04-08 12:28:34 log 20736 27640 Bad Request: /api/auth/signup/
INFO 2026-04-08 12:29:10 autoreload 24424 24072 Watching for file changes with StatReloader
INFO 2026-04-08 12:29:12 log 24424 8692 "GET / HTTP/1.1" 200 21143
INFO 2026-04-08 12:29:16 log 24424 8692 "GET /login/ HTTP/1.1" 200 5489
INFO 2026-04-08 12:29:28 log 24424 8692 "POST /api/auth/login/ HTTP/1.1" 200 491
INFO 2026-04-08 12:29:28 log 24424 8692 "GET /home/ HTTP/1.1" 200 18154
INFO 2026-04-08 12:29:28 log 24424 8692 "GET /api/auth/me/ HTTP/1.1" 200 185
INFO 2026-04-08 12:29:28 log 24424 24088 "GET /api/events/ HTTP/1.1" 200 20634
INFO 2026-04-08 12:29:28 log 24424 1064 "GET /api/daily-plan/ HTTP/1.1" 200 5513
INFO 2026-04-08 12:29:28 log 24424 23008 "GET /api/events/filtered/ HTTP/1.1" 200 17951
INFO 2026-04-08 12:29:47 log 24424 23008 "GET /settings/ HTTP/1.1" 200 34609
INFO 2026-04-08 12:29:47 log 24424 23008 "GET /api/auth/me/ HTTP/1.1" 200 185
INFO 2026-04-08 12:29:47 log 24424 24088 "GET /api/auth/preferences/ HTTP/1.1" 200 146
WARNING 2026-04-08 12:31:23 log 24424 24088 Not Found: /.well-known/appspecific/com.chrome.devtools.json
WARNING 2026-04-08 12:31:23 log 24424 24088 "GET /.well-known/appspecific/com.chrome.devtools.json HTTP/1.1" 404 5423
INFO 2026-04-08 12:41:00 autoreload 23220 820 Watching for file changes with StatReloader
INFO 2026-04-08 12:41:07 log 23220 27640 "GET / HTTP/1.1" 200 21143
INFO 2026-04-08 12:43:02 log 23220 27640 "GET /login/ HTTP/1.1" 200 5489
INFO 2026-04-08 12:43:22 log 23220 27640 "POST /api/auth/login/ HTTP/1.1" 200 491
INFO 2026-04-08 12:43:22 log 23220 27640 "GET /home/ HTTP/1.1" 200 18154
INFO 2026-04-08 12:43:23 log 23220 27640 "GET /api/auth/me/ HTTP/1.1" 200 185
INFO 2026-04-08 12:43:23 log 23220 27696 "GET /api/events/ HTTP/1.1" 200 20634
INFO 2026-04-08 12:43:23 log 23220 22116 "GET /api/daily-plan/ HTTP/1.1" 200 5513
INFO 2026-04-08 12:43:23 log 23220 26096 "GET /api/events/filtered/ HTTP/1.1" 200 17951
WARNING 2026-04-08 12:43:32 log 23220 26096 Not Found: /.well-known/appspecific/com.chrome.devtools.json
WARNING 2026-04-08 12:43:32 log 23220 26096 "GET /.well-known/appspecific/com.chrome.devtools.json HTTP/1.1" 404 5423
INFO 2026-04-08 12:46:49 autoreload 25404 20400 Watching for file changes with StatReloader
INFO 2026-04-08 12:46:52 log 25404 14704 "GET / HTTP/1.1" 200 21143
INFO 2026-04-08 12:47:06 log 25404 14704 "GET /login/ HTTP/1.1" 200 5489
INFO 2026-04-08 12:47:19 log 25404 14704 "POST /api/auth/login/ HTTP/1.1" 200 491
INFO 2026-04-08 12:47:19 log 25404 14704 "GET /home/ HTTP/1.1" 200 18246
INFO 2026-04-08 12:47:20 log 25404 14704 "GET /api/auth/me/ HTTP/1.1" 200 185
INFO 2026-04-08 12:47:20 log 25404 5064 "GET /api/events/filtered/ HTTP/1.1" 200 17951
INFO 2026-04-08 12:47:20 log 25404 21792 "GET /api/daily-plan/ HTTP/1.1" 200 5513
INFO 2026-04-08 12:47:20 log 25404 23012 "GET /api/events/ HTTP/1.1" 200 20634
INFO 2026-04-08 12:47:21 log 25404 21792 "GET /login/ HTTP/1.1" 200 5489
INFO 2026-04-08 12:47:33 log 25404 21792 "POST /api/auth/login/ HTTP/1.1" 200 491
INFO 2026-04-08 12:47:34 log 25404 21792 "GET /home/ HTTP/1.1" 200 18246
INFO 2026-04-08 12:47:34 log 25404 21792 "GET /api/auth/me/ HTTP/1.1" 200 185
INFO 2026-04-08 12:47:34 log 25404 23012 "GET /api/events/ HTTP/1.1" 200 20634
INFO 2026-04-08 12:47:34 log 25404 21304 "GET /api/daily-plan/ HTTP/1.1" 200 5513
INFO 2026-04-08 12:47:34 log 25404 14704 "GET /api/events/filtered/ HTTP/1.1" 200 17951
INFO 2026-04-08 12:47:37 log 25404 14704 "GET /profile/ HTTP/1.1" 200 26384
INFO 2026-04-08 12:47:38 log 25404 5064 "POST /api/auth/login/ HTTP/1.1" 200 491
INFO 2026-04-08 12:47:38 log 25404 14704 "GET /api/auth/preferences/ HTTP/1.1" 200 146
INFO 2026-04-08 12:47:38 log 25404 5064 "GET /api/auth/me/ HTTP/1.1" 200 185
INFO 2026-04-08 12:47:38 log 25404 23012 "GET /api/events/favorites/ HTTP/1.1" 200 2
INFO 2026-04-08 12:47:38 log 25404 14704 "GET /api/auth/me/ HTTP/1.1" 200 185
INFO 2026-04-08 12:47:38 log 25404 21304 "GET /api/daily-plan/ HTTP/1.1" 200 5513
INFO 2026-04-08 12:47:41 log 25404 21304 "GET /settings/ HTTP/1.1" 200 34794
INFO 2026-04-08 12:47:42 log 25404 21304 "GET /api/auth/me/ HTTP/1.1" 200 185
INFO 2026-04-08 12:47:42 log 25404 14704 "GET /api/auth/preferences/ HTTP/1.1" 200 146
WARNING 2026-04-08 12:47:43 log 25404 14704 Method Not Allowed (GET): /logout/
WARNING 2026-04-08 12:47:43 log 25404 14704 "GET /logout/ HTTP/1.1" 405 0
INFO 2026-04-08 13:43:26 autoreload 28024 28556 Watching for file changes with StatReloader
INFO 2026-04-08 13:43:29 log 28024 27508 "GET / HTTP/1.1" 200 21143
INFO 2026-04-08 13:43:32 log 28024 27508 "GET /login/ HTTP/1.1" 200 5489
INFO 2026-04-08 13:43:47 log 28024 27508 "POST /api/auth/login/ HTTP/1.1" 200 491
INFO 2026-04-08 13:43:47 log 28024 27508 "GET /home/ HTTP/1.1" 200 18246
INFO 2026-04-08 13:43:47 log 28024 27508 "GET /api/auth/me/ HTTP/1.1" 200 185
INFO 2026-04-08 13:43:47 log 28024 13332 "GET /api/daily-plan/ HTTP/1.1" 200 5513
INFO 2026-04-08 13:43:47 log 28024 27296 "GET /api/events/ HTTP/1.1" 200 20634
INFO 2026-04-08 13:43:48 log 28024 21200 "GET /api/events/filtered/ HTTP/1.1" 200 17951
INFO 2026-04-08 13:43:50 log 28024 21200 "GET /daily-plan/ HTTP/1.1" 200 21312
INFO 2026-04-08 13:43:50 log 28024 21200 "GET /api/auth/me/ HTTP/1.1" 200 185
INFO 2026-04-08 13:43:50 log 28024 27296 "GET /api/daily-plan/ HTTP/1.1" 200 5513
INFO 2026-04-08 13:43:50 log 28024 13332 "GET /api/events/ HTTP/1.1" 200 20634
INFO 2026-04-08 13:43:50 log 28024 21200 "GET /api/events/?category=outdoor HTTP/1.1" 200 10793
INFO 2026-04-08 13:43:50 log 28024 27508 "GET /api/events/?category=food HTTP/1.1" 200 15232
INFO 2026-04-08 13:43:53 views 28024 27508 Daily plan updated for user 10 on 2026-04-08
INFO 2026-04-08 13:43:53 log 28024 27508 "POST /api/daily-plan/generate/ HTTP/1.1" 200 1891
INFO 2026-04-08 13:51:48 autoreload 28456 4928 Watching for file changes with StatReloader
INFO 2026-04-08 13:51:51 log 28456 20260 "GET / HTTP/1.1" 200 21143
INFO 2026-04-08 13:51:55 log 28456 20260 "GET /login/ HTTP/1.1" 200 5489
INFO 2026-04-08 13:52:06 log 28456 20260 "POST /api/auth/login/ HTTP/1.1" 200 491
INFO 2026-04-08 13:52:06 log 28456 20260 "GET /home/ HTTP/1.1" 200 18246
INFO 2026-04-08 13:52:07 log 28456 20260 "GET /static/js/api.js HTTP/1.1" 200 5423
INFO 2026-04-08 13:52:07 log 28456 20260 "GET /api/auth/me/ HTTP/1.1" 200 185
INFO 2026-04-08 13:52:07 log 28456 3096 "GET /api/events/ HTTP/1.1" 200 20634
INFO 2026-04-08 13:52:07 log 28456 21896 "GET /api/daily-plan/ HTTP/1.1" 200 5513
INFO 2026-04-08 13:52:07 log 28456 25420 "GET /api/events/filtered/ HTTP/1.1" 200 17951
INFO 2026-04-08 13:52:10 log 28456 25420 "GET /events/page/ HTTP/1.1" 200 20005
INFO 2026-04-08 13:52:10 log 28456 25420 "GET /static/js/events.js HTTP/1.1" 304 0
INFO 2026-04-08 13:52:10 log 28456 25420 "GET /api/auth/me/ HTTP/1.1" 200 185
INFO 2026-04-08 13:52:10 log 28456 21896 "GET /api/events/favorites/ HTTP/1.1" 200 2
INFO 2026-04-08 13:52:10 log 28456 21896 "GET /api/events/ HTTP/1.1" 200 20634
INFO 2026-04-08 13:52:12 log 28456 21896 "GET /daily-plan/ HTTP/1.1" 200 21312
INFO 2026-04-08 13:52:12 log 28456 21896 "GET /static/js/daily_plan_integration.js?v=99 HTTP/1.1" 200 23021
INFO 2026-04-08 13:52:12 log 28456 21896 "GET /api/auth/me/ HTTP/1.1" 200 185
INFO 2026-04-08 13:52:12 log 28456 25420 "GET /api/daily-plan/ HTTP/1.1" 200 5513
INFO 2026-04-08 13:52:12 log 28456 3096 "GET /api/events/?category=outdoor HTTP/1.1" 200 10793
INFO 2026-04-08 13:52:12 log 28456 20260 "GET /api/events/ HTTP/1.1" 200 20634
INFO 2026-04-08 13:52:12 log 28456 21896 "GET /api/events/?category=food HTTP/1.1" 200 15232
INFO 2026-04-08 13:52:12 log 28456 25420 "GET /api/auth/me/ HTTP/1.1" 200 185
INFO 2026-04-08 13:52:15 views 28456 25420 Daily plan updated for user 10 on 2026-04-08
INFO 2026-04-08 13:52:15 log 28456 25420 "POST /api/daily-plan/generate/ HTTP/1.1" 200 1891
INFO 2026-04-08 13:52:32 log 28456 25420 "GET /profile/ HTTP/1.1" 200 26384
INFO 2026-04-08 13:52:33 log 28456 25420 "GET /api/auth/me/ HTTP/1.1" 200 185
INFO 2026-04-08 13:52:33 log 28456 21896 "GET /api/auth/preferences/ HTTP/1.1" 200 146
INFO 2026-04-08 13:52:33 log 28456 3096 "GET /api/events/favorites/ HTTP/1.1" 200 2
INFO 2026-04-08 13:52:33 log 28456 20260 "GET /api/daily-plan/ HTTP/1.1" 200 5513
INFO 2026-04-08 13:52:33 log 28456 2544 "GET /api/auth/me/ HTTP/1.1" 200 185
INFO 2026-04-08 13:52:33 log 28456 2544 "GET /api/auth/ui/preferences/ HTTP/1.1" 200 22399
INFO 2026-04-08 13:52:34 log 28456 2544 "GET /api/auth/preferences/ HTTP/1.1" 200 146
INFO 2026-04-08 13:52:45 log 28456 2544 "POST /api/auth/preferences/ HTTP/1.1" 200 146
INFO 2026-04-08 13:52:46 log 28456 2544 "GET /home/ HTTP/1.1" 200 18246
INFO 2026-04-08 13:52:47 log 28456 2544 "GET /api/auth/me/ HTTP/1.1" 200 185
INFO 2026-04-08 13:52:47 log 28456 20260 "GET /api/events/ HTTP/1.1" 200 20634
INFO 2026-04-08 13:52:47 log 28456 3096 "GET /api/daily-plan/ HTTP/1.1" 200 5513
INFO 2026-04-08 13:52:47 log 28456 21896 "GET /api/events/filtered/ HTTP/1.1" 200 17951
INFO 2026-04-08 13:52:48 log 28456 21896 "GET /daily-plan/ HTTP/1.1" 200 21312
INFO 2026-04-08 13:52:48 log 28456 21896 "GET /static/js/daily_plan_integration.js?v=99 HTTP/1.1" 304 0
INFO 2026-04-08 13:52:48 log 28456 21896 "GET /api/auth/me/ HTTP/1.1" 200 185
INFO 2026-04-08 13:52:48 log 28456 3096 "GET /api/daily-plan/ HTTP/1.1" 200 5513
INFO 2026-04-08 13:52:48 log 28456 20260 "GET /api/events/?category=food HTTP/1.1" 200 15232
INFO 2026-04-08 13:52:48 log 28456 2544 "GET /api/events/?category=outdoor HTTP/1.1" 200 10793
INFO 2026-04-08 13:52:48 log 28456 25420 "GET /api/events/ HTTP/1.1" 200 20634
INFO 2026-04-08 13:52:49 log 28456 2544 "GET /api/auth/me/ HTTP/1.1" 200 185
INFO 2026-04-08 13:52:51 views 28456 2544 Daily plan updated for user 10 on 2026-04-08
INFO 2026-04-08 13:52:51 log 28456 2544 "POST /api/daily-plan/generate/ HTTP/1.1" 200 1891
INFO 2026-04-08 14:03:14 log 28456 28780 "GET /daily-plan/ HTTP/1.1" 200 21312
INFO 2026-04-08 14:03:14 log 28456 8548 "GET /static/js/api.js HTTP/1.1" 304 0
INFO 2026-04-08 14:03:14 log 28456 28780 "GET /static/js/daily_plan_integration.js?v=99 HTTP/1.1" 200 25015
INFO 2026-04-08 14:03:14 log 28456 28780 "GET /api/auth/me/ HTTP/1.1" 200 185
INFO 2026-04-08 14:03:14 log 28456 8548 "GET /api/daily-plan/ HTTP/1.1" 200 5513
INFO 2026-04-08 14:03:14 log 28456 6204 "GET /api/events/?category=outdoor HTTP/1.1" 200 10793
INFO 2026-04-08 14:03:14 log 28456 23408 "GET /api/events/ HTTP/1.1" 200 20634
INFO 2026-04-08 14:03:14 log 28456 15644 "GET /api/events/?category=food HTTP/1.1" 200 15232
INFO 2026-04-08 14:03:15 log 28456 15644 "GET /api/auth/me/ HTTP/1.1" 200 185
INFO 2026-04-08 14:04:01 autoreload 22304 28936 Watching for file changes with StatReloader
INFO 2026-04-08 14:04:03 log 22304 29444 "GET / HTTP/1.1" 200 21143
INFO 2026-04-08 14:04:16 log 22304 29444 "GET /login/ HTTP/1.1" 200 5489
INFO 2026-04-08 14:04:27 log 22304 29444 "POST /api/auth/login/ HTTP/1.1" 200 491
INFO 2026-04-08 14:04:27 log 22304 29444 "GET /home/ HTTP/1.1" 200 18246
INFO 2026-04-08 14:04:28 log 22304 29444 "GET /api/auth/me/ HTTP/1.1" 200 185
INFO 2026-04-08 14:04:28 log 22304 24640 "GET /api/events/ HTTP/1.1" 200 20634
INFO 2026-04-08 14:04:28 log 22304 21612 "GET /api/daily-plan/ HTTP/1.1" 200 5513
INFO 2026-04-08 14:04:28 log 22304 28016 "GET /api/events/filtered/ HTTP/1.1" 200 17951
INFO 2026-04-08 14:04:30 log 22304 28016 "GET /daily-plan/ HTTP/1.1" 200 21312
INFO 2026-04-08 14:04:30 log 22304 28016 "GET /static/js/daily_plan_integration.js?v=99 HTTP/1.1" 304 0
INFO 2026-04-08 14:04:31 log 22304 28016 "GET /api/auth/me/ HTTP/1.1" 200 185
INFO 2026-04-08 14:04:31 log 22304 21612 "GET /api/daily-plan/ HTTP/1.1" 200 5513
INFO 2026-04-08 14:04:31 log 22304 24640 "GET /api/events/?category=outdoor HTTP/1.1" 200 10793
INFO 2026-04-08 14:04:31 log 22304 29444 "GET /api/events/ HTTP/1.1" 200 20634
INFO 2026-04-08 14:04:31 log 22304 21612 "GET /api/auth/me/ HTTP/1.1" 200 185
INFO 2026-04-08 14:04:31 log 22304 28016 "GET /api/events/?category=food HTTP/1.1" 200 15232
INFO 2026-04-08 14:04:32 log 22304 1604 "POST /api/auth/login/ HTTP/1.1" 200 491
INFO 2026-04-08 14:04:32 views 22304 1604 Daily plan updated for user 10 on 2026-04-08
INFO 2026-04-08 14:04:32 log 22304 1604 "POST /api/daily-plan/generate/ HTTP/1.1" 200 1891
INFO 2026-04-08 14:07:58 autoreload 29088 24924 Watching for file changes with StatReloader
INFO 2026-04-08 14:08:01 log 29088 26548 "GET / HTTP/1.1" 200 21143
INFO 2026-04-08 14:08:06 log 29088 26548 "GET /daily-plan/ HTTP/1.1" 200 21312
INFO 2026-04-08 14:08:06 log 29088 26548 "GET /static/js/daily_plan_integration.js?v=99 HTTP/1.1" 200 25786
INFO 2026-04-08 14:08:06 log 29088 26548 "GET /api/auth/me/ HTTP/1.1" 200 185
INFO 2026-04-08 14:08:06 log 29088 12060 "GET /api/events/ HTTP/1.1" 200 20634
INFO 2026-04-08 14:08:06 log 29088 3376 "GET /api/daily-plan/ HTTP/1.1" 200 5513
INFO 2026-04-08 14:08:06 log 29088 20452 "GET /api/events/?category=outdoor HTTP/1.1" 200 10793
INFO 2026-04-08 14:08:06 log 29088 10972 "GET /api/events/?category=food HTTP/1.1" 200 15232
INFO 2026-04-08 14:08:07 log 29088 10972 "GET /api/auth/me/ HTTP/1.1" 200 185
INFO 2026-04-08 14:10:56 autoreload 26176 9640 Watching for file changes with StatReloader
INFO 2026-04-08 14:10:57 log 26176 26652 "GET /daily-plan/ HTTP/1.1" 200 21312
INFO 2026-04-08 14:10:58 log 26176 26652 "GET /static/js/daily_plan_integration.js?v=99 HTTP/1.1" 200 25764
INFO 2026-04-08 14:10:59 log 26176 26652 "GET /api/auth/me/ HTTP/1.1" 200 185
INFO 2026-04-08 14:10:59 log 26176 16520 "GET /api/daily-plan/ HTTP/1.1" 200 5513
INFO 2026-04-08 14:10:59 log 26176 22008 "GET /api/events/ HTTP/1.1" 200 20634
INFO 2026-04-08 14:10:59 log 26176 10628 "GET /api/events/?category=food HTTP/1.1" 200 15232
INFO 2026-04-08 14:10:59 log 26176 4800 "GET /api/events/?category=outdoor HTTP/1.1" 200 10793
INFO 2026-04-08 14:11:00 log 26176 4800 "GET /api/auth/me/ HTTP/1.1" 200 185
INFO 2026-04-08 14:11:01 log 26176 4800 "GET / HTTP/1.1" 200 21143
INFO 2026-04-08 14:11:14 views 26176 4800 Daily plan updated for user 10 on 2026-04-08
INFO 2026-04-08 14:11:14 log 26176 4800 "POST /api/daily-plan/generate/ HTTP/1.1" 200 1891
INFO 2026-04-08 14:20:03 autoreload 21636 5192 Watching for file changes with StatReloader
INFO 2026-04-08 14:20:06 log 21636 5456 "GET / HTTP/1.1" 200 21143
INFO 2026-04-08 14:20:09 log 21636 5456 "GET /login/ HTTP/1.1" 200 5489
WARNING 2026-04-08 14:20:18 log 21636 5456 Bad Request: /api/auth/login/
WARNING 2026-04-08 14:20:18 log 21636 5456 "POST /api/auth/login/ HTTP/1.1" 400 51
INFO 2026-04-08 14:20:30 log 21636 5456 "POST /api/auth/login/ HTTP/1.1" 200 491
INFO 2026-04-08 14:20:30 log 21636 5456 "GET /home/ HTTP/1.1" 200 18246
INFO 2026-04-08 14:20:30 log 21636 5456 "GET /static/js/api.js HTTP/1.1" 304 0
INFO 2026-04-08 14:20:31 log 21636 5456 "GET /api/auth/me/ HTTP/1.1" 200 185
INFO 2026-04-08 14:20:31 log 21636 21892 "GET /api/daily-plan/ HTTP/1.1" 200 5513
INFO 2026-04-08 14:20:31 log 21636 23760 "GET /api/events/ HTTP/1.1" 200 20634
INFO 2026-04-08 14:20:31 log 21636 23592 "GET /api/events/filtered/ HTTP/1.1" 200 17951
INFO 2026-04-08 14:20:32 log 21636 23592 "GET /daily-plan/ HTTP/1.1" 200 21312
INFO 2026-04-08 14:20:32 log 21636 23592 "GET /static/js/daily_plan_integration.js?v=99 HTTP/1.1" 200 26311
INFO 2026-04-08 14:20:32 log 21636 23592 "GET /api/auth/me/ HTTP/1.1" 200 185
INFO 2026-04-08 14:20:33 log 21636 21892 "GET /api/daily-plan/ HTTP/1.1" 200 5513
INFO 2026-04-08 14:20:33 log 21636 5456 "GET /api/events/ HTTP/1.1" 200 20634
INFO 2026-04-08 14:20:33 log 21636 23760 "GET /api/events/?category=outdoor HTTP/1.1" 200 10793
INFO 2026-04-08 14:20:33 log 21636 23592 "GET /api/events/?category=food HTTP/1.1" 200 15232
INFO 2026-04-08 14:20:33 log 21636 21892 "GET /api/auth/me/ HTTP/1.1" 200 185
INFO 2026-04-08 14:20:34 views 21636 21892 Daily plan updated for user 10 on 2026-04-08
INFO 2026-04-08 14:20:34 log 21636 21892 "POST /api/daily-plan/generate/ HTTP/1.1" 200 1891
INFO 2026-04-08 14:20:35 log 21636 1608 "POST /api/auth/login/ HTTP/1.1" 200 491
INFO 2026-04-08 14:25:40 log 21636 6420 "GET /daily-plan/ HTTP/1.1" 200 21312
INFO 2026-04-08 14:25:40 log 21636 6420 "GET /static/js/daily_plan_integration.js?v=99 HTTP/1.1" 200 27846
INFO 2026-04-08 14:25:41 log 21636 6420 "GET /api/auth/me/ HTTP/1.1" 200 185
INFO 2026-04-08 14:25:41 log 21636 27792 "GET /api/daily-plan/ HTTP/1.1" 200 5513
INFO 2026-04-08 14:25:41 log 21636 11512 "GET /api/events/?category=food HTTP/1.1" 200 15232
INFO 2026-04-08 14:25:41 log 21636 6420 "GET /api/events/ HTTP/1.1" 200 20634
INFO 2026-04-08 14:25:41 log 21636 27748 "GET /api/events/?category=outdoor HTTP/1.1" 200 10793
INFO 2026-04-08 14:25:42 log 21636 27748 "GET /api/auth/me/ HTTP/1.1" 200 185
INFO 2026-04-08 14:25:46 views 21636 27748 Daily plan created for user 10 on 2026-04-09
INFO 2026-04-08 14:25:46 log 21636 27748 "POST /api/daily-plan/generate/ HTTP/1.1" 201 1829
INFO 2026-04-08 14:25:46 views 21636 27748 Daily plan created for user 10 on 2026-04-10
INFO 2026-04-08 14:25:46 log 21636 27748 "POST /api/daily-plan/generate/ HTTP/1.1" 201 1869
INFO 2026-04-08 14:25:47 views 21636 27748 Daily plan created for user 10 on 2026-04-11
INFO 2026-04-08 14:25:47 log 21636 27748 "POST /api/daily-plan/generate/ HTTP/1.1" 201 1842
INFO 2026-04-08 14:25:48 views 21636 27748 Daily plan created for user 10 on 2026-04-12
INFO 2026-04-08 14:25:48 log 21636 27748 "POST /api/daily-plan/generate/ HTTP/1.1" 201 1912
INFO 2026-04-08 14:25:49 views 21636 27748 Daily plan created for user 10 on 2026-04-13
INFO 2026-04-08 14:25:49 log 21636 27748 "POST /api/daily-plan/generate/ HTTP/1.1" 201 1925
INFO 2026-04-08 14:25:52 views 21636 27748 Daily plan created for user 10 on 2026-04-14
INFO 2026-04-08 14:25:52 log 21636 27748 "POST /api/daily-plan/generate/ HTTP/1.1" 201 1957
INFO 2026-04-08 14:25:53 views 21636 27748 Daily plan updated for user 10 on 2026-04-08
INFO 2026-04-08 14:25:53 log 21636 27748 "POST /api/daily-plan/generate/ HTTP/1.1" 200 1891
INFO 2026-04-08 14:25:53 views 21636 27748 Daily plan updated for user 10 on 2026-04-09
INFO 2026-04-08 14:25:53 log 21636 27748 "POST /api/daily-plan/generate/ HTTP/1.1" 200 1829
INFO 2026-04-08 14:25:54 views 21636 27748 Daily plan updated for user 10 on 2026-04-10
INFO 2026-04-08 14:25:54 log 21636 27748 "POST /api/daily-plan/generate/ HTTP/1.1" 200 1869
INFO 2026-04-08 14:25:56 views 21636 27748 Daily plan updated for user 10 on 2026-04-10
INFO 2026-04-08 14:25:56 log 21636 27748 "POST /api/daily-plan/generate/ HTTP/1.1" 200 1869
INFO 2026-04-08 14:25:57 views 21636 27748 Daily plan updated for user 10 on 2026-04-10
INFO 2026-04-08 14:25:57 log 21636 27748 "POST /api/daily-plan/generate/ HTTP/1.1" 200 1869
INFO 2026-04-08 14:25:59 views 21636 27748 Daily plan updated for user 10 on 2026-04-10
INFO 2026-04-08 14:25:59 log 21636 27748 "POST /api/daily-plan/generate/ HTTP/1.1" 200 1869
INFO 2026-04-08 14:26:00 views 21636 27748 Daily plan updated for user 10 on 2026-04-10
INFO 2026-04-08 14:26:00 log 21636 27748 "POST /api/daily-plan/generate/ HTTP/1.1" 200 1869
INFO 2026-04-08 14:26:05 views 21636 27748 Daily plan updated for user 10 on 2026-04-11
INFO 2026-04-08 14:26:05 log 21636 27748 "POST /api/daily-plan/generate/ HTTP/1.1" 200 1842
INFO 2026-04-08 14:26:06 views 21636 27748 Daily plan updated for user 10 on 2026-04-12
INFO 2026-04-08 14:26:06 log 21636 27748 "POST /api/daily-plan/generate/ HTTP/1.1" 200 1912
INFO 2026-04-08 14:26:07 views 21636 27748 Daily plan updated for user 10 on 2026-04-13
INFO 2026-04-08 14:26:07 log 21636 27748 "POST /api/daily-plan/generate/ HTTP/1.1" 200 1925
INFO 2026-04-08 14:27:58 views 21636 27748 Daily plan updated for user 10 on 2026-04-14
INFO 2026-04-08 14:27:58 log 21636 27748 "POST /api/daily-plan/generate/ HTTP/1.1" 200 1957
INFO 2026-04-08 14:28:00 views 21636 27748 Daily plan updated for user 10 on 2026-04-08
INFO 2026-04-08 14:28:00 log 21636 27748 "POST /api/daily-plan/generate/ HTTP/1.1" 200 1891
WARNING 2026-04-08 14:35:54 log 21636 23976 Unauthorized: /api/daily-plan/generate/
WARNING 2026-04-08 14:35:54 log 21636 23976 "POST /api/daily-plan/generate/ HTTP/1.1" 401 172
INFO 2026-04-08 14:35:54 log 21636 23976 "POST /api/auth/token/refresh/ HTTP/1.1" 200 245
INFO 2026-04-08 14:35:54 views 21636 23976 Daily plan updated for user 10 on 2026-04-09
INFO 2026-04-08 14:35:54 log 21636 23976 "POST /api/daily-plan/generate/ HTTP/1.1" 200 1829
INFO 2026-04-08 14:35:56 views 21636 23976 Daily plan updated for user 10 on 2026-04-10
INFO 2026-04-08 14:35:56 log 21636 23976 "POST /api/daily-plan/generate/ HTTP/1.1" 200 1869
INFO 2026-04-08 14:35:57 views 21636 23976 Daily plan updated for user 10 on 2026-04-09
INFO 2026-04-08 14:35:57 log 21636 23976 "POST /api/daily-plan/generate/ HTTP/1.1" 200 1829
INFO 2026-04-08 14:39:40 autoreload 27896 26264 Watching for file changes with StatReloader
INFO 2026-04-08 14:39:42 log 27896 6716 "GET / HTTP/1.1" 200 21143
INFO 2026-04-08 14:39:47 log 27896 6716 "GET /daily-plan/ HTTP/1.1" 200 21312
INFO 2026-04-08 14:39:47 log 27896 30676 "GET /static/js/api.js HTTP/1.1" 304 0
INFO 2026-04-08 14:39:48 log 27896 6716 "GET /static/js/daily_plan_integration.js?v=99 HTTP/1.1" 200 29335
INFO 2026-04-08 14:39:48 log 27896 6716 "GET /api/auth/me/ HTTP/1.1" 200 185
INFO 2026-04-08 14:39:48 log 27896 12120 "GET /api/events/?category=outdoor HTTP/1.1" 200 10793
INFO 2026-04-08 14:39:48 log 27896 30676 "GET /api/daily-plan/ HTTP/1.1" 200 17051
INFO 2026-04-08 14:39:48 log 27896 17432 "GET /api/events/ HTTP/1.1" 200 20634
INFO 2026-04-08 14:39:48 log 27896 28268 "GET /api/events/?category=food HTTP/1.1" 200 15232
INFO 2026-04-08 14:39:48 log 27896 17432 "GET /api/auth/me/ HTTP/1.1" 200 185
INFO 2026-04-08 14:39:56 views 27896 17432 Daily plan updated for user 10 on 2026-04-09
INFO 2026-04-08 14:39:56 log 27896 17432 "POST /api/daily-plan/generate/ HTTP/1.1" 200 1829
INFO 2026-04-08 14:39:57 views 27896 17432 Daily plan updated for user 10 on 2026-04-10
INFO 2026-04-08 14:39:57 log 27896 17432 "POST /api/daily-plan/generate/ HTTP/1.1" 200 1869
INFO 2026-04-08 14:40:01 views 27896 17432 Daily plan updated for user 10 on 2026-04-11
INFO 2026-04-08 14:40:01 log 27896 17432 "POST /api/daily-plan/generate/ HTTP/1.1" 200 1842
INFO 2026-04-08 14:40:03 views 27896 17432 Daily plan updated for user 10 on 2026-04-12
INFO 2026-04-08 14:40:03 log 27896 17432 "POST /api/daily-plan/generate/ HTTP/1.1" 200 1912
INFO 2026-04-08 14:40:04 views 27896 17432 Daily plan updated for user 10 on 2026-04-13
INFO 2026-04-08 14:40:04 log 27896 17432 "POST /api/daily-plan/generate/ HTTP/1.1" 200 1925
INFO 2026-04-08 14:40:11 views 27896 17432 Daily plan updated for user 10 on 2026-04-14
INFO 2026-04-08 14:40:11 log 27896 17432 "POST /api/daily-plan/generate/ HTTP/1.1" 200 1957
INFO 2026-04-08 14:40:14 views 27896 17432 Daily plan updated for user 10 on 2026-04-13
INFO 2026-04-08 14:40:14 log 27896 17432 "POST /api/daily-plan/generate/ HTTP/1.1" 200 1925
INFO 2026-04-08 14:40:14 views 27896 17432 Daily plan updated for user 10 on 2026-04-12
INFO 2026-04-08 14:40:14 log 27896 17432 "POST /api/daily-plan/generate/ HTTP/1.1" 200 1912
INFO 2026-04-08 14:40:15 views 27896 17432 Daily plan updated for user 10 on 2026-04-11
INFO 2026-04-08 14:40:15 log 27896 17432 "POST /api/daily-plan/generate/ HTTP/1.1" 200 1842
INFO 2026-04-08 14:40:16 views 27896 17432 Daily plan updated for user 10 on 2026-04-10
INFO 2026-04-08 14:40:16 log 27896 17432 "POST /api/daily-plan/generate/ HTTP/1.1" 200 1869
INFO 2026-04-08 14:40:17 views 27896 17432 Daily plan updated for user 10 on 2026-04-09
INFO 2026-04-08 14:40:17 log 27896 17432 "POST /api/daily-plan/generate/ HTTP/1.1" 200 1829
INFO 2026-04-08 14:40:17 views 27896 17432 Daily plan updated for user 10 on 2026-04-08
INFO 2026-04-08 14:40:17 log 27896 17432 "POST /api/daily-plan/generate/ HTTP/1.1" 200 1891
INFO 2026-04-08 14:40:23 views 27896 17432 Daily plan updated for user 10 on 2026-04-08
INFO 2026-04-08 14:40:23 log 27896 17432 "POST /api/daily-plan/generate/ HTTP/1.1" 200 1891
INFO 2026-04-08 14:40:24 views 27896 17432 Daily plan updated for user 10 on 2026-04-08
INFO 2026-04-08 14:40:24 log 27896 17432 "POST /api/daily-plan/generate/ HTTP/1.1" 200 1891
INFO 2026-04-08 14:42:29 autoreload 28432 25596 Watching for file changes with StatReloader
INFO 2026-04-08 14:42:30 log 28432 25704 "GET / HTTP/1.1" 200 21143
INFO 2026-04-08 14:42:33 log 28432 25704 "GET /daily-plan/ HTTP/1.1" 200 21312
INFO 2026-04-08 14:42:34 log 28432 25704 "GET /static/js/daily_plan_integration.js?v=99 HTTP/1.1" 200 29813
INFO 2026-04-08 14:42:35 log 28432 25704 "GET /api/auth/me/ HTTP/1.1" 200 185
INFO 2026-04-08 14:42:35 log 28432 24876 "GET /api/daily-plan/ HTTP/1.1" 200 17051
INFO 2026-04-08 14:42:35 log 28432 27832 "GET /api/events/ HTTP/1.1" 200 20634
INFO 2026-04-08 14:42:35 log 28432 16228 "GET /api/events/?category=outdoor HTTP/1.1" 200 10793
INFO 2026-04-08 14:42:35 log 28432 5244 "GET /api/events/?category=food HTTP/1.1" 200 15232
INFO 2026-04-08 14:42:35 log 28432 27832 "GET /api/auth/me/ HTTP/1.1" 200 185
INFO 2026-04-08 14:42:42 views 28432 27832 Daily plan updated for user 10 on 2026-04-09
INFO 2026-04-08 14:42:42 log 28432 27832 "POST /api/daily-plan/generate/ HTTP/1.1" 200 1829
INFO 2026-04-08 14:42:43 views 28432 27832 Daily plan updated for user 10 on 2026-04-10
INFO 2026-04-08 14:42:43 log 28432 27832 "POST /api/daily-plan/generate/ HTTP/1.1" 200 1869
INFO 2026-04-08 14:42:43 views 28432 27832 Daily plan updated for user 10 on 2026-04-11
INFO 2026-04-08 14:42:43 log 28432 27832 "POST /api/daily-plan/generate/ HTTP/1.1" 200 1842
INFO 2026-04-08 14:42:44 views 28432 27832 Daily plan updated for user 10 on 2026-04-12
INFO 2026-04-08 14:42:44 log 28432 27832 "POST /api/daily-plan/generate/ HTTP/1.1" 200 1912
INFO 2026-04-08 14:42:46 views 28432 27832 Daily plan updated for user 10 on 2026-04-13
INFO 2026-04-08 14:42:46 log 28432 27832 "POST /api/daily-plan/generate/ HTTP/1.1" 200 1925
INFO 2026-04-08 14:42:47 views 28432 27832 Daily plan updated for user 10 on 2026-04-14
INFO 2026-04-08 14:42:47 log 28432 27832 "POST /api/daily-plan/generate/ HTTP/1.1" 200 1957
INFO 2026-04-08 14:42:48 views 28432 27832 Daily plan updated for user 10 on 2026-04-13
INFO 2026-04-08 14:42:48 log 28432 27832 "POST /api/daily-plan/generate/ HTTP/1.1" 200 1925
INFO 2026-04-08 14:42:50 views 28432 27832 Daily plan updated for user 10 on 2026-04-12
INFO 2026-04-08 14:42:50 log 28432 27832 "POST /api/daily-plan/generate/ HTTP/1.1" 200 1912
INFO 2026-04-08 14:42:51 views 28432 27832 Daily plan updated for user 10 on 2026-04-11
INFO 2026-04-08 14:42:51 log 28432 27832 "POST /api/daily-plan/generate/ HTTP/1.1" 200 1842
INFO 2026-04-08 14:42:52 views 28432 27832 Daily plan updated for user 10 on 2026-04-10
INFO 2026-04-08 14:42:52 log 28432 27832 "POST /api/daily-plan/generate/ HTTP/1.1" 200 1869
INFO 2026-04-08 14:42:52 views 28432 27832 Daily plan updated for user 10 on 2026-04-09
INFO 2026-04-08 14:42:52 log 28432 27832 "POST /api/daily-plan/generate/ HTTP/1.1" 200 1829
INFO 2026-04-08 14:42:53 views 28432 27832 Daily plan updated for user 10 on 2026-04-08
INFO 2026-04-08 14:42:53 log 28432 27832 "POST /api/daily-plan/generate/ HTTP/1.1" 200 1891
INFO 2026-04-08 14:42:54 views 28432 27832 Daily plan updated for user 10 on 2026-04-09
INFO 2026-04-08 14:42:54 log 28432 27832 "POST /api/daily-plan/generate/ HTTP/1.1" 200 1829
INFO 2026-04-08 14:42:55 views 28432 27832 Daily plan updated for user 10 on 2026-04-10
INFO 2026-04-08 14:42:55 log 28432 27832 "POST /api/daily-plan/generate/ HTTP/1.1" 200 1869
INFO 2026-04-08 14:42:56 views 28432 27832 Daily plan updated for user 10 on 2026-04-09
INFO 2026-04-08 14:42:56 log 28432 27832 "POST /api/daily-plan/generate/ HTTP/1.1" 200 1829
INFO 2026-04-08 14:47:40 autoreload 15400 19108 Watching for file changes with StatReloader
INFO 2026-04-08 14:47:46 log 15400 30312 "GET /daily-plan/ HTTP/1.1" 200 21312
INFO 2026-04-08 14:47:47 log 15400 30312 "GET /static/js/daily_plan_integration.js?v=99 HTTP/1.1" 200 29842
INFO 2026-04-08 14:47:50 log 15400 30312 "GET /api/auth/me/ HTTP/1.1" 200 185
INFO 2026-04-08 14:47:50 log 15400 19704 "GET /api/events/?category=food HTTP/1.1" 200 15232
INFO 2026-04-08 14:47:50 log 15400 6812 "GET /api/events/?category=outdoor HTTP/1.1" 200 10793
INFO 2026-04-08 14:47:50 log 15400 4020 "GET /api/daily-plan/ HTTP/1.1" 200 17051
INFO 2026-04-08 14:47:50 log 15400 204 "GET /api/events/ HTTP/1.1" 200 20634
INFO 2026-04-08 14:47:50 log 15400 6812 "GET /api/auth/me/ HTTP/1.1" 200 185
INFO 2026-04-08 14:48:00 views 15400 6812 Daily plan updated for user 10 on 2026-04-08
INFO 2026-04-08 14:48:00 log 15400 6812 "POST /api/daily-plan/generate/ HTTP/1.1" 200 1891
INFO 2026-04-08 14:48:00 views 15400 6812 Daily plan updated for user 10 on 2026-04-08
INFO 2026-04-08 14:48:00 log 15400 6812 "POST /api/daily-plan/generate/ HTTP/1.1" 200 1891
INFO 2026-04-08 14:48:01 views 15400 6812 Daily plan updated for user 10 on 2026-04-08
INFO 2026-04-08 14:48:01 log 15400 6812 "POST /api/daily-plan/generate/ HTTP/1.1" 200 1891
INFO 2026-04-08 14:48:03 views 15400 6812 Daily plan updated for user 10 on 2026-04-08
INFO 2026-04-08 14:48:03 log 15400 6812 "POST /api/daily-plan/generate/ HTTP/1.1" 200 1891
INFO 2026-04-08 14:48:06 log 15400 6812 "GET /api/events/?search=%D8%A4 HTTP/1.1" 200 11807
INFO 2026-04-08 14:48:06 log 15400 6812 "GET /api/events/?search=%D8%A4%D8%AE HTTP/1.1" 200 52
INFO 2026-04-08 14:48:08 log 15400 6812 "GET /api/events/?search=co HTTP/1.1" 200 19272
INFO 2026-04-08 14:48:09 log 15400 6812 "GET /api/events/?search=coff HTTP/1.1" 200 18990
INFO 2026-04-08 14:48:10 log 15400 6812 "GET /api/events/?search=coffr HTTP/1.1" 200 52
INFO 2026-04-08 14:48:10 log 15400 6812 "GET /api/events/?search=coffe HTTP/1.1" 200 18991
INFO 2026-04-08 14:48:12 log 15400 6812 "PUT /api/daily-plan/11/ HTTP/1.1" 200 2346
INFO 2026-04-08 15:54:56 autoreload 28948 19928 Watching for file changes with StatReloader
INFO 2026-04-08 15:54:59 log 28948 28628 "GET / HTTP/1.1" 200 21143
INFO 2026-04-08 15:55:02 log 28948 28628 "GET /login/ HTTP/1.1" 200 5489
INFO 2026-04-08 15:55:09 log 28948 28628 "POST /api/auth/login/ HTTP/1.1" 200 491
INFO 2026-04-08 15:55:09 log 28948 28628 "GET /home/ HTTP/1.1" 200 18246
INFO 2026-04-08 15:55:09 log 28948 28628 "GET /static/js/api.js HTTP/1.1" 304 0
INFO 2026-04-08 15:55:09 log 28948 28628 "GET /api/auth/me/ HTTP/1.1" 200 185
INFO 2026-04-08 15:55:09 log 28948 21596 "GET /api/daily-plan/ HTTP/1.1" 200 17473
INFO 2026-04-08 15:55:09 log 28948 16224 "GET /api/events/filtered/ HTTP/1.1" 200 17951
INFO 2026-04-08 15:55:09 log 28948 23840 "GET /api/events/ HTTP/1.1" 200 20634
INFO 2026-04-08 15:55:11 log 28948 23840 "GET /map/ HTTP/1.1" 200 23680
INFO 2026-04-08 15:55:12 log 28948 23840 "GET /api/auth/me/ HTTP/1.1" 200 185
INFO 2026-04-08 15:55:12 log 28948 23840 "GET /api/events/ HTTP/1.1" 200 20634
INFO 2026-04-08 15:55:55 log 28948 23840 "GET /profile/ HTTP/1.1" 200 26384
INFO 2026-04-08 15:55:56 log 28948 23840 "GET /api/auth/me/ HTTP/1.1" 200 185
INFO 2026-04-08 15:55:56 log 28948 28628 "GET /api/events/favorites/ HTTP/1.1" 200 2
INFO 2026-04-08 15:55:56 log 28948 21596 "GET /api/auth/preferences/ HTTP/1.1" 200 146
INFO 2026-04-08 15:55:56 log 28948 4164 "GET /api/auth/me/ HTTP/1.1" 200 185
INFO 2026-04-08 15:55:56 log 28948 16224 "GET /api/daily-plan/ HTTP/1.1" 200 17473
INFO 2026-04-08 15:57:27 log 28948 16224 "GET /map/ HTTP/1.1" 200 23680
INFO 2026-04-08 15:57:30 log 28948 16224 "GET /api/auth/me/ HTTP/1.1" 200 185
INFO 2026-04-08 15:59:54 log 28948 16224 "GET /events/page/ HTTP/1.1" 200 20005
INFO 2026-04-08 15:59:54 log 28948 16224 "GET /api/auth/me/ HTTP/1.1" 200 185
INFO 2026-04-08 15:59:54 log 28948 16224 "GET /api/events/favorites/ HTTP/1.1" 200 2
INFO 2026-04-08 15:59:54 log 28948 16224 "GET /api/events/ HTTP/1.1" 200 20634
INFO 2026-04-08 16:00:04 log 28948 16224 "GET /api/events/?category=restaurant HTTP/1.1" 200 20487
INFO 2026-04-08 16:00:07 log 28948 16224 "GET /api/events/?category=cafe HTTP/1.1" 200 18895
INFO 2026-04-08 16:00:13 log 28948 16224 "GET /api/events/?category=cafe&page=2 HTTP/1.1" 200 18798
INFO 2026-04-08 16:00:24 log 28948 16224 "POST /api/events/favorites/ HTTP/1.1" 201 448
INFO 2026-04-08 16:00:27 log 28948 16224 "DELETE /api/events/favorites/9509/ HTTP/1.1" 204 0
INFO 2026-04-12 10:37:00 autoreload 3352 20828 Watching for file changes with StatReloader
INFO 2026-04-12 10:37:06 log 3352 12748 "GET / HTTP/1.1" 200 20644
INFO 2026-04-12 10:37:06 log 3352 12748 "GET /static/css/design-system.css HTTP/1.1" 304 0
WARNING 2026-04-12 10:37:07 log 3352 12748 Not Found: /favicon.ico
WARNING 2026-04-12 10:37:07 log 3352 12748 "GET /favicon.ico HTTP/1.1" 404 5312
INFO 2026-04-12 10:37:09 log 3352 12748 "GET /login/ HTTP/1.1" 200 5489
INFO 2026-04-12 10:37:19 log 3352 12748 "POST /api/auth/login/ HTTP/1.1" 200 491
INFO 2026-04-12 10:37:19 log 3352 12748 "GET /home/ HTTP/1.1" 200 21388
INFO 2026-04-12 10:37:19 log 3352 15068 "GET /static/js/api.js HTTP/1.1" 304 0
INFO 2026-04-12 10:37:19 log 3352 12748 "GET /static/js/home.js HTTP/1.1" 200 15324
INFO 2026-04-12 10:37:20 log 3352 8852 "GET /api/events/ HTTP/1.1" 200 20634
INFO 2026-04-12 10:37:20 log 3352 20368 "GET /api/daily-plan/ HTTP/1.1" 200 17473
ERROR 2026-04-12 10:37:20 log 3352 12748 Internal Server Error: /api/auth/me/
Traceback (most recent call last):
  File "C:\Users\majd9\OneDrive\Desktop\tizahab_project1\tizahab-web\.venv\Lib\site-packages\django\db\backends\utils.py", line 105, in _execute
    return self.cursor.execute(sql, params)
           ~~~~~~~~~~~~~~~~~~~^^^^^^^^^^^^^
  File "C:\Users\majd9\OneDrive\Desktop\tizahab_project1\tizahab-web\.venv\Lib\site-packages\django\db\backends\sqlite3\base.py", line 359, in execute
    return super().execute(query, params)
           ~~~~~~~~~~~~~~~^^^^^^^^^^^^^^^
sqlite3.OperationalError: no such column: accounts_userpreferences.trip_duration

The above exception was the direct cause of the following exception:

Traceback (most recent call last):
  File "C:\Users\majd9\OneDrive\Desktop\tizahab_project1\tizahab-web\.venv\Lib\site-packages\django\core\handlers\exception.py", line 55, in inner
    response = get_response(request)
  File "C:\Users\majd9\OneDrive\Desktop\tizahab_project1\tizahab-web\.venv\Lib\site-packages\django\core\handlers\base.py", line 198, in _get_response
    response = wrapped_callback(request, *callback_args, **callback_kwargs)
  File "C:\Users\majd9\OneDrive\Desktop\tizahab_project1\tizahab-web\.venv\Lib\site-packages\django\views\decorators\csrf.py", line 65, in _view_wrapper
    return view_func(request, *args, **kwargs)
  File "C:\Users\majd9\OneDrive\Desktop\tizahab_project1\tizahab-web\.venv\Lib\site-packages\django\views\generic\base.py", line 106, in view
    return self.dispatch(request, *args, **kwargs)
           ~~~~~~~~~~~~~^^^^^^^^^^^^^^^^^^^^^^^^^^
  File "C:\Users\majd9\OneDrive\Desktop\tizahab_project1\tizahab-web\.venv\Lib\site-packages\rest_framework\views.py", line 515, in dispatch
    response = self.handle_exception(exc)
  File "C:\Users\majd9\OneDrive\Desktop\tizahab_project1\tizahab-web\.venv\Lib\site-packages\rest_framework\views.py", line 475, in handle_exception
    self.raise_uncaught_exception(exc)
    ~~~~~~~~~~~~~~~~~~~~~~~~~~~~~^^^^^
  File "C:\Users\majd9\OneDrive\Desktop\tizahab_project1\tizahab-web\.venv\Lib\site-packages\rest_framework\views.py", line 486, in raise_uncaught_exception
    raise exc
  File "C:\Users\majd9\OneDrive\Desktop\tizahab_project1\tizahab-web\.venv\Lib\site-packages\rest_framework\views.py", line 512, in dispatch
    response = handler(request, *args, **kwargs)
  File "C:\Users\majd9\OneDrive\Desktop\tizahab_project1\tizahab-web\accounts\views.py", line 280, in get
    preferences, _ = UserPreferences.objects.get_or_create(user=user)
                     ~~~~~~~~~~~~~~~~~~~~~~~~~~~~~~~~~~~~~^^^^^^^^^^^
  File "C:\Users\majd9\OneDrive\Desktop\tizahab_project1\tizahab-web\.venv\Lib\site-packages\django\db\models\manager.py", line 87, in manager_method
    return getattr(self.get_queryset(), name)(*args, **kwargs)
           ~~~~~~~~~~~~~~~~~~~~~~~~~~~~~~~~~~^^^^^^^^^^^^^^^^^
  File "C:\Users\majd9\OneDrive\Desktop\tizahab_project1\tizahab-web\.venv\Lib\site-packages\django\db\models\query.py", line 987, in get_or_create
    return self.get(**kwargs), False
           ~~~~~~~~^^^^^^^^^^
  File "C:\Users\majd9\OneDrive\Desktop\tizahab_project1\tizahab-web\.venv\Lib\site-packages\django\db\models\query.py", line 635, in get
    num = len(clone)
  File "C:\Users\majd9\OneDrive\Desktop\tizahab_project1\tizahab-web\.venv\Lib\site-packages\django\db\models\query.py", line 372, in __len__
    self._fetch_all()
    ~~~~~~~~~~~~~~~^^
  File "C:\Users\majd9\OneDrive\Desktop\tizahab_project1\tizahab-web\.venv\Lib\site-packages\django\db\models\query.py", line 2000, in _fetch_all
    self._result_cache = list(self._iterable_class(self))
                         ~~~~^^^^^^^^^^^^^^^^^^^^^^^^^^^^
  File "C:\Users\majd9\OneDrive\Desktop\tizahab_project1\tizahab-web\.venv\Lib\site-packages\django\db\models\query.py", line 95, in __iter__
    results = compiler.execute_sql(
        chunked_fetch=self.chunked_fetch, chunk_size=self.chunk_size
    )
  File "C:\Users\majd9\OneDrive\Desktop\tizahab_project1\tizahab-web\.venv\Lib\site-packages\django\db\models\sql\compiler.py", line 1624, in execute_sql
    cursor.execute(sql, params)
    ~~~~~~~~~~~~~~^^^^^^^^^^^^^
  File "C:\Users\majd9\OneDrive\Desktop\tizahab_project1\tizahab-web\.venv\Lib\site-packages\django\db\backends\utils.py", line 122, in execute
    return super().execute(sql, params)
           ~~~~~~~~~~~~~~~^^^^^^^^^^^^^
  File "C:\Users\majd9\OneDrive\Desktop\tizahab_project1\tizahab-web\.venv\Lib\site-packages\django\db\backends\utils.py", line 79, in execute
    return self._execute_with_wrappers(
           ~~~~~~~~~~~~~~~~~~~~~~~~~~~^
        sql, params, many=False, executor=self._execute
        ^^^^^^^^^^^^^^^^^^^^^^^^^^^^^^^^^^^^^^^^^^^^^^^
    )
    ^
  File "C:\Users\majd9\OneDrive\Desktop\tizahab_project1\tizahab-web\.venv\Lib\site-packages\django\db\backends\utils.py", line 92, in _execute_with_wrappers
    return executor(sql, params, many, context)
  File "C:\Users\majd9\OneDrive\Desktop\tizahab_project1\tizahab-web\.venv\Lib\site-packages\django\db\backends\utils.py", line 100, in _execute
    with self.db.wrap_database_errors:
         ^^^^^^^^^^^^^^^^^^^^^^^^^^^^
  File "C:\Users\majd9\OneDrive\Desktop\tizahab_project1\tizahab-web\.venv\Lib\site-packages\django\db\utils.py", line 94, in __exit__
    raise dj_exc_value.with_traceback(traceback) from exc_value
  File "C:\Users\majd9\OneDrive\Desktop\tizahab_project1\tizahab-web\.venv\Lib\site-packages\django\db\backends\utils.py", line 105, in _execute
    return self.cursor.execute(sql, params)
           ~~~~~~~~~~~~~~~~~~~^^^^^^^^^^^^^
  File "C:\Users\majd9\OneDrive\Desktop\tizahab_project1\tizahab-web\.venv\Lib\site-packages\django\db\backends\sqlite3\base.py", line 359, in execute
    return super().execute(query, params)
           ~~~~~~~~~~~~~~~^^^^^^^^^^^^^^^
django.db.utils.OperationalError: no such column: accounts_userpreferences.trip_duration
ERROR 2026-04-12 10:37:20 log 3352 15068 Internal Server Error: /api/events/filtered/
Traceback (most recent call last):
  File "C:\Users\majd9\OneDrive\Desktop\tizahab_project1\tizahab-web\.venv\Lib\site-packages\django\db\models\fields\related_descriptors.py", line 502, in __get__
    rel_obj = self.related.get_cached_value(instance)
  File "C:\Users\majd9\OneDrive\Desktop\tizahab_project1\tizahab-web\.venv\Lib\site-packages\django\db\models\fields\mixins.py", line 21, in get_cached_value
    return instance._state.fields_cache[self.cache_name]
           ~~~~~~~~~~~~~~~~~~~~~~~~~~~~^^^^^^^^^^^^^^^^^
KeyError: 'preferences'

During handling of the above exception, another exception occurred:

Traceback (most recent call last):
  File "C:\Users\majd9\OneDrive\Desktop\tizahab_project1\tizahab-web\.venv\Lib\site-packages\django\db\backends\utils.py", line 105, in _execute
    return self.cursor.execute(sql, params)
           ~~~~~~~~~~~~~~~~~~~^^^^^^^^^^^^^
  File "C:\Users\majd9\OneDrive\Desktop\tizahab_project1\tizahab-web\.venv\Lib\site-packages\django\db\backends\sqlite3\base.py", line 359, in execute
    return super().execute(query, params)
           ~~~~~~~~~~~~~~~^^^^^^^^^^^^^^^
sqlite3.OperationalError: no such column: accounts_userpreferences.trip_duration

The above exception was the direct cause of the following exception:

Traceback (most recent call last):
  File "C:\Users\majd9\OneDrive\Desktop\tizahab_project1\tizahab-web\.venv\Lib\site-packages\django\core\handlers\exception.py", line 55, in inner
    response = get_response(request)
  File "C:\Users\majd9\OneDrive\Desktop\tizahab_project1\tizahab-web\.venv\Lib\site-packages\django\core\handlers\base.py", line 198, in _get_response
    response = wrapped_callback(request, *callback_args, **callback_kwargs)
  File "C:\Users\majd9\OneDrive\Desktop\tizahab_project1\tizahab-web\.venv\Lib\site-packages\django\views\decorators\csrf.py", line 65, in _view_wrapper
    return view_func(request, *args, **kwargs)
  File "C:\Users\majd9\OneDrive\Desktop\tizahab_project1\tizahab-web\.venv\Lib\site-packages\django\views\generic\base.py", line 106, in view
    return self.dispatch(request, *args, **kwargs)
           ~~~~~~~~~~~~~^^^^^^^^^^^^^^^^^^^^^^^^^^
  File "C:\Users\majd9\OneDrive\Desktop\tizahab_project1\tizahab-web\.venv\Lib\site-packages\rest_framework\views.py", line 515, in dispatch
    response = self.handle_exception(exc)
  File "C:\Users\majd9\OneDrive\Desktop\tizahab_project1\tizahab-web\.venv\Lib\site-packages\rest_framework\views.py", line 475, in handle_exception
    self.raise_uncaught_exception(exc)
    ~~~~~~~~~~~~~~~~~~~~~~~~~~~~~^^^^^
  File "C:\Users\majd9\OneDrive\Desktop\tizahab_project1\tizahab-web\.venv\Lib\site-packages\rest_framework\views.py", line 486, in raise_uncaught_exception
    raise exc
  File "C:\Users\majd9\OneDrive\Desktop\tizahab_project1\tizahab-web\.venv\Lib\site-packages\rest_framework\views.py", line 512, in dispatch
    response = handler(request, *args, **kwargs)
  File "C:\Users\majd9\OneDrive\Desktop\tizahab_project1\tizahab-web\.venv\Lib\site-packages\rest_framework\generics.py", line 203, in get
    return self.list(request, *args, **kwargs)
           ~~~~~~~~~^^^^^^^^^^^^^^^^^^^^^^^^^^
  File "C:\Users\majd9\OneDrive\Desktop\tizahab_project1\tizahab-web\.venv\Lib\site-packages\rest_framework\mixins.py", line 38, in list
    queryset = self.filter_queryset(self.get_queryset())
                                    ~~~~~~~~~~~~~~~~~^^
  File "C:\Users\majd9\OneDrive\Desktop\tizahab_project1\tizahab-web\events\views.py", line 79, in get_queryset
    prefs = getattr(self.request.user, "preferences", None)
  File "C:\Users\majd9\OneDrive\Desktop\tizahab_project1\tizahab-web\.venv\Lib\site-packages\django\db\models\fields\related_descriptors.py", line 509, in __get__
    rel_obj = self.get_queryset(instance=instance).get(**filter_args)
  File "C:\Users\majd9\OneDrive\Desktop\tizahab_project1\tizahab-web\.venv\Lib\site-packages\django\db\models\query.py", line 635, in get
    num = len(clone)
  File "C:\Users\majd9\OneDrive\Desktop\tizahab_project1\tizahab-web\.venv\Lib\site-packages\django\db\models\query.py", line 372, in __len__
    self._fetch_all()
    ~~~~~~~~~~~~~~~^^
  File "C:\Users\majd9\OneDrive\Desktop\tizahab_project1\tizahab-web\.venv\Lib\site-packages\django\db\models\query.py", line 2000, in _fetch_all
    self._result_cache = list(self._iterable_class(self))
                         ~~~~^^^^^^^^^^^^^^^^^^^^^^^^^^^^
  File "C:\Users\majd9\OneDrive\Desktop\tizahab_project1\tizahab-web\.venv\Lib\site-packages\django\db\models\query.py", line 95, in __iter__
    results = compiler.execute_sql(
        chunked_fetch=self.chunked_fetch, chunk_size=self.chunk_size
    )
  File "C:\Users\majd9\OneDrive\Desktop\tizahab_project1\tizahab-web\.venv\Lib\site-packages\django\db\models\sql\compiler.py", line 1624, in execute_sql
    cursor.execute(sql, params)
    ~~~~~~~~~~~~~~^^^^^^^^^^^^^
  File "C:\Users\majd9\OneDrive\Desktop\tizahab_project1\tizahab-web\.venv\Lib\site-packages\django\db\backends\utils.py", line 122, in execute
    return super().execute(sql, params)
           ~~~~~~~~~~~~~~~^^^^^^^^^^^^^
  File "C:\Users\majd9\OneDrive\Desktop\tizahab_project1\tizahab-web\.venv\Lib\site-packages\django\db\backends\utils.py", line 79, in execute
    return self._execute_with_wrappers(
           ~~~~~~~~~~~~~~~~~~~~~~~~~~~^
        sql, params, many=False, executor=self._execute
        ^^^^^^^^^^^^^^^^^^^^^^^^^^^^^^^^^^^^^^^^^^^^^^^
    )
    ^
  File "C:\Users\majd9\OneDrive\Desktop\tizahab_project1\tizahab-web\.venv\Lib\site-packages\django\db\backends\utils.py", line 92, in _execute_with_wrappers
    return executor(sql, params, many, context)
  File "C:\Users\majd9\OneDrive\Desktop\tizahab_project1\tizahab-web\.venv\Lib\site-packages\django\db\backends\utils.py", line 100, in _execute
    with self.db.wrap_database_errors:
         ^^^^^^^^^^^^^^^^^^^^^^^^^^^^
  File "C:\Users\majd9\OneDrive\Desktop\tizahab_project1\tizahab-web\.venv\Lib\site-packages\django\db\utils.py", line 94, in __exit__
    raise dj_exc_value.with_traceback(traceback) from exc_value
  File "C:\Users\majd9\OneDrive\Desktop\tizahab_project1\tizahab-web\.venv\Lib\site-packages\django\db\backends\utils.py", line 105, in _execute
    return self.cursor.execute(sql, params)
           ~~~~~~~~~~~~~~~~~~~^^^^^^^^^^^^^
  File "C:\Users\majd9\OneDrive\Desktop\tizahab_project1\tizahab-web\.venv\Lib\site-packages\django\db\backends\sqlite3\base.py", line 359, in execute
    return super().execute(query, params)
           ~~~~~~~~~~~~~~~^^^^^^^^^^^^^^^
django.db.utils.OperationalError: no such column: accounts_userpreferences.trip_duration
ERROR 2026-04-12 10:37:20 log 3352 12748 "GET /api/auth/me/ HTTP/1.1" 500 185077
ERROR 2026-04-12 10:37:20 log 3352 15068 "GET /api/events/filtered/ HTTP/1.1" 500 198160
INFO 2026-04-12 10:37:22 log 3352 15068 "GET /map/ HTTP/1.1" 200 18819
ERROR 2026-04-12 10:37:23 log 3352 15068 Internal Server Error: /api/auth/me/
Traceback (most recent call last):
  File "C:\Users\majd9\OneDrive\Desktop\tizahab_project1\tizahab-web\.venv\Lib\site-packages\django\db\backends\utils.py", line 105, in _execute
    return self.cursor.execute(sql, params)
           ~~~~~~~~~~~~~~~~~~~^^^^^^^^^^^^^
  File "C:\Users\majd9\OneDrive\Desktop\tizahab_project1\tizahab-web\.venv\Lib\site-packages\django\db\backends\sqlite3\base.py", line 359, in execute
    return super().execute(query, params)
           ~~~~~~~~~~~~~~~^^^^^^^^^^^^^^^
sqlite3.OperationalError: no such column: accounts_userpreferences.trip_duration

The above exception was the direct cause of the following exception:

Traceback (most recent call last):
  File "C:\Users\majd9\OneDrive\Desktop\tizahab_project1\tizahab-web\.venv\Lib\site-packages\django\core\handlers\exception.py", line 55, in inner
    response = get_response(request)
  File "C:\Users\majd9\OneDrive\Desktop\tizahab_project1\tizahab-web\.venv\Lib\site-packages\django\core\handlers\base.py", line 198, in _get_response
    response = wrapped_callback(request, *callback_args, **callback_kwargs)
  File "C:\Users\majd9\OneDrive\Desktop\tizahab_project1\tizahab-web\.venv\Lib\site-packages\django\views\decorators\csrf.py", line 65, in _view_wrapper
    return view_func(request, *args, **kwargs)
  File "C:\Users\majd9\OneDrive\Desktop\tizahab_project1\tizahab-web\.venv\Lib\site-packages\django\views\generic\base.py", line 106, in view
    return self.dispatch(request, *args, **kwargs)
           ~~~~~~~~~~~~~^^^^^^^^^^^^^^^^^^^^^^^^^^
  File "C:\Users\majd9\OneDrive\Desktop\tizahab_project1\tizahab-web\.venv\Lib\site-packages\rest_framework\views.py", line 515, in dispatch
    response = self.handle_exception(exc)
  File "C:\Users\majd9\OneDrive\Desktop\tizahab_project1\tizahab-web\.venv\Lib\site-packages\rest_framework\views.py", line 475, in handle_exception
    self.raise_uncaught_exception(exc)
    ~~~~~~~~~~~~~~~~~~~~~~~~~~~~~^^^^^
  File "C:\Users\majd9\OneDrive\Desktop\tizahab_project1\tizahab-web\.venv\Lib\site-packages\rest_framework\views.py", line 486, in raise_uncaught_exception
    raise exc
  File "C:\Users\majd9\OneDrive\Desktop\tizahab_project1\tizahab-web\.venv\Lib\site-packages\rest_framework\views.py", line 512, in dispatch
    response = handler(request, *args, **kwargs)
  File "C:\Users\majd9\OneDrive\Desktop\tizahab_project1\tizahab-web\accounts\views.py", line 280, in get
    preferences, _ = UserPreferences.objects.get_or_create(user=user)
                     ~~~~~~~~~~~~~~~~~~~~~~~~~~~~~~~~~~~~~^^^^^^^^^^^
  File "C:\Users\majd9\OneDrive\Desktop\tizahab_project1\tizahab-web\.venv\Lib\site-packages\django\db\models\manager.py", line 87, in manager_method
    return getattr(self.get_queryset(), name)(*args, **kwargs)
           ~~~~~~~~~~~~~~~~~~~~~~~~~~~~~~~~~~^^^^^^^^^^^^^^^^^
  File "C:\Users\majd9\OneDrive\Desktop\tizahab_project1\tizahab-web\.venv\Lib\site-packages\django\db\models\query.py", line 987, in get_or_create
    return self.get(**kwargs), False
           ~~~~~~~~^^^^^^^^^^
  File "C:\Users\majd9\OneDrive\Desktop\tizahab_project1\tizahab-web\.venv\Lib\site-packages\django\db\models\query.py", line 635, in get
    num = len(clone)
  File "C:\Users\majd9\OneDrive\Desktop\tizahab_project1\tizahab-web\.venv\Lib\site-packages\django\db\models\query.py", line 372, in __len__
    self._fetch_all()
    ~~~~~~~~~~~~~~~^^
  File "C:\Users\majd9\OneDrive\Desktop\tizahab_project1\tizahab-web\.venv\Lib\site-packages\django\db\models\query.py", line 2000, in _fetch_all
    self._result_cache = list(self._iterable_class(self))
                         ~~~~^^^^^^^^^^^^^^^^^^^^^^^^^^^^
  File "C:\Users\majd9\OneDrive\Desktop\tizahab_project1\tizahab-web\.venv\Lib\site-packages\django\db\models\query.py", line 95, in __iter__
    results = compiler.execute_sql(
        chunked_fetch=self.chunked_fetch, chunk_size=self.chunk_size
    )
  File "C:\Users\majd9\OneDrive\Desktop\tizahab_project1\tizahab-web\.venv\Lib\site-packages\django\db\models\sql\compiler.py", line 1624, in execute_sql
    cursor.execute(sql, params)
    ~~~~~~~~~~~~~~^^^^^^^^^^^^^
  File "C:\Users\majd9\OneDrive\Desktop\tizahab_project1\tizahab-web\.venv\Lib\site-packages\django\db\backends\utils.py", line 122, in execute
    return super().execute(sql, params)
           ~~~~~~~~~~~~~~~^^^^^^^^^^^^^
  File "C:\Users\majd9\OneDrive\Desktop\tizahab_project1\tizahab-web\.venv\Lib\site-packages\django\db\backends\utils.py", line 79, in execute
    return self._execute_with_wrappers(
           ~~~~~~~~~~~~~~~~~~~~~~~~~~~^
        sql, params, many=False, executor=self._execute
        ^^^^^^^^^^^^^^^^^^^^^^^^^^^^^^^^^^^^^^^^^^^^^^^
    )
    ^
  File "C:\Users\majd9\OneDrive\Desktop\tizahab_project1\tizahab-web\.venv\Lib\site-packages\django\db\backends\utils.py", line 92, in _execute_with_wrappers
    return executor(sql, params, many, context)
  File "C:\Users\majd9\OneDrive\Desktop\tizahab_project1\tizahab-web\.venv\Lib\site-packages\django\db\backends\utils.py", line 100, in _execute
    with self.db.wrap_database_errors:
         ^^^^^^^^^^^^^^^^^^^^^^^^^^^^
  File "C:\Users\majd9\OneDrive\Desktop\tizahab_project1\tizahab-web\.venv\Lib\site-packages\django\db\utils.py", line 94, in __exit__
    raise dj_exc_value.with_traceback(traceback) from exc_value
  File "C:\Users\majd9\OneDrive\Desktop\tizahab_project1\tizahab-web\.venv\Lib\site-packages\django\db\backends\utils.py", line 105, in _execute
    return self.cursor.execute(sql, params)
           ~~~~~~~~~~~~~~~~~~~^^^^^^^^^^^^^
  File "C:\Users\majd9\OneDrive\Desktop\tizahab_project1\tizahab-web\.venv\Lib\site-packages\django\db\backends\sqlite3\base.py", line 359, in execute
    return super().execute(query, params)
           ~~~~~~~~~~~~~~~^^^^^^^^^^^^^^^
django.db.utils.OperationalError: no such column: accounts_userpreferences.trip_duration
ERROR 2026-04-12 10:37:23 log 3352 15068 "GET /api/auth/me/ HTTP/1.1" 500 185076
INFO 2026-04-12 10:37:35 log 3352 15068 "GET /daily-plan/ HTTP/1.1" 200 23236
INFO 2026-04-12 10:37:35 log 3352 15068 "GET /static/js/map.js HTTP/1.1" 304 0
INFO 2026-04-12 10:37:35 log 3352 15068 "GET /static/js/daily_plan_integration.js?v=99 HTTP/1.1" 200 35033
INFO 2026-04-12 10:37:35 log 3352 12748 "GET /api/events/ HTTP/1.1" 200 20634
INFO 2026-04-12 10:37:35 log 3352 20368 "GET /api/events/?category=food HTTP/1.1" 200 15232
INFO 2026-04-12 10:37:35 log 3352 8852 "GET /api/events/?category=outdoor HTTP/1.1" 200 10793
ERROR 2026-04-12 10:37:35 log 3352 15068 Internal Server Error: /api/auth/me/
Traceback (most recent call last):
  File "C:\Users\majd9\OneDrive\Desktop\tizahab_project1\tizahab-web\.venv\Lib\site-packages\django\db\backends\utils.py", line 105, in _execute
    return self.cursor.execute(sql, params)
           ~~~~~~~~~~~~~~~~~~~^^^^^^^^^^^^^
  File "C:\Users\majd9\OneDrive\Desktop\tizahab_project1\tizahab-web\.venv\Lib\site-packages\django\db\backends\sqlite3\base.py", line 359, in execute
    return super().execute(query, params)
           ~~~~~~~~~~~~~~~^^^^^^^^^^^^^^^
sqlite3.OperationalError: no such column: accounts_userpreferences.trip_duration

The above exception was the direct cause of the following exception:

Traceback (most recent call last):
  File "C:\Users\majd9\OneDrive\Desktop\tizahab_project1\tizahab-web\.venv\Lib\site-packages\django\core\handlers\exception.py", line 55, in inner
    response = get_response(request)
  File "C:\Users\majd9\OneDrive\Desktop\tizahab_project1\tizahab-web\.venv\Lib\site-packages\django\core\handlers\base.py", line 198, in _get_response
    response = wrapped_callback(request, *callback_args, **callback_kwargs)
  File "C:\Users\majd9\OneDrive\Desktop\tizahab_project1\tizahab-web\.venv\Lib\site-packages\django\views\decorators\csrf.py", line 65, in _view_wrapper
    return view_func(request, *args, **kwargs)
  File "C:\Users\majd9\OneDrive\Desktop\tizahab_project1\tizahab-web\.venv\Lib\site-packages\django\views\generic\base.py", line 106, in view
    return self.dispatch(request, *args, **kwargs)
           ~~~~~~~~~~~~~^^^^^^^^^^^^^^^^^^^^^^^^^^
  File "C:\Users\majd9\OneDrive\Desktop\tizahab_project1\tizahab-web\.venv\Lib\site-packages\rest_framework\views.py", line 515, in dispatch
    response = self.handle_exception(exc)
  File "C:\Users\majd9\OneDrive\Desktop\tizahab_project1\tizahab-web\.venv\Lib\site-packages\rest_framework\views.py", line 475, in handle_exception
    self.raise_uncaught_exception(exc)
    ~~~~~~~~~~~~~~~~~~~~~~~~~~~~~^^^^^
  File "C:\Users\majd9\OneDrive\Desktop\tizahab_project1\tizahab-web\.venv\Lib\site-packages\rest_framework\views.py", line 486, in raise_uncaught_exception
    raise exc
  File "C:\Users\majd9\OneDrive\Desktop\tizahab_project1\tizahab-web\.venv\Lib\site-packages\rest_framework\views.py", line 512, in dispatch
    response = handler(request, *args, **kwargs)
  File "C:\Users\majd9\OneDrive\Desktop\tizahab_project1\tizahab-web\accounts\views.py", line 280, in get
    preferences, _ = UserPreferences.objects.get_or_create(user=user)
                     ~~~~~~~~~~~~~~~~~~~~~~~~~~~~~~~~~~~~~^^^^^^^^^^^
  File "C:\Users\majd9\OneDrive\Desktop\tizahab_project1\tizahab-web\.venv\Lib\site-packages\django\db\models\manager.py", line 87, in manager_method
    return getattr(self.get_queryset(), name)(*args, **kwargs)
           ~~~~~~~~~~~~~~~~~~~~~~~~~~~~~~~~~~^^^^^^^^^^^^^^^^^
  File "C:\Users\majd9\OneDrive\Desktop\tizahab_project1\tizahab-web\.venv\Lib\site-packages\django\db\models\query.py", line 987, in get_or_create
    return self.get(**kwargs), False
           ~~~~~~~~^^^^^^^^^^
  File "C:\Users\majd9\OneDrive\Desktop\tizahab_project1\tizahab-web\.venv\Lib\site-packages\django\db\models\query.py", line 635, in get
    num = len(clone)
  File "C:\Users\majd9\OneDrive\Desktop\tizahab_project1\tizahab-web\.venv\Lib\site-packages\django\db\models\query.py", line 372, in __len__
    self._fetch_all()
    ~~~~~~~~~~~~~~~^^
  File "C:\Users\majd9\OneDrive\Desktop\tizahab_project1\tizahab-web\.venv\Lib\site-packages\django\db\models\query.py", line 2000, in _fetch_all
    self._result_cache = list(self._iterable_class(self))
                         ~~~~^^^^^^^^^^^^^^^^^^^^^^^^^^^^
  File "C:\Users\majd9\OneDrive\Desktop\tizahab_project1\tizahab-web\.venv\Lib\site-packages\django\db\models\query.py", line 95, in __iter__
    results = compiler.execute_sql(
        chunked_fetch=self.chunked_fetch, chunk_size=self.chunk_size
    )
  File "C:\Users\majd9\OneDrive\Desktop\tizahab_project1\tizahab-web\.venv\Lib\site-packages\django\db\models\sql\compiler.py", line 1624, in execute_sql
    cursor.execute(sql, params)
    ~~~~~~~~~~~~~~^^^^^^^^^^^^^
  File "C:\Users\majd9\OneDrive\Desktop\tizahab_project1\tizahab-web\.venv\Lib\site-packages\django\db\backends\utils.py", line 122, in execute
    return super().execute(sql, params)
           ~~~~~~~~~~~~~~~^^^^^^^^^^^^^
  File "C:\Users\majd9\OneDrive\Desktop\tizahab_project1\tizahab-web\.venv\Lib\site-packages\django\db\backends\utils.py", line 79, in execute
    return self._execute_with_wrappers(
           ~~~~~~~~~~~~~~~~~~~~~~~~~~~^
        sql, params, many=False, executor=self._execute
        ^^^^^^^^^^^^^^^^^^^^^^^^^^^^^^^^^^^^^^^^^^^^^^^
    )
    ^
  File "C:\Users\majd9\OneDrive\Desktop\tizahab_project1\tizahab-web\.venv\Lib\site-packages\django\db\backends\utils.py", line 92, in _execute_with_wrappers
    return executor(sql, params, many, context)
  File "C:\Users\majd9\OneDrive\Desktop\tizahab_project1\tizahab-web\.venv\Lib\site-packages\django\db\backends\utils.py", line 100, in _execute
    with self.db.wrap_database_errors:
         ^^^^^^^^^^^^^^^^^^^^^^^^^^^^
  File "C:\Users\majd9\OneDrive\Desktop\tizahab_project1\tizahab-web\.venv\Lib\site-packages\django\db\utils.py", line 94, in __exit__
    raise dj_exc_value.with_traceback(traceback) from exc_value
  File "C:\Users\majd9\OneDrive\Desktop\tizahab_project1\tizahab-web\.venv\Lib\site-packages\django\db\backends\utils.py", line 105, in _execute
    return self.cursor.execute(sql, params)
           ~~~~~~~~~~~~~~~~~~~^^^^^^^^^^^^^
  File "C:\Users\majd9\OneDrive\Desktop\tizahab_project1\tizahab-web\.venv\Lib\site-packages\django\db\backends\sqlite3\base.py", line 359, in execute
    return super().execute(query, params)
           ~~~~~~~~~~~~~~~^^^^^^^^^^^^^^^
django.db.utils.OperationalError: no such column: accounts_userpreferences.trip_duration
ERROR 2026-04-12 10:37:35 log 3352 15068 "GET /api/auth/me/ HTTP/1.1" 500 185083
ERROR 2026-04-12 10:37:35 log 3352 8852 Internal Server Error: /api/auth/me/
Traceback (most recent call last):
  File "C:\Users\majd9\OneDrive\Desktop\tizahab_project1\tizahab-web\.venv\Lib\site-packages\django\db\backends\utils.py", line 105, in _execute
    return self.cursor.execute(sql, params)
           ~~~~~~~~~~~~~~~~~~~^^^^^^^^^^^^^
  File "C:\Users\majd9\OneDrive\Desktop\tizahab_project1\tizahab-web\.venv\Lib\site-packages\django\db\backends\sqlite3\base.py", line 359, in execute
    return super().execute(query, params)
           ~~~~~~~~~~~~~~~^^^^^^^^^^^^^^^
sqlite3.OperationalError: no such column: accounts_userpreferences.trip_duration

The above exception was the direct cause of the following exception:

Traceback (most recent call last):
  File "C:\Users\majd9\OneDrive\Desktop\tizahab_project1\tizahab-web\.venv\Lib\site-packages\django\core\handlers\exception.py", line 55, in inner
    response = get_response(request)
  File "C:\Users\majd9\OneDrive\Desktop\tizahab_project1\tizahab-web\.venv\Lib\site-packages\django\core\handlers\base.py", line 198, in _get_response
    response = wrapped_callback(request, *callback_args, **callback_kwargs)
  File "C:\Users\majd9\OneDrive\Desktop\tizahab_project1\tizahab-web\.venv\Lib\site-packages\django\views\decorators\csrf.py", line 65, in _view_wrapper
    return view_func(request, *args, **kwargs)
  File "C:\Users\majd9\OneDrive\Desktop\tizahab_project1\tizahab-web\.venv\Lib\site-packages\django\views\generic\base.py", line 106, in view
    return self.dispatch(request, *args, **kwargs)
           ~~~~~~~~~~~~~^^^^^^^^^^^^^^^^^^^^^^^^^^
  File "C:\Users\majd9\OneDrive\Desktop\tizahab_project1\tizahab-web\.venv\Lib\site-packages\rest_framework\views.py", line 515, in dispatch
    response = self.handle_exception(exc)
  File "C:\Users\majd9\OneDrive\Desktop\tizahab_project1\tizahab-web\.venv\Lib\site-packages\rest_framework\views.py", line 475, in handle_exception
    self.raise_uncaught_exception(exc)
    ~~~~~~~~~~~~~~~~~~~~~~~~~~~~~^^^^^
  File "C:\Users\majd9\OneDrive\Desktop\tizahab_project1\tizahab-web\.venv\Lib\site-packages\rest_framework\views.py", line 486, in raise_uncaught_exception
    raise exc
  File "C:\Users\majd9\OneDrive\Desktop\tizahab_project1\tizahab-web\.venv\Lib\site-packages\rest_framework\views.py", line 512, in dispatch
    response = handler(request, *args, **kwargs)
  File "C:\Users\majd9\OneDrive\Desktop\tizahab_project1\tizahab-web\accounts\views.py", line 280, in get
    preferences, _ = UserPreferences.objects.get_or_create(user=user)
                     ~~~~~~~~~~~~~~~~~~~~~~~~~~~~~~~~~~~~~^^^^^^^^^^^
  File "C:\Users\majd9\OneDrive\Desktop\tizahab_project1\tizahab-web\.venv\Lib\site-packages\django\db\models\manager.py", line 87, in manager_method
    return getattr(self.get_queryset(), name)(*args, **kwargs)
           ~~~~~~~~~~~~~~~~~~~~~~~~~~~~~~~~~~^^^^^^^^^^^^^^^^^
  File "C:\Users\majd9\OneDrive\Desktop\tizahab_project1\tizahab-web\.venv\Lib\site-packages\django\db\models\query.py", line 987, in get_or_create
    return self.get(**kwargs), False
           ~~~~~~~~^^^^^^^^^^
  File "C:\Users\majd9\OneDrive\Desktop\tizahab_project1\tizahab-web\.venv\Lib\site-packages\django\db\models\query.py", line 635, in get
    num = len(clone)
  File "C:\Users\majd9\OneDrive\Desktop\tizahab_project1\tizahab-web\.venv\Lib\site-packages\django\db\models\query.py", line 372, in __len__
    self._fetch_all()
    ~~~~~~~~~~~~~~~^^
  File "C:\Users\majd9\OneDrive\Desktop\tizahab_project1\tizahab-web\.venv\Lib\site-packages\django\db\models\query.py", line 2000, in _fetch_all
    self._result_cache = list(self._iterable_class(self))
                         ~~~~^^^^^^^^^^^^^^^^^^^^^^^^^^^^
  File "C:\Users\majd9\OneDrive\Desktop\tizahab_project1\tizahab-web\.venv\Lib\site-packages\django\db\models\query.py", line 95, in __iter__
    results = compiler.execute_sql(
        chunked_fetch=self.chunked_fetch, chunk_size=self.chunk_size
    )
  File "C:\Users\majd9\OneDrive\Desktop\tizahab_project1\tizahab-web\.venv\Lib\site-packages\django\db\models\sql\compiler.py", line 1624, in execute_sql
    cursor.execute(sql, params)
    ~~~~~~~~~~~~~~^^^^^^^^^^^^^
  File "C:\Users\majd9\OneDrive\Desktop\tizahab_project1\tizahab-web\.venv\Lib\site-packages\django\db\backends\utils.py", line 122, in execute
    return super().execute(sql, params)
           ~~~~~~~~~~~~~~~^^^^^^^^^^^^^
  File "C:\Users\majd9\OneDrive\Desktop\tizahab_project1\tizahab-web\.venv\Lib\site-packages\django\db\backends\utils.py", line 79, in execute
    return self._execute_with_wrappers(
           ~~~~~~~~~~~~~~~~~~~~~~~~~~~^
        sql, params, many=False, executor=self._execute
        ^^^^^^^^^^^^^^^^^^^^^^^^^^^^^^^^^^^^^^^^^^^^^^^
    )
    ^
  File "C:\Users\majd9\OneDrive\Desktop\tizahab_project1\tizahab-web\.venv\Lib\site-packages\django\db\backends\utils.py", line 92, in _execute_with_wrappers
    return executor(sql, params, many, context)
  File "C:\Users\majd9\OneDrive\Desktop\tizahab_project1\tizahab-web\.venv\Lib\site-packages\django\db\backends\utils.py", line 100, in _execute
    with self.db.wrap_database_errors:
         ^^^^^^^^^^^^^^^^^^^^^^^^^^^^
  File "C:\Users\majd9\OneDrive\Desktop\tizahab_project1\tizahab-web\.venv\Lib\site-packages\django\db\utils.py", line 94, in __exit__
    raise dj_exc_value.with_traceback(traceback) from exc_value
  File "C:\Users\majd9\OneDrive\Desktop\tizahab_project1\tizahab-web\.venv\Lib\site-packages\django\db\backends\utils.py", line 105, in _execute
    return self.cursor.execute(sql, params)
           ~~~~~~~~~~~~~~~~~~~^^^^^^^^^^^^^
  File "C:\Users\majd9\OneDrive\Desktop\tizahab_project1\tizahab-web\.venv\Lib\site-packages\django\db\backends\sqlite3\base.py", line 359, in execute
    return super().execute(query, params)
           ~~~~~~~~~~~~~~~^^^^^^^^^^^^^^^
django.db.utils.OperationalError: no such column: accounts_userpreferences.trip_duration
ERROR 2026-04-12 10:37:35 log 3352 8852 "GET /api/auth/me/ HTTP/1.1" 500 185083
INFO 2026-04-12 10:37:35 log 3352 15068 "GET /api/daily-plan/ HTTP/1.1" 200 17473
INFO 2026-04-12 10:37:39 log 3352 15068 "GET /events/page/ HTTP/1.1" 200 24387
INFO 2026-04-12 10:37:39 log 3352 15068 "GET /static/js/events.js HTTP/1.1" 200 29092
INFO 2026-04-12 10:37:39 log 3352 8852 "GET /api/events/favorites/ HTTP/1.1" 200 2
ERROR 2026-04-12 10:37:39 log 3352 15068 Internal Server Error: /api/auth/me/
Traceback (most recent call last):
  File "C:\Users\majd9\OneDrive\Desktop\tizahab_project1\tizahab-web\.venv\Lib\site-packages\django\db\backends\utils.py", line 105, in _execute
    return self.cursor.execute(sql, params)
           ~~~~~~~~~~~~~~~~~~~^^^^^^^^^^^^^
  File "C:\Users\majd9\OneDrive\Desktop\tizahab_project1\tizahab-web\.venv\Lib\site-packages\django\db\backends\sqlite3\base.py", line 359, in execute
    return super().execute(query, params)
           ~~~~~~~~~~~~~~~^^^^^^^^^^^^^^^
sqlite3.OperationalError: no such column: accounts_userpreferences.trip_duration

The above exception was the direct cause of the following exception:

Traceback (most recent call last):
  File "C:\Users\majd9\OneDrive\Desktop\tizahab_project1\tizahab-web\.venv\Lib\site-packages\django\core\handlers\exception.py", line 55, in inner
    response = get_response(request)
  File "C:\Users\majd9\OneDrive\Desktop\tizahab_project1\tizahab-web\.venv\Lib\site-packages\django\core\handlers\base.py", line 198, in _get_response
    response = wrapped_callback(request, *callback_args, **callback_kwargs)
  File "C:\Users\majd9\OneDrive\Desktop\tizahab_project1\tizahab-web\.venv\Lib\site-packages\django\views\decorators\csrf.py", line 65, in _view_wrapper
    return view_func(request, *args, **kwargs)
  File "C:\Users\majd9\OneDrive\Desktop\tizahab_project1\tizahab-web\.venv\Lib\site-packages\django\views\generic\base.py", line 106, in view
    return self.dispatch(request, *args, **kwargs)
           ~~~~~~~~~~~~~^^^^^^^^^^^^^^^^^^^^^^^^^^
  File "C:\Users\majd9\OneDrive\Desktop\tizahab_project1\tizahab-web\.venv\Lib\site-packages\rest_framework\views.py", line 515, in dispatch
    response = self.handle_exception(exc)
  File "C:\Users\majd9\OneDrive\Desktop\tizahab_project1\tizahab-web\.venv\Lib\site-packages\rest_framework\views.py", line 475, in handle_exception
    self.raise_uncaught_exception(exc)
    ~~~~~~~~~~~~~~~~~~~~~~~~~~~~~^^^^^
  File "C:\Users\majd9\OneDrive\Desktop\tizahab_project1\tizahab-web\.venv\Lib\site-packages\rest_framework\views.py", line 486, in raise_uncaught_exception
    raise exc
  File "C:\Users\majd9\OneDrive\Desktop\tizahab_project1\tizahab-web\.venv\Lib\site-packages\rest_framework\views.py", line 512, in dispatch
    response = handler(request, *args, **kwargs)
  File "C:\Users\majd9\OneDrive\Desktop\tizahab_project1\tizahab-web\accounts\views.py", line 280, in get
    preferences, _ = UserPreferences.objects.get_or_create(user=user)
                     ~~~~~~~~~~~~~~~~~~~~~~~~~~~~~~~~~~~~~^^^^^^^^^^^
  File "C:\Users\majd9\OneDrive\Desktop\tizahab_project1\tizahab-web\.venv\Lib\site-packages\django\db\models\manager.py", line 87, in manager_method
    return getattr(self.get_queryset(), name)(*args, **kwargs)
           ~~~~~~~~~~~~~~~~~~~~~~~~~~~~~~~~~~^^^^^^^^^^^^^^^^^
  File "C:\Users\majd9\OneDrive\Desktop\tizahab_project1\tizahab-web\.venv\Lib\site-packages\django\db\models\query.py", line 987, in get_or_create
    return self.get(**kwargs), False
           ~~~~~~~~^^^^^^^^^^
  File "C:\Users\majd9\OneDrive\Desktop\tizahab_project1\tizahab-web\.venv\Lib\site-packages\django\db\models\query.py", line 635, in get
    num = len(clone)
  File "C:\Users\majd9\OneDrive\Desktop\tizahab_project1\tizahab-web\.venv\Lib\site-packages\django\db\models\query.py", line 372, in __len__
    self._fetch_all()
    ~~~~~~~~~~~~~~~^^
  File "C:\Users\majd9\OneDrive\Desktop\tizahab_project1\tizahab-web\.venv\Lib\site-packages\django\db\models\query.py", line 2000, in _fetch_all
    self._result_cache = list(self._iterable_class(self))
                         ~~~~^^^^^^^^^^^^^^^^^^^^^^^^^^^^
  File "C:\Users\majd9\OneDrive\Desktop\tizahab_project1\tizahab-web\.venv\Lib\site-packages\django\db\models\query.py", line 95, in __iter__
    results = compiler.execute_sql(
        chunked_fetch=self.chunked_fetch, chunk_size=self.chunk_size
    )
  File "C:\Users\majd9\OneDrive\Desktop\tizahab_project1\tizahab-web\.venv\Lib\site-packages\django\db\models\sql\compiler.py", line 1624, in execute_sql
    cursor.execute(sql, params)
    ~~~~~~~~~~~~~~^^^^^^^^^^^^^
  File "C:\Users\majd9\OneDrive\Desktop\tizahab_project1\tizahab-web\.venv\Lib\site-packages\django\db\backends\utils.py", line 122, in execute
    return super().execute(sql, params)
           ~~~~~~~~~~~~~~~^^^^^^^^^^^^^
  File "C:\Users\majd9\OneDrive\Desktop\tizahab_project1\tizahab-web\.venv\Lib\site-packages\django\db\backends\utils.py", line 79, in execute
    return self._execute_with_wrappers(
           ~~~~~~~~~~~~~~~~~~~~~~~~~~~^
        sql, params, many=False, executor=self._execute
        ^^^^^^^^^^^^^^^^^^^^^^^^^^^^^^^^^^^^^^^^^^^^^^^
    )
    ^
  File "C:\Users\majd9\OneDrive\Desktop\tizahab_project1\tizahab-web\.venv\Lib\site-packages\django\db\backends\utils.py", line 92, in _execute_with_wrappers
    return executor(sql, params, many, context)
  File "C:\Users\majd9\OneDrive\Desktop\tizahab_project1\tizahab-web\.venv\Lib\site-packages\django\db\backends\utils.py", line 100, in _execute
    with self.db.wrap_database_errors:
         ^^^^^^^^^^^^^^^^^^^^^^^^^^^^
  File "C:\Users\majd9\OneDrive\Desktop\tizahab_project1\tizahab-web\.venv\Lib\site-packages\django\db\utils.py", line 94, in __exit__
    raise dj_exc_value.with_traceback(traceback) from exc_value
  File "C:\Users\majd9\OneDrive\Desktop\tizahab_project1\tizahab-web\.venv\Lib\site-packages\django\db\backends\utils.py", line 105, in _execute
    return self.cursor.execute(sql, params)
           ~~~~~~~~~~~~~~~~~~~^^^^^^^^^^^^^
  File "C:\Users\majd9\OneDrive\Desktop\tizahab_project1\tizahab-web\.venv\Lib\site-packages\django\db\backends\sqlite3\base.py", line 359, in execute
    return super().execute(query, params)
           ~~~~~~~~~~~~~~~^^^^^^^^^^^^^^^
django.db.utils.OperationalError: no such column: accounts_userpreferences.trip_duration
ERROR 2026-04-12 10:37:39 log 3352 15068 "GET /api/auth/me/ HTTP/1.1" 500 185084
INFO 2026-04-12 10:37:39 log 3352 8852 "GET /api/events/ HTTP/1.1" 200 20634
INFO 2026-04-12 10:37:46 log 3352 8852 "GET /daily-plan/ HTTP/1.1" 200 23236
INFO 2026-04-12 10:37:46 log 3352 15068 "GET /api/events/?category=food HTTP/1.1" 200 15232
INFO 2026-04-12 10:37:46 log 3352 12748 "GET /api/events/?category=outdoor HTTP/1.1" 200 10793
INFO 2026-04-12 10:37:46 log 3352 20368 "GET /api/events/ HTTP/1.1" 200 20634
ERROR 2026-04-12 10:37:46 log 3352 8852 Internal Server Error: /api/auth/me/
Traceback (most recent call last):
  File "C:\Users\majd9\OneDrive\Desktop\tizahab_project1\tizahab-web\.venv\Lib\site-packages\django\db\backends\utils.py", line 105, in _execute
    return self.cursor.execute(sql, params)
           ~~~~~~~~~~~~~~~~~~~^^^^^^^^^^^^^
  File "C:\Users\majd9\OneDrive\Desktop\tizahab_project1\tizahab-web\.venv\Lib\site-packages\django\db\backends\sqlite3\base.py", line 359, in execute
    return super().execute(query, params)
           ~~~~~~~~~~~~~~~^^^^^^^^^^^^^^^
sqlite3.OperationalError: no such column: accounts_userpreferences.trip_duration

The above exception was the direct cause of the following exception:

Traceback (most recent call last):
  File "C:\Users\majd9\OneDrive\Desktop\tizahab_project1\tizahab-web\.venv\Lib\site-packages\django\core\handlers\exception.py", line 55, in inner
    response = get_response(request)
  File "C:\Users\majd9\OneDrive\Desktop\tizahab_project1\tizahab-web\.venv\Lib\site-packages\django\core\handlers\base.py", line 198, in _get_response
    response = wrapped_callback(request, *callback_args, **callback_kwargs)
  File "C:\Users\majd9\OneDrive\Desktop\tizahab_project1\tizahab-web\.venv\Lib\site-packages\django\views\decorators\csrf.py", line 65, in _view_wrapper
    return view_func(request, *args, **kwargs)
  File "C:\Users\majd9\OneDrive\Desktop\tizahab_project1\tizahab-web\.venv\Lib\site-packages\django\views\generic\base.py", line 106, in view
    return self.dispatch(request, *args, **kwargs)
           ~~~~~~~~~~~~~^^^^^^^^^^^^^^^^^^^^^^^^^^
  File "C:\Users\majd9\OneDrive\Desktop\tizahab_project1\tizahab-web\.venv\Lib\site-packages\rest_framework\views.py", line 515, in dispatch
    response = self.handle_exception(exc)
  File "C:\Users\majd9\OneDrive\Desktop\tizahab_project1\tizahab-web\.venv\Lib\site-packages\rest_framework\views.py", line 475, in handle_exception
    self.raise_uncaught_exception(exc)
    ~~~~~~~~~~~~~~~~~~~~~~~~~~~~~^^^^^
  File "C:\Users\majd9\OneDrive\Desktop\tizahab_project1\tizahab-web\.venv\Lib\site-packages\rest_framework\views.py", line 486, in raise_uncaught_exception
    raise exc
  File "C:\Users\majd9\OneDrive\Desktop\tizahab_project1\tizahab-web\.venv\Lib\site-packages\rest_framework\views.py", line 512, in dispatch
    response = handler(request, *args, **kwargs)
  File "C:\Users\majd9\OneDrive\Desktop\tizahab_project1\tizahab-web\accounts\views.py", line 280, in get
    preferences, _ = UserPreferences.objects.get_or_create(user=user)
                     ~~~~~~~~~~~~~~~~~~~~~~~~~~~~~~~~~~~~~^^^^^^^^^^^
  File "C:\Users\majd9\OneDrive\Desktop\tizahab_project1\tizahab-web\.venv\Lib\site-packages\django\db\models\manager.py", line 87, in manager_method
    return getattr(self.get_queryset(), name)(*args, **kwargs)
           ~~~~~~~~~~~~~~~~~~~~~~~~~~~~~~~~~~^^^^^^^^^^^^^^^^^
  File "C:\Users\majd9\OneDrive\Desktop\tizahab_project1\tizahab-web\.venv\Lib\site-packages\django\db\models\query.py", line 987, in get_or_create
    return self.get(**kwargs), False
           ~~~~~~~~^^^^^^^^^^
  File "C:\Users\majd9\OneDrive\Desktop\tizahab_project1\tizahab-web\.venv\Lib\site-packages\django\db\models\query.py", line 635, in get
    num = len(clone)
  File "C:\Users\majd9\OneDrive\Desktop\tizahab_project1\tizahab-web\.venv\Lib\site-packages\django\db\models\query.py", line 372, in __len__
    self._fetch_all()
    ~~~~~~~~~~~~~~~^^
  File "C:\Users\majd9\OneDrive\Desktop\tizahab_project1\tizahab-web\.venv\Lib\site-packages\django\db\models\query.py", line 2000, in _fetch_all
    self._result_cache = list(self._iterable_class(self))
                         ~~~~^^^^^^^^^^^^^^^^^^^^^^^^^^^^
  File "C:\Users\majd9\OneDrive\Desktop\tizahab_project1\tizahab-web\.venv\Lib\site-packages\django\db\models\query.py", line 95, in __iter__
    results = compiler.execute_sql(
        chunked_fetch=self.chunked_fetch, chunk_size=self.chunk_size
    )
  File "C:\Users\majd9\OneDrive\Desktop\tizahab_project1\tizahab-web\.venv\Lib\site-packages\django\db\models\sql\compiler.py", line 1624, in execute_sql
    cursor.execute(sql, params)
    ~~~~~~~~~~~~~~^^^^^^^^^^^^^
  File "C:\Users\majd9\OneDrive\Desktop\tizahab_project1\tizahab-web\.venv\Lib\site-packages\django\db\backends\utils.py", line 122, in execute
    return super().execute(sql, params)
           ~~~~~~~~~~~~~~~^^^^^^^^^^^^^
  File "C:\Users\majd9\OneDrive\Desktop\tizahab_project1\tizahab-web\.venv\Lib\site-packages\django\db\backends\utils.py", line 79, in execute
    return self._execute_with_wrappers(
           ~~~~~~~~~~~~~~~~~~~~~~~~~~~^
        sql, params, many=False, executor=self._execute
        ^^^^^^^^^^^^^^^^^^^^^^^^^^^^^^^^^^^^^^^^^^^^^^^
    )
    ^
  File "C:\Users\majd9\OneDrive\Desktop\tizahab_project1\tizahab-web\.venv\Lib\site-packages\django\db\backends\utils.py", line 92, in _execute_with_wrappers
    return executor(sql, params, many, context)
  File "C:\Users\majd9\OneDrive\Desktop\tizahab_project1\tizahab-web\.venv\Lib\site-packages\django\db\backends\utils.py", line 100, in _execute
    with self.db.wrap_database_errors:
         ^^^^^^^^^^^^^^^^^^^^^^^^^^^^
  File "C:\Users\majd9\OneDrive\Desktop\tizahab_project1\tizahab-web\.venv\Lib\site-packages\django\db\utils.py", line 94, in __exit__
    raise dj_exc_value.with_traceback(traceback) from exc_value
  File "C:\Users\majd9\OneDrive\Desktop\tizahab_project1\tizahab-web\.venv\Lib\site-packages\django\db\backends\utils.py", line 105, in _execute
    return self.cursor.execute(sql, params)
           ~~~~~~~~~~~~~~~~~~~^^^^^^^^^^^^^
  File "C:\Users\majd9\OneDrive\Desktop\tizahab_project1\tizahab-web\.venv\Lib\site-packages\django\db\backends\sqlite3\base.py", line 359, in execute
    return super().execute(query, params)
           ~~~~~~~~~~~~~~~^^^^^^^^^^^^^^^
django.db.utils.OperationalError: no such column: accounts_userpreferences.trip_duration
ERROR 2026-04-12 10:37:46 log 3352 8852 "GET /api/auth/me/ HTTP/1.1" 500 185083
ERROR 2026-04-12 10:37:46 log 3352 20368 Internal Server Error: /api/auth/me/
Traceback (most recent call last):
  File "C:\Users\majd9\OneDrive\Desktop\tizahab_project1\tizahab-web\.venv\Lib\site-packages\django\db\backends\utils.py", line 105, in _execute
    return self.cursor.execute(sql, params)
           ~~~~~~~~~~~~~~~~~~~^^^^^^^^^^^^^
  File "C:\Users\majd9\OneDrive\Desktop\tizahab_project1\tizahab-web\.venv\Lib\site-packages\django\db\backends\sqlite3\base.py", line 359, in execute
    return super().execute(query, params)
           ~~~~~~~~~~~~~~~^^^^^^^^^^^^^^^
sqlite3.OperationalError: no such column: accounts_userpreferences.trip_duration

The above exception was the direct cause of the following exception:

Traceback (most recent call last):
  File "C:\Users\majd9\OneDrive\Desktop\tizahab_project1\tizahab-web\.venv\Lib\site-packages\django\core\handlers\exception.py", line 55, in inner
    response = get_response(request)
  File "C:\Users\majd9\OneDrive\Desktop\tizahab_project1\tizahab-web\.venv\Lib\site-packages\django\core\handlers\base.py", line 198, in _get_response
    response = wrapped_callback(request, *callback_args, **callback_kwargs)
  File "C:\Users\majd9\OneDrive\Desktop\tizahab_project1\tizahab-web\.venv\Lib\site-packages\django\views\decorators\csrf.py", line 65, in _view_wrapper
    return view_func(request, *args, **kwargs)
  File "C:\Users\majd9\OneDrive\Desktop\tizahab_project1\tizahab-web\.venv\Lib\site-packages\django\views\generic\base.py", line 106, in view
    return self.dispatch(request, *args, **kwargs)
           ~~~~~~~~~~~~~^^^^^^^^^^^^^^^^^^^^^^^^^^
  File "C:\Users\majd9\OneDrive\Desktop\tizahab_project1\tizahab-web\.venv\Lib\site-packages\rest_framework\views.py", line 515, in dispatch
    response = self.handle_exception(exc)
  File "C:\Users\majd9\OneDrive\Desktop\tizahab_project1\tizahab-web\.venv\Lib\site-packages\rest_framework\views.py", line 475, in handle_exception
    self.raise_uncaught_exception(exc)
    ~~~~~~~~~~~~~~~~~~~~~~~~~~~~~^^^^^
  File "C:\Users\majd9\OneDrive\Desktop\tizahab_project1\tizahab-web\.venv\Lib\site-packages\rest_framework\views.py", line 486, in raise_uncaught_exception
    raise exc
  File "C:\Users\majd9\OneDrive\Desktop\tizahab_project1\tizahab-web\.venv\Lib\site-packages\rest_framework\views.py", line 512, in dispatch
    response = handler(request, *args, **kwargs)
  File "C:\Users\majd9\OneDrive\Desktop\tizahab_project1\tizahab-web\accounts\views.py", line 280, in get
    preferences, _ = UserPreferences.objects.get_or_create(user=user)
                     ~~~~~~~~~~~~~~~~~~~~~~~~~~~~~~~~~~~~~^^^^^^^^^^^
  File "C:\Users\majd9\OneDrive\Desktop\tizahab_project1\tizahab-web\.venv\Lib\site-packages\django\db\models\manager.py", line 87, in manager_method
    return getattr(self.get_queryset(), name)(*args, **kwargs)
           ~~~~~~~~~~~~~~~~~~~~~~~~~~~~~~~~~~^^^^^^^^^^^^^^^^^
  File "C:\Users\majd9\OneDrive\Desktop\tizahab_project1\tizahab-web\.venv\Lib\site-packages\django\db\models\query.py", line 987, in get_or_create
    return self.get(**kwargs), False
           ~~~~~~~~^^^^^^^^^^
  File "C:\Users\majd9\OneDrive\Desktop\tizahab_project1\tizahab-web\.venv\Lib\site-packages\django\db\models\query.py", line 635, in get
    num = len(clone)
  File "C:\Users\majd9\OneDrive\Desktop\tizahab_project1\tizahab-web\.venv\Lib\site-packages\django\db\models\query.py", line 372, in __len__
    self._fetch_all()
    ~~~~~~~~~~~~~~~^^
  File "C:\Users\majd9\OneDrive\Desktop\tizahab_project1\tizahab-web\.venv\Lib\site-packages\django\db\models\query.py", line 2000, in _fetch_all
    self._result_cache = list(self._iterable_class(self))
                         ~~~~^^^^^^^^^^^^^^^^^^^^^^^^^^^^
  File "C:\Users\majd9\OneDrive\Desktop\tizahab_project1\tizahab-web\.venv\Lib\site-packages\django\db\models\query.py", line 95, in __iter__
    results = compiler.execute_sql(
        chunked_fetch=self.chunked_fetch, chunk_size=self.chunk_size
    )
  File "C:\Users\majd9\OneDrive\Desktop\tizahab_project1\tizahab-web\.venv\Lib\site-packages\django\db\models\sql\compiler.py", line 1624, in execute_sql
    cursor.execute(sql, params)
    ~~~~~~~~~~~~~~^^^^^^^^^^^^^
  File "C:\Users\majd9\OneDrive\Desktop\tizahab_project1\tizahab-web\.venv\Lib\site-packages\django\db\backends\utils.py", line 122, in execute
    return super().execute(sql, params)
           ~~~~~~~~~~~~~~~^^^^^^^^^^^^^
  File "C:\Users\majd9\OneDrive\Desktop\tizahab_project1\tizahab-web\.venv\Lib\site-packages\django\db\backends\utils.py", line 79, in execute
    return self._execute_with_wrappers(
           ~~~~~~~~~~~~~~~~~~~~~~~~~~~^
        sql, params, many=False, executor=self._execute
        ^^^^^^^^^^^^^^^^^^^^^^^^^^^^^^^^^^^^^^^^^^^^^^^
    )
    ^
  File "C:\Users\majd9\OneDrive\Desktop\tizahab_project1\tizahab-web\.venv\Lib\site-packages\django\db\backends\utils.py", line 92, in _execute_with_wrappers
    return executor(sql, params, many, context)
  File "C:\Users\majd9\OneDrive\Desktop\tizahab_project1\tizahab-web\.venv\Lib\site-packages\django\db\backends\utils.py", line 100, in _execute
    with self.db.wrap_database_errors:
         ^^^^^^^^^^^^^^^^^^^^^^^^^^^^
  File "C:\Users\majd9\OneDrive\Desktop\tizahab_project1\tizahab-web\.venv\Lib\site-packages\django\db\utils.py", line 94, in __exit__
    raise dj_exc_value.with_traceback(traceback) from exc_value
  File "C:\Users\majd9\OneDrive\Desktop\tizahab_project1\tizahab-web\.venv\Lib\site-packages\django\db\backends\utils.py", line 105, in _execute
    return self.cursor.execute(sql, params)
           ~~~~~~~~~~~~~~~~~~~^^^^^^^^^^^^^
  File "C:\Users\majd9\OneDrive\Desktop\tizahab_project1\tizahab-web\.venv\Lib\site-packages\django\db\backends\sqlite3\base.py", line 359, in execute
    return super().execute(query, params)
           ~~~~~~~~~~~~~~~^^^^^^^^^^^^^^^
django.db.utils.OperationalError: no such column: accounts_userpreferences.trip_duration
ERROR 2026-04-12 10:37:46 log 3352 20368 "GET /api/auth/me/ HTTP/1.1" 500 185083
INFO 2026-04-12 10:37:46 log 3352 20368 "GET /api/daily-plan/ HTTP/1.1" 200 17473
INFO 2026-04-12 10:38:41 log 3352 20368 "GET /events/page/ HTTP/1.1" 200 24387
INFO 2026-04-12 10:38:43 log 3352 8852 "GET /api/events/favorites/ HTTP/1.1" 200 2
ERROR 2026-04-12 10:38:43 log 3352 20368 Internal Server Error: /api/auth/me/
Traceback (most recent call last):
  File "C:\Users\majd9\OneDrive\Desktop\tizahab_project1\tizahab-web\.venv\Lib\site-packages\django\db\backends\utils.py", line 105, in _execute
    return self.cursor.execute(sql, params)
           ~~~~~~~~~~~~~~~~~~~^^^^^^^^^^^^^
  File "C:\Users\majd9\OneDrive\Desktop\tizahab_project1\tizahab-web\.venv\Lib\site-packages\django\db\backends\sqlite3\base.py", line 359, in execute
    return super().execute(query, params)
           ~~~~~~~~~~~~~~~^^^^^^^^^^^^^^^
sqlite3.OperationalError: no such column: accounts_userpreferences.trip_duration

The above exception was the direct cause of the following exception:

Traceback (most recent call last):
  File "C:\Users\majd9\OneDrive\Desktop\tizahab_project1\tizahab-web\.venv\Lib\site-packages\django\core\handlers\exception.py", line 55, in inner
    response = get_response(request)
  File "C:\Users\majd9\OneDrive\Desktop\tizahab_project1\tizahab-web\.venv\Lib\site-packages\django\core\handlers\base.py", line 198, in _get_response
    response = wrapped_callback(request, *callback_args, **callback_kwargs)
  File "C:\Users\majd9\OneDrive\Desktop\tizahab_project1\tizahab-web\.venv\Lib\site-packages\django\views\decorators\csrf.py", line 65, in _view_wrapper
    return view_func(request, *args, **kwargs)
  File "C:\Users\majd9\OneDrive\Desktop\tizahab_project1\tizahab-web\.venv\Lib\site-packages\django\views\generic\base.py", line 106, in view
    return self.dispatch(request, *args, **kwargs)
           ~~~~~~~~~~~~~^^^^^^^^^^^^^^^^^^^^^^^^^^
  File "C:\Users\majd9\OneDrive\Desktop\tizahab_project1\tizahab-web\.venv\Lib\site-packages\rest_framework\views.py", line 515, in dispatch
    response = self.handle_exception(exc)
  File "C:\Users\majd9\OneDrive\Desktop\tizahab_project1\tizahab-web\.venv\Lib\site-packages\rest_framework\views.py", line 475, in handle_exception
    self.raise_uncaught_exception(exc)
    ~~~~~~~~~~~~~~~~~~~~~~~~~~~~~^^^^^
  File "C:\Users\majd9\OneDrive\Desktop\tizahab_project1\tizahab-web\.venv\Lib\site-packages\rest_framework\views.py", line 486, in raise_uncaught_exception
    raise exc
  File "C:\Users\majd9\OneDrive\Desktop\tizahab_project1\tizahab-web\.venv\Lib\site-packages\rest_framework\views.py", line 512, in dispatch
    response = handler(request, *args, **kwargs)
  File "C:\Users\majd9\OneDrive\Desktop\tizahab_project1\tizahab-web\accounts\views.py", line 280, in get
    preferences, _ = UserPreferences.objects.get_or_create(user=user)
                     ~~~~~~~~~~~~~~~~~~~~~~~~~~~~~~~~~~~~~^^^^^^^^^^^
  File "C:\Users\majd9\OneDrive\Desktop\tizahab_project1\tizahab-web\.venv\Lib\site-packages\django\db\models\manager.py", line 87, in manager_method
    return getattr(self.get_queryset(), name)(*args, **kwargs)
           ~~~~~~~~~~~~~~~~~~~~~~~~~~~~~~~~~~^^^^^^^^^^^^^^^^^
  File "C:\Users\majd9\OneDrive\Desktop\tizahab_project1\tizahab-web\.venv\Lib\site-packages\django\db\models\query.py", line 987, in get_or_create
    return self.get(**kwargs), False
           ~~~~~~~~^^^^^^^^^^
  File "C:\Users\majd9\OneDrive\Desktop\tizahab_project1\tizahab-web\.venv\Lib\site-packages\django\db\models\query.py", line 635, in get
    num = len(clone)
  File "C:\Users\majd9\OneDrive\Desktop\tizahab_project1\tizahab-web\.venv\Lib\site-packages\django\db\models\query.py", line 372, in __len__
    self._fetch_all()
    ~~~~~~~~~~~~~~~^^
  File "C:\Users\majd9\OneDrive\Desktop\tizahab_project1\tizahab-web\.venv\Lib\site-packages\django\db\models\query.py", line 2000, in _fetch_all
    self._result_cache = list(self._iterable_class(self))
                         ~~~~^^^^^^^^^^^^^^^^^^^^^^^^^^^^
  File "C:\Users\majd9\OneDrive\Desktop\tizahab_project1\tizahab-web\.venv\Lib\site-packages\django\db\models\query.py", line 95, in __iter__
    results = compiler.execute_sql(
        chunked_fetch=self.chunked_fetch, chunk_size=self.chunk_size
    )
  File "C:\Users\majd9\OneDrive\Desktop\tizahab_project1\tizahab-web\.venv\Lib\site-packages\django\db\models\sql\compiler.py", line 1624, in execute_sql
    cursor.execute(sql, params)
    ~~~~~~~~~~~~~~^^^^^^^^^^^^^
  File "C:\Users\majd9\OneDrive\Desktop\tizahab_project1\tizahab-web\.venv\Lib\site-packages\django\db\backends\utils.py", line 122, in execute
    return super().execute(sql, params)
           ~~~~~~~~~~~~~~~^^^^^^^^^^^^^
  File "C:\Users\majd9\OneDrive\Desktop\tizahab_project1\tizahab-web\.venv\Lib\site-packages\django\db\backends\utils.py", line 79, in execute
    return self._execute_with_wrappers(
           ~~~~~~~~~~~~~~~~~~~~~~~~~~~^
        sql, params, many=False, executor=self._execute
        ^^^^^^^^^^^^^^^^^^^^^^^^^^^^^^^^^^^^^^^^^^^^^^^
    )
    ^
  File "C:\Users\majd9\OneDrive\Desktop\tizahab_project1\tizahab-web\.venv\Lib\site-packages\django\db\backends\utils.py", line 92, in _execute_with_wrappers
    return executor(sql, params, many, context)
  File "C:\Users\majd9\OneDrive\Desktop\tizahab_project1\tizahab-web\.venv\Lib\site-packages\django\db\backends\utils.py", line 100, in _execute
    with self.db.wrap_database_errors:
         ^^^^^^^^^^^^^^^^^^^^^^^^^^^^
  File "C:\Users\majd9\OneDrive\Desktop\tizahab_project1\tizahab-web\.venv\Lib\site-packages\django\db\utils.py", line 94, in __exit__
    raise dj_exc_value.with_traceback(traceback) from exc_value
  File "C:\Users\majd9\OneDrive\Desktop\tizahab_project1\tizahab-web\.venv\Lib\site-packages\django\db\backends\utils.py", line 105, in _execute
    return self.cursor.execute(sql, params)
           ~~~~~~~~~~~~~~~~~~~^^^^^^^^^^^^^
  File "C:\Users\majd9\OneDrive\Desktop\tizahab_project1\tizahab-web\.venv\Lib\site-packages\django\db\backends\sqlite3\base.py", line 359, in execute
    return super().execute(query, params)
           ~~~~~~~~~~~~~~~^^^^^^^^^^^^^^^
django.db.utils.OperationalError: no such column: accounts_userpreferences.trip_duration
ERROR 2026-04-12 10:38:43 log 3352 20368 "GET /api/auth/me/ HTTP/1.1" 500 185084
INFO 2026-04-12 10:38:43 log 3352 20368 "GET /api/events/ HTTP/1.1" 200 20634
INFO 2026-04-12 10:38:45 log 3352 20368 "GET /daily-plan/ HTTP/1.1" 200 23236
INFO 2026-04-12 10:38:45 log 3352 20368 "GET /static/js/daily_plan_integration.js?v=99 HTTP/1.1" 304 0
INFO 2026-04-12 10:38:46 log 3352 8852 "GET /api/events/?category=food HTTP/1.1" 200 15232
INFO 2026-04-12 10:38:46 log 3352 12748 "GET /api/events/?category=outdoor HTTP/1.1" 200 10793
INFO 2026-04-12 10:38:46 log 3352 15068 "GET /api/events/ HTTP/1.1" 200 20634
ERROR 2026-04-12 10:38:46 log 3352 20368 Internal Server Error: /api/auth/me/
Traceback (most recent call last):
  File "C:\Users\majd9\OneDrive\Desktop\tizahab_project1\tizahab-web\.venv\Lib\site-packages\django\db\backends\utils.py", line 105, in _execute
    return self.cursor.execute(sql, params)
           ~~~~~~~~~~~~~~~~~~~^^^^^^^^^^^^^
  File "C:\Users\majd9\OneDrive\Desktop\tizahab_project1\tizahab-web\.venv\Lib\site-packages\django\db\backends\sqlite3\base.py", line 359, in execute
    return super().execute(query, params)
           ~~~~~~~~~~~~~~~^^^^^^^^^^^^^^^
sqlite3.OperationalError: no such column: accounts_userpreferences.trip_duration

The above exception was the direct cause of the following exception:

Traceback (most recent call last):
  File "C:\Users\majd9\OneDrive\Desktop\tizahab_project1\tizahab-web\.venv\Lib\site-packages\django\core\handlers\exception.py", line 55, in inner
    response = get_response(request)
  File "C:\Users\majd9\OneDrive\Desktop\tizahab_project1\tizahab-web\.venv\Lib\site-packages\django\core\handlers\base.py", line 198, in _get_response
    response = wrapped_callback(request, *callback_args, **callback_kwargs)
  File "C:\Users\majd9\OneDrive\Desktop\tizahab_project1\tizahab-web\.venv\Lib\site-packages\django\views\decorators\csrf.py", line 65, in _view_wrapper
    return view_func(request, *args, **kwargs)
  File "C:\Users\majd9\OneDrive\Desktop\tizahab_project1\tizahab-web\.venv\Lib\site-packages\django\views\generic\base.py", line 106, in view
    return self.dispatch(request, *args, **kwargs)
           ~~~~~~~~~~~~~^^^^^^^^^^^^^^^^^^^^^^^^^^
  File "C:\Users\majd9\OneDrive\Desktop\tizahab_project1\tizahab-web\.venv\Lib\site-packages\rest_framework\views.py", line 515, in dispatch
    response = self.handle_exception(exc)
  File "C:\Users\majd9\OneDrive\Desktop\tizahab_project1\tizahab-web\.venv\Lib\site-packages\rest_framework\views.py", line 475, in handle_exception
    self.raise_uncaught_exception(exc)
    ~~~~~~~~~~~~~~~~~~~~~~~~~~~~~^^^^^
  File "C:\Users\majd9\OneDrive\Desktop\tizahab_project1\tizahab-web\.venv\Lib\site-packages\rest_framework\views.py", line 486, in raise_uncaught_exception
    raise exc
  File "C:\Users\majd9\OneDrive\Desktop\tizahab_project1\tizahab-web\.venv\Lib\site-packages\rest_framework\views.py", line 512, in dispatch
    response = handler(request, *args, **kwargs)
  File "C:\Users\majd9\OneDrive\Desktop\tizahab_project1\tizahab-web\accounts\views.py", line 280, in get
    preferences, _ = UserPreferences.objects.get_or_create(user=user)
                     ~~~~~~~~~~~~~~~~~~~~~~~~~~~~~~~~~~~~~^^^^^^^^^^^
  File "C:\Users\majd9\OneDrive\Desktop\tizahab_project1\tizahab-web\.venv\Lib\site-packages\django\db\models\manager.py", line 87, in manager_method
    return getattr(self.get_queryset(), name)(*args, **kwargs)
           ~~~~~~~~~~~~~~~~~~~~~~~~~~~~~~~~~~^^^^^^^^^^^^^^^^^
  File "C:\Users\majd9\OneDrive\Desktop\tizahab_project1\tizahab-web\.venv\Lib\site-packages\django\db\models\query.py", line 987, in get_or_create
    return self.get(**kwargs), False
           ~~~~~~~~^^^^^^^^^^
  File "C:\Users\majd9\OneDrive\Desktop\tizahab_project1\tizahab-web\.venv\Lib\site-packages\django\db\models\query.py", line 635, in get
    num = len(clone)
  File "C:\Users\majd9\OneDrive\Desktop\tizahab_project1\tizahab-web\.venv\Lib\site-packages\django\db\models\query.py", line 372, in __len__
    self._fetch_all()
    ~~~~~~~~~~~~~~~^^
  File "C:\Users\majd9\OneDrive\Desktop\tizahab_project1\tizahab-web\.venv\Lib\site-packages\django\db\models\query.py", line 2000, in _fetch_all
    self._result_cache = list(self._iterable_class(self))
                         ~~~~^^^^^^^^^^^^^^^^^^^^^^^^^^^^
  File "C:\Users\majd9\OneDrive\Desktop\tizahab_project1\tizahab-web\.venv\Lib\site-packages\django\db\models\query.py", line 95, in __iter__
    results = compiler.execute_sql(
        chunked_fetch=self.chunked_fetch, chunk_size=self.chunk_size
    )
  File "C:\Users\majd9\OneDrive\Desktop\tizahab_project1\tizahab-web\.venv\Lib\site-packages\django\db\models\sql\compiler.py", line 1624, in execute_sql
    cursor.execute(sql, params)
    ~~~~~~~~~~~~~~^^^^^^^^^^^^^
  File "C:\Users\majd9\OneDrive\Desktop\tizahab_project1\tizahab-web\.venv\Lib\site-packages\django\db\backends\utils.py", line 122, in execute
    return super().execute(sql, params)
           ~~~~~~~~~~~~~~~^^^^^^^^^^^^^
  File "C:\Users\majd9\OneDrive\Desktop\tizahab_project1\tizahab-web\.venv\Lib\site-packages\django\db\backends\utils.py", line 79, in execute
    return self._execute_with_wrappers(
           ~~~~~~~~~~~~~~~~~~~~~~~~~~~^
        sql, params, many=False, executor=self._execute
        ^^^^^^^^^^^^^^^^^^^^^^^^^^^^^^^^^^^^^^^^^^^^^^^
    )
    ^
  File "C:\Users\majd9\OneDrive\Desktop\tizahab_project1\tizahab-web\.venv\Lib\site-packages\django\db\backends\utils.py", line 92, in _execute_with_wrappers
    return executor(sql, params, many, context)
  File "C:\Users\majd9\OneDrive\Desktop\tizahab_project1\tizahab-web\.venv\Lib\site-packages\django\db\backends\utils.py", line 100, in _execute
    with self.db.wrap_database_errors:
         ^^^^^^^^^^^^^^^^^^^^^^^^^^^^
  File "C:\Users\majd9\OneDrive\Desktop\tizahab_project1\tizahab-web\.venv\Lib\site-packages\django\db\utils.py", line 94, in __exit__
    raise dj_exc_value.with_traceback(traceback) from exc_value
  File "C:\Users\majd9\OneDrive\Desktop\tizahab_project1\tizahab-web\.venv\Lib\site-packages\django\db\backends\utils.py", line 105, in _execute
    return self.cursor.execute(sql, params)
           ~~~~~~~~~~~~~~~~~~~^^^^^^^^^^^^^
  File "C:\Users\majd9\OneDrive\Desktop\tizahab_project1\tizahab-web\.venv\Lib\site-packages\django\db\backends\sqlite3\base.py", line 359, in execute
    return super().execute(query, params)
           ~~~~~~~~~~~~~~~^^^^^^^^^^^^^^^
django.db.utils.OperationalError: no such column: accounts_userpreferences.trip_duration
ERROR 2026-04-12 10:38:46 log 3352 20368 "GET /api/auth/me/ HTTP/1.1" 500 185083
ERROR 2026-04-12 10:38:46 log 3352 12748 Internal Server Error: /api/auth/me/
Traceback (most recent call last):
  File "C:\Users\majd9\OneDrive\Desktop\tizahab_project1\tizahab-web\.venv\Lib\site-packages\django\db\backends\utils.py", line 105, in _execute
    return self.cursor.execute(sql, params)
           ~~~~~~~~~~~~~~~~~~~^^^^^^^^^^^^^
  File "C:\Users\majd9\OneDrive\Desktop\tizahab_project1\tizahab-web\.venv\Lib\site-packages\django\db\backends\sqlite3\base.py", line 359, in execute
    return super().execute(query, params)
           ~~~~~~~~~~~~~~~^^^^^^^^^^^^^^^
sqlite3.OperationalError: no such column: accounts_userpreferences.trip_duration

The above exception was the direct cause of the following exception:

Traceback (most recent call last):
  File "C:\Users\majd9\OneDrive\Desktop\tizahab_project1\tizahab-web\.venv\Lib\site-packages\django\core\handlers\exception.py", line 55, in inner
    response = get_response(request)
  File "C:\Users\majd9\OneDrive\Desktop\tizahab_project1\tizahab-web\.venv\Lib\site-packages\django\core\handlers\base.py", line 198, in _get_response
    response = wrapped_callback(request, *callback_args, **callback_kwargs)
  File "C:\Users\majd9\OneDrive\Desktop\tizahab_project1\tizahab-web\.venv\Lib\site-packages\django\views\decorators\csrf.py", line 65, in _view_wrapper
    return view_func(request, *args, **kwargs)
  File "C:\Users\majd9\OneDrive\Desktop\tizahab_project1\tizahab-web\.venv\Lib\site-packages\django\views\generic\base.py", line 106, in view
    return self.dispatch(request, *args, **kwargs)
           ~~~~~~~~~~~~~^^^^^^^^^^^^^^^^^^^^^^^^^^
  File "C:\Users\majd9\OneDrive\Desktop\tizahab_project1\tizahab-web\.venv\Lib\site-packages\rest_framework\views.py", line 515, in dispatch
    response = self.handle_exception(exc)
  File "C:\Users\majd9\OneDrive\Desktop\tizahab_project1\tizahab-web\.venv\Lib\site-packages\rest_framework\views.py", line 475, in handle_exception
    self.raise_uncaught_exception(exc)
    ~~~~~~~~~~~~~~~~~~~~~~~~~~~~~^^^^^
  File "C:\Users\majd9\OneDrive\Desktop\tizahab_project1\tizahab-web\.venv\Lib\site-packages\rest_framework\views.py", line 486, in raise_uncaught_exception
    raise exc
  File "C:\Users\majd9\OneDrive\Desktop\tizahab_project1\tizahab-web\.venv\Lib\site-packages\rest_framework\views.py", line 512, in dispatch
    response = handler(request, *args, **kwargs)
  File "C:\Users\majd9\OneDrive\Desktop\tizahab_project1\tizahab-web\accounts\views.py", line 280, in get
    preferences, _ = UserPreferences.objects.get_or_create(user=user)
                     ~~~~~~~~~~~~~~~~~~~~~~~~~~~~~~~~~~~~~^^^^^^^^^^^
  File "C:\Users\majd9\OneDrive\Desktop\tizahab_project1\tizahab-web\.venv\Lib\site-packages\django\db\models\manager.py", line 87, in manager_method
    return getattr(self.get_queryset(), name)(*args, **kwargs)
           ~~~~~~~~~~~~~~~~~~~~~~~~~~~~~~~~~~^^^^^^^^^^^^^^^^^
  File "C:\Users\majd9\OneDrive\Desktop\tizahab_project1\tizahab-web\.venv\Lib\site-packages\django\db\models\query.py", line 987, in get_or_create
    return self.get(**kwargs), False
           ~~~~~~~~^^^^^^^^^^
  File "C:\Users\majd9\OneDrive\Desktop\tizahab_project1\tizahab-web\.venv\Lib\site-packages\django\db\models\query.py", line 635, in get
    num = len(clone)
  File "C:\Users\majd9\OneDrive\Desktop\tizahab_project1\tizahab-web\.venv\Lib\site-packages\django\db\models\query.py", line 372, in __len__
    self._fetch_all()
    ~~~~~~~~~~~~~~~^^
  File "C:\Users\majd9\OneDrive\Desktop\tizahab_project1\tizahab-web\.venv\Lib\site-packages\django\db\models\query.py", line 2000, in _fetch_all
    self._result_cache = list(self._iterable_class(self))
                         ~~~~^^^^^^^^^^^^^^^^^^^^^^^^^^^^
  File "C:\Users\majd9\OneDrive\Desktop\tizahab_project1\tizahab-web\.venv\Lib\site-packages\django\db\models\query.py", line 95, in __iter__
    results = compiler.execute_sql(
        chunked_fetch=self.chunked_fetch, chunk_size=self.chunk_size
    )
  File "C:\Users\majd9\OneDrive\Desktop\tizahab_project1\tizahab-web\.venv\Lib\site-packages\django\db\models\sql\compiler.py", line 1624, in execute_sql
    cursor.execute(sql, params)
    ~~~~~~~~~~~~~~^^^^^^^^^^^^^
  File "C:\Users\majd9\OneDrive\Desktop\tizahab_project1\tizahab-web\.venv\Lib\site-packages\django\db\backends\utils.py", line 122, in execute
    return super().execute(sql, params)
           ~~~~~~~~~~~~~~~^^^^^^^^^^^^^
  File "C:\Users\majd9\OneDrive\Desktop\tizahab_project1\tizahab-web\.venv\Lib\site-packages\django\db\backends\utils.py", line 79, in execute
    return self._execute_with_wrappers(
           ~~~~~~~~~~~~~~~~~~~~~~~~~~~^
        sql, params, many=False, executor=self._execute
        ^^^^^^^^^^^^^^^^^^^^^^^^^^^^^^^^^^^^^^^^^^^^^^^
    )
    ^
  File "C:\Users\majd9\OneDrive\Desktop\tizahab_project1\tizahab-web\.venv\Lib\site-packages\django\db\backends\utils.py", line 92, in _execute_with_wrappers
    return executor(sql, params, many, context)
  File "C:\Users\majd9\OneDrive\Desktop\tizahab_project1\tizahab-web\.venv\Lib\site-packages\django\db\backends\utils.py", line 100, in _execute
    with self.db.wrap_database_errors:
         ^^^^^^^^^^^^^^^^^^^^^^^^^^^^
  File "C:\Users\majd9\OneDrive\Desktop\tizahab_project1\tizahab-web\.venv\Lib\site-packages\django\db\utils.py", line 94, in __exit__
    raise dj_exc_value.with_traceback(traceback) from exc_value
  File "C:\Users\majd9\OneDrive\Desktop\tizahab_project1\tizahab-web\.venv\Lib\site-packages\django\db\backends\utils.py", line 105, in _execute
    return self.cursor.execute(sql, params)
           ~~~~~~~~~~~~~~~~~~~^^^^^^^^^^^^^
  File "C:\Users\majd9\OneDrive\Desktop\tizahab_project1\tizahab-web\.venv\Lib\site-packages\django\db\backends\sqlite3\base.py", line 359, in execute
    return super().execute(query, params)
           ~~~~~~~~~~~~~~~^^^^^^^^^^^^^^^
django.db.utils.OperationalError: no such column: accounts_userpreferences.trip_duration
ERROR 2026-04-12 10:38:46 log 3352 12748 "GET /api/auth/me/ HTTP/1.1" 500 185083
INFO 2026-04-12 10:38:46 log 3352 12748 "GET /api/daily-plan/ HTTP/1.1" 200 17473
ERROR 2026-04-12 10:38:49 log 3352 12748 Internal Server Error: /api/auth/me/
Traceback (most recent call last):
  File "C:\Users\majd9\OneDrive\Desktop\tizahab_project1\tizahab-web\.venv\Lib\site-packages\django\db\backends\utils.py", line 105, in _execute
    return self.cursor.execute(sql, params)
           ~~~~~~~~~~~~~~~~~~~^^^^^^^^^^^^^
  File "C:\Users\majd9\OneDrive\Desktop\tizahab_project1\tizahab-web\.venv\Lib\site-packages\django\db\backends\sqlite3\base.py", line 359, in execute
    return super().execute(query, params)
           ~~~~~~~~~~~~~~~^^^^^^^^^^^^^^^
sqlite3.OperationalError: no such column: accounts_userpreferences.trip_duration

The above exception was the direct cause of the following exception:

Traceback (most recent call last):
  File "C:\Users\majd9\OneDrive\Desktop\tizahab_project1\tizahab-web\.venv\Lib\site-packages\django\core\handlers\exception.py", line 55, in inner
    response = get_response(request)
  File "C:\Users\majd9\OneDrive\Desktop\tizahab_project1\tizahab-web\.venv\Lib\site-packages\django\core\handlers\base.py", line 198, in _get_response
    response = wrapped_callback(request, *callback_args, **callback_kwargs)
  File "C:\Users\majd9\OneDrive\Desktop\tizahab_project1\tizahab-web\.venv\Lib\site-packages\django\views\decorators\csrf.py", line 65, in _view_wrapper
    return view_func(request, *args, **kwargs)
  File "C:\Users\majd9\OneDrive\Desktop\tizahab_project1\tizahab-web\.venv\Lib\site-packages\django\views\generic\base.py", line 106, in view
    return self.dispatch(request, *args, **kwargs)
           ~~~~~~~~~~~~~^^^^^^^^^^^^^^^^^^^^^^^^^^
  File "C:\Users\majd9\OneDrive\Desktop\tizahab_project1\tizahab-web\.venv\Lib\site-packages\rest_framework\views.py", line 515, in dispatch
    response = self.handle_exception(exc)
  File "C:\Users\majd9\OneDrive\Desktop\tizahab_project1\tizahab-web\.venv\Lib\site-packages\rest_framework\views.py", line 475, in handle_exception
    self.raise_uncaught_exception(exc)
    ~~~~~~~~~~~~~~~~~~~~~~~~~~~~~^^^^^
  File "C:\Users\majd9\OneDrive\Desktop\tizahab_project1\tizahab-web\.venv\Lib\site-packages\rest_framework\views.py", line 486, in raise_uncaught_exception
    raise exc
  File "C:\Users\majd9\OneDrive\Desktop\tizahab_project1\tizahab-web\.venv\Lib\site-packages\rest_framework\views.py", line 512, in dispatch
    response = handler(request, *args, **kwargs)
  File "C:\Users\majd9\OneDrive\Desktop\tizahab_project1\tizahab-web\accounts\views.py", line 280, in get
    preferences, _ = UserPreferences.objects.get_or_create(user=user)
                     ~~~~~~~~~~~~~~~~~~~~~~~~~~~~~~~~~~~~~^^^^^^^^^^^
  File "C:\Users\majd9\OneDrive\Desktop\tizahab_project1\tizahab-web\.venv\Lib\site-packages\django\db\models\manager.py", line 87, in manager_method
    return getattr(self.get_queryset(), name)(*args, **kwargs)
           ~~~~~~~~~~~~~~~~~~~~~~~~~~~~~~~~~~^^^^^^^^^^^^^^^^^
  File "C:\Users\majd9\OneDrive\Desktop\tizahab_project1\tizahab-web\.venv\Lib\site-packages\django\db\models\query.py", line 987, in get_or_create
    return self.get(**kwargs), False
           ~~~~~~~~^^^^^^^^^^
  File "C:\Users\majd9\OneDrive\Desktop\tizahab_project1\tizahab-web\.venv\Lib\site-packages\django\db\models\query.py", line 635, in get
    num = len(clone)
  File "C:\Users\majd9\OneDrive\Desktop\tizahab_project1\tizahab-web\.venv\Lib\site-packages\django\db\models\query.py", line 372, in __len__
    self._fetch_all()
    ~~~~~~~~~~~~~~~^^
  File "C:\Users\majd9\OneDrive\Desktop\tizahab_project1\tizahab-web\.venv\Lib\site-packages\django\db\models\query.py", line 2000, in _fetch_all
    self._result_cache = list(self._iterable_class(self))
                         ~~~~^^^^^^^^^^^^^^^^^^^^^^^^^^^^
  File "C:\Users\majd9\OneDrive\Desktop\tizahab_project1\tizahab-web\.venv\Lib\site-packages\django\db\models\query.py", line 95, in __iter__
    results = compiler.execute_sql(
        chunked_fetch=self.chunked_fetch, chunk_size=self.chunk_size
    )
  File "C:\Users\majd9\OneDrive\Desktop\tizahab_project1\tizahab-web\.venv\Lib\site-packages\django\db\models\sql\compiler.py", line 1624, in execute_sql
    cursor.execute(sql, params)
    ~~~~~~~~~~~~~~^^^^^^^^^^^^^
  File "C:\Users\majd9\OneDrive\Desktop\tizahab_project1\tizahab-web\.venv\Lib\site-packages\django\db\backends\utils.py", line 122, in execute
    return super().execute(sql, params)
           ~~~~~~~~~~~~~~~^^^^^^^^^^^^^
  File "C:\Users\majd9\OneDrive\Desktop\tizahab_project1\tizahab-web\.venv\Lib\site-packages\django\db\backends\utils.py", line 79, in execute
    return self._execute_with_wrappers(
           ~~~~~~~~~~~~~~~~~~~~~~~~~~~^
        sql, params, many=False, executor=self._execute
        ^^^^^^^^^^^^^^^^^^^^^^^^^^^^^^^^^^^^^^^^^^^^^^^
    )
    ^
  File "C:\Users\majd9\OneDrive\Desktop\tizahab_project1\tizahab-web\.venv\Lib\site-packages\django\db\backends\utils.py", line 92, in _execute_with_wrappers
    return executor(sql, params, many, context)
  File "C:\Users\majd9\OneDrive\Desktop\tizahab_project1\tizahab-web\.venv\Lib\site-packages\django\db\backends\utils.py", line 100, in _execute
    with self.db.wrap_database_errors:
         ^^^^^^^^^^^^^^^^^^^^^^^^^^^^
  File "C:\Users\majd9\OneDrive\Desktop\tizahab_project1\tizahab-web\.venv\Lib\site-packages\django\db\utils.py", line 94, in __exit__
    raise dj_exc_value.with_traceback(traceback) from exc_value
  File "C:\Users\majd9\OneDrive\Desktop\tizahab_project1\tizahab-web\.venv\Lib\site-packages\django\db\backends\utils.py", line 105, in _execute
    return self.cursor.execute(sql, params)
           ~~~~~~~~~~~~~~~~~~~^^^^^^^^^^^^^
  File "C:\Users\majd9\OneDrive\Desktop\tizahab_project1\tizahab-web\.venv\Lib\site-packages\django\db\backends\sqlite3\base.py", line 359, in execute
    return super().execute(query, params)
           ~~~~~~~~~~~~~~~^^^^^^^^^^^^^^^
django.db.utils.OperationalError: no such column: accounts_userpreferences.trip_duration
ERROR 2026-04-12 10:38:49 log 3352 12748 "GET /api/auth/me/ HTTP/1.1" 500 185083
ERROR 2026-04-12 10:38:49 views 3352 12748 Unexpected error generating multi-day plan for user 10: no such column: accounts_userpreferences.trip_duration
Traceback (most recent call last):
  File "C:\Users\majd9\OneDrive\Desktop\tizahab_project1\tizahab-web\.venv\Lib\site-packages\django\db\backends\utils.py", line 105, in _execute
    return self.cursor.execute(sql, params)
           ~~~~~~~~~~~~~~~~~~~^^^^^^^^^^^^^
  File "C:\Users\majd9\OneDrive\Desktop\tizahab_project1\tizahab-web\.venv\Lib\site-packages\django\db\backends\sqlite3\base.py", line 359, in execute
    return super().execute(query, params)
           ~~~~~~~~~~~~~~~^^^^^^^^^^^^^^^
sqlite3.OperationalError: no such column: accounts_userpreferences.trip_duration

The above exception was the direct cause of the following exception:

Traceback (most recent call last):
  File "C:\Users\majd9\OneDrive\Desktop\tizahab_project1\tizahab-web\daily_plan\views.py", line 194, in post
    generated_days = generate_multiday_plan(user, start_date_str)
  File "C:\Users\majd9\OneDrive\Desktop\tizahab_project1\tizahab-web\daily_plan\services.py", line 250, in generate_multiday_plan
    preferences = UserPreferences.objects.filter(user=user).first()
  File "C:\Users\majd9\OneDrive\Desktop\tizahab_project1\tizahab-web\.venv\Lib\site-packages\django\db\models\query.py", line 1145, in first
    for obj in queryset[:1]:
               ~~~~~~~~^^^^
  File "C:\Users\majd9\OneDrive\Desktop\tizahab_project1\tizahab-web\.venv\Lib\site-packages\django\db\models\query.py", line 390, in __iter__
    self._fetch_all()
    ~~~~~~~~~~~~~~~^^
  File "C:\Users\majd9\OneDrive\Desktop\tizahab_project1\tizahab-web\.venv\Lib\site-packages\django\db\models\query.py", line 2000, in _fetch_all
    self._result_cache = list(self._iterable_class(self))
                         ~~~~^^^^^^^^^^^^^^^^^^^^^^^^^^^^
  File "C:\Users\majd9\OneDrive\Desktop\tizahab_project1\tizahab-web\.venv\Lib\site-packages\django\db\models\query.py", line 95, in __iter__
    results = compiler.execute_sql(
        chunked_fetch=self.chunked_fetch, chunk_size=self.chunk_size
    )
  File "C:\Users\majd9\OneDrive\Desktop\tizahab_project1\tizahab-web\.venv\Lib\site-packages\django\db\models\sql\compiler.py", line 1624, in execute_sql
    cursor.execute(sql, params)
    ~~~~~~~~~~~~~~^^^^^^^^^^^^^
  File "C:\Users\majd9\OneDrive\Desktop\tizahab_project1\tizahab-web\.venv\Lib\site-packages\django\db\backends\utils.py", line 122, in execute
    return super().execute(sql, params)
           ~~~~~~~~~~~~~~~^^^^^^^^^^^^^
  File "C:\Users\majd9\OneDrive\Desktop\tizahab_project1\tizahab-web\.venv\Lib\site-packages\django\db\backends\utils.py", line 79, in execute
    return self._execute_with_wrappers(
           ~~~~~~~~~~~~~~~~~~~~~~~~~~~^
        sql, params, many=False, executor=self._execute
        ^^^^^^^^^^^^^^^^^^^^^^^^^^^^^^^^^^^^^^^^^^^^^^^
    )
    ^
  File "C:\Users\majd9\OneDrive\Desktop\tizahab_project1\tizahab-web\.venv\Lib\site-packages\django\db\backends\utils.py", line 92, in _execute_with_wrappers
    return executor(sql, params, many, context)
  File "C:\Users\majd9\OneDrive\Desktop\tizahab_project1\tizahab-web\.venv\Lib\site-packages\django\db\backends\utils.py", line 100, in _execute
    with self.db.wrap_database_errors:
         ^^^^^^^^^^^^^^^^^^^^^^^^^^^^
  File "C:\Users\majd9\OneDrive\Desktop\tizahab_project1\tizahab-web\.venv\Lib\site-packages\django\db\utils.py", line 94, in __exit__
    raise dj_exc_value.with_traceback(traceback) from exc_value
  File "C:\Users\majd9\OneDrive\Desktop\tizahab_project1\tizahab-web\.venv\Lib\site-packages\django\db\backends\utils.py", line 105, in _execute
    return self.cursor.execute(sql, params)
           ~~~~~~~~~~~~~~~~~~~^^^^^^^^^^^^^
  File "C:\Users\majd9\OneDrive\Desktop\tizahab_project1\tizahab-web\.venv\Lib\site-packages\django\db\backends\sqlite3\base.py", line 359, in execute
    return super().execute(query, params)
           ~~~~~~~~~~~~~~~^^^^^^^^^^^^^^^
django.db.utils.OperationalError: no such column: accounts_userpreferences.trip_duration
ERROR 2026-04-12 10:38:49 log 3352 12748 Internal Server Error: /api/daily-plan/generate-multiday/
ERROR 2026-04-12 10:38:49 log 3352 12748 "POST /api/daily-plan/generate-multiday/ HTTP/1.1" 500 52
ERROR 2026-04-12 10:38:50 log 3352 12748 Internal Server Error: /api/auth/me/
Traceback (most recent call last):
  File "C:\Users\majd9\OneDrive\Desktop\tizahab_project1\tizahab-web\.venv\Lib\site-packages\django\db\backends\utils.py", line 105, in _execute
    return self.cursor.execute(sql, params)
           ~~~~~~~~~~~~~~~~~~~^^^^^^^^^^^^^
  File "C:\Users\majd9\OneDrive\Desktop\tizahab_project1\tizahab-web\.venv\Lib\site-packages\django\db\backends\sqlite3\base.py", line 359, in execute
    return super().execute(query, params)
           ~~~~~~~~~~~~~~~^^^^^^^^^^^^^^^
sqlite3.OperationalError: no such column: accounts_userpreferences.trip_duration

The above exception was the direct cause of the following exception:

Traceback (most recent call last):
  File "C:\Users\majd9\OneDrive\Desktop\tizahab_project1\tizahab-web\.venv\Lib\site-packages\django\core\handlers\exception.py", line 55, in inner
    response = get_response(request)
  File "C:\Users\majd9\OneDrive\Desktop\tizahab_project1\tizahab-web\.venv\Lib\site-packages\django\core\handlers\base.py", line 198, in _get_response
    response = wrapped_callback(request, *callback_args, **callback_kwargs)
  File "C:\Users\majd9\OneDrive\Desktop\tizahab_project1\tizahab-web\.venv\Lib\site-packages\django\views\decorators\csrf.py", line 65, in _view_wrapper
    return view_func(request, *args, **kwargs)
  File "C:\Users\majd9\OneDrive\Desktop\tizahab_project1\tizahab-web\.venv\Lib\site-packages\django\views\generic\base.py", line 106, in view
    return self.dispatch(request, *args, **kwargs)
           ~~~~~~~~~~~~~^^^^^^^^^^^^^^^^^^^^^^^^^^
  File "C:\Users\majd9\OneDrive\Desktop\tizahab_project1\tizahab-web\.venv\Lib\site-packages\rest_framework\views.py", line 515, in dispatch
    response = self.handle_exception(exc)
  File "C:\Users\majd9\OneDrive\Desktop\tizahab_project1\tizahab-web\.venv\Lib\site-packages\rest_framework\views.py", line 475, in handle_exception
    self.raise_uncaught_exception(exc)
    ~~~~~~~~~~~~~~~~~~~~~~~~~~~~~^^^^^
  File "C:\Users\majd9\OneDrive\Desktop\tizahab_project1\tizahab-web\.venv\Lib\site-packages\rest_framework\views.py", line 486, in raise_uncaught_exception
    raise exc
  File "C:\Users\majd9\OneDrive\Desktop\tizahab_project1\tizahab-web\.venv\Lib\site-packages\rest_framework\views.py", line 512, in dispatch
    response = handler(request, *args, **kwargs)
  File "C:\Users\majd9\OneDrive\Desktop\tizahab_project1\tizahab-web\accounts\views.py", line 280, in get
    preferences, _ = UserPreferences.objects.get_or_create(user=user)
                     ~~~~~~~~~~~~~~~~~~~~~~~~~~~~~~~~~~~~~^^^^^^^^^^^
  File "C:\Users\majd9\OneDrive\Desktop\tizahab_project1\tizahab-web\.venv\Lib\site-packages\django\db\models\manager.py", line 87, in manager_method
    return getattr(self.get_queryset(), name)(*args, **kwargs)
           ~~~~~~~~~~~~~~~~~~~~~~~~~~~~~~~~~~^^^^^^^^^^^^^^^^^
  File "C:\Users\majd9\OneDrive\Desktop\tizahab_project1\tizahab-web\.venv\Lib\site-packages\django\db\models\query.py", line 987, in get_or_create
    return self.get(**kwargs), False
           ~~~~~~~~^^^^^^^^^^
  File "C:\Users\majd9\OneDrive\Desktop\tizahab_project1\tizahab-web\.venv\Lib\site-packages\django\db\models\query.py", line 635, in get
    num = len(clone)
  File "C:\Users\majd9\OneDrive\Desktop\tizahab_project1\tizahab-web\.venv\Lib\site-packages\django\db\models\query.py", line 372, in __len__
    self._fetch_all()
    ~~~~~~~~~~~~~~~^^
  File "C:\Users\majd9\OneDrive\Desktop\tizahab_project1\tizahab-web\.venv\Lib\site-packages\django\db\models\query.py", line 2000, in _fetch_all
    self._result_cache = list(self._iterable_class(self))
                         ~~~~^^^^^^^^^^^^^^^^^^^^^^^^^^^^
  File "C:\Users\majd9\OneDrive\Desktop\tizahab_project1\tizahab-web\.venv\Lib\site-packages\django\db\models\query.py", line 95, in __iter__
    results = compiler.execute_sql(
        chunked_fetch=self.chunked_fetch, chunk_size=self.chunk_size
    )
  File "C:\Users\majd9\OneDrive\Desktop\tizahab_project1\tizahab-web\.venv\Lib\site-packages\django\db\models\sql\compiler.py", line 1624, in execute_sql
    cursor.execute(sql, params)
    ~~~~~~~~~~~~~~^^^^^^^^^^^^^
  File "C:\Users\majd9\OneDrive\Desktop\tizahab_project1\tizahab-web\.venv\Lib\site-packages\django\db\backends\utils.py", line 122, in execute
    return super().execute(sql, params)
           ~~~~~~~~~~~~~~~^^^^^^^^^^^^^
  File "C:\Users\majd9\OneDrive\Desktop\tizahab_project1\tizahab-web\.venv\Lib\site-packages\django\db\backends\utils.py", line 79, in execute
    return self._execute_with_wrappers(
           ~~~~~~~~~~~~~~~~~~~~~~~~~~~^
        sql, params, many=False, executor=self._execute
        ^^^^^^^^^^^^^^^^^^^^^^^^^^^^^^^^^^^^^^^^^^^^^^^
    )
    ^
  File "C:\Users\majd9\OneDrive\Desktop\tizahab_project1\tizahab-web\.venv\Lib\site-packages\django\db\backends\utils.py", line 92, in _execute_with_wrappers
    return executor(sql, params, many, context)
  File "C:\Users\majd9\OneDrive\Desktop\tizahab_project1\tizahab-web\.venv\Lib\site-packages\django\db\backends\utils.py", line 100, in _execute
    with self.db.wrap_database_errors:
         ^^^^^^^^^^^^^^^^^^^^^^^^^^^^
  File "C:\Users\majd9\OneDrive\Desktop\tizahab_project1\tizahab-web\.venv\Lib\site-packages\django\db\utils.py", line 94, in __exit__
    raise dj_exc_value.with_traceback(traceback) from exc_value
  File "C:\Users\majd9\OneDrive\Desktop\tizahab_project1\tizahab-web\.venv\Lib\site-packages\django\db\backends\utils.py", line 105, in _execute
    return self.cursor.execute(sql, params)
           ~~~~~~~~~~~~~~~~~~~^^^^^^^^^^^^^
  File "C:\Users\majd9\OneDrive\Desktop\tizahab_project1\tizahab-web\.venv\Lib\site-packages\django\db\backends\sqlite3\base.py", line 359, in execute
    return super().execute(query, params)
           ~~~~~~~~~~~~~~~^^^^^^^^^^^^^^^
django.db.utils.OperationalError: no such column: accounts_userpreferences.trip_duration
ERROR 2026-04-12 10:38:50 log 3352 12748 "GET /api/auth/me/ HTTP/1.1" 500 185083
ERROR 2026-04-12 10:38:50 views 3352 12748 Unexpected error generating multi-day plan for user 10: no such column: accounts_userpreferences.trip_duration
Traceback (most recent call last):
  File "C:\Users\majd9\OneDrive\Desktop\tizahab_project1\tizahab-web\.venv\Lib\site-packages\django\db\backends\utils.py", line 105, in _execute
    return self.cursor.execute(sql, params)
           ~~~~~~~~~~~~~~~~~~~^^^^^^^^^^^^^
  File "C:\Users\majd9\OneDrive\Desktop\tizahab_project1\tizahab-web\.venv\Lib\site-packages\django\db\backends\sqlite3\base.py", line 359, in execute
    return super().execute(query, params)
           ~~~~~~~~~~~~~~~^^^^^^^^^^^^^^^
sqlite3.OperationalError: no such column: accounts_userpreferences.trip_duration

The above exception was the direct cause of the following exception:

Traceback (most recent call last):
  File "C:\Users\majd9\OneDrive\Desktop\tizahab_project1\tizahab-web\daily_plan\views.py", line 194, in post
    generated_days = generate_multiday_plan(user, start_date_str)
  File "C:\Users\majd9\OneDrive\Desktop\tizahab_project1\tizahab-web\daily_plan\services.py", line 250, in generate_multiday_plan
    preferences = UserPreferences.objects.filter(user=user).first()
  File "C:\Users\majd9\OneDrive\Desktop\tizahab_project1\tizahab-web\.venv\Lib\site-packages\django\db\models\query.py", line 1145, in first
    for obj in queryset[:1]:
               ~~~~~~~~^^^^
  File "C:\Users\majd9\OneDrive\Desktop\tizahab_project1\tizahab-web\.venv\Lib\site-packages\django\db\models\query.py", line 390, in __iter__
    self._fetch_all()
    ~~~~~~~~~~~~~~~^^
  File "C:\Users\majd9\OneDrive\Desktop\tizahab_project1\tizahab-web\.venv\Lib\site-packages\django\db\models\query.py", line 2000, in _fetch_all
    self._result_cache = list(self._iterable_class(self))
                         ~~~~^^^^^^^^^^^^^^^^^^^^^^^^^^^^
  File "C:\Users\majd9\OneDrive\Desktop\tizahab_project1\tizahab-web\.venv\Lib\site-packages\django\db\models\query.py", line 95, in __iter__
    results = compiler.execute_sql(
        chunked_fetch=self.chunked_fetch, chunk_size=self.chunk_size
    )
  File "C:\Users\majd9\OneDrive\Desktop\tizahab_project1\tizahab-web\.venv\Lib\site-packages\django\db\models\sql\compiler.py", line 1624, in execute_sql
    cursor.execute(sql, params)
    ~~~~~~~~~~~~~~^^^^^^^^^^^^^
  File "C:\Users\majd9\OneDrive\Desktop\tizahab_project1\tizahab-web\.venv\Lib\site-packages\django\db\backends\utils.py", line 122, in execute
    return super().execute(sql, params)
           ~~~~~~~~~~~~~~~^^^^^^^^^^^^^
  File "C:\Users\majd9\OneDrive\Desktop\tizahab_project1\tizahab-web\.venv\Lib\site-packages\django\db\backends\utils.py", line 79, in execute
    return self._execute_with_wrappers(
           ~~~~~~~~~~~~~~~~~~~~~~~~~~~^
        sql, params, many=False, executor=self._execute
        ^^^^^^^^^^^^^^^^^^^^^^^^^^^^^^^^^^^^^^^^^^^^^^^
    )
    ^
  File "C:\Users\majd9\OneDrive\Desktop\tizahab_project1\tizahab-web\.venv\Lib\site-packages\django\db\backends\utils.py", line 92, in _execute_with_wrappers
    return executor(sql, params, many, context)
  File "C:\Users\majd9\OneDrive\Desktop\tizahab_project1\tizahab-web\.venv\Lib\site-packages\django\db\backends\utils.py", line 100, in _execute
    with self.db.wrap_database_errors:
         ^^^^^^^^^^^^^^^^^^^^^^^^^^^^
  File "C:\Users\majd9\OneDrive\Desktop\tizahab_project1\tizahab-web\.venv\Lib\site-packages\django\db\utils.py", line 94, in __exit__
    raise dj_exc_value.with_traceback(traceback) from exc_value
  File "C:\Users\majd9\OneDrive\Desktop\tizahab_project1\tizahab-web\.venv\Lib\site-packages\django\db\backends\utils.py", line 105, in _execute
    return self.cursor.execute(sql, params)
           ~~~~~~~~~~~~~~~~~~~^^^^^^^^^^^^^
  File "C:\Users\majd9\OneDrive\Desktop\tizahab_project1\tizahab-web\.venv\Lib\site-packages\django\db\backends\sqlite3\base.py", line 359, in execute
    return super().execute(query, params)
           ~~~~~~~~~~~~~~~^^^^^^^^^^^^^^^
django.db.utils.OperationalError: no such column: accounts_userpreferences.trip_duration
ERROR 2026-04-12 10:38:50 log 3352 12748 Internal Server Error: /api/daily-plan/generate-multiday/
ERROR 2026-04-12 10:38:50 log 3352 12748 "POST /api/daily-plan/generate-multiday/ HTTP/1.1" 500 52
INFO 2026-04-12 12:05:15 autoreload 356 23520 Watching for file changes with StatReloader
INFO 2026-04-12 12:05:18 log 356 15780 "GET / HTTP/1.1" 200 20644
WARNING 2026-04-12 12:05:19 log 356 15780 Not Found: /favicon.ico
WARNING 2026-04-12 12:05:19 log 356 15780 "GET /favicon.ico HTTP/1.1" 404 5312
INFO 2026-04-12 12:05:20 log 356 15780 "GET /login/ HTTP/1.1" 200 5489
INFO 2026-04-12 12:05:32 log 356 15780 "POST /api/auth/login/ HTTP/1.1" 200 491
INFO 2026-04-12 12:05:32 log 356 15780 "GET /admin-panel/ HTTP/1.1" 200 7704
INFO 2026-04-12 12:05:32 log 356 19864 "GET /api/auth/admin/users/ HTTP/1.1" 200 1416
INFO 2026-04-12 12:05:32 log 356 15780 "GET /api/events/admin/events/ HTTP/1.1" 200 20647
INFO 2026-04-12 12:05:34 log 356 15780 "GET /login/ HTTP/1.1" 200 5489
INFO 2026-04-12 12:05:41 log 356 15780 "POST /api/auth/login/ HTTP/1.1" 200 491
INFO 2026-04-12 12:05:41 log 356 15780 "GET /home/ HTTP/1.1" 200 21388
INFO 2026-04-12 12:05:41 log 356 15780 "GET /static/js/home.js HTTP/1.1" 304 0
INFO 2026-04-12 12:05:42 log 356 19864 "GET /api/events/ HTTP/1.1" 200 20634
INFO 2026-04-12 12:05:42 log 356 6140 "GET /api/daily-plan/ HTTP/1.1" 200 17473
ERROR 2026-04-12 12:05:42 log 356 15780 Internal Server Error: /api/auth/me/
Traceback (most recent call last):
  File "C:\Users\majd9\OneDrive\Desktop\tizahab_project1\tizahab-web\.venv\Lib\site-packages\django\db\backends\utils.py", line 105, in _execute
    return self.cursor.execute(sql, params)
           ~~~~~~~~~~~~~~~~~~~^^^^^^^^^^^^^
  File "C:\Users\majd9\OneDrive\Desktop\tizahab_project1\tizahab-web\.venv\Lib\site-packages\django\db\backends\sqlite3\base.py", line 359, in execute
    return super().execute(query, params)
           ~~~~~~~~~~~~~~~^^^^^^^^^^^^^^^
sqlite3.OperationalError: no such column: accounts_userpreferences.trip_duration

The above exception was the direct cause of the following exception:

Traceback (most recent call last):
  File "C:\Users\majd9\OneDrive\Desktop\tizahab_project1\tizahab-web\.venv\Lib\site-packages\django\core\handlers\exception.py", line 55, in inner
    response = get_response(request)
  File "C:\Users\majd9\OneDrive\Desktop\tizahab_project1\tizahab-web\.venv\Lib\site-packages\django\core\handlers\base.py", line 198, in _get_response
    response = wrapped_callback(request, *callback_args, **callback_kwargs)
  File "C:\Users\majd9\OneDrive\Desktop\tizahab_project1\tizahab-web\.venv\Lib\site-packages\django\views\decorators\csrf.py", line 65, in _view_wrapper
    return view_func(request, *args, **kwargs)
  File "C:\Users\majd9\OneDrive\Desktop\tizahab_project1\tizahab-web\.venv\Lib\site-packages\django\views\generic\base.py", line 106, in view
    return self.dispatch(request, *args, **kwargs)
           ~~~~~~~~~~~~~^^^^^^^^^^^^^^^^^^^^^^^^^^
  File "C:\Users\majd9\OneDrive\Desktop\tizahab_project1\tizahab-web\.venv\Lib\site-packages\rest_framework\views.py", line 515, in dispatch
    response = self.handle_exception(exc)
  File "C:\Users\majd9\OneDrive\Desktop\tizahab_project1\tizahab-web\.venv\Lib\site-packages\rest_framework\views.py", line 475, in handle_exception
    self.raise_uncaught_exception(exc)
    ~~~~~~~~~~~~~~~~~~~~~~~~~~~~~^^^^^
  File "C:\Users\majd9\OneDrive\Desktop\tizahab_project1\tizahab-web\.venv\Lib\site-packages\rest_framework\views.py", line 486, in raise_uncaught_exception
    raise exc
  File "C:\Users\majd9\OneDrive\Desktop\tizahab_project1\tizahab-web\.venv\Lib\site-packages\rest_framework\views.py", line 512, in dispatch
    response = handler(request, *args, **kwargs)
  File "C:\Users\majd9\OneDrive\Desktop\tizahab_project1\tizahab-web\accounts\views.py", line 280, in get
    preferences, _ = UserPreferences.objects.get_or_create(user=user)
                     ~~~~~~~~~~~~~~~~~~~~~~~~~~~~~~~~~~~~~^^^^^^^^^^^
  File "C:\Users\majd9\OneDrive\Desktop\tizahab_project1\tizahab-web\.venv\Lib\site-packages\django\db\models\manager.py", line 87, in manager_method
    return getattr(self.get_queryset(), name)(*args, **kwargs)
           ~~~~~~~~~~~~~~~~~~~~~~~~~~~~~~~~~~^^^^^^^^^^^^^^^^^
  File "C:\Users\majd9\OneDrive\Desktop\tizahab_project1\tizahab-web\.venv\Lib\site-packages\django\db\models\query.py", line 987, in get_or_create
    return self.get(**kwargs), False
           ~~~~~~~~^^^^^^^^^^
  File "C:\Users\majd9\OneDrive\Desktop\tizahab_project1\tizahab-web\.venv\Lib\site-packages\django\db\models\query.py", line 635, in get
    num = len(clone)
  File "C:\Users\majd9\OneDrive\Desktop\tizahab_project1\tizahab-web\.venv\Lib\site-packages\django\db\models\query.py", line 372, in __len__
    self._fetch_all()
    ~~~~~~~~~~~~~~~^^
  File "C:\Users\majd9\OneDrive\Desktop\tizahab_project1\tizahab-web\.venv\Lib\site-packages\django\db\models\query.py", line 2000, in _fetch_all
    self._result_cache = list(self._iterable_class(self))
                         ~~~~^^^^^^^^^^^^^^^^^^^^^^^^^^^^
  File "C:\Users\majd9\OneDrive\Desktop\tizahab_project1\tizahab-web\.venv\Lib\site-packages\django\db\models\query.py", line 95, in __iter__
    results = compiler.execute_sql(
        chunked_fetch=self.chunked_fetch, chunk_size=self.chunk_size
    )
  File "C:\Users\majd9\OneDrive\Desktop\tizahab_project1\tizahab-web\.venv\Lib\site-packages\django\db\models\sql\compiler.py", line 1624, in execute_sql
    cursor.execute(sql, params)
    ~~~~~~~~~~~~~~^^^^^^^^^^^^^
  File "C:\Users\majd9\OneDrive\Desktop\tizahab_project1\tizahab-web\.venv\Lib\site-packages\django\db\backends\utils.py", line 122, in execute
    return super().execute(sql, params)
           ~~~~~~~~~~~~~~~^^^^^^^^^^^^^
  File "C:\Users\majd9\OneDrive\Desktop\tizahab_project1\tizahab-web\.venv\Lib\site-packages\django\db\backends\utils.py", line 79, in execute
    return self._execute_with_wrappers(
           ~~~~~~~~~~~~~~~~~~~~~~~~~~~^
        sql, params, many=False, executor=self._execute
        ^^^^^^^^^^^^^^^^^^^^^^^^^^^^^^^^^^^^^^^^^^^^^^^
    )
    ^
  File "C:\Users\majd9\OneDrive\Desktop\tizahab_project1\tizahab-web\.venv\Lib\site-packages\django\db\backends\utils.py", line 92, in _execute_with_wrappers
    return executor(sql, params, many, context)
  File "C:\Users\majd9\OneDrive\Desktop\tizahab_project1\tizahab-web\.venv\Lib\site-packages\django\db\backends\utils.py", line 100, in _execute
    with self.db.wrap_database_errors:
         ^^^^^^^^^^^^^^^^^^^^^^^^^^^^
  File "C:\Users\majd9\OneDrive\Desktop\tizahab_project1\tizahab-web\.venv\Lib\site-packages\django\db\utils.py", line 94, in __exit__
    raise dj_exc_value.with_traceback(traceback) from exc_value
  File "C:\Users\majd9\OneDrive\Desktop\tizahab_project1\tizahab-web\.venv\Lib\site-packages\django\db\backends\utils.py", line 105, in _execute
    return self.cursor.execute(sql, params)
           ~~~~~~~~~~~~~~~~~~~^^^^^^^^^^^^^
  File "C:\Users\majd9\OneDrive\Desktop\tizahab_project1\tizahab-web\.venv\Lib\site-packages\django\db\backends\sqlite3\base.py", line 359, in execute
    return super().execute(query, params)
           ~~~~~~~~~~~~~~~^^^^^^^^^^^^^^^
django.db.utils.OperationalError: no such column: accounts_userpreferences.trip_duration
ERROR 2026-04-12 12:05:42 log 356 19760 Internal Server Error: /api/events/filtered/
Traceback (most recent call last):
  File "C:\Users\majd9\OneDrive\Desktop\tizahab_project1\tizahab-web\.venv\Lib\site-packages\django\db\models\fields\related_descriptors.py", line 502, in __get__
    rel_obj = self.related.get_cached_value(instance)
  File "C:\Users\majd9\OneDrive\Desktop\tizahab_project1\tizahab-web\.venv\Lib\site-packages\django\db\models\fields\mixins.py", line 21, in get_cached_value
    return instance._state.fields_cache[self.cache_name]
           ~~~~~~~~~~~~~~~~~~~~~~~~~~~~^^^^^^^^^^^^^^^^^
KeyError: 'preferences'

During handling of the above exception, another exception occurred:

Traceback (most recent call last):
  File "C:\Users\majd9\OneDrive\Desktop\tizahab_project1\tizahab-web\.venv\Lib\site-packages\django\db\backends\utils.py", line 105, in _execute
    return self.cursor.execute(sql, params)
           ~~~~~~~~~~~~~~~~~~~^^^^^^^^^^^^^
  File "C:\Users\majd9\OneDrive\Desktop\tizahab_project1\tizahab-web\.venv\Lib\site-packages\django\db\backends\sqlite3\base.py", line 359, in execute
    return super().execute(query, params)
           ~~~~~~~~~~~~~~~^^^^^^^^^^^^^^^
sqlite3.OperationalError: no such column: accounts_userpreferences.trip_duration

The above exception was the direct cause of the following exception:

Traceback (most recent call last):
  File "C:\Users\majd9\OneDrive\Desktop\tizahab_project1\tizahab-web\.venv\Lib\site-packages\django\core\handlers\exception.py", line 55, in inner
    response = get_response(request)
  File "C:\Users\majd9\OneDrive\Desktop\tizahab_project1\tizahab-web\.venv\Lib\site-packages\django\core\handlers\base.py", line 198, in _get_response
    response = wrapped_callback(request, *callback_args, **callback_kwargs)
  File "C:\Users\majd9\OneDrive\Desktop\tizahab_project1\tizahab-web\.venv\Lib\site-packages\django\views\decorators\csrf.py", line 65, in _view_wrapper
    return view_func(request, *args, **kwargs)
  File "C:\Users\majd9\OneDrive\Desktop\tizahab_project1\tizahab-web\.venv\Lib\site-packages\django\views\generic\base.py", line 106, in view
    return self.dispatch(request, *args, **kwargs)
           ~~~~~~~~~~~~~^^^^^^^^^^^^^^^^^^^^^^^^^^
  File "C:\Users\majd9\OneDrive\Desktop\tizahab_project1\tizahab-web\.venv\Lib\site-packages\rest_framework\views.py", line 515, in dispatch
    response = self.handle_exception(exc)
  File "C:\Users\majd9\OneDrive\Desktop\tizahab_project1\tizahab-web\.venv\Lib\site-packages\rest_framework\views.py", line 475, in handle_exception
    self.raise_uncaught_exception(exc)
    ~~~~~~~~~~~~~~~~~~~~~~~~~~~~~^^^^^
  File "C:\Users\majd9\OneDrive\Desktop\tizahab_project1\tizahab-web\.venv\Lib\site-packages\rest_framework\views.py", line 486, in raise_uncaught_exception
    raise exc
  File "C:\Users\majd9\OneDrive\Desktop\tizahab_project1\tizahab-web\.venv\Lib\site-packages\rest_framework\views.py", line 512, in dispatch
    response = handler(request, *args, **kwargs)
  File "C:\Users\majd9\OneDrive\Desktop\tizahab_project1\tizahab-web\.venv\Lib\site-packages\rest_framework\generics.py", line 203, in get
    return self.list(request, *args, **kwargs)
           ~~~~~~~~~^^^^^^^^^^^^^^^^^^^^^^^^^^
  File "C:\Users\majd9\OneDrive\Desktop\tizahab_project1\tizahab-web\.venv\Lib\site-packages\rest_framework\mixins.py", line 38, in list
    queryset = self.filter_queryset(self.get_queryset())
                                    ~~~~~~~~~~~~~~~~~^^
  File "C:\Users\majd9\OneDrive\Desktop\tizahab_project1\tizahab-web\events\views.py", line 79, in get_queryset
    prefs = getattr(self.request.user, "preferences", None)
  File "C:\Users\majd9\OneDrive\Desktop\tizahab_project1\tizahab-web\.venv\Lib\site-packages\django\db\models\fields\related_descriptors.py", line 509, in __get__
    rel_obj = self.get_queryset(instance=instance).get(**filter_args)
  File "C:\Users\majd9\OneDrive\Desktop\tizahab_project1\tizahab-web\.venv\Lib\site-packages\django\db\models\query.py", line 635, in get
    num = len(clone)
  File "C:\Users\majd9\OneDrive\Desktop\tizahab_project1\tizahab-web\.venv\Lib\site-packages\django\db\models\query.py", line 372, in __len__
    self._fetch_all()
    ~~~~~~~~~~~~~~~^^
  File "C:\Users\majd9\OneDrive\Desktop\tizahab_project1\tizahab-web\.venv\Lib\site-packages\django\db\models\query.py", line 2000, in _fetch_all
    self._result_cache = list(self._iterable_class(self))
                         ~~~~^^^^^^^^^^^^^^^^^^^^^^^^^^^^
  File "C:\Users\majd9\OneDrive\Desktop\tizahab_project1\tizahab-web\.venv\Lib\site-packages\django\db\models\query.py", line 95, in __iter__
    results = compiler.execute_sql(
        chunked_fetch=self.chunked_fetch, chunk_size=self.chunk_size
    )
  File "C:\Users\majd9\OneDrive\Desktop\tizahab_project1\tizahab-web\.venv\Lib\site-packages\django\db\models\sql\compiler.py", line 1624, in execute_sql
    cursor.execute(sql, params)
    ~~~~~~~~~~~~~~^^^^^^^^^^^^^
  File "C:\Users\majd9\OneDrive\Desktop\tizahab_project1\tizahab-web\.venv\Lib\site-packages\django\db\backends\utils.py", line 122, in execute
    return super().execute(sql, params)
           ~~~~~~~~~~~~~~~^^^^^^^^^^^^^
  File "C:\Users\majd9\OneDrive\Desktop\tizahab_project1\tizahab-web\.venv\Lib\site-packages\django\db\backends\utils.py", line 79, in execute
    return self._execute_with_wrappers(
           ~~~~~~~~~~~~~~~~~~~~~~~~~~~^
        sql, params, many=False, executor=self._execute
        ^^^^^^^^^^^^^^^^^^^^^^^^^^^^^^^^^^^^^^^^^^^^^^^
    )
    ^
  File "C:\Users\majd9\OneDrive\Desktop\tizahab_project1\tizahab-web\.venv\Lib\site-packages\django\db\backends\utils.py", line 92, in _execute_with_wrappers
    return executor(sql, params, many, context)
  File "C:\Users\majd9\OneDrive\Desktop\tizahab_project1\tizahab-web\.venv\Lib\site-packages\django\db\backends\utils.py", line 100, in _execute
    with self.db.wrap_database_errors:
         ^^^^^^^^^^^^^^^^^^^^^^^^^^^^
  File "C:\Users\majd9\OneDrive\Desktop\tizahab_project1\tizahab-web\.venv\Lib\site-packages\django\db\utils.py", line 94, in __exit__
    raise dj_exc_value.with_traceback(traceback) from exc_value
  File "C:\Users\majd9\OneDrive\Desktop\tizahab_project1\tizahab-web\.venv\Lib\site-packages\django\db\backends\utils.py", line 105, in _execute
    return self.cursor.execute(sql, params)
           ~~~~~~~~~~~~~~~~~~~^^^^^^^^^^^^^
  File "C:\Users\majd9\OneDrive\Desktop\tizahab_project1\tizahab-web\.venv\Lib\site-packages\django\db\backends\sqlite3\base.py", line 359, in execute
    return super().execute(query, params)
           ~~~~~~~~~~~~~~~^^^^^^^^^^^^^^^
django.db.utils.OperationalError: no such column: accounts_userpreferences.trip_duration
ERROR 2026-04-12 12:05:42 log 356 15780 "GET /api/auth/me/ HTTP/1.1" 500 185078
ERROR 2026-04-12 12:05:42 log 356 19760 "GET /api/events/filtered/ HTTP/1.1" 500 198161
INFO 2026-04-12 13:50:41 autoreload 24548 24228 Watching for file changes with StatReloader
INFO 2026-04-12 13:50:43 log 24548 2896 "GET / HTTP/1.1" 200 21143
INFO 2026-04-12 13:50:52 log 24548 2896 "GET /login/ HTTP/1.1" 200 5489
WARNING 2026-04-12 13:50:57 log 24548 2896 Bad Request: /api/auth/login/
WARNING 2026-04-12 13:50:57 log 24548 2896 "POST /api/auth/login/ HTTP/1.1" 400 51
INFO 2026-04-12 13:51:03 log 24548 2896 "POST /api/auth/login/ HTTP/1.1" 200 491
INFO 2026-04-12 13:51:03 log 24548 2896 "GET /home/ HTTP/1.1" 200 21388
INFO 2026-04-12 13:51:04 log 24548 2896 "GET /static/js/home.js HTTP/1.1" 200 15324
INFO 2026-04-12 13:51:04 log 24548 16740 "GET /api/events/ HTTP/1.1" 200 20634
INFO 2026-04-12 13:51:04 log 24548 22692 "GET /api/daily-plan/ HTTP/1.1" 200 17473
ERROR 2026-04-12 13:51:04 log 24548 2896 Internal Server Error: /api/auth/me/
Traceback (most recent call last):
  File "C:\Users\majd9\OneDrive\Desktop\tizahab_project1\tizahab-web\.venv\Lib\site-packages\django\db\backends\utils.py", line 105, in _execute
    return self.cursor.execute(sql, params)
           ~~~~~~~~~~~~~~~~~~~^^^^^^^^^^^^^
  File "C:\Users\majd9\OneDrive\Desktop\tizahab_project1\tizahab-web\.venv\Lib\site-packages\django\db\backends\sqlite3\base.py", line 359, in execute
    return super().execute(query, params)
           ~~~~~~~~~~~~~~~^^^^^^^^^^^^^^^
sqlite3.OperationalError: no such column: accounts_userpreferences.trip_duration

The above exception was the direct cause of the following exception:

Traceback (most recent call last):
  File "C:\Users\majd9\OneDrive\Desktop\tizahab_project1\tizahab-web\.venv\Lib\site-packages\django\core\handlers\exception.py", line 55, in inner
    response = get_response(request)
  File "C:\Users\majd9\OneDrive\Desktop\tizahab_project1\tizahab-web\.venv\Lib\site-packages\django\core\handlers\base.py", line 198, in _get_response
    response = wrapped_callback(request, *callback_args, **callback_kwargs)
  File "C:\Users\majd9\OneDrive\Desktop\tizahab_project1\tizahab-web\.venv\Lib\site-packages\django\views\decorators\csrf.py", line 65, in _view_wrapper
    return view_func(request, *args, **kwargs)
  File "C:\Users\majd9\OneDrive\Desktop\tizahab_project1\tizahab-web\.venv\Lib\site-packages\django\views\generic\base.py", line 106, in view
    return self.dispatch(request, *args, **kwargs)
           ~~~~~~~~~~~~~^^^^^^^^^^^^^^^^^^^^^^^^^^
  File "C:\Users\majd9\OneDrive\Desktop\tizahab_project1\tizahab-web\.venv\Lib\site-packages\rest_framework\views.py", line 515, in dispatch
    response = self.handle_exception(exc)
  File "C:\Users\majd9\OneDrive\Desktop\tizahab_project1\tizahab-web\.venv\Lib\site-packages\rest_framework\views.py", line 475, in handle_exception
    self.raise_uncaught_exception(exc)
    ~~~~~~~~~~~~~~~~~~~~~~~~~~~~~^^^^^
  File "C:\Users\majd9\OneDrive\Desktop\tizahab_project1\tizahab-web\.venv\Lib\site-packages\rest_framework\views.py", line 486, in raise_uncaught_exception
    raise exc
  File "C:\Users\majd9\OneDrive\Desktop\tizahab_project1\tizahab-web\.venv\Lib\site-packages\rest_framework\views.py", line 512, in dispatch
    response = handler(request, *args, **kwargs)
  File "C:\Users\majd9\OneDrive\Desktop\tizahab_project1\tizahab-web\accounts\views.py", line 280, in get
    preferences, _ = UserPreferences.objects.get_or_create(user=user)
                     ~~~~~~~~~~~~~~~~~~~~~~~~~~~~~~~~~~~~~^^^^^^^^^^^
  File "C:\Users\majd9\OneDrive\Desktop\tizahab_project1\tizahab-web\.venv\Lib\site-packages\django\db\models\manager.py", line 87, in manager_method
    return getattr(self.get_queryset(), name)(*args, **kwargs)
           ~~~~~~~~~~~~~~~~~~~~~~~~~~~~~~~~~~^^^^^^^^^^^^^^^^^
  File "C:\Users\majd9\OneDrive\Desktop\tizahab_project1\tizahab-web\.venv\Lib\site-packages\django\db\models\query.py", line 987, in get_or_create
    return self.get(**kwargs), False
           ~~~~~~~~^^^^^^^^^^
  File "C:\Users\majd9\OneDrive\Desktop\tizahab_project1\tizahab-web\.venv\Lib\site-packages\django\db\models\query.py", line 635, in get
    num = len(clone)
  File "C:\Users\majd9\OneDrive\Desktop\tizahab_project1\tizahab-web\.venv\Lib\site-packages\django\db\models\query.py", line 372, in __len__
    self._fetch_all()
    ~~~~~~~~~~~~~~~^^
  File "C:\Users\majd9\OneDrive\Desktop\tizahab_project1\tizahab-web\.venv\Lib\site-packages\django\db\models\query.py", line 2000, in _fetch_all
    self._result_cache = list(self._iterable_class(self))
                         ~~~~^^^^^^^^^^^^^^^^^^^^^^^^^^^^
  File "C:\Users\majd9\OneDrive\Desktop\tizahab_project1\tizahab-web\.venv\Lib\site-packages\django\db\models\query.py", line 95, in __iter__
    results = compiler.execute_sql(
        chunked_fetch=self.chunked_fetch, chunk_size=self.chunk_size
    )
  File "C:\Users\majd9\OneDrive\Desktop\tizahab_project1\tizahab-web\.venv\Lib\site-packages\django\db\models\sql\compiler.py", line 1624, in execute_sql
    cursor.execute(sql, params)
    ~~~~~~~~~~~~~~^^^^^^^^^^^^^
  File "C:\Users\majd9\OneDrive\Desktop\tizahab_project1\tizahab-web\.venv\Lib\site-packages\django\db\backends\utils.py", line 122, in execute
    return super().execute(sql, params)
           ~~~~~~~~~~~~~~~^^^^^^^^^^^^^
  File "C:\Users\majd9\OneDrive\Desktop\tizahab_project1\tizahab-web\.venv\Lib\site-packages\django\db\backends\utils.py", line 79, in execute
    return self._execute_with_wrappers(
           ~~~~~~~~~~~~~~~~~~~~~~~~~~~^
        sql, params, many=False, executor=self._execute
        ^^^^^^^^^^^^^^^^^^^^^^^^^^^^^^^^^^^^^^^^^^^^^^^
    )
    ^
  File "C:\Users\majd9\OneDrive\Desktop\tizahab_project1\tizahab-web\.venv\Lib\site-packages\django\db\backends\utils.py", line 92, in _execute_with_wrappers
    return executor(sql, params, many, context)
  File "C:\Users\majd9\OneDrive\Desktop\tizahab_project1\tizahab-web\.venv\Lib\site-packages\django\db\backends\utils.py", line 100, in _execute
    with self.db.wrap_database_errors:
         ^^^^^^^^^^^^^^^^^^^^^^^^^^^^
  File "C:\Users\majd9\OneDrive\Desktop\tizahab_project1\tizahab-web\.venv\Lib\site-packages\django\db\utils.py", line 94, in __exit__
    raise dj_exc_value.with_traceback(traceback) from exc_value
  File "C:\Users\majd9\OneDrive\Desktop\tizahab_project1\tizahab-web\.venv\Lib\site-packages\django\db\backends\utils.py", line 105, in _execute
    return self.cursor.execute(sql, params)
           ~~~~~~~~~~~~~~~~~~~^^^^^^^^^^^^^
  File "C:\Users\majd9\OneDrive\Desktop\tizahab_project1\tizahab-web\.venv\Lib\site-packages\django\db\backends\sqlite3\base.py", line 359, in execute
    return super().execute(query, params)
           ~~~~~~~~~~~~~~~^^^^^^^^^^^^^^^
django.db.utils.OperationalError: no such column: accounts_userpreferences.trip_duration
ERROR 2026-04-12 13:51:04 log 24548 19148 Internal Server Error: /api/events/filtered/
Traceback (most recent call last):
  File "C:\Users\majd9\OneDrive\Desktop\tizahab_project1\tizahab-web\.venv\Lib\site-packages\django\db\models\fields\related_descriptors.py", line 502, in __get__
    rel_obj = self.related.get_cached_value(instance)
  File "C:\Users\majd9\OneDrive\Desktop\tizahab_project1\tizahab-web\.venv\Lib\site-packages\django\db\models\fields\mixins.py", line 21, in get_cached_value
    return instance._state.fields_cache[self.cache_name]
           ~~~~~~~~~~~~~~~~~~~~~~~~~~~~^^^^^^^^^^^^^^^^^
KeyError: 'preferences'

During handling of the above exception, another exception occurred:

Traceback (most recent call last):
  File "C:\Users\majd9\OneDrive\Desktop\tizahab_project1\tizahab-web\.venv\Lib\site-packages\django\db\backends\utils.py", line 105, in _execute
    return self.cursor.execute(sql, params)
           ~~~~~~~~~~~~~~~~~~~^^^^^^^^^^^^^
  File "C:\Users\majd9\OneDrive\Desktop\tizahab_project1\tizahab-web\.venv\Lib\site-packages\django\db\backends\sqlite3\base.py", line 359, in execute
    return super().execute(query, params)
           ~~~~~~~~~~~~~~~^^^^^^^^^^^^^^^
sqlite3.OperationalError: no such column: accounts_userpreferences.trip_duration

The above exception was the direct cause of the following exception:

Traceback (most recent call last):
  File "C:\Users\majd9\OneDrive\Desktop\tizahab_project1\tizahab-web\.venv\Lib\site-packages\django\core\handlers\exception.py", line 55, in inner
    response = get_response(request)
  File "C:\Users\majd9\OneDrive\Desktop\tizahab_project1\tizahab-web\.venv\Lib\site-packages\django\core\handlers\base.py", line 198, in _get_response
    response = wrapped_callback(request, *callback_args, **callback_kwargs)
  File "C:\Users\majd9\OneDrive\Desktop\tizahab_project1\tizahab-web\.venv\Lib\site-packages\django\views\decorators\csrf.py", line 65, in _view_wrapper
    return view_func(request, *args, **kwargs)
  File "C:\Users\majd9\OneDrive\Desktop\tizahab_project1\tizahab-web\.venv\Lib\site-packages\django\views\generic\base.py", line 106, in view
    return self.dispatch(request, *args, **kwargs)
           ~~~~~~~~~~~~~^^^^^^^^^^^^^^^^^^^^^^^^^^
  File "C:\Users\majd9\OneDrive\Desktop\tizahab_project1\tizahab-web\.venv\Lib\site-packages\rest_framework\views.py", line 515, in dispatch
    response = self.handle_exception(exc)
  File "C:\Users\majd9\OneDrive\Desktop\tizahab_project1\tizahab-web\.venv\Lib\site-packages\rest_framework\views.py", line 475, in handle_exception
    self.raise_uncaught_exception(exc)
    ~~~~~~~~~~~~~~~~~~~~~~~~~~~~~^^^^^
  File "C:\Users\majd9\OneDrive\Desktop\tizahab_project1\tizahab-web\.venv\Lib\site-packages\rest_framework\views.py", line 486, in raise_uncaught_exception
    raise exc
  File "C:\Users\majd9\OneDrive\Desktop\tizahab_project1\tizahab-web\.venv\Lib\site-packages\rest_framework\views.py", line 512, in dispatch
    response = handler(request, *args, **kwargs)
  File "C:\Users\majd9\OneDrive\Desktop\tizahab_project1\tizahab-web\.venv\Lib\site-packages\rest_framework\generics.py", line 203, in get
    return self.list(request, *args, **kwargs)
           ~~~~~~~~~^^^^^^^^^^^^^^^^^^^^^^^^^^
  File "C:\Users\majd9\OneDrive\Desktop\tizahab_project1\tizahab-web\.venv\Lib\site-packages\rest_framework\mixins.py", line 38, in list
    queryset = self.filter_queryset(self.get_queryset())
                                    ~~~~~~~~~~~~~~~~~^^
  File "C:\Users\majd9\OneDrive\Desktop\tizahab_project1\tizahab-web\events\views.py", line 79, in get_queryset
    prefs = getattr(self.request.user, "preferences", None)
  File "C:\Users\majd9\OneDrive\Desktop\tizahab_project1\tizahab-web\.venv\Lib\site-packages\django\db\models\fields\related_descriptors.py", line 509, in __get__
    rel_obj = self.get_queryset(instance=instance).get(**filter_args)
  File "C:\Users\majd9\OneDrive\Desktop\tizahab_project1\tizahab-web\.venv\Lib\site-packages\django\db\models\query.py", line 635, in get
    num = len(clone)
  File "C:\Users\majd9\OneDrive\Desktop\tizahab_project1\tizahab-web\.venv\Lib\site-packages\django\db\models\query.py", line 372, in __len__
    self._fetch_all()
    ~~~~~~~~~~~~~~~^^
  File "C:\Users\majd9\OneDrive\Desktop\tizahab_project1\tizahab-web\.venv\Lib\site-packages\django\db\models\query.py", line 2000, in _fetch_all
    self._result_cache = list(self._iterable_class(self))
                         ~~~~^^^^^^^^^^^^^^^^^^^^^^^^^^^^
  File "C:\Users\majd9\OneDrive\Desktop\tizahab_project1\tizahab-web\.venv\Lib\site-packages\django\db\models\query.py", line 95, in __iter__
    results = compiler.execute_sql(
        chunked_fetch=self.chunked_fetch, chunk_size=self.chunk_size
    )
  File "C:\Users\majd9\OneDrive\Desktop\tizahab_project1\tizahab-web\.venv\Lib\site-packages\django\db\models\sql\compiler.py", line 1624, in execute_sql
    cursor.execute(sql, params)
    ~~~~~~~~~~~~~~^^^^^^^^^^^^^
  File "C:\Users\majd9\OneDrive\Desktop\tizahab_project1\tizahab-web\.venv\Lib\site-packages\django\db\backends\utils.py", line 122, in execute
    return super().execute(sql, params)
           ~~~~~~~~~~~~~~~^^^^^^^^^^^^^
  File "C:\Users\majd9\OneDrive\Desktop\tizahab_project1\tizahab-web\.venv\Lib\site-packages\django\db\backends\utils.py", line 79, in execute
    return self._execute_with_wrappers(
           ~~~~~~~~~~~~~~~~~~~~~~~~~~~^
        sql, params, many=False, executor=self._execute
        ^^^^^^^^^^^^^^^^^^^^^^^^^^^^^^^^^^^^^^^^^^^^^^^
    )
    ^
  File "C:\Users\majd9\OneDrive\Desktop\tizahab_project1\tizahab-web\.venv\Lib\site-packages\django\db\backends\utils.py", line 92, in _execute_with_wrappers
    return executor(sql, params, many, context)
  File "C:\Users\majd9\OneDrive\Desktop\tizahab_project1\tizahab-web\.venv\Lib\site-packages\django\db\backends\utils.py", line 100, in _execute
    with self.db.wrap_database_errors:
         ^^^^^^^^^^^^^^^^^^^^^^^^^^^^
  File "C:\Users\majd9\OneDrive\Desktop\tizahab_project1\tizahab-web\.venv\Lib\site-packages\django\db\utils.py", line 94, in __exit__
    raise dj_exc_value.with_traceback(traceback) from exc_value
  File "C:\Users\majd9\OneDrive\Desktop\tizahab_project1\tizahab-web\.venv\Lib\site-packages\django\db\backends\utils.py", line 105, in _execute
    return self.cursor.execute(sql, params)
           ~~~~~~~~~~~~~~~~~~~^^^^^^^^^^^^^
  File "C:\Users\majd9\OneDrive\Desktop\tizahab_project1\tizahab-web\.venv\Lib\site-packages\django\db\backends\sqlite3\base.py", line 359, in execute
    return super().execute(query, params)
           ~~~~~~~~~~~~~~~^^^^^^^^^^^^^^^
django.db.utils.OperationalError: no such column: accounts_userpreferences.trip_duration
ERROR 2026-04-12 13:51:04 log 24548 2896 "GET /api/auth/me/ HTTP/1.1" 500 185078
ERROR 2026-04-12 13:51:04 log 24548 19148 "GET /api/events/filtered/ HTTP/1.1" 500 198161
INFO 2026-04-12 13:51:07 log 24548 19148 "GET /daily-plan/ HTTP/1.1" 200 23236
INFO 2026-04-12 13:51:07 log 24548 19148 "GET /static/js/daily_plan_integration.js?v=99 HTTP/1.1" 200 35033
INFO 2026-04-12 13:51:07 log 24548 22692 "GET /api/events/?category=outdoor HTTP/1.1" 200 10793
INFO 2026-04-12 13:51:07 log 24548 16740 "GET /api/events/ HTTP/1.1" 200 20634
INFO 2026-04-12 13:51:07 log 24548 2896 "GET /api/events/?category=food HTTP/1.1" 200 15232
ERROR 2026-04-12 13:51:07 log 24548 19148 Internal Server Error: /api/auth/me/
Traceback (most recent call last):
  File "C:\Users\majd9\OneDrive\Desktop\tizahab_project1\tizahab-web\.venv\Lib\site-packages\django\db\backends\utils.py", line 105, in _execute
    return self.cursor.execute(sql, params)
           ~~~~~~~~~~~~~~~~~~~^^^^^^^^^^^^^
  File "C:\Users\majd9\OneDrive\Desktop\tizahab_project1\tizahab-web\.venv\Lib\site-packages\django\db\backends\sqlite3\base.py", line 359, in execute
    return super().execute(query, params)
           ~~~~~~~~~~~~~~~^^^^^^^^^^^^^^^
sqlite3.OperationalError: no such column: accounts_userpreferences.trip_duration

The above exception was the direct cause of the following exception:

Traceback (most recent call last):
  File "C:\Users\majd9\OneDrive\Desktop\tizahab_project1\tizahab-web\.venv\Lib\site-packages\django\core\handlers\exception.py", line 55, in inner
    response = get_response(request)
  File "C:\Users\majd9\OneDrive\Desktop\tizahab_project1\tizahab-web\.venv\Lib\site-packages\django\core\handlers\base.py", line 198, in _get_response
    response = wrapped_callback(request, *callback_args, **callback_kwargs)
  File "C:\Users\majd9\OneDrive\Desktop\tizahab_project1\tizahab-web\.venv\Lib\site-packages\django\views\decorators\csrf.py", line 65, in _view_wrapper
    return view_func(request, *args, **kwargs)
  File "C:\Users\majd9\OneDrive\Desktop\tizahab_project1\tizahab-web\.venv\Lib\site-packages\django\views\generic\base.py", line 106, in view
    return self.dispatch(request, *args, **kwargs)
           ~~~~~~~~~~~~~^^^^^^^^^^^^^^^^^^^^^^^^^^
  File "C:\Users\majd9\OneDrive\Desktop\tizahab_project1\tizahab-web\.venv\Lib\site-packages\rest_framework\views.py", line 515, in dispatch
    response = self.handle_exception(exc)
  File "C:\Users\majd9\OneDrive\Desktop\tizahab_project1\tizahab-web\.venv\Lib\site-packages\rest_framework\views.py", line 475, in handle_exception
    self.raise_uncaught_exception(exc)
    ~~~~~~~~~~~~~~~~~~~~~~~~~~~~~^^^^^
  File "C:\Users\majd9\OneDrive\Desktop\tizahab_project1\tizahab-web\.venv\Lib\site-packages\rest_framework\views.py", line 486, in raise_uncaught_exception
    raise exc
  File "C:\Users\majd9\OneDrive\Desktop\tizahab_project1\tizahab-web\.venv\Lib\site-packages\rest_framework\views.py", line 512, in dispatch
    response = handler(request, *args, **kwargs)
  File "C:\Users\majd9\OneDrive\Desktop\tizahab_project1\tizahab-web\accounts\views.py", line 280, in get
    preferences, _ = UserPreferences.objects.get_or_create(user=user)
                     ~~~~~~~~~~~~~~~~~~~~~~~~~~~~~~~~~~~~~^^^^^^^^^^^
  File "C:\Users\majd9\OneDrive\Desktop\tizahab_project1\tizahab-web\.venv\Lib\site-packages\django\db\models\manager.py", line 87, in manager_method
    return getattr(self.get_queryset(), name)(*args, **kwargs)
           ~~~~~~~~~~~~~~~~~~~~~~~~~~~~~~~~~~^^^^^^^^^^^^^^^^^
  File "C:\Users\majd9\OneDrive\Desktop\tizahab_project1\tizahab-web\.venv\Lib\site-packages\django\db\models\query.py", line 987, in get_or_create
    return self.get(**kwargs), False
           ~~~~~~~~^^^^^^^^^^
  File "C:\Users\majd9\OneDrive\Desktop\tizahab_project1\tizahab-web\.venv\Lib\site-packages\django\db\models\query.py", line 635, in get
    num = len(clone)
  File "C:\Users\majd9\OneDrive\Desktop\tizahab_project1\tizahab-web\.venv\Lib\site-packages\django\db\models\query.py", line 372, in __len__
    self._fetch_all()
    ~~~~~~~~~~~~~~~^^
  File "C:\Users\majd9\OneDrive\Desktop\tizahab_project1\tizahab-web\.venv\Lib\site-packages\django\db\models\query.py", line 2000, in _fetch_all
    self._result_cache = list(self._iterable_class(self))
                         ~~~~^^^^^^^^^^^^^^^^^^^^^^^^^^^^
  File "C:\Users\majd9\OneDrive\Desktop\tizahab_project1\tizahab-web\.venv\Lib\site-packages\django\db\models\query.py", line 95, in __iter__
    results = compiler.execute_sql(
        chunked_fetch=self.chunked_fetch, chunk_size=self.chunk_size
    )
  File "C:\Users\majd9\OneDrive\Desktop\tizahab_project1\tizahab-web\.venv\Lib\site-packages\django\db\models\sql\compiler.py", line 1624, in execute_sql
    cursor.execute(sql, params)
    ~~~~~~~~~~~~~~^^^^^^^^^^^^^
  File "C:\Users\majd9\OneDrive\Desktop\tizahab_project1\tizahab-web\.venv\Lib\site-packages\django\db\backends\utils.py", line 122, in execute
    return super().execute(sql, params)
           ~~~~~~~~~~~~~~~^^^^^^^^^^^^^
  File "C:\Users\majd9\OneDrive\Desktop\tizahab_project1\tizahab-web\.venv\Lib\site-packages\django\db\backends\utils.py", line 79, in execute
    return self._execute_with_wrappers(
           ~~~~~~~~~~~~~~~~~~~~~~~~~~~^
        sql, params, many=False, executor=self._execute
        ^^^^^^^^^^^^^^^^^^^^^^^^^^^^^^^^^^^^^^^^^^^^^^^
    )
    ^
  File "C:\Users\majd9\OneDrive\Desktop\tizahab_project1\tizahab-web\.venv\Lib\site-packages\django\db\backends\utils.py", line 92, in _execute_with_wrappers
    return executor(sql, params, many, context)
  File "C:\Users\majd9\OneDrive\Desktop\tizahab_project1\tizahab-web\.venv\Lib\site-packages\django\db\backends\utils.py", line 100, in _execute
    with self.db.wrap_database_errors:
         ^^^^^^^^^^^^^^^^^^^^^^^^^^^^
  File "C:\Users\majd9\OneDrive\Desktop\tizahab_project1\tizahab-web\.venv\Lib\site-packages\django\db\utils.py", line 94, in __exit__
    raise dj_exc_value.with_traceback(traceback) from exc_value
  File "C:\Users\majd9\OneDrive\Desktop\tizahab_project1\tizahab-web\.venv\Lib\site-packages\django\db\backends\utils.py", line 105, in _execute
    return self.cursor.execute(sql, params)
           ~~~~~~~~~~~~~~~~~~~^^^^^^^^^^^^^
  File "C:\Users\majd9\OneDrive\Desktop\tizahab_project1\tizahab-web\.venv\Lib\site-packages\django\db\backends\sqlite3\base.py", line 359, in execute
    return super().execute(query, params)
           ~~~~~~~~~~~~~~~^^^^^^^^^^^^^^^
django.db.utils.OperationalError: no such column: accounts_userpreferences.trip_duration
ERROR 2026-04-12 13:51:07 log 24548 19148 "GET /api/auth/me/ HTTP/1.1" 500 185084
ERROR 2026-04-12 13:51:07 log 24548 2896 Internal Server Error: /api/auth/me/
Traceback (most recent call last):
  File "C:\Users\majd9\OneDrive\Desktop\tizahab_project1\tizahab-web\.venv\Lib\site-packages\django\db\backends\utils.py", line 105, in _execute
    return self.cursor.execute(sql, params)
           ~~~~~~~~~~~~~~~~~~~^^^^^^^^^^^^^
  File "C:\Users\majd9\OneDrive\Desktop\tizahab_project1\tizahab-web\.venv\Lib\site-packages\django\db\backends\sqlite3\base.py", line 359, in execute
    return super().execute(query, params)
           ~~~~~~~~~~~~~~~^^^^^^^^^^^^^^^
sqlite3.OperationalError: no such column: accounts_userpreferences.trip_duration

The above exception was the direct cause of the following exception:

Traceback (most recent call last):
  File "C:\Users\majd9\OneDrive\Desktop\tizahab_project1\tizahab-web\.venv\Lib\site-packages\django\core\handlers\exception.py", line 55, in inner
    response = get_response(request)
  File "C:\Users\majd9\OneDrive\Desktop\tizahab_project1\tizahab-web\.venv\Lib\site-packages\django\core\handlers\base.py", line 198, in _get_response
    response = wrapped_callback(request, *callback_args, **callback_kwargs)
  File "C:\Users\majd9\OneDrive\Desktop\tizahab_project1\tizahab-web\.venv\Lib\site-packages\django\views\decorators\csrf.py", line 65, in _view_wrapper
    return view_func(request, *args, **kwargs)
  File "C:\Users\majd9\OneDrive\Desktop\tizahab_project1\tizahab-web\.venv\Lib\site-packages\django\views\generic\base.py", line 106, in view
    return self.dispatch(request, *args, **kwargs)
           ~~~~~~~~~~~~~^^^^^^^^^^^^^^^^^^^^^^^^^^
  File "C:\Users\majd9\OneDrive\Desktop\tizahab_project1\tizahab-web\.venv\Lib\site-packages\rest_framework\views.py", line 515, in dispatch
    response = self.handle_exception(exc)
  File "C:\Users\majd9\OneDrive\Desktop\tizahab_project1\tizahab-web\.venv\Lib\site-packages\rest_framework\views.py", line 475, in handle_exception
    self.raise_uncaught_exception(exc)
    ~~~~~~~~~~~~~~~~~~~~~~~~~~~~~^^^^^
  File "C:\Users\majd9\OneDrive\Desktop\tizahab_project1\tizahab-web\.venv\Lib\site-packages\rest_framework\views.py", line 486, in raise_uncaught_exception
    raise exc
  File "C:\Users\majd9\OneDrive\Desktop\tizahab_project1\tizahab-web\.venv\Lib\site-packages\rest_framework\views.py", line 512, in dispatch
    response = handler(request, *args, **kwargs)
  File "C:\Users\majd9\OneDrive\Desktop\tizahab_project1\tizahab-web\accounts\views.py", line 280, in get
    preferences, _ = UserPreferences.objects.get_or_create(user=user)
                     ~~~~~~~~~~~~~~~~~~~~~~~~~~~~~~~~~~~~~^^^^^^^^^^^
  File "C:\Users\majd9\OneDrive\Desktop\tizahab_project1\tizahab-web\.venv\Lib\site-packages\django\db\models\manager.py", line 87, in manager_method
    return getattr(self.get_queryset(), name)(*args, **kwargs)
           ~~~~~~~~~~~~~~~~~~~~~~~~~~~~~~~~~~^^^^^^^^^^^^^^^^^
  File "C:\Users\majd9\OneDrive\Desktop\tizahab_project1\tizahab-web\.venv\Lib\site-packages\django\db\models\query.py", line 987, in get_or_create
    return self.get(**kwargs), False
           ~~~~~~~~^^^^^^^^^^
  File "C:\Users\majd9\OneDrive\Desktop\tizahab_project1\tizahab-web\.venv\Lib\site-packages\django\db\models\query.py", line 635, in get
    num = len(clone)
  File "C:\Users\majd9\OneDrive\Desktop\tizahab_project1\tizahab-web\.venv\Lib\site-packages\django\db\models\query.py", line 372, in __len__
    self._fetch_all()
    ~~~~~~~~~~~~~~~^^
  File "C:\Users\majd9\OneDrive\Desktop\tizahab_project1\tizahab-web\.venv\Lib\site-packages\django\db\models\query.py", line 2000, in _fetch_all
    self._result_cache = list(self._iterable_class(self))
                         ~~~~^^^^^^^^^^^^^^^^^^^^^^^^^^^^
  File "C:\Users\majd9\OneDrive\Desktop\tizahab_project1\tizahab-web\.venv\Lib\site-packages\django\db\models\query.py", line 95, in __iter__
    results = compiler.execute_sql(
        chunked_fetch=self.chunked_fetch, chunk_size=self.chunk_size
    )
  File "C:\Users\majd9\OneDrive\Desktop\tizahab_project1\tizahab-web\.venv\Lib\site-packages\django\db\models\sql\compiler.py", line 1624, in execute_sql
    cursor.execute(sql, params)
    ~~~~~~~~~~~~~~^^^^^^^^^^^^^
  File "C:\Users\majd9\OneDrive\Desktop\tizahab_project1\tizahab-web\.venv\Lib\site-packages\django\db\backends\utils.py", line 122, in execute
    return super().execute(sql, params)
           ~~~~~~~~~~~~~~~^^^^^^^^^^^^^
  File "C:\Users\majd9\OneDrive\Desktop\tizahab_project1\tizahab-web\.venv\Lib\site-packages\django\db\backends\utils.py", line 79, in execute
    return self._execute_with_wrappers(
           ~~~~~~~~~~~~~~~~~~~~~~~~~~~^
        sql, params, many=False, executor=self._execute
        ^^^^^^^^^^^^^^^^^^^^^^^^^^^^^^^^^^^^^^^^^^^^^^^
    )
    ^
  File "C:\Users\majd9\OneDrive\Desktop\tizahab_project1\tizahab-web\.venv\Lib\site-packages\django\db\backends\utils.py", line 92, in _execute_with_wrappers
    return executor(sql, params, many, context)
  File "C:\Users\majd9\OneDrive\Desktop\tizahab_project1\tizahab-web\.venv\Lib\site-packages\django\db\backends\utils.py", line 100, in _execute
    with self.db.wrap_database_errors:
         ^^^^^^^^^^^^^^^^^^^^^^^^^^^^
  File "C:\Users\majd9\OneDrive\Desktop\tizahab_project1\tizahab-web\.venv\Lib\site-packages\django\db\utils.py", line 94, in __exit__
    raise dj_exc_value.with_traceback(traceback) from exc_value
  File "C:\Users\majd9\OneDrive\Desktop\tizahab_project1\tizahab-web\.venv\Lib\site-packages\django\db\backends\utils.py", line 105, in _execute
    return self.cursor.execute(sql, params)
           ~~~~~~~~~~~~~~~~~~~^^^^^^^^^^^^^
  File "C:\Users\majd9\OneDrive\Desktop\tizahab_project1\tizahab-web\.venv\Lib\site-packages\django\db\backends\sqlite3\base.py", line 359, in execute
    return super().execute(query, params)
           ~~~~~~~~~~~~~~~^^^^^^^^^^^^^^^
django.db.utils.OperationalError: no such column: accounts_userpreferences.trip_duration
ERROR 2026-04-12 13:51:07 log 24548 2896 "GET /api/auth/me/ HTTP/1.1" 500 185084
INFO 2026-04-12 13:51:07 log 24548 2896 "GET /api/daily-plan/ HTTP/1.1" 200 17473
ERROR 2026-04-12 13:51:08 log 24548 2896 Internal Server Error: /api/auth/me/
Traceback (most recent call last):
  File "C:\Users\majd9\OneDrive\Desktop\tizahab_project1\tizahab-web\.venv\Lib\site-packages\django\db\backends\utils.py", line 105, in _execute
    return self.cursor.execute(sql, params)
           ~~~~~~~~~~~~~~~~~~~^^^^^^^^^^^^^
  File "C:\Users\majd9\OneDrive\Desktop\tizahab_project1\tizahab-web\.venv\Lib\site-packages\django\db\backends\sqlite3\base.py", line 359, in execute
    return super().execute(query, params)
           ~~~~~~~~~~~~~~~^^^^^^^^^^^^^^^
sqlite3.OperationalError: no such column: accounts_userpreferences.trip_duration

The above exception was the direct cause of the following exception:

Traceback (most recent call last):
  File "C:\Users\majd9\OneDrive\Desktop\tizahab_project1\tizahab-web\.venv\Lib\site-packages\django\core\handlers\exception.py", line 55, in inner
    response = get_response(request)
  File "C:\Users\majd9\OneDrive\Desktop\tizahab_project1\tizahab-web\.venv\Lib\site-packages\django\core\handlers\base.py", line 198, in _get_response
    response = wrapped_callback(request, *callback_args, **callback_kwargs)
  File "C:\Users\majd9\OneDrive\Desktop\tizahab_project1\tizahab-web\.venv\Lib\site-packages\django\views\decorators\csrf.py", line 65, in _view_wrapper
    return view_func(request, *args, **kwargs)
  File "C:\Users\majd9\OneDrive\Desktop\tizahab_project1\tizahab-web\.venv\Lib\site-packages\django\views\generic\base.py", line 106, in view
    return self.dispatch(request, *args, **kwargs)
           ~~~~~~~~~~~~~^^^^^^^^^^^^^^^^^^^^^^^^^^
  File "C:\Users\majd9\OneDrive\Desktop\tizahab_project1\tizahab-web\.venv\Lib\site-packages\rest_framework\views.py", line 515, in dispatch
    response = self.handle_exception(exc)
  File "C:\Users\majd9\OneDrive\Desktop\tizahab_project1\tizahab-web\.venv\Lib\site-packages\rest_framework\views.py", line 475, in handle_exception
    self.raise_uncaught_exception(exc)
    ~~~~~~~~~~~~~~~~~~~~~~~~~~~~~^^^^^
  File "C:\Users\majd9\OneDrive\Desktop\tizahab_project1\tizahab-web\.venv\Lib\site-packages\rest_framework\views.py", line 486, in raise_uncaught_exception
    raise exc
  File "C:\Users\majd9\OneDrive\Desktop\tizahab_project1\tizahab-web\.venv\Lib\site-packages\rest_framework\views.py", line 512, in dispatch
    response = handler(request, *args, **kwargs)
  File "C:\Users\majd9\OneDrive\Desktop\tizahab_project1\tizahab-web\accounts\views.py", line 280, in get
    preferences, _ = UserPreferences.objects.get_or_create(user=user)
                     ~~~~~~~~~~~~~~~~~~~~~~~~~~~~~~~~~~~~~^^^^^^^^^^^
  File "C:\Users\majd9\OneDrive\Desktop\tizahab_project1\tizahab-web\.venv\Lib\site-packages\django\db\models\manager.py", line 87, in manager_method
    return getattr(self.get_queryset(), name)(*args, **kwargs)
           ~~~~~~~~~~~~~~~~~~~~~~~~~~~~~~~~~~^^^^^^^^^^^^^^^^^
  File "C:\Users\majd9\OneDrive\Desktop\tizahab_project1\tizahab-web\.venv\Lib\site-packages\django\db\models\query.py", line 987, in get_or_create
    return self.get(**kwargs), False
           ~~~~~~~~^^^^^^^^^^
  File "C:\Users\majd9\OneDrive\Desktop\tizahab_project1\tizahab-web\.venv\Lib\site-packages\django\db\models\query.py", line 635, in get
    num = len(clone)
  File "C:\Users\majd9\OneDrive\Desktop\tizahab_project1\tizahab-web\.venv\Lib\site-packages\django\db\models\query.py", line 372, in __len__
    self._fetch_all()
    ~~~~~~~~~~~~~~~^^
  File "C:\Users\majd9\OneDrive\Desktop\tizahab_project1\tizahab-web\.venv\Lib\site-packages\django\db\models\query.py", line 2000, in _fetch_all
    self._result_cache = list(self._iterable_class(self))
                         ~~~~^^^^^^^^^^^^^^^^^^^^^^^^^^^^
  File "C:\Users\majd9\OneDrive\Desktop\tizahab_project1\tizahab-web\.venv\Lib\site-packages\django\db\models\query.py", line 95, in __iter__
    results = compiler.execute_sql(
        chunked_fetch=self.chunked_fetch, chunk_size=self.chunk_size
    )
  File "C:\Users\majd9\OneDrive\Desktop\tizahab_project1\tizahab-web\.venv\Lib\site-packages\django\db\models\sql\compiler.py", line 1624, in execute_sql
    cursor.execute(sql, params)
    ~~~~~~~~~~~~~~^^^^^^^^^^^^^
  File "C:\Users\majd9\OneDrive\Desktop\tizahab_project1\tizahab-web\.venv\Lib\site-packages\django\db\backends\utils.py", line 122, in execute
    return super().execute(sql, params)
           ~~~~~~~~~~~~~~~^^^^^^^^^^^^^
  File "C:\Users\majd9\OneDrive\Desktop\tizahab_project1\tizahab-web\.venv\Lib\site-packages\django\db\backends\utils.py", line 79, in execute
    return self._execute_with_wrappers(
           ~~~~~~~~~~~~~~~~~~~~~~~~~~~^
        sql, params, many=False, executor=self._execute
        ^^^^^^^^^^^^^^^^^^^^^^^^^^^^^^^^^^^^^^^^^^^^^^^
    )
    ^
  File "C:\Users\majd9\OneDrive\Desktop\tizahab_project1\tizahab-web\.venv\Lib\site-packages\django\db\backends\utils.py", line 92, in _execute_with_wrappers
    return executor(sql, params, many, context)
  File "C:\Users\majd9\OneDrive\Desktop\tizahab_project1\tizahab-web\.venv\Lib\site-packages\django\db\backends\utils.py", line 100, in _execute
    with self.db.wrap_database_errors:
         ^^^^^^^^^^^^^^^^^^^^^^^^^^^^
  File "C:\Users\majd9\OneDrive\Desktop\tizahab_project1\tizahab-web\.venv\Lib\site-packages\django\db\utils.py", line 94, in __exit__
    raise dj_exc_value.with_traceback(traceback) from exc_value
  File "C:\Users\majd9\OneDrive\Desktop\tizahab_project1\tizahab-web\.venv\Lib\site-packages\django\db\backends\utils.py", line 105, in _execute
    return self.cursor.execute(sql, params)
           ~~~~~~~~~~~~~~~~~~~^^^^^^^^^^^^^
  File "C:\Users\majd9\OneDrive\Desktop\tizahab_project1\tizahab-web\.venv\Lib\site-packages\django\db\backends\sqlite3\base.py", line 359, in execute
    return super().execute(query, params)
           ~~~~~~~~~~~~~~~^^^^^^^^^^^^^^^
django.db.utils.OperationalError: no such column: accounts_userpreferences.trip_duration
ERROR 2026-04-12 13:51:08 log 24548 2896 "GET /api/auth/me/ HTTP/1.1" 500 185084
ERROR 2026-04-12 13:51:08 views 24548 2896 Unexpected error generating multi-day plan for user 10: no such column: accounts_userpreferences.trip_duration
Traceback (most recent call last):
  File "C:\Users\majd9\OneDrive\Desktop\tizahab_project1\tizahab-web\.venv\Lib\site-packages\django\db\backends\utils.py", line 105, in _execute
    return self.cursor.execute(sql, params)
           ~~~~~~~~~~~~~~~~~~~^^^^^^^^^^^^^
  File "C:\Users\majd9\OneDrive\Desktop\tizahab_project1\tizahab-web\.venv\Lib\site-packages\django\db\backends\sqlite3\base.py", line 359, in execute
    return super().execute(query, params)
           ~~~~~~~~~~~~~~~^^^^^^^^^^^^^^^
sqlite3.OperationalError: no such column: accounts_userpreferences.trip_duration

The above exception was the direct cause of the following exception:

Traceback (most recent call last):
  File "C:\Users\majd9\OneDrive\Desktop\tizahab_project1\tizahab-web\daily_plan\views.py", line 194, in post
    generated_days = generate_multiday_plan(user, start_date_str)
  File "C:\Users\majd9\OneDrive\Desktop\tizahab_project1\tizahab-web\daily_plan\services.py", line 250, in generate_multiday_plan
    preferences = UserPreferences.objects.filter(user=user).first()
  File "C:\Users\majd9\OneDrive\Desktop\tizahab_project1\tizahab-web\.venv\Lib\site-packages\django\db\models\query.py", line 1145, in first
    for obj in queryset[:1]:
               ~~~~~~~~^^^^
  File "C:\Users\majd9\OneDrive\Desktop\tizahab_project1\tizahab-web\.venv\Lib\site-packages\django\db\models\query.py", line 390, in __iter__
    self._fetch_all()
    ~~~~~~~~~~~~~~~^^
  File "C:\Users\majd9\OneDrive\Desktop\tizahab_project1\tizahab-web\.venv\Lib\site-packages\django\db\models\query.py", line 2000, in _fetch_all
    self._result_cache = list(self._iterable_class(self))
                         ~~~~^^^^^^^^^^^^^^^^^^^^^^^^^^^^
  File "C:\Users\majd9\OneDrive\Desktop\tizahab_project1\tizahab-web\.venv\Lib\site-packages\django\db\models\query.py", line 95, in __iter__
    results = compiler.execute_sql(
        chunked_fetch=self.chunked_fetch, chunk_size=self.chunk_size
    )
  File "C:\Users\majd9\OneDrive\Desktop\tizahab_project1\tizahab-web\.venv\Lib\site-packages\django\db\models\sql\compiler.py", line 1624, in execute_sql
    cursor.execute(sql, params)
    ~~~~~~~~~~~~~~^^^^^^^^^^^^^
  File "C:\Users\majd9\OneDrive\Desktop\tizahab_project1\tizahab-web\.venv\Lib\site-packages\django\db\backends\utils.py", line 122, in execute
    return super().execute(sql, params)
           ~~~~~~~~~~~~~~~^^^^^^^^^^^^^
  File "C:\Users\majd9\OneDrive\Desktop\tizahab_project1\tizahab-web\.venv\Lib\site-packages\django\db\backends\utils.py", line 79, in execute
    return self._execute_with_wrappers(
           ~~~~~~~~~~~~~~~~~~~~~~~~~~~^
        sql, params, many=False, executor=self._execute
        ^^^^^^^^^^^^^^^^^^^^^^^^^^^^^^^^^^^^^^^^^^^^^^^
    )
    ^
  File "C:\Users\majd9\OneDrive\Desktop\tizahab_project1\tizahab-web\.venv\Lib\site-packages\django\db\backends\utils.py", line 92, in _execute_with_wrappers
    return executor(sql, params, many, context)
  File "C:\Users\majd9\OneDrive\Desktop\tizahab_project1\tizahab-web\.venv\Lib\site-packages\django\db\backends\utils.py", line 100, in _execute
    with self.db.wrap_database_errors:
         ^^^^^^^^^^^^^^^^^^^^^^^^^^^^
  File "C:\Users\majd9\OneDrive\Desktop\tizahab_project1\tizahab-web\.venv\Lib\site-packages\django\db\utils.py", line 94, in __exit__
    raise dj_exc_value.with_traceback(traceback) from exc_value
  File "C:\Users\majd9\OneDrive\Desktop\tizahab_project1\tizahab-web\.venv\Lib\site-packages\django\db\backends\utils.py", line 105, in _execute
    return self.cursor.execute(sql, params)
           ~~~~~~~~~~~~~~~~~~~^^^^^^^^^^^^^
  File "C:\Users\majd9\OneDrive\Desktop\tizahab_project1\tizahab-web\.venv\Lib\site-packages\django\db\backends\sqlite3\base.py", line 359, in execute
    return super().execute(query, params)
           ~~~~~~~~~~~~~~~^^^^^^^^^^^^^^^
django.db.utils.OperationalError: no such column: accounts_userpreferences.trip_duration
ERROR 2026-04-12 13:51:08 log 24548 2896 Internal Server Error: /api/daily-plan/generate-multiday/
ERROR 2026-04-12 13:51:08 log 24548 2896 "POST /api/daily-plan/generate-multiday/ HTTP/1.1" 500 52
INFO 2026-04-12 13:51:46 log 24548 2896 "GET /profile/ HTTP/1.1" 200 28800
INFO 2026-04-12 13:51:46 log 24548 22692 "GET /api/events/favorites/ HTTP/1.1" 200 2
INFO 2026-04-12 13:51:46 log 24548 16740 "GET /api/daily-plan/ HTTP/1.1" 200 17473
ERROR 2026-04-12 13:51:46 log 24548 19148 Internal Server Error: /api/auth/preferences/
Traceback (most recent call last):
  File "C:\Users\majd9\OneDrive\Desktop\tizahab_project1\tizahab-web\.venv\Lib\site-packages\django\db\backends\utils.py", line 105, in _execute
    return self.cursor.execute(sql, params)
           ~~~~~~~~~~~~~~~~~~~^^^^^^^^^^^^^
  File "C:\Users\majd9\OneDrive\Desktop\tizahab_project1\tizahab-web\.venv\Lib\site-packages\django\db\backends\sqlite3\base.py", line 359, in execute
    return super().execute(query, params)
           ~~~~~~~~~~~~~~~^^^^^^^^^^^^^^^
sqlite3.OperationalError: no such column: accounts_userpreferences.trip_duration

The above exception was the direct cause of the following exception:

Traceback (most recent call last):
  File "C:\Users\majd9\OneDrive\Desktop\tizahab_project1\tizahab-web\.venv\Lib\site-packages\django\core\handlers\exception.py", line 55, in inner
    response = get_response(request)
  File "C:\Users\majd9\OneDrive\Desktop\tizahab_project1\tizahab-web\.venv\Lib\site-packages\django\core\handlers\base.py", line 198, in _get_response
    response = wrapped_callback(request, *callback_args, **callback_kwargs)
  File "C:\Users\majd9\OneDrive\Desktop\tizahab_project1\tizahab-web\.venv\Lib\site-packages\django\views\decorators\csrf.py", line 65, in _view_wrapper
    return view_func(request, *args, **kwargs)
  File "C:\Users\majd9\OneDrive\Desktop\tizahab_project1\tizahab-web\.venv\Lib\site-packages\django\views\generic\base.py", line 106, in view
    return self.dispatch(request, *args, **kwargs)
           ~~~~~~~~~~~~~^^^^^^^^^^^^^^^^^^^^^^^^^^
  File "C:\Users\majd9\OneDrive\Desktop\tizahab_project1\tizahab-web\.venv\Lib\site-packages\rest_framework\views.py", line 515, in dispatch
    response = self.handle_exception(exc)
  File "C:\Users\majd9\OneDrive\Desktop\tizahab_project1\tizahab-web\.venv\Lib\site-packages\rest_framework\views.py", line 475, in handle_exception
    self.raise_uncaught_exception(exc)
    ~~~~~~~~~~~~~~~~~~~~~~~~~~~~~^^^^^
  File "C:\Users\majd9\OneDrive\Desktop\tizahab_project1\tizahab-web\.venv\Lib\site-packages\rest_framework\views.py", line 486, in raise_uncaught_exception
    raise exc
  File "C:\Users\majd9\OneDrive\Desktop\tizahab_project1\tizahab-web\.venv\Lib\site-packages\rest_framework\views.py", line 512, in dispatch
    response = handler(request, *args, **kwargs)
  File "C:\Users\majd9\OneDrive\Desktop\tizahab_project1\tizahab-web\accounts\views.py", line 253, in get
    preferences, _ = UserPreferences.objects.get_or_create(user=request.user)
                     ~~~~~~~~~~~~~~~~~~~~~~~~~~~~~~~~~~~~~^^^^^^^^^^^^^^^^^^^
  File "C:\Users\majd9\OneDrive\Desktop\tizahab_project1\tizahab-web\.venv\Lib\site-packages\django\db\models\manager.py", line 87, in manager_method
    return getattr(self.get_queryset(), name)(*args, **kwargs)
           ~~~~~~~~~~~~~~~~~~~~~~~~~~~~~~~~~~^^^^^^^^^^^^^^^^^
  File "C:\Users\majd9\OneDrive\Desktop\tizahab_project1\tizahab-web\.venv\Lib\site-packages\django\db\models\query.py", line 987, in get_or_create
    return self.get(**kwargs), False
           ~~~~~~~~^^^^^^^^^^
  File "C:\Users\majd9\OneDrive\Desktop\tizahab_project1\tizahab-web\.venv\Lib\site-packages\django\db\models\query.py", line 635, in get
    num = len(clone)
  File "C:\Users\majd9\OneDrive\Desktop\tizahab_project1\tizahab-web\.venv\Lib\site-packages\django\db\models\query.py", line 372, in __len__
    self._fetch_all()
    ~~~~~~~~~~~~~~~^^
  File "C:\Users\majd9\OneDrive\Desktop\tizahab_project1\tizahab-web\.venv\Lib\site-packages\django\db\models\query.py", line 2000, in _fetch_all
    self._result_cache = list(self._iterable_class(self))
                         ~~~~^^^^^^^^^^^^^^^^^^^^^^^^^^^^
  File "C:\Users\majd9\OneDrive\Desktop\tizahab_project1\tizahab-web\.venv\Lib\site-packages\django\db\models\query.py", line 95, in __iter__
    results = compiler.execute_sql(
        chunked_fetch=self.chunked_fetch, chunk_size=self.chunk_size
    )
  File "C:\Users\majd9\OneDrive\Desktop\tizahab_project1\tizahab-web\.venv\Lib\site-packages\django\db\models\sql\compiler.py", line 1624, in execute_sql
    cursor.execute(sql, params)
    ~~~~~~~~~~~~~~^^^^^^^^^^^^^
  File "C:\Users\majd9\OneDrive\Desktop\tizahab_project1\tizahab-web\.venv\Lib\site-packages\django\db\backends\utils.py", line 122, in execute
    return super().execute(sql, params)
           ~~~~~~~~~~~~~~~^^^^^^^^^^^^^
  File "C:\Users\majd9\OneDrive\Desktop\tizahab_project1\tizahab-web\.venv\Lib\site-packages\django\db\backends\utils.py", line 79, in execute
    return self._execute_with_wrappers(
           ~~~~~~~~~~~~~~~~~~~~~~~~~~~^
        sql, params, many=False, executor=self._execute
        ^^^^^^^^^^^^^^^^^^^^^^^^^^^^^^^^^^^^^^^^^^^^^^^
    )
    ^
  File "C:\Users\majd9\OneDrive\Desktop\tizahab_project1\tizahab-web\.venv\Lib\site-packages\django\db\backends\utils.py", line 92, in _execute_with_wrappers
    return executor(sql, params, many, context)
  File "C:\Users\majd9\OneDrive\Desktop\tizahab_project1\tizahab-web\.venv\Lib\site-packages\django\db\backends\utils.py", line 100, in _execute
    with self.db.wrap_database_errors:
         ^^^^^^^^^^^^^^^^^^^^^^^^^^^^
  File "C:\Users\majd9\OneDrive\Desktop\tizahab_project1\tizahab-web\.venv\Lib\site-packages\django\db\utils.py", line 94, in __exit__
    raise dj_exc_value.with_traceback(traceback) from exc_value
  File "C:\Users\majd9\OneDrive\Desktop\tizahab_project1\tizahab-web\.venv\Lib\site-packages\django\db\backends\utils.py", line 105, in _execute
    return self.cursor.execute(sql, params)
           ~~~~~~~~~~~~~~~~~~~^^^^^^^^^^^^^
  File "C:\Users\majd9\OneDrive\Desktop\tizahab_project1\tizahab-web\.venv\Lib\site-packages\django\db\backends\sqlite3\base.py", line 359, in execute
    return super().execute(query, params)
           ~~~~~~~~~~~~~~~^^^^^^^^^^^^^^^
django.db.utils.OperationalError: no such column: accounts_userpreferences.trip_duration
ERROR 2026-04-12 13:51:47 log 24548 2896 Internal Server Error: /api/auth/me/
Traceback (most recent call last):
  File "C:\Users\majd9\OneDrive\Desktop\tizahab_project1\tizahab-web\.venv\Lib\site-packages\django\db\backends\utils.py", line 105, in _execute
    return self.cursor.execute(sql, params)
           ~~~~~~~~~~~~~~~~~~~^^^^^^^^^^^^^
  File "C:\Users\majd9\OneDrive\Desktop\tizahab_project1\tizahab-web\.venv\Lib\site-packages\django\db\backends\sqlite3\base.py", line 359, in execute
    return super().execute(query, params)
           ~~~~~~~~~~~~~~~^^^^^^^^^^^^^^^
sqlite3.OperationalError: no such column: accounts_userpreferences.trip_duration

The above exception was the direct cause of the following exception:

Traceback (most recent call last):
  File "C:\Users\majd9\OneDrive\Desktop\tizahab_project1\tizahab-web\.venv\Lib\site-packages\django\core\handlers\exception.py", line 55, in inner
    response = get_response(request)
  File "C:\Users\majd9\OneDrive\Desktop\tizahab_project1\tizahab-web\.venv\Lib\site-packages\django\core\handlers\base.py", line 198, in _get_response
    response = wrapped_callback(request, *callback_args, **callback_kwargs)
  File "C:\Users\majd9\OneDrive\Desktop\tizahab_project1\tizahab-web\.venv\Lib\site-packages\django\views\decorators\csrf.py", line 65, in _view_wrapper
    return view_func(request, *args, **kwargs)
  File "C:\Users\majd9\OneDrive\Desktop\tizahab_project1\tizahab-web\.venv\Lib\site-packages\django\views\generic\base.py", line 106, in view
    return self.dispatch(request, *args, **kwargs)
           ~~~~~~~~~~~~~^^^^^^^^^^^^^^^^^^^^^^^^^^
  File "C:\Users\majd9\OneDrive\Desktop\tizahab_project1\tizahab-web\.venv\Lib\site-packages\rest_framework\views.py", line 515, in dispatch
    response = self.handle_exception(exc)
  File "C:\Users\majd9\OneDrive\Desktop\tizahab_project1\tizahab-web\.venv\Lib\site-packages\rest_framework\views.py", line 475, in handle_exception
    self.raise_uncaught_exception(exc)
    ~~~~~~~~~~~~~~~~~~~~~~~~~~~~~^^^^^
  File "C:\Users\majd9\OneDrive\Desktop\tizahab_project1\tizahab-web\.venv\Lib\site-packages\rest_framework\views.py", line 486, in raise_uncaught_exception
    raise exc
  File "C:\Users\majd9\OneDrive\Desktop\tizahab_project1\tizahab-web\.venv\Lib\site-packages\rest_framework\views.py", line 512, in dispatch
    response = handler(request, *args, **kwargs)
  File "C:\Users\majd9\OneDrive\Desktop\tizahab_project1\tizahab-web\accounts\views.py", line 280, in get
    preferences, _ = UserPreferences.objects.get_or_create(user=user)
                     ~~~~~~~~~~~~~~~~~~~~~~~~~~~~~~~~~~~~~^^^^^^^^^^^
  File "C:\Users\majd9\OneDrive\Desktop\tizahab_project1\tizahab-web\.venv\Lib\site-packages\django\db\models\manager.py", line 87, in manager_method
    return getattr(self.get_queryset(), name)(*args, **kwargs)
           ~~~~~~~~~~~~~~~~~~~~~~~~~~~~~~~~~~^^^^^^^^^^^^^^^^^
  File "C:\Users\majd9\OneDrive\Desktop\tizahab_project1\tizahab-web\.venv\Lib\site-packages\django\db\models\query.py", line 987, in get_or_create
    return self.get(**kwargs), False
           ~~~~~~~~^^^^^^^^^^
  File "C:\Users\majd9\OneDrive\Desktop\tizahab_project1\tizahab-web\.venv\Lib\site-packages\django\db\models\query.py", line 635, in get
    num = len(clone)
  File "C:\Users\majd9\OneDrive\Desktop\tizahab_project1\tizahab-web\.venv\Lib\site-packages\django\db\models\query.py", line 372, in __len__
    self._fetch_all()
    ~~~~~~~~~~~~~~~^^
  File "C:\Users\majd9\OneDrive\Desktop\tizahab_project1\tizahab-web\.venv\Lib\site-packages\django\db\models\query.py", line 2000, in _fetch_all
    self._result_cache = list(self._iterable_class(self))
                         ~~~~^^^^^^^^^^^^^^^^^^^^^^^^^^^^
  File "C:\Users\majd9\OneDrive\Desktop\tizahab_project1\tizahab-web\.venv\Lib\site-packages\django\db\models\query.py", line 95, in __iter__
    results = compiler.execute_sql(
        chunked_fetch=self.chunked_fetch, chunk_size=self.chunk_size
    )
  File "C:\Users\majd9\OneDrive\Desktop\tizahab_project1\tizahab-web\.venv\Lib\site-packages\django\db\models\sql\compiler.py", line 1624, in execute_sql
    cursor.execute(sql, params)
    ~~~~~~~~~~~~~~^^^^^^^^^^^^^
  File "C:\Users\majd9\OneDrive\Desktop\tizahab_project1\tizahab-web\.venv\Lib\site-packages\django\db\backends\utils.py", line 122, in execute
    return super().execute(sql, params)
           ~~~~~~~~~~~~~~~^^^^^^^^^^^^^
  File "C:\Users\majd9\OneDrive\Desktop\tizahab_project1\tizahab-web\.venv\Lib\site-packages\django\db\backends\utils.py", line 79, in execute
    return self._execute_with_wrappers(
           ~~~~~~~~~~~~~~~~~~~~~~~~~~~^
        sql, params, many=False, executor=self._execute
        ^^^^^^^^^^^^^^^^^^^^^^^^^^^^^^^^^^^^^^^^^^^^^^^
    )
    ^
  File "C:\Users\majd9\OneDrive\Desktop\tizahab_project1\tizahab-web\.venv\Lib\site-packages\django\db\backends\utils.py", line 92, in _execute_with_wrappers
    return executor(sql, params, many, context)
  File "C:\Users\majd9\OneDrive\Desktop\tizahab_project1\tizahab-web\.venv\Lib\site-packages\django\db\backends\utils.py", line 100, in _execute
    with self.db.wrap_database_errors:
         ^^^^^^^^^^^^^^^^^^^^^^^^^^^^
  File "C:\Users\majd9\OneDrive\Desktop\tizahab_project1\tizahab-web\.venv\Lib\site-packages\django\db\utils.py", line 94, in __exit__
    raise dj_exc_value.with_traceback(traceback) from exc_value
  File "C:\Users\majd9\OneDrive\Desktop\tizahab_project1\tizahab-web\.venv\Lib\site-packages\django\db\backends\utils.py", line 105, in _execute
    return self.cursor.execute(sql, params)
           ~~~~~~~~~~~~~~~~~~~^^^^^^^^^^^^^
  File "C:\Users\majd9\OneDrive\Desktop\tizahab_project1\tizahab-web\.venv\Lib\site-packages\django\db\backends\sqlite3\base.py", line 359, in execute
    return super().execute(query, params)
           ~~~~~~~~~~~~~~~^^^^^^^^^^^^^^^
django.db.utils.OperationalError: no such column: accounts_userpreferences.trip_duration
ERROR 2026-04-12 13:51:47 log 24548 19148 "GET /api/auth/preferences/ HTTP/1.1" 500 185098
ERROR 2026-04-12 13:51:47 log 24548 2896 "GET /api/auth/me/ HTTP/1.1" 500 185081
ERROR 2026-04-12 13:51:47 log 24548 19148 Internal Server Error: /api/auth/me/
Traceback (most recent call last):
  File "C:\Users\majd9\OneDrive\Desktop\tizahab_project1\tizahab-web\.venv\Lib\site-packages\django\db\backends\utils.py", line 105, in _execute
    return self.cursor.execute(sql, params)
           ~~~~~~~~~~~~~~~~~~~^^^^^^^^^^^^^
  File "C:\Users\majd9\OneDrive\Desktop\tizahab_project1\tizahab-web\.venv\Lib\site-packages\django\db\backends\sqlite3\base.py", line 359, in execute
    return super().execute(query, params)
           ~~~~~~~~~~~~~~~^^^^^^^^^^^^^^^
sqlite3.OperationalError: no such column: accounts_userpreferences.trip_duration

The above exception was the direct cause of the following exception:

Traceback (most recent call last):
  File "C:\Users\majd9\OneDrive\Desktop\tizahab_project1\tizahab-web\.venv\Lib\site-packages\django\core\handlers\exception.py", line 55, in inner
    response = get_response(request)
  File "C:\Users\majd9\OneDrive\Desktop\tizahab_project1\tizahab-web\.venv\Lib\site-packages\django\core\handlers\base.py", line 198, in _get_response
    response = wrapped_callback(request, *callback_args, **callback_kwargs)
  File "C:\Users\majd9\OneDrive\Desktop\tizahab_project1\tizahab-web\.venv\Lib\site-packages\django\views\decorators\csrf.py", line 65, in _view_wrapper
    return view_func(request, *args, **kwargs)
  File "C:\Users\majd9\OneDrive\Desktop\tizahab_project1\tizahab-web\.venv\Lib\site-packages\django\views\generic\base.py", line 106, in view
    return self.dispatch(request, *args, **kwargs)
           ~~~~~~~~~~~~~^^^^^^^^^^^^^^^^^^^^^^^^^^
  File "C:\Users\majd9\OneDrive\Desktop\tizahab_project1\tizahab-web\.venv\Lib\site-packages\rest_framework\views.py", line 515, in dispatch
    response = self.handle_exception(exc)
  File "C:\Users\majd9\OneDrive\Desktop\tizahab_project1\tizahab-web\.venv\Lib\site-packages\rest_framework\views.py", line 475, in handle_exception
    self.raise_uncaught_exception(exc)
    ~~~~~~~~~~~~~~~~~~~~~~~~~~~~~^^^^^
  File "C:\Users\majd9\OneDrive\Desktop\tizahab_project1\tizahab-web\.venv\Lib\site-packages\rest_framework\views.py", line 486, in raise_uncaught_exception
    raise exc
  File "C:\Users\majd9\OneDrive\Desktop\tizahab_project1\tizahab-web\.venv\Lib\site-packages\rest_framework\views.py", line 512, in dispatch
    response = handler(request, *args, **kwargs)
  File "C:\Users\majd9\OneDrive\Desktop\tizahab_project1\tizahab-web\accounts\views.py", line 280, in get
    preferences, _ = UserPreferences.objects.get_or_create(user=user)
                     ~~~~~~~~~~~~~~~~~~~~~~~~~~~~~~~~~~~~~^^^^^^^^^^^
  File "C:\Users\majd9\OneDrive\Desktop\tizahab_project1\tizahab-web\.venv\Lib\site-packages\django\db\models\manager.py", line 87, in manager_method
    return getattr(self.get_queryset(), name)(*args, **kwargs)
           ~~~~~~~~~~~~~~~~~~~~~~~~~~~~~~~~~~^^^^^^^^^^^^^^^^^
  File "C:\Users\majd9\OneDrive\Desktop\tizahab_project1\tizahab-web\.venv\Lib\site-packages\django\db\models\query.py", line 987, in get_or_create
    return self.get(**kwargs), False
           ~~~~~~~~^^^^^^^^^^
  File "C:\Users\majd9\OneDrive\Desktop\tizahab_project1\tizahab-web\.venv\Lib\site-packages\django\db\models\query.py", line 635, in get
    num = len(clone)
  File "C:\Users\majd9\OneDrive\Desktop\tizahab_project1\tizahab-web\.venv\Lib\site-packages\django\db\models\query.py", line 372, in __len__
    self._fetch_all()
    ~~~~~~~~~~~~~~~^^
  File "C:\Users\majd9\OneDrive\Desktop\tizahab_project1\tizahab-web\.venv\Lib\site-packages\django\db\models\query.py", line 2000, in _fetch_all
    self._result_cache = list(self._iterable_class(self))
                         ~~~~^^^^^^^^^^^^^^^^^^^^^^^^^^^^
  File "C:\Users\majd9\OneDrive\Desktop\tizahab_project1\tizahab-web\.venv\Lib\site-packages\django\db\models\query.py", line 95, in __iter__
    results = compiler.execute_sql(
        chunked_fetch=self.chunked_fetch, chunk_size=self.chunk_size
    )
  File "C:\Users\majd9\OneDrive\Desktop\tizahab_project1\tizahab-web\.venv\Lib\site-packages\django\db\models\sql\compiler.py", line 1624, in execute_sql
    cursor.execute(sql, params)
    ~~~~~~~~~~~~~~^^^^^^^^^^^^^
  File "C:\Users\majd9\OneDrive\Desktop\tizahab_project1\tizahab-web\.venv\Lib\site-packages\django\db\backends\utils.py", line 122, in execute
    return super().execute(sql, params)
           ~~~~~~~~~~~~~~~^^^^^^^^^^^^^
  File "C:\Users\majd9\OneDrive\Desktop\tizahab_project1\tizahab-web\.venv\Lib\site-packages\django\db\backends\utils.py", line 79, in execute
    return self._execute_with_wrappers(
           ~~~~~~~~~~~~~~~~~~~~~~~~~~~^
        sql, params, many=False, executor=self._execute
        ^^^^^^^^^^^^^^^^^^^^^^^^^^^^^^^^^^^^^^^^^^^^^^^
    )
    ^
  File "C:\Users\majd9\OneDrive\Desktop\tizahab_project1\tizahab-web\.venv\Lib\site-packages\django\db\backends\utils.py", line 92, in _execute_with_wrappers
    return executor(sql, params, many, context)
  File "C:\Users\majd9\OneDrive\Desktop\tizahab_project1\tizahab-web\.venv\Lib\site-packages\django\db\backends\utils.py", line 100, in _execute
    with self.db.wrap_database_errors:
         ^^^^^^^^^^^^^^^^^^^^^^^^^^^^
  File "C:\Users\majd9\OneDrive\Desktop\tizahab_project1\tizahab-web\.venv\Lib\site-packages\django\db\utils.py", line 94, in __exit__
    raise dj_exc_value.with_traceback(traceback) from exc_value
  File "C:\Users\majd9\OneDrive\Desktop\tizahab_project1\tizahab-web\.venv\Lib\site-packages\django\db\backends\utils.py", line 105, in _execute
    return self.cursor.execute(sql, params)
           ~~~~~~~~~~~~~~~~~~~^^^^^^^^^^^^^
  File "C:\Users\majd9\OneDrive\Desktop\tizahab_project1\tizahab-web\.venv\Lib\site-packages\django\db\backends\sqlite3\base.py", line 359, in execute
    return super().execute(query, params)
           ~~~~~~~~~~~~~~~^^^^^^^^^^^^^^^
django.db.utils.OperationalError: no such column: accounts_userpreferences.trip_duration
ERROR 2026-04-12 13:51:47 log 24548 19148 "GET /api/auth/me/ HTTP/1.1" 500 185075
INFO 2026-04-12 13:51:48 log 24548 19148 "GET /api/auth/ui/preferences/ HTTP/1.1" 200 23324
ERROR 2026-04-12 13:51:48 log 24548 19148 Internal Server Error: /api/auth/preferences/
Traceback (most recent call last):
  File "C:\Users\majd9\OneDrive\Desktop\tizahab_project1\tizahab-web\.venv\Lib\site-packages\django\db\backends\utils.py", line 105, in _execute
    return self.cursor.execute(sql, params)
           ~~~~~~~~~~~~~~~~~~~^^^^^^^^^^^^^
  File "C:\Users\majd9\OneDrive\Desktop\tizahab_project1\tizahab-web\.venv\Lib\site-packages\django\db\backends\sqlite3\base.py", line 359, in execute
    return super().execute(query, params)
           ~~~~~~~~~~~~~~~^^^^^^^^^^^^^^^
sqlite3.OperationalError: no such column: accounts_userpreferences.trip_duration

The above exception was the direct cause of the following exception:

Traceback (most recent call last):
  File "C:\Users\majd9\OneDrive\Desktop\tizahab_project1\tizahab-web\.venv\Lib\site-packages\django\core\handlers\exception.py", line 55, in inner
    response = get_response(request)
  File "C:\Users\majd9\OneDrive\Desktop\tizahab_project1\tizahab-web\.venv\Lib\site-packages\django\core\handlers\base.py", line 198, in _get_response
    response = wrapped_callback(request, *callback_args, **callback_kwargs)
  File "C:\Users\majd9\OneDrive\Desktop\tizahab_project1\tizahab-web\.venv\Lib\site-packages\django\views\decorators\csrf.py", line 65, in _view_wrapper
    return view_func(request, *args, **kwargs)
  File "C:\Users\majd9\OneDrive\Desktop\tizahab_project1\tizahab-web\.venv\Lib\site-packages\django\views\generic\base.py", line 106, in view
    return self.dispatch(request, *args, **kwargs)
           ~~~~~~~~~~~~~^^^^^^^^^^^^^^^^^^^^^^^^^^
  File "C:\Users\majd9\OneDrive\Desktop\tizahab_project1\tizahab-web\.venv\Lib\site-packages\rest_framework\views.py", line 515, in dispatch
    response = self.handle_exception(exc)
  File "C:\Users\majd9\OneDrive\Desktop\tizahab_project1\tizahab-web\.venv\Lib\site-packages\rest_framework\views.py", line 475, in handle_exception
    self.raise_uncaught_exception(exc)
    ~~~~~~~~~~~~~~~~~~~~~~~~~~~~~^^^^^
  File "C:\Users\majd9\OneDrive\Desktop\tizahab_project1\tizahab-web\.venv\Lib\site-packages\rest_framework\views.py", line 486, in raise_uncaught_exception
    raise exc
  File "C:\Users\majd9\OneDrive\Desktop\tizahab_project1\tizahab-web\.venv\Lib\site-packages\rest_framework\views.py", line 512, in dispatch
    response = handler(request, *args, **kwargs)
  File "C:\Users\majd9\OneDrive\Desktop\tizahab_project1\tizahab-web\accounts\views.py", line 253, in get
    preferences, _ = UserPreferences.objects.get_or_create(user=request.user)
                     ~~~~~~~~~~~~~~~~~~~~~~~~~~~~~~~~~~~~~^^^^^^^^^^^^^^^^^^^
  File "C:\Users\majd9\OneDrive\Desktop\tizahab_project1\tizahab-web\.venv\Lib\site-packages\django\db\models\manager.py", line 87, in manager_method
    return getattr(self.get_queryset(), name)(*args, **kwargs)
           ~~~~~~~~~~~~~~~~~~~~~~~~~~~~~~~~~~^^^^^^^^^^^^^^^^^
  File "C:\Users\majd9\OneDrive\Desktop\tizahab_project1\tizahab-web\.venv\Lib\site-packages\django\db\models\query.py", line 987, in get_or_create
    return self.get(**kwargs), False
           ~~~~~~~~^^^^^^^^^^
  File "C:\Users\majd9\OneDrive\Desktop\tizahab_project1\tizahab-web\.venv\Lib\site-packages\django\db\models\query.py", line 635, in get
    num = len(clone)
  File "C:\Users\majd9\OneDrive\Desktop\tizahab_project1\tizahab-web\.venv\Lib\site-packages\django\db\models\query.py", line 372, in __len__
    self._fetch_all()
    ~~~~~~~~~~~~~~~^^
  File "C:\Users\majd9\OneDrive\Desktop\tizahab_project1\tizahab-web\.venv\Lib\site-packages\django\db\models\query.py", line 2000, in _fetch_all
    self._result_cache = list(self._iterable_class(self))
                         ~~~~^^^^^^^^^^^^^^^^^^^^^^^^^^^^
  File "C:\Users\majd9\OneDrive\Desktop\tizahab_project1\tizahab-web\.venv\Lib\site-packages\django\db\models\query.py", line 95, in __iter__
    results = compiler.execute_sql(
        chunked_fetch=self.chunked_fetch, chunk_size=self.chunk_size
    )
  File "C:\Users\majd9\OneDrive\Desktop\tizahab_project1\tizahab-web\.venv\Lib\site-packages\django\db\models\sql\compiler.py", line 1624, in execute_sql
    cursor.execute(sql, params)
    ~~~~~~~~~~~~~~^^^^^^^^^^^^^
  File "C:\Users\majd9\OneDrive\Desktop\tizahab_project1\tizahab-web\.venv\Lib\site-packages\django\db\backends\utils.py", line 122, in execute
    return super().execute(sql, params)
           ~~~~~~~~~~~~~~~^^^^^^^^^^^^^
  File "C:\Users\majd9\OneDrive\Desktop\tizahab_project1\tizahab-web\.venv\Lib\site-packages\django\db\backends\utils.py", line 79, in execute
    return self._execute_with_wrappers(
           ~~~~~~~~~~~~~~~~~~~~~~~~~~~^
        sql, params, many=False, executor=self._execute
        ^^^^^^^^^^^^^^^^^^^^^^^^^^^^^^^^^^^^^^^^^^^^^^^
    )
    ^
  File "C:\Users\majd9\OneDrive\Desktop\tizahab_project1\tizahab-web\.venv\Lib\site-packages\django\db\backends\utils.py", line 92, in _execute_with_wrappers
    return executor(sql, params, many, context)
  File "C:\Users\majd9\OneDrive\Desktop\tizahab_project1\tizahab-web\.venv\Lib\site-packages\django\db\backends\utils.py", line 100, in _execute
    with self.db.wrap_database_errors:
         ^^^^^^^^^^^^^^^^^^^^^^^^^^^^
  File "C:\Users\majd9\OneDrive\Desktop\tizahab_project1\tizahab-web\.venv\Lib\site-packages\django\db\utils.py", line 94, in __exit__
    raise dj_exc_value.with_traceback(traceback) from exc_value
  File "C:\Users\majd9\OneDrive\Desktop\tizahab_project1\tizahab-web\.venv\Lib\site-packages\django\db\backends\utils.py", line 105, in _execute
    return self.cursor.execute(sql, params)
           ~~~~~~~~~~~~~~~~~~~^^^^^^^^^^^^^
  File "C:\Users\majd9\OneDrive\Desktop\tizahab_project1\tizahab-web\.venv\Lib\site-packages\django\db\backends\sqlite3\base.py", line 359, in execute
    return super().execute(query, params)
           ~~~~~~~~~~~~~~~^^^^^^^^^^^^^^^
django.db.utils.OperationalError: no such column: accounts_userpreferences.trip_duration
ERROR 2026-04-12 13:51:48 log 24548 19148 "GET /api/auth/preferences/ HTTP/1.1" 500 185114
ERROR 2026-04-12 13:52:02 log 24548 19148 Internal Server Error: /api/auth/preferences/
Traceback (most recent call last):
  File "C:\Users\majd9\OneDrive\Desktop\tizahab_project1\tizahab-web\.venv\Lib\site-packages\django\db\backends\utils.py", line 105, in _execute
    return self.cursor.execute(sql, params)
           ~~~~~~~~~~~~~~~~~~~^^^^^^^^^^^^^
  File "C:\Users\majd9\OneDrive\Desktop\tizahab_project1\tizahab-web\.venv\Lib\site-packages\django\db\backends\sqlite3\base.py", line 359, in execute
    return super().execute(query, params)
           ~~~~~~~~~~~~~~~^^^^^^^^^^^^^^^
sqlite3.OperationalError: no such column: accounts_userpreferences.trip_duration

The above exception was the direct cause of the following exception:

Traceback (most recent call last):
  File "C:\Users\majd9\OneDrive\Desktop\tizahab_project1\tizahab-web\.venv\Lib\site-packages\django\core\handlers\exception.py", line 55, in inner
    response = get_response(request)
  File "C:\Users\majd9\OneDrive\Desktop\tizahab_project1\tizahab-web\.venv\Lib\site-packages\django\core\handlers\base.py", line 198, in _get_response
    response = wrapped_callback(request, *callback_args, **callback_kwargs)
  File "C:\Users\majd9\OneDrive\Desktop\tizahab_project1\tizahab-web\.venv\Lib\site-packages\django\views\decorators\csrf.py", line 65, in _view_wrapper
    return view_func(request, *args, **kwargs)
  File "C:\Users\majd9\OneDrive\Desktop\tizahab_project1\tizahab-web\.venv\Lib\site-packages\django\views\generic\base.py", line 106, in view
    return self.dispatch(request, *args, **kwargs)
           ~~~~~~~~~~~~~^^^^^^^^^^^^^^^^^^^^^^^^^^
  File "C:\Users\majd9\OneDrive\Desktop\tizahab_project1\tizahab-web\.venv\Lib\site-packages\rest_framework\views.py", line 515, in dispatch
    response = self.handle_exception(exc)
  File "C:\Users\majd9\OneDrive\Desktop\tizahab_project1\tizahab-web\.venv\Lib\site-packages\rest_framework\views.py", line 475, in handle_exception
    self.raise_uncaught_exception(exc)
    ~~~~~~~~~~~~~~~~~~~~~~~~~~~~~^^^^^
  File "C:\Users\majd9\OneDrive\Desktop\tizahab_project1\tizahab-web\.venv\Lib\site-packages\rest_framework\views.py", line 486, in raise_uncaught_exception
    raise exc
  File "C:\Users\majd9\OneDrive\Desktop\tizahab_project1\tizahab-web\.venv\Lib\site-packages\rest_framework\views.py", line 512, in dispatch
    response = handler(request, *args, **kwargs)
  File "C:\Users\majd9\OneDrive\Desktop\tizahab_project1\tizahab-web\accounts\views.py", line 258, in post
    preferences, created = UserPreferences.objects.get_or_create(user=request.user)
                           ~~~~~~~~~~~~~~~~~~~~~~~~~~~~~~~~~~~~~^^^^^^^^^^^^^^^^^^^
  File "C:\Users\majd9\OneDrive\Desktop\tizahab_project1\tizahab-web\.venv\Lib\site-packages\django\db\models\manager.py", line 87, in manager_method
    return getattr(self.get_queryset(), name)(*args, **kwargs)
           ~~~~~~~~~~~~~~~~~~~~~~~~~~~~~~~~~~^^^^^^^^^^^^^^^^^
  File "C:\Users\majd9\OneDrive\Desktop\tizahab_project1\tizahab-web\.venv\Lib\site-packages\django\db\models\query.py", line 987, in get_or_create
    return self.get(**kwargs), False
           ~~~~~~~~^^^^^^^^^^
  File "C:\Users\majd9\OneDrive\Desktop\tizahab_project1\tizahab-web\.venv\Lib\site-packages\django\db\models\query.py", line 635, in get
    num = len(clone)
  File "C:\Users\majd9\OneDrive\Desktop\tizahab_project1\tizahab-web\.venv\Lib\site-packages\django\db\models\query.py", line 372, in __len__
    self._fetch_all()
    ~~~~~~~~~~~~~~~^^
  File "C:\Users\majd9\OneDrive\Desktop\tizahab_project1\tizahab-web\.venv\Lib\site-packages\django\db\models\query.py", line 2000, in _fetch_all
    self._result_cache = list(self._iterable_class(self))
                         ~~~~^^^^^^^^^^^^^^^^^^^^^^^^^^^^
  File "C:\Users\majd9\OneDrive\Desktop\tizahab_project1\tizahab-web\.venv\Lib\site-packages\django\db\models\query.py", line 95, in __iter__
    results = compiler.execute_sql(
        chunked_fetch=self.chunked_fetch, chunk_size=self.chunk_size
    )
  File "C:\Users\majd9\OneDrive\Desktop\tizahab_project1\tizahab-web\.venv\Lib\site-packages\django\db\models\sql\compiler.py", line 1624, in execute_sql
    cursor.execute(sql, params)
    ~~~~~~~~~~~~~~^^^^^^^^^^^^^
  File "C:\Users\majd9\OneDrive\Desktop\tizahab_project1\tizahab-web\.venv\Lib\site-packages\django\db\backends\utils.py", line 122, in execute
    return super().execute(sql, params)
           ~~~~~~~~~~~~~~~^^^^^^^^^^^^^
  File "C:\Users\majd9\OneDrive\Desktop\tizahab_project1\tizahab-web\.venv\Lib\site-packages\django\db\backends\utils.py", line 79, in execute
    return self._execute_with_wrappers(
           ~~~~~~~~~~~~~~~~~~~~~~~~~~~^
        sql, params, many=False, executor=self._execute
        ^^^^^^^^^^^^^^^^^^^^^^^^^^^^^^^^^^^^^^^^^^^^^^^
    )
    ^
  File "C:\Users\majd9\OneDrive\Desktop\tizahab_project1\tizahab-web\.venv\Lib\site-packages\django\db\backends\utils.py", line 92, in _execute_with_wrappers
    return executor(sql, params, many, context)
  File "C:\Users\majd9\OneDrive\Desktop\tizahab_project1\tizahab-web\.venv\Lib\site-packages\django\db\backends\utils.py", line 100, in _execute
    with self.db.wrap_database_errors:
         ^^^^^^^^^^^^^^^^^^^^^^^^^^^^
  File "C:\Users\majd9\OneDrive\Desktop\tizahab_project1\tizahab-web\.venv\Lib\site-packages\django\db\utils.py", line 94, in __exit__
    raise dj_exc_value.with_traceback(traceback) from exc_value
  File "C:\Users\majd9\OneDrive\Desktop\tizahab_project1\tizahab-web\.venv\Lib\site-packages\django\db\backends\utils.py", line 105, in _execute
    return self.cursor.execute(sql, params)
           ~~~~~~~~~~~~~~~~~~~^^^^^^^^^^^^^
  File "C:\Users\majd9\OneDrive\Desktop\tizahab_project1\tizahab-web\.venv\Lib\site-packages\django\db\backends\sqlite3\base.py", line 359, in execute
    return super().execute(query, params)
           ~~~~~~~~~~~~~~~^^^^^^^^^^^^^^^
django.db.utils.OperationalError: no such column: accounts_userpreferences.trip_duration
ERROR 2026-04-12 13:52:02 log 24548 19148 "POST /api/auth/preferences/ HTTP/1.1" 500 185308
ERROR 2026-04-12 13:52:03 log 24548 19148 Internal Server Error: /api/auth/preferences/
Traceback (most recent call last):
  File "C:\Users\majd9\OneDrive\Desktop\tizahab_project1\tizahab-web\.venv\Lib\site-packages\django\db\backends\utils.py", line 105, in _execute
    return self.cursor.execute(sql, params)
           ~~~~~~~~~~~~~~~~~~~^^^^^^^^^^^^^
  File "C:\Users\majd9\OneDrive\Desktop\tizahab_project1\tizahab-web\.venv\Lib\site-packages\django\db\backends\sqlite3\base.py", line 359, in execute
    return super().execute(query, params)
           ~~~~~~~~~~~~~~~^^^^^^^^^^^^^^^
sqlite3.OperationalError: no such column: accounts_userpreferences.trip_duration

The above exception was the direct cause of the following exception:

Traceback (most recent call last):
  File "C:\Users\majd9\OneDrive\Desktop\tizahab_project1\tizahab-web\.venv\Lib\site-packages\django\core\handlers\exception.py", line 55, in inner
    response = get_response(request)
  File "C:\Users\majd9\OneDrive\Desktop\tizahab_project1\tizahab-web\.venv\Lib\site-packages\django\core\handlers\base.py", line 198, in _get_response
    response = wrapped_callback(request, *callback_args, **callback_kwargs)
  File "C:\Users\majd9\OneDrive\Desktop\tizahab_project1\tizahab-web\.venv\Lib\site-packages\django\views\decorators\csrf.py", line 65, in _view_wrapper
    return view_func(request, *args, **kwargs)
  File "C:\Users\majd9\OneDrive\Desktop\tizahab_project1\tizahab-web\.venv\Lib\site-packages\django\views\generic\base.py", line 106, in view
    return self.dispatch(request, *args, **kwargs)
           ~~~~~~~~~~~~~^^^^^^^^^^^^^^^^^^^^^^^^^^
  File "C:\Users\majd9\OneDrive\Desktop\tizahab_project1\tizahab-web\.venv\Lib\site-packages\rest_framework\views.py", line 515, in dispatch
    response = self.handle_exception(exc)
  File "C:\Users\majd9\OneDrive\Desktop\tizahab_project1\tizahab-web\.venv\Lib\site-packages\rest_framework\views.py", line 475, in handle_exception
    self.raise_uncaught_exception(exc)
    ~~~~~~~~~~~~~~~~~~~~~~~~~~~~~^^^^^
  File "C:\Users\majd9\OneDrive\Desktop\tizahab_project1\tizahab-web\.venv\Lib\site-packages\rest_framework\views.py", line 486, in raise_uncaught_exception
    raise exc
  File "C:\Users\majd9\OneDrive\Desktop\tizahab_project1\tizahab-web\.venv\Lib\site-packages\rest_framework\views.py", line 512, in dispatch
    response = handler(request, *args, **kwargs)
  File "C:\Users\majd9\OneDrive\Desktop\tizahab_project1\tizahab-web\accounts\views.py", line 258, in post
    preferences, created = UserPreferences.objects.get_or_create(user=request.user)
                           ~~~~~~~~~~~~~~~~~~~~~~~~~~~~~~~~~~~~~^^^^^^^^^^^^^^^^^^^
  File "C:\Users\majd9\OneDrive\Desktop\tizahab_project1\tizahab-web\.venv\Lib\site-packages\django\db\models\manager.py", line 87, in manager_method
    return getattr(self.get_queryset(), name)(*args, **kwargs)
           ~~~~~~~~~~~~~~~~~~~~~~~~~~~~~~~~~~^^^^^^^^^^^^^^^^^
  File "C:\Users\majd9\OneDrive\Desktop\tizahab_project1\tizahab-web\.venv\Lib\site-packages\django\db\models\query.py", line 987, in get_or_create
    return self.get(**kwargs), False
           ~~~~~~~~^^^^^^^^^^
  File "C:\Users\majd9\OneDrive\Desktop\tizahab_project1\tizahab-web\.venv\Lib\site-packages\django\db\models\query.py", line 635, in get
    num = len(clone)
  File "C:\Users\majd9\OneDrive\Desktop\tizahab_project1\tizahab-web\.venv\Lib\site-packages\django\db\models\query.py", line 372, in __len__
    self._fetch_all()
    ~~~~~~~~~~~~~~~^^
  File "C:\Users\majd9\OneDrive\Desktop\tizahab_project1\tizahab-web\.venv\Lib\site-packages\django\db\models\query.py", line 2000, in _fetch_all
    self._result_cache = list(self._iterable_class(self))
                         ~~~~^^^^^^^^^^^^^^^^^^^^^^^^^^^^
  File "C:\Users\majd9\OneDrive\Desktop\tizahab_project1\tizahab-web\.venv\Lib\site-packages\django\db\models\query.py", line 95, in __iter__
    results = compiler.execute_sql(
        chunked_fetch=self.chunked_fetch, chunk_size=self.chunk_size
    )
  File "C:\Users\majd9\OneDrive\Desktop\tizahab_project1\tizahab-web\.venv\Lib\site-packages\django\db\models\sql\compiler.py", line 1624, in execute_sql
    cursor.execute(sql, params)
    ~~~~~~~~~~~~~~^^^^^^^^^^^^^
  File "C:\Users\majd9\OneDrive\Desktop\tizahab_project1\tizahab-web\.venv\Lib\site-packages\django\db\backends\utils.py", line 122, in execute
    return super().execute(sql, params)
           ~~~~~~~~~~~~~~~^^^^^^^^^^^^^
  File "C:\Users\majd9\OneDrive\Desktop\tizahab_project1\tizahab-web\.venv\Lib\site-packages\django\db\backends\utils.py", line 79, in execute
    return self._execute_with_wrappers(
           ~~~~~~~~~~~~~~~~~~~~~~~~~~~^
        sql, params, many=False, executor=self._execute
        ^^^^^^^^^^^^^^^^^^^^^^^^^^^^^^^^^^^^^^^^^^^^^^^
    )
    ^
  File "C:\Users\majd9\OneDrive\Desktop\tizahab_project1\tizahab-web\.venv\Lib\site-packages\django\db\backends\utils.py", line 92, in _execute_with_wrappers
    return executor(sql, params, many, context)
  File "C:\Users\majd9\OneDrive\Desktop\tizahab_project1\tizahab-web\.venv\Lib\site-packages\django\db\backends\utils.py", line 100, in _execute
    with self.db.wrap_database_errors:
         ^^^^^^^^^^^^^^^^^^^^^^^^^^^^
  File "C:\Users\majd9\OneDrive\Desktop\tizahab_project1\tizahab-web\.venv\Lib\site-packages\django\db\utils.py", line 94, in __exit__
    raise dj_exc_value.with_traceback(traceback) from exc_value
  File "C:\Users\majd9\OneDrive\Desktop\tizahab_project1\tizahab-web\.venv\Lib\site-packages\django\db\backends\utils.py", line 105, in _execute
    return self.cursor.execute(sql, params)
           ~~~~~~~~~~~~~~~~~~~^^^^^^^^^^^^^
  File "C:\Users\majd9\OneDrive\Desktop\tizahab_project1\tizahab-web\.venv\Lib\site-packages\django\db\backends\sqlite3\base.py", line 359, in execute
    return super().execute(query, params)
           ~~~~~~~~~~~~~~~^^^^^^^^^^^^^^^
django.db.utils.OperationalError: no such column: accounts_userpreferences.trip_duration
ERROR 2026-04-12 13:52:03 log 24548 19148 "POST /api/auth/preferences/ HTTP/1.1" 500 185308
INFO 2026-04-12 13:52:40 log 24548 19148 "GET /home/ HTTP/1.1" 200 21388
INFO 2026-04-12 13:52:41 log 24548 2896 "GET /api/events/ HTTP/1.1" 200 20634
INFO 2026-04-12 13:52:41 log 24548 22692 "GET /api/daily-plan/ HTTP/1.1" 200 17473
ERROR 2026-04-12 13:52:41 log 24548 19148 Internal Server Error: /api/auth/me/
Traceback (most recent call last):
  File "C:\Users\majd9\OneDrive\Desktop\tizahab_project1\tizahab-web\.venv\Lib\site-packages\django\db\backends\utils.py", line 105, in _execute
    return self.cursor.execute(sql, params)
           ~~~~~~~~~~~~~~~~~~~^^^^^^^^^^^^^
  File "C:\Users\majd9\OneDrive\Desktop\tizahab_project1\tizahab-web\.venv\Lib\site-packages\django\db\backends\sqlite3\base.py", line 359, in execute
    return super().execute(query, params)
           ~~~~~~~~~~~~~~~^^^^^^^^^^^^^^^
sqlite3.OperationalError: no such column: accounts_userpreferences.trip_duration

The above exception was the direct cause of the following exception:

Traceback (most recent call last):
  File "C:\Users\majd9\OneDrive\Desktop\tizahab_project1\tizahab-web\.venv\Lib\site-packages\django\core\handlers\exception.py", line 55, in inner
    response = get_response(request)
  File "C:\Users\majd9\OneDrive\Desktop\tizahab_project1\tizahab-web\.venv\Lib\site-packages\django\core\handlers\base.py", line 198, in _get_response
    response = wrapped_callback(request, *callback_args, **callback_kwargs)
  File "C:\Users\majd9\OneDrive\Desktop\tizahab_project1\tizahab-web\.venv\Lib\site-packages\django\views\decorators\csrf.py", line 65, in _view_wrapper
    return view_func(request, *args, **kwargs)
  File "C:\Users\majd9\OneDrive\Desktop\tizahab_project1\tizahab-web\.venv\Lib\site-packages\django\views\generic\base.py", line 106, in view
    return self.dispatch(request, *args, **kwargs)
           ~~~~~~~~~~~~~^^^^^^^^^^^^^^^^^^^^^^^^^^
  File "C:\Users\majd9\OneDrive\Desktop\tizahab_project1\tizahab-web\.venv\Lib\site-packages\rest_framework\views.py", line 515, in dispatch
    response = self.handle_exception(exc)
  File "C:\Users\majd9\OneDrive\Desktop\tizahab_project1\tizahab-web\.venv\Lib\site-packages\rest_framework\views.py", line 475, in handle_exception
    self.raise_uncaught_exception(exc)
    ~~~~~~~~~~~~~~~~~~~~~~~~~~~~~^^^^^
  File "C:\Users\majd9\OneDrive\Desktop\tizahab_project1\tizahab-web\.venv\Lib\site-packages\rest_framework\views.py", line 486, in raise_uncaught_exception
    raise exc
  File "C:\Users\majd9\OneDrive\Desktop\tizahab_project1\tizahab-web\.venv\Lib\site-packages\rest_framework\views.py", line 512, in dispatch
    response = handler(request, *args, **kwargs)
  File "C:\Users\majd9\OneDrive\Desktop\tizahab_project1\tizahab-web\accounts\views.py", line 280, in get
    preferences, _ = UserPreferences.objects.get_or_create(user=user)
                     ~~~~~~~~~~~~~~~~~~~~~~~~~~~~~~~~~~~~~^^^^^^^^^^^
  File "C:\Users\majd9\OneDrive\Desktop\tizahab_project1\tizahab-web\.venv\Lib\site-packages\django\db\models\manager.py", line 87, in manager_method
    return getattr(self.get_queryset(), name)(*args, **kwargs)
           ~~~~~~~~~~~~~~~~~~~~~~~~~~~~~~~~~~^^^^^^^^^^^^^^^^^
  File "C:\Users\majd9\OneDrive\Desktop\tizahab_project1\tizahab-web\.venv\Lib\site-packages\django\db\models\query.py", line 987, in get_or_create
    return self.get(**kwargs), False
           ~~~~~~~~^^^^^^^^^^
  File "C:\Users\majd9\OneDrive\Desktop\tizahab_project1\tizahab-web\.venv\Lib\site-packages\django\db\models\query.py", line 635, in get
    num = len(clone)
  File "C:\Users\majd9\OneDrive\Desktop\tizahab_project1\tizahab-web\.venv\Lib\site-packages\django\db\models\query.py", line 372, in __len__
    self._fetch_all()
    ~~~~~~~~~~~~~~~^^
  File "C:\Users\majd9\OneDrive\Desktop\tizahab_project1\tizahab-web\.venv\Lib\site-packages\django\db\models\query.py", line 2000, in _fetch_all
    self._result_cache = list(self._iterable_class(self))
                         ~~~~^^^^^^^^^^^^^^^^^^^^^^^^^^^^
  File "C:\Users\majd9\OneDrive\Desktop\tizahab_project1\tizahab-web\.venv\Lib\site-packages\django\db\models\query.py", line 95, in __iter__
    results = compiler.execute_sql(
        chunked_fetch=self.chunked_fetch, chunk_size=self.chunk_size
    )
  File "C:\Users\majd9\OneDrive\Desktop\tizahab_project1\tizahab-web\.venv\Lib\site-packages\django\db\models\sql\compiler.py", line 1624, in execute_sql
    cursor.execute(sql, params)
    ~~~~~~~~~~~~~~^^^^^^^^^^^^^
  File "C:\Users\majd9\OneDrive\Desktop\tizahab_project1\tizahab-web\.venv\Lib\site-packages\django\db\backends\utils.py", line 122, in execute
    return super().execute(sql, params)
           ~~~~~~~~~~~~~~~^^^^^^^^^^^^^
  File "C:\Users\majd9\OneDrive\Desktop\tizahab_project1\tizahab-web\.venv\Lib\site-packages\django\db\backends\utils.py", line 79, in execute
    return self._execute_with_wrappers(
           ~~~~~~~~~~~~~~~~~~~~~~~~~~~^
        sql, params, many=False, executor=self._execute
        ^^^^^^^^^^^^^^^^^^^^^^^^^^^^^^^^^^^^^^^^^^^^^^^
    )
    ^
  File "C:\Users\majd9\OneDrive\Desktop\tizahab_project1\tizahab-web\.venv\Lib\site-packages\django\db\backends\utils.py", line 92, in _execute_with_wrappers
    return executor(sql, params, many, context)
  File "C:\Users\majd9\OneDrive\Desktop\tizahab_project1\tizahab-web\.venv\Lib\site-packages\django\db\backends\utils.py", line 100, in _execute
    with self.db.wrap_database_errors:
         ^^^^^^^^^^^^^^^^^^^^^^^^^^^^
  File "C:\Users\majd9\OneDrive\Desktop\tizahab_project1\tizahab-web\.venv\Lib\site-packages\django\db\utils.py", line 94, in __exit__
    raise dj_exc_value.with_traceback(traceback) from exc_value
  File "C:\Users\majd9\OneDrive\Desktop\tizahab_project1\tizahab-web\.venv\Lib\site-packages\django\db\backends\utils.py", line 105, in _execute
    return self.cursor.execute(sql, params)
           ~~~~~~~~~~~~~~~~~~~^^^^^^^^^^^^^
  File "C:\Users\majd9\OneDrive\Desktop\tizahab_project1\tizahab-web\.venv\Lib\site-packages\django\db\backends\sqlite3\base.py", line 359, in execute
    return super().execute(query, params)
           ~~~~~~~~~~~~~~~^^^^^^^^^^^^^^^
django.db.utils.OperationalError: no such column: accounts_userpreferences.trip_duration
ERROR 2026-04-12 13:52:41 log 24548 16740 Internal Server Error: /api/events/filtered/
Traceback (most recent call last):
  File "C:\Users\majd9\OneDrive\Desktop\tizahab_project1\tizahab-web\.venv\Lib\site-packages\django\db\models\fields\related_descriptors.py", line 502, in __get__
    rel_obj = self.related.get_cached_value(instance)
  File "C:\Users\majd9\OneDrive\Desktop\tizahab_project1\tizahab-web\.venv\Lib\site-packages\django\db\models\fields\mixins.py", line 21, in get_cached_value
    return instance._state.fields_cache[self.cache_name]
           ~~~~~~~~~~~~~~~~~~~~~~~~~~~~^^^^^^^^^^^^^^^^^
KeyError: 'preferences'

During handling of the above exception, another exception occurred:

Traceback (most recent call last):
  File "C:\Users\majd9\OneDrive\Desktop\tizahab_project1\tizahab-web\.venv\Lib\site-packages\django\db\backends\utils.py", line 105, in _execute
    return self.cursor.execute(sql, params)
           ~~~~~~~~~~~~~~~~~~~^^^^^^^^^^^^^
  File "C:\Users\majd9\OneDrive\Desktop\tizahab_project1\tizahab-web\.venv\Lib\site-packages\django\db\backends\sqlite3\base.py", line 359, in execute
    return super().execute(query, params)
           ~~~~~~~~~~~~~~~^^^^^^^^^^^^^^^
sqlite3.OperationalError: no such column: accounts_userpreferences.trip_duration

The above exception was the direct cause of the following exception:

Traceback (most recent call last):
  File "C:\Users\majd9\OneDrive\Desktop\tizahab_project1\tizahab-web\.venv\Lib\site-packages\django\core\handlers\exception.py", line 55, in inner
    response = get_response(request)
  File "C:\Users\majd9\OneDrive\Desktop\tizahab_project1\tizahab-web\.venv\Lib\site-packages\django\core\handlers\base.py", line 198, in _get_response
    response = wrapped_callback(request, *callback_args, **callback_kwargs)
  File "C:\Users\majd9\OneDrive\Desktop\tizahab_project1\tizahab-web\.venv\Lib\site-packages\django\views\decorators\csrf.py", line 65, in _view_wrapper
    return view_func(request, *args, **kwargs)
  File "C:\Users\majd9\OneDrive\Desktop\tizahab_project1\tizahab-web\.venv\Lib\site-packages\django\views\generic\base.py", line 106, in view
    return self.dispatch(request, *args, **kwargs)
           ~~~~~~~~~~~~~^^^^^^^^^^^^^^^^^^^^^^^^^^
  File "C:\Users\majd9\OneDrive\Desktop\tizahab_project1\tizahab-web\.venv\Lib\site-packages\rest_framework\views.py", line 515, in dispatch
    response = self.handle_exception(exc)
  File "C:\Users\majd9\OneDrive\Desktop\tizahab_project1\tizahab-web\.venv\Lib\site-packages\rest_framework\views.py", line 475, in handle_exception
    self.raise_uncaught_exception(exc)
    ~~~~~~~~~~~~~~~~~~~~~~~~~~~~~^^^^^
  File "C:\Users\majd9\OneDrive\Desktop\tizahab_project1\tizahab-web\.venv\Lib\site-packages\rest_framework\views.py", line 486, in raise_uncaught_exception
    raise exc
  File "C:\Users\majd9\OneDrive\Desktop\tizahab_project1\tizahab-web\.venv\Lib\site-packages\rest_framework\views.py", line 512, in dispatch
    response = handler(request, *args, **kwargs)
  File "C:\Users\majd9\OneDrive\Desktop\tizahab_project1\tizahab-web\.venv\Lib\site-packages\rest_framework\generics.py", line 203, in get
    return self.list(request, *args, **kwargs)
           ~~~~~~~~~^^^^^^^^^^^^^^^^^^^^^^^^^^
  File "C:\Users\majd9\OneDrive\Desktop\tizahab_project1\tizahab-web\.venv\Lib\site-packages\rest_framework\mixins.py", line 38, in list
    queryset = self.filter_queryset(self.get_queryset())
                                    ~~~~~~~~~~~~~~~~~^^
  File "C:\Users\majd9\OneDrive\Desktop\tizahab_project1\tizahab-web\events\views.py", line 79, in get_queryset
    prefs = getattr(self.request.user, "preferences", None)
  File "C:\Users\majd9\OneDrive\Desktop\tizahab_project1\tizahab-web\.venv\Lib\site-packages\django\db\models\fields\related_descriptors.py", line 509, in __get__
    rel_obj = self.get_queryset(instance=instance).get(**filter_args)
  File "C:\Users\majd9\OneDrive\Desktop\tizahab_project1\tizahab-web\.venv\Lib\site-packages\django\db\models\query.py", line 635, in get
    num = len(clone)
  File "C:\Users\majd9\OneDrive\Desktop\tizahab_project1\tizahab-web\.venv\Lib\site-packages\django\db\models\query.py", line 372, in __len__
    self._fetch_all()
    ~~~~~~~~~~~~~~~^^
  File "C:\Users\majd9\OneDrive\Desktop\tizahab_project1\tizahab-web\.venv\Lib\site-packages\django\db\models\query.py", line 2000, in _fetch_all
    self._result_cache = list(self._iterable_class(self))
                         ~~~~^^^^^^^^^^^^^^^^^^^^^^^^^^^^
  File "C:\Users\majd9\OneDrive\Desktop\tizahab_project1\tizahab-web\.venv\Lib\site-packages\django\db\models\query.py", line 95, in __iter__
    results = compiler.execute_sql(
        chunked_fetch=self.chunked_fetch, chunk_size=self.chunk_size
    )
  File "C:\Users\majd9\OneDrive\Desktop\tizahab_project1\tizahab-web\.venv\Lib\site-packages\django\db\models\sql\compiler.py", line 1624, in execute_sql
    cursor.execute(sql, params)
    ~~~~~~~~~~~~~~^^^^^^^^^^^^^
  File "C:\Users\majd9\OneDrive\Desktop\tizahab_project1\tizahab-web\.venv\Lib\site-packages\django\db\backends\utils.py", line 122, in execute
    return super().execute(sql, params)
           ~~~~~~~~~~~~~~~^^^^^^^^^^^^^
  File "C:\Users\majd9\OneDrive\Desktop\tizahab_project1\tizahab-web\.venv\Lib\site-packages\django\db\backends\utils.py", line 79, in execute
    return self._execute_with_wrappers(
           ~~~~~~~~~~~~~~~~~~~~~~~~~~~^
        sql, params, many=False, executor=self._execute
        ^^^^^^^^^^^^^^^^^^^^^^^^^^^^^^^^^^^^^^^^^^^^^^^
    )
    ^
  File "C:\Users\majd9\OneDrive\Desktop\tizahab_project1\tizahab-web\.venv\Lib\site-packages\django\db\backends\utils.py", line 92, in _execute_with_wrappers
    return executor(sql, params, many, context)
  File "C:\Users\majd9\OneDrive\Desktop\tizahab_project1\tizahab-web\.venv\Lib\site-packages\django\db\backends\utils.py", line 100, in _execute
    with self.db.wrap_database_errors:
         ^^^^^^^^^^^^^^^^^^^^^^^^^^^^
  File "C:\Users\majd9\OneDrive\Desktop\tizahab_project1\tizahab-web\.venv\Lib\site-packages\django\db\utils.py", line 94, in __exit__
    raise dj_exc_value.with_traceback(traceback) from exc_value
  File "C:\Users\majd9\OneDrive\Desktop\tizahab_project1\tizahab-web\.venv\Lib\site-packages\django\db\backends\utils.py", line 105, in _execute
    return self.cursor.execute(sql, params)
           ~~~~~~~~~~~~~~~~~~~^^^^^^^^^^^^^
  File "C:\Users\majd9\OneDrive\Desktop\tizahab_project1\tizahab-web\.venv\Lib\site-packages\django\db\backends\sqlite3\base.py", line 359, in execute
    return super().execute(query, params)
           ~~~~~~~~~~~~~~~^^^^^^^^^^^^^^^
django.db.utils.OperationalError: no such column: accounts_userpreferences.trip_duration
ERROR 2026-04-12 13:52:41 log 24548 19148 "GET /api/auth/me/ HTTP/1.1" 500 185078
ERROR 2026-04-12 13:52:41 log 24548 16740 "GET /api/events/filtered/ HTTP/1.1" 500 198161
INFO 2026-04-12 13:55:32 autoreload 23824 23572 Watching for file changes with StatReloader
ERROR 2026-04-12 13:55:34 log 23824 3608 Internal Server Error: /
Traceback (most recent call last):
  File "C:\Users\majd9\OneDrive\Desktop\tizahab_project1\tizahab-web\.venv\Lib\site-packages\django\core\handlers\exception.py", line 55, in inner
    response = get_response(request)
  File "C:\Users\majd9\OneDrive\Desktop\tizahab_project1\tizahab-web\.venv\Lib\site-packages\django\core\handlers\base.py", line 221, in _get_response
    response = response.render()
  File "C:\Users\majd9\OneDrive\Desktop\tizahab_project1\tizahab-web\.venv\Lib\site-packages\django\template\response.py", line 114, in render
    self.content = self.rendered_content
                   ^^^^^^^^^^^^^^^^^^^^^
  File "C:\Users\majd9\OneDrive\Desktop\tizahab_project1\tizahab-web\.venv\Lib\site-packages\django\template\response.py", line 90, in rendered_content
    template = self.resolve_template(self.template_name)
  File "C:\Users\majd9\OneDrive\Desktop\tizahab_project1\tizahab-web\.venv\Lib\site-packages\django\template\response.py", line 72, in resolve_template
    return select_template(template, using=self.using)
  File "C:\Users\majd9\OneDrive\Desktop\tizahab_project1\tizahab-web\.venv\Lib\site-packages\django\template\loader.py", line 47, in select_template
    raise TemplateDoesNotExist(", ".join(template_name_list), chain=chain)
django.template.exceptions.TemplateDoesNotExist: index.html
ERROR 2026-04-12 13:55:34 log 23824 3608 "GET / HTTP/1.1" 500 92514
INFO 2026-04-12 13:58:11 autoreload 20620 2528 Watching for file changes with StatReloader
INFO 2026-04-12 13:58:13 log 20620 19504 "GET / HTTP/1.1" 200 21143
INFO 2026-04-12 13:58:16 log 20620 19504 "GET /login/ HTTP/1.1" 200 5489
INFO 2026-04-12 13:58:27 log 20620 19504 "POST /api/auth/login/ HTTP/1.1" 200 491
INFO 2026-04-12 13:58:27 log 20620 19504 "GET /home/ HTTP/1.1" 200 21388
INFO 2026-04-12 13:58:28 log 20620 14392 "GET /api/daily-plan/ HTTP/1.1" 200 17473
INFO 2026-04-12 13:58:28 log 20620 12908 "GET /api/events/ HTTP/1.1" 200 20634
ERROR 2026-04-12 13:58:28 log 20620 18580 Internal Server Error: /api/events/filtered/
Traceback (most recent call last):
  File "C:\Users\majd9\OneDrive\Desktop\tizahab_project1\tizahab-web\.venv\Lib\site-packages\django\db\models\fields\related_descriptors.py", line 502, in __get__
    rel_obj = self.related.get_cached_value(instance)
  File "C:\Users\majd9\OneDrive\Desktop\tizahab_project1\tizahab-web\.venv\Lib\site-packages\django\db\models\fields\mixins.py", line 21, in get_cached_value
    return instance._state.fields_cache[self.cache_name]
           ~~~~~~~~~~~~~~~~~~~~~~~~~~~~^^^^^^^^^^^^^^^^^
KeyError: 'preferences'

During handling of the above exception, another exception occurred:

Traceback (most recent call last):
  File "C:\Users\majd9\OneDrive\Desktop\tizahab_project1\tizahab-web\.venv\Lib\site-packages\django\db\backends\utils.py", line 105, in _execute
    return self.cursor.execute(sql, params)
           ~~~~~~~~~~~~~~~~~~~^^^^^^^^^^^^^
  File "C:\Users\majd9\OneDrive\Desktop\tizahab_project1\tizahab-web\.venv\Lib\site-packages\django\db\backends\sqlite3\base.py", line 359, in execute
    return super().execute(query, params)
           ~~~~~~~~~~~~~~~^^^^^^^^^^^^^^^
sqlite3.OperationalError: no such column: accounts_userpreferences.trip_duration

The above exception was the direct cause of the following exception:

Traceback (most recent call last):
  File "C:\Users\majd9\OneDrive\Desktop\tizahab_project1\tizahab-web\.venv\Lib\site-packages\django\core\handlers\exception.py", line 55, in inner
    response = get_response(request)
  File "C:\Users\majd9\OneDrive\Desktop\tizahab_project1\tizahab-web\.venv\Lib\site-packages\django\core\handlers\base.py", line 198, in _get_response
    response = wrapped_callback(request, *callback_args, **callback_kwargs)
  File "C:\Users\majd9\OneDrive\Desktop\tizahab_project1\tizahab-web\.venv\Lib\site-packages\django\views\decorators\csrf.py", line 65, in _view_wrapper
    return view_func(request, *args, **kwargs)
  File "C:\Users\majd9\OneDrive\Desktop\tizahab_project1\tizahab-web\.venv\Lib\site-packages\django\views\generic\base.py", line 106, in view
    return self.dispatch(request, *args, **kwargs)
           ~~~~~~~~~~~~~^^^^^^^^^^^^^^^^^^^^^^^^^^
  File "C:\Users\majd9\OneDrive\Desktop\tizahab_project1\tizahab-web\.venv\Lib\site-packages\rest_framework\views.py", line 515, in dispatch
    response = self.handle_exception(exc)
  File "C:\Users\majd9\OneDrive\Desktop\tizahab_project1\tizahab-web\.venv\Lib\site-packages\rest_framework\views.py", line 475, in handle_exception
    self.raise_uncaught_exception(exc)
    ~~~~~~~~~~~~~~~~~~~~~~~~~~~~~^^^^^
  File "C:\Users\majd9\OneDrive\Desktop\tizahab_project1\tizahab-web\.venv\Lib\site-packages\rest_framework\views.py", line 486, in raise_uncaught_exception
    raise exc
  File "C:\Users\majd9\OneDrive\Desktop\tizahab_project1\tizahab-web\.venv\Lib\site-packages\rest_framework\views.py", line 512, in dispatch
    response = handler(request, *args, **kwargs)
  File "C:\Users\majd9\OneDrive\Desktop\tizahab_project1\tizahab-web\.venv\Lib\site-packages\rest_framework\generics.py", line 203, in get
    return self.list(request, *args, **kwargs)
           ~~~~~~~~~^^^^^^^^^^^^^^^^^^^^^^^^^^
  File "C:\Users\majd9\OneDrive\Desktop\tizahab_project1\tizahab-web\.venv\Lib\site-packages\rest_framework\mixins.py", line 38, in list
    queryset = self.filter_queryset(self.get_queryset())
                                    ~~~~~~~~~~~~~~~~~^^
  File "C:\Users\majd9\OneDrive\Desktop\tizahab_project1\tizahab-web\events\views.py", line 79, in get_queryset
    prefs = getattr(self.request.user, "preferences", None)
  File "C:\Users\majd9\OneDrive\Desktop\tizahab_project1\tizahab-web\.venv\Lib\site-packages\django\db\models\fields\related_descriptors.py", line 509, in __get__
    rel_obj = self.get_queryset(instance=instance).get(**filter_args)
  File "C:\Users\majd9\OneDrive\Desktop\tizahab_project1\tizahab-web\.venv\Lib\site-packages\django\db\models\query.py", line 635, in get
    num = len(clone)
  File "C:\Users\majd9\OneDrive\Desktop\tizahab_project1\tizahab-web\.venv\Lib\site-packages\django\db\models\query.py", line 372, in __len__
    self._fetch_all()
    ~~~~~~~~~~~~~~~^^
  File "C:\Users\majd9\OneDrive\Desktop\tizahab_project1\tizahab-web\.venv\Lib\site-packages\django\db\models\query.py", line 2000, in _fetch_all
    self._result_cache = list(self._iterable_class(self))
                         ~~~~^^^^^^^^^^^^^^^^^^^^^^^^^^^^
  File "C:\Users\majd9\OneDrive\Desktop\tizahab_project1\tizahab-web\.venv\Lib\site-packages\django\db\models\query.py", line 95, in __iter__
    results = compiler.execute_sql(
        chunked_fetch=self.chunked_fetch, chunk_size=self.chunk_size
    )
  File "C:\Users\majd9\OneDrive\Desktop\tizahab_project1\tizahab-web\.venv\Lib\site-packages\django\db\models\sql\compiler.py", line 1624, in execute_sql
    cursor.execute(sql, params)
    ~~~~~~~~~~~~~~^^^^^^^^^^^^^
  File "C:\Users\majd9\OneDrive\Desktop\tizahab_project1\tizahab-web\.venv\Lib\site-packages\django\db\backends\utils.py", line 122, in execute
    return super().execute(sql, params)
           ~~~~~~~~~~~~~~~^^^^^^^^^^^^^
  File "C:\Users\majd9\OneDrive\Desktop\tizahab_project1\tizahab-web\.venv\Lib\site-packages\django\db\backends\utils.py", line 79, in execute
    return self._execute_with_wrappers(
           ~~~~~~~~~~~~~~~~~~~~~~~~~~~^
        sql, params, many=False, executor=self._execute
        ^^^^^^^^^^^^^^^^^^^^^^^^^^^^^^^^^^^^^^^^^^^^^^^
    )
    ^
  File "C:\Users\majd9\OneDrive\Desktop\tizahab_project1\tizahab-web\.venv\Lib\site-packages\django\db\backends\utils.py", line 92, in _execute_with_wrappers
    return executor(sql, params, many, context)
  File "C:\Users\majd9\OneDrive\Desktop\tizahab_project1\tizahab-web\.venv\Lib\site-packages\django\db\backends\utils.py", line 100, in _execute
    with self.db.wrap_database_errors:
         ^^^^^^^^^^^^^^^^^^^^^^^^^^^^
  File "C:\Users\majd9\OneDrive\Desktop\tizahab_project1\tizahab-web\.venv\Lib\site-packages\django\db\utils.py", line 94, in __exit__
    raise dj_exc_value.with_traceback(traceback) from exc_value
  File "C:\Users\majd9\OneDrive\Desktop\tizahab_project1\tizahab-web\.venv\Lib\site-packages\django\db\backends\utils.py", line 105, in _execute
    return self.cursor.execute(sql, params)
           ~~~~~~~~~~~~~~~~~~~^^^^^^^^^^^^^
  File "C:\Users\majd9\OneDrive\Desktop\tizahab_project1\tizahab-web\.venv\Lib\site-packages\django\db\backends\sqlite3\base.py", line 359, in execute
    return super().execute(query, params)
           ~~~~~~~~~~~~~~~^^^^^^^^^^^^^^^
django.db.utils.OperationalError: no such column: accounts_userpreferences.trip_duration
ERROR 2026-04-12 13:58:28 log 20620 19504 Internal Server Error: /api/auth/me/
Traceback (most recent call last):
  File "C:\Users\majd9\OneDrive\Desktop\tizahab_project1\tizahab-web\.venv\Lib\site-packages\django\db\backends\utils.py", line 105, in _execute
    return self.cursor.execute(sql, params)
           ~~~~~~~~~~~~~~~~~~~^^^^^^^^^^^^^
  File "C:\Users\majd9\OneDrive\Desktop\tizahab_project1\tizahab-web\.venv\Lib\site-packages\django\db\backends\sqlite3\base.py", line 359, in execute
    return super().execute(query, params)
           ~~~~~~~~~~~~~~~^^^^^^^^^^^^^^^
sqlite3.OperationalError: no such column: accounts_userpreferences.trip_duration

The above exception was the direct cause of the following exception:

Traceback (most recent call last):
  File "C:\Users\majd9\OneDrive\Desktop\tizahab_project1\tizahab-web\.venv\Lib\site-packages\django\core\handlers\exception.py", line 55, in inner
    response = get_response(request)
  File "C:\Users\majd9\OneDrive\Desktop\tizahab_project1\tizahab-web\.venv\Lib\site-packages\django\core\handlers\base.py", line 198, in _get_response
    response = wrapped_callback(request, *callback_args, **callback_kwargs)
  File "C:\Users\majd9\OneDrive\Desktop\tizahab_project1\tizahab-web\.venv\Lib\site-packages\django\views\decorators\csrf.py", line 65, in _view_wrapper
    return view_func(request, *args, **kwargs)
  File "C:\Users\majd9\OneDrive\Desktop\tizahab_project1\tizahab-web\.venv\Lib\site-packages\django\views\generic\base.py", line 106, in view
    return self.dispatch(request, *args, **kwargs)
           ~~~~~~~~~~~~~^^^^^^^^^^^^^^^^^^^^^^^^^^
  File "C:\Users\majd9\OneDrive\Desktop\tizahab_project1\tizahab-web\.venv\Lib\site-packages\rest_framework\views.py", line 515, in dispatch
    response = self.handle_exception(exc)
  File "C:\Users\majd9\OneDrive\Desktop\tizahab_project1\tizahab-web\.venv\Lib\site-packages\rest_framework\views.py", line 475, in handle_exception
    self.raise_uncaught_exception(exc)
    ~~~~~~~~~~~~~~~~~~~~~~~~~~~~~^^^^^
  File "C:\Users\majd9\OneDrive\Desktop\tizahab_project1\tizahab-web\.venv\Lib\site-packages\rest_framework\views.py", line 486, in raise_uncaught_exception
    raise exc
  File "C:\Users\majd9\OneDrive\Desktop\tizahab_project1\tizahab-web\.venv\Lib\site-packages\rest_framework\views.py", line 512, in dispatch
    response = handler(request, *args, **kwargs)
  File "C:\Users\majd9\OneDrive\Desktop\tizahab_project1\tizahab-web\accounts\views.py", line 280, in get
    preferences, _ = UserPreferences.objects.get_or_create(user=user)
                     ~~~~~~~~~~~~~~~~~~~~~~~~~~~~~~~~~~~~~^^^^^^^^^^^
  File "C:\Users\majd9\OneDrive\Desktop\tizahab_project1\tizahab-web\.venv\Lib\site-packages\django\db\models\manager.py", line 87, in manager_method
    return getattr(self.get_queryset(), name)(*args, **kwargs)
           ~~~~~~~~~~~~~~~~~~~~~~~~~~~~~~~~~~^^^^^^^^^^^^^^^^^
  File "C:\Users\majd9\OneDrive\Desktop\tizahab_project1\tizahab-web\.venv\Lib\site-packages\django\db\models\query.py", line 987, in get_or_create
    return self.get(**kwargs), False
           ~~~~~~~~^^^^^^^^^^
  File "C:\Users\majd9\OneDrive\Desktop\tizahab_project1\tizahab-web\.venv\Lib\site-packages\django\db\models\query.py", line 635, in get
    num = len(clone)
  File "C:\Users\majd9\OneDrive\Desktop\tizahab_project1\tizahab-web\.venv\Lib\site-packages\django\db\models\query.py", line 372, in __len__
    self._fetch_all()
    ~~~~~~~~~~~~~~~^^
  File "C:\Users\majd9\OneDrive\Desktop\tizahab_project1\tizahab-web\.venv\Lib\site-packages\django\db\models\query.py", line 2000, in _fetch_all
    self._result_cache = list(self._iterable_class(self))
                         ~~~~^^^^^^^^^^^^^^^^^^^^^^^^^^^^
  File "C:\Users\majd9\OneDrive\Desktop\tizahab_project1\tizahab-web\.venv\Lib\site-packages\django\db\models\query.py", line 95, in __iter__
    results = compiler.execute_sql(
        chunked_fetch=self.chunked_fetch, chunk_size=self.chunk_size
    )
  File "C:\Users\majd9\OneDrive\Desktop\tizahab_project1\tizahab-web\.venv\Lib\site-packages\django\db\models\sql\compiler.py", line 1624, in execute_sql
    cursor.execute(sql, params)
    ~~~~~~~~~~~~~~^^^^^^^^^^^^^
  File "C:\Users\majd9\OneDrive\Desktop\tizahab_project1\tizahab-web\.venv\Lib\site-packages\django\db\backends\utils.py", line 122, in execute
    return super().execute(sql, params)
           ~~~~~~~~~~~~~~~^^^^^^^^^^^^^
  File "C:\Users\majd9\OneDrive\Desktop\tizahab_project1\tizahab-web\.venv\Lib\site-packages\django\db\backends\utils.py", line 79, in execute
    return self._execute_with_wrappers(
           ~~~~~~~~~~~~~~~~~~~~~~~~~~~^
        sql, params, many=False, executor=self._execute
        ^^^^^^^^^^^^^^^^^^^^^^^^^^^^^^^^^^^^^^^^^^^^^^^
    )
    ^
  File "C:\Users\majd9\OneDrive\Desktop\tizahab_project1\tizahab-web\.venv\Lib\site-packages\django\db\backends\utils.py", line 92, in _execute_with_wrappers
    return executor(sql, params, many, context)
  File "C:\Users\majd9\OneDrive\Desktop\tizahab_project1\tizahab-web\.venv\Lib\site-packages\django\db\backends\utils.py", line 100, in _execute
    with self.db.wrap_database_errors:
         ^^^^^^^^^^^^^^^^^^^^^^^^^^^^
  File "C:\Users\majd9\OneDrive\Desktop\tizahab_project1\tizahab-web\.venv\Lib\site-packages\django\db\utils.py", line 94, in __exit__
    raise dj_exc_value.with_traceback(traceback) from exc_value
  File "C:\Users\majd9\OneDrive\Desktop\tizahab_project1\tizahab-web\.venv\Lib\site-packages\django\db\backends\utils.py", line 105, in _execute
    return self.cursor.execute(sql, params)
           ~~~~~~~~~~~~~~~~~~~^^^^^^^^^^^^^
  File "C:\Users\majd9\OneDrive\Desktop\tizahab_project1\tizahab-web\.venv\Lib\site-packages\django\db\backends\sqlite3\base.py", line 359, in execute
    return super().execute(query, params)
           ~~~~~~~~~~~~~~~^^^^^^^^^^^^^^^
django.db.utils.OperationalError: no such column: accounts_userpreferences.trip_duration
ERROR 2026-04-12 13:58:28 log 20620 18580 "GET /api/events/filtered/ HTTP/1.1" 500 198160
ERROR 2026-04-12 13:58:28 log 20620 19504 "GET /api/auth/me/ HTTP/1.1" 500 185077
INFO 2026-04-12 13:58:36 log 20620 19504 "GET /profile/ HTTP/1.1" 200 28800
INFO 2026-04-12 13:58:36 log 20620 14392 "GET /api/events/favorites/ HTTP/1.1" 200 2
INFO 2026-04-12 13:58:36 log 20620 12908 "GET /api/daily-plan/ HTTP/1.1" 200 17473
ERROR 2026-04-12 13:58:36 log 20620 19504 Internal Server Error: /api/auth/me/
Traceback (most recent call last):
  File "C:\Users\majd9\OneDrive\Desktop\tizahab_project1\tizahab-web\.venv\Lib\site-packages\django\db\backends\utils.py", line 105, in _execute
    return self.cursor.execute(sql, params)
           ~~~~~~~~~~~~~~~~~~~^^^^^^^^^^^^^
  File "C:\Users\majd9\OneDrive\Desktop\tizahab_project1\tizahab-web\.venv\Lib\site-packages\django\db\backends\sqlite3\base.py", line 359, in execute
    return super().execute(query, params)
           ~~~~~~~~~~~~~~~^^^^^^^^^^^^^^^
sqlite3.OperationalError: no such column: accounts_userpreferences.trip_duration

The above exception was the direct cause of the following exception:

Traceback (most recent call last):
  File "C:\Users\majd9\OneDrive\Desktop\tizahab_project1\tizahab-web\.venv\Lib\site-packages\django\core\handlers\exception.py", line 55, in inner
    response = get_response(request)
  File "C:\Users\majd9\OneDrive\Desktop\tizahab_project1\tizahab-web\.venv\Lib\site-packages\django\core\handlers\base.py", line 198, in _get_response
    response = wrapped_callback(request, *callback_args, **callback_kwargs)
  File "C:\Users\majd9\OneDrive\Desktop\tizahab_project1\tizahab-web\.venv\Lib\site-packages\django\views\decorators\csrf.py", line 65, in _view_wrapper
    return view_func(request, *args, **kwargs)
  File "C:\Users\majd9\OneDrive\Desktop\tizahab_project1\tizahab-web\.venv\Lib\site-packages\django\views\generic\base.py", line 106, in view
    return self.dispatch(request, *args, **kwargs)
           ~~~~~~~~~~~~~^^^^^^^^^^^^^^^^^^^^^^^^^^
  File "C:\Users\majd9\OneDrive\Desktop\tizahab_project1\tizahab-web\.venv\Lib\site-packages\rest_framework\views.py", line 515, in dispatch
    response = self.handle_exception(exc)
  File "C:\Users\majd9\OneDrive\Desktop\tizahab_project1\tizahab-web\.venv\Lib\site-packages\rest_framework\views.py", line 475, in handle_exception
    self.raise_uncaught_exception(exc)
    ~~~~~~~~~~~~~~~~~~~~~~~~~~~~~^^^^^
  File "C:\Users\majd9\OneDrive\Desktop\tizahab_project1\tizahab-web\.venv\Lib\site-packages\rest_framework\views.py", line 486, in raise_uncaught_exception
    raise exc
  File "C:\Users\majd9\OneDrive\Desktop\tizahab_project1\tizahab-web\.venv\Lib\site-packages\rest_framework\views.py", line 512, in dispatch
    response = handler(request, *args, **kwargs)
  File "C:\Users\majd9\OneDrive\Desktop\tizahab_project1\tizahab-web\accounts\views.py", line 280, in get
    preferences, _ = UserPreferences.objects.get_or_create(user=user)
                     ~~~~~~~~~~~~~~~~~~~~~~~~~~~~~~~~~~~~~^^^^^^^^^^^
  File "C:\Users\majd9\OneDrive\Desktop\tizahab_project1\tizahab-web\.venv\Lib\site-packages\django\db\models\manager.py", line 87, in manager_method
    return getattr(self.get_queryset(), name)(*args, **kwargs)
           ~~~~~~~~~~~~~~~~~~~~~~~~~~~~~~~~~~^^^^^^^^^^^^^^^^^
  File "C:\Users\majd9\OneDrive\Desktop\tizahab_project1\tizahab-web\.venv\Lib\site-packages\django\db\models\query.py", line 987, in get_or_create
    return self.get(**kwargs), False
           ~~~~~~~~^^^^^^^^^^
  File "C:\Users\majd9\OneDrive\Desktop\tizahab_project1\tizahab-web\.venv\Lib\site-packages\django\db\models\query.py", line 635, in get
    num = len(clone)
  File "C:\Users\majd9\OneDrive\Desktop\tizahab_project1\tizahab-web\.venv\Lib\site-packages\django\db\models\query.py", line 372, in __len__
    self._fetch_all()
    ~~~~~~~~~~~~~~~^^
  File "C:\Users\majd9\OneDrive\Desktop\tizahab_project1\tizahab-web\.venv\Lib\site-packages\django\db\models\query.py", line 2000, in _fetch_all
    self._result_cache = list(self._iterable_class(self))
                         ~~~~^^^^^^^^^^^^^^^^^^^^^^^^^^^^
  File "C:\Users\majd9\OneDrive\Desktop\tizahab_project1\tizahab-web\.venv\Lib\site-packages\django\db\models\query.py", line 95, in __iter__
    results = compiler.execute_sql(
        chunked_fetch=self.chunked_fetch, chunk_size=self.chunk_size
    )
  File "C:\Users\majd9\OneDrive\Desktop\tizahab_project1\tizahab-web\.venv\Lib\site-packages\django\db\models\sql\compiler.py", line 1624, in execute_sql
    cursor.execute(sql, params)
    ~~~~~~~~~~~~~~^^^^^^^^^^^^^
  File "C:\Users\majd9\OneDrive\Desktop\tizahab_project1\tizahab-web\.venv\Lib\site-packages\django\db\backends\utils.py", line 122, in execute
    return super().execute(sql, params)
           ~~~~~~~~~~~~~~~^^^^^^^^^^^^^
  File "C:\Users\majd9\OneDrive\Desktop\tizahab_project1\tizahab-web\.venv\Lib\site-packages\django\db\backends\utils.py", line 79, in execute
    return self._execute_with_wrappers(
           ~~~~~~~~~~~~~~~~~~~~~~~~~~~^
        sql, params, many=False, executor=self._execute
        ^^^^^^^^^^^^^^^^^^^^^^^^^^^^^^^^^^^^^^^^^^^^^^^
    )
    ^
  File "C:\Users\majd9\OneDrive\Desktop\tizahab_project1\tizahab-web\.venv\Lib\site-packages\django\db\backends\utils.py", line 92, in _execute_with_wrappers
    return executor(sql, params, many, context)
  File "C:\Users\majd9\OneDrive\Desktop\tizahab_project1\tizahab-web\.venv\Lib\site-packages\django\db\backends\utils.py", line 100, in _execute
    with self.db.wrap_database_errors:
         ^^^^^^^^^^^^^^^^^^^^^^^^^^^^
  File "C:\Users\majd9\OneDrive\Desktop\tizahab_project1\tizahab-web\.venv\Lib\site-packages\django\db\utils.py", line 94, in __exit__
    raise dj_exc_value.with_traceback(traceback) from exc_value
  File "C:\Users\majd9\OneDrive\Desktop\tizahab_project1\tizahab-web\.venv\Lib\site-packages\django\db\backends\utils.py", line 105, in _execute
    return self.cursor.execute(sql, params)
           ~~~~~~~~~~~~~~~~~~~^^^^^^^^^^^^^
  File "C:\Users\majd9\OneDrive\Desktop\tizahab_project1\tizahab-web\.venv\Lib\site-packages\django\db\backends\sqlite3\base.py", line 359, in execute
    return super().execute(query, params)
           ~~~~~~~~~~~~~~~^^^^^^^^^^^^^^^
django.db.utils.OperationalError: no such column: accounts_userpreferences.trip_duration
ERROR 2026-04-12 13:58:36 log 20620 18580 Internal Server Error: /api/auth/preferences/
Traceback (most recent call last):
  File "C:\Users\majd9\OneDrive\Desktop\tizahab_project1\tizahab-web\.venv\Lib\site-packages\django\db\backends\utils.py", line 105, in _execute
    return self.cursor.execute(sql, params)
           ~~~~~~~~~~~~~~~~~~~^^^^^^^^^^^^^
  File "C:\Users\majd9\OneDrive\Desktop\tizahab_project1\tizahab-web\.venv\Lib\site-packages\django\db\backends\sqlite3\base.py", line 359, in execute
    return super().execute(query, params)
           ~~~~~~~~~~~~~~~^^^^^^^^^^^^^^^
sqlite3.OperationalError: no such column: accounts_userpreferences.trip_duration

The above exception was the direct cause of the following exception:

Traceback (most recent call last):
  File "C:\Users\majd9\OneDrive\Desktop\tizahab_project1\tizahab-web\.venv\Lib\site-packages\django\core\handlers\exception.py", line 55, in inner
    response = get_response(request)
  File "C:\Users\majd9\OneDrive\Desktop\tizahab_project1\tizahab-web\.venv\Lib\site-packages\django\core\handlers\base.py", line 198, in _get_response
    response = wrapped_callback(request, *callback_args, **callback_kwargs)
  File "C:\Users\majd9\OneDrive\Desktop\tizahab_project1\tizahab-web\.venv\Lib\site-packages\django\views\decorators\csrf.py", line 65, in _view_wrapper
    return view_func(request, *args, **kwargs)
  File "C:\Users\majd9\OneDrive\Desktop\tizahab_project1\tizahab-web\.venv\Lib\site-packages\django\views\generic\base.py", line 106, in view
    return self.dispatch(request, *args, **kwargs)
           ~~~~~~~~~~~~~^^^^^^^^^^^^^^^^^^^^^^^^^^
  File "C:\Users\majd9\OneDrive\Desktop\tizahab_project1\tizahab-web\.venv\Lib\site-packages\rest_framework\views.py", line 515, in dispatch
    response = self.handle_exception(exc)
  File "C:\Users\majd9\OneDrive\Desktop\tizahab_project1\tizahab-web\.venv\Lib\site-packages\rest_framework\views.py", line 475, in handle_exception
    self.raise_uncaught_exception(exc)
    ~~~~~~~~~~~~~~~~~~~~~~~~~~~~~^^^^^
  File "C:\Users\majd9\OneDrive\Desktop\tizahab_project1\tizahab-web\.venv\Lib\site-packages\rest_framework\views.py", line 486, in raise_uncaught_exception
    raise exc
  File "C:\Users\majd9\OneDrive\Desktop\tizahab_project1\tizahab-web\.venv\Lib\site-packages\rest_framework\views.py", line 512, in dispatch
    response = handler(request, *args, **kwargs)
  File "C:\Users\majd9\OneDrive\Desktop\tizahab_project1\tizahab-web\accounts\views.py", line 253, in get
    preferences, _ = UserPreferences.objects.get_or_create(user=request.user)
                     ~~~~~~~~~~~~~~~~~~~~~~~~~~~~~~~~~~~~~^^^^^^^^^^^^^^^^^^^
  File "C:\Users\majd9\OneDrive\Desktop\tizahab_project1\tizahab-web\.venv\Lib\site-packages\django\db\models\manager.py", line 87, in manager_method
    return getattr(self.get_queryset(), name)(*args, **kwargs)
           ~~~~~~~~~~~~~~~~~~~~~~~~~~~~~~~~~~^^^^^^^^^^^^^^^^^
  File "C:\Users\majd9\OneDrive\Desktop\tizahab_project1\tizahab-web\.venv\Lib\site-packages\django\db\models\query.py", line 987, in get_or_create
    return self.get(**kwargs), False
           ~~~~~~~~^^^^^^^^^^
  File "C:\Users\majd9\OneDrive\Desktop\tizahab_project1\tizahab-web\.venv\Lib\site-packages\django\db\models\query.py", line 635, in get
    num = len(clone)
  File "C:\Users\majd9\OneDrive\Desktop\tizahab_project1\tizahab-web\.venv\Lib\site-packages\django\db\models\query.py", line 372, in __len__
    self._fetch_all()
    ~~~~~~~~~~~~~~~^^
  File "C:\Users\majd9\OneDrive\Desktop\tizahab_project1\tizahab-web\.venv\Lib\site-packages\django\db\models\query.py", line 2000, in _fetch_all
    self._result_cache = list(self._iterable_class(self))
                         ~~~~^^^^^^^^^^^^^^^^^^^^^^^^^^^^
  File "C:\Users\majd9\OneDrive\Desktop\tizahab_project1\tizahab-web\.venv\Lib\site-packages\django\db\models\query.py", line 95, in __iter__
    results = compiler.execute_sql(
        chunked_fetch=self.chunked_fetch, chunk_size=self.chunk_size
    )
  File "C:\Users\majd9\OneDrive\Desktop\tizahab_project1\tizahab-web\.venv\Lib\site-packages\django\db\models\sql\compiler.py", line 1624, in execute_sql
    cursor.execute(sql, params)
    ~~~~~~~~~~~~~~^^^^^^^^^^^^^
  File "C:\Users\majd9\OneDrive\Desktop\tizahab_project1\tizahab-web\.venv\Lib\site-packages\django\db\backends\utils.py", line 122, in execute
    return super().execute(sql, params)
           ~~~~~~~~~~~~~~~^^^^^^^^^^^^^
  File "C:\Users\majd9\OneDrive\Desktop\tizahab_project1\tizahab-web\.venv\Lib\site-packages\django\db\backends\utils.py", line 79, in execute
    return self._execute_with_wrappers(
           ~~~~~~~~~~~~~~~~~~~~~~~~~~~^
        sql, params, many=False, executor=self._execute
        ^^^^^^^^^^^^^^^^^^^^^^^^^^^^^^^^^^^^^^^^^^^^^^^
    )
    ^
  File "C:\Users\majd9\OneDrive\Desktop\tizahab_project1\tizahab-web\.venv\Lib\site-packages\django\db\backends\utils.py", line 92, in _execute_with_wrappers
    return executor(sql, params, many, context)
  File "C:\Users\majd9\OneDrive\Desktop\tizahab_project1\tizahab-web\.venv\Lib\site-packages\django\db\backends\utils.py", line 100, in _execute
    with self.db.wrap_database_errors:
         ^^^^^^^^^^^^^^^^^^^^^^^^^^^^
  File "C:\Users\majd9\OneDrive\Desktop\tizahab_project1\tizahab-web\.venv\Lib\site-packages\django\db\utils.py", line 94, in __exit__
    raise dj_exc_value.with_traceback(traceback) from exc_value
  File "C:\Users\majd9\OneDrive\Desktop\tizahab_project1\tizahab-web\.venv\Lib\site-packages\django\db\backends\utils.py", line 105, in _execute
    return self.cursor.execute(sql, params)
           ~~~~~~~~~~~~~~~~~~~^^^^^^^^^^^^^
  File "C:\Users\majd9\OneDrive\Desktop\tizahab_project1\tizahab-web\.venv\Lib\site-packages\django\db\backends\sqlite3\base.py", line 359, in execute
    return super().execute(query, params)
           ~~~~~~~~~~~~~~~^^^^^^^^^^^^^^^
django.db.utils.OperationalError: no such column: accounts_userpreferences.trip_duration
ERROR 2026-04-12 13:58:36 log 20620 19504 "GET /api/auth/me/ HTTP/1.1" 500 185080
ERROR 2026-04-12 13:58:36 log 20620 18580 "GET /api/auth/preferences/ HTTP/1.1" 500 185097
ERROR 2026-04-12 13:58:36 log 20620 12908 Internal Server Error: /api/auth/me/
Traceback (most recent call last):
  File "C:\Users\majd9\OneDrive\Desktop\tizahab_project1\tizahab-web\.venv\Lib\site-packages\django\db\backends\utils.py", line 105, in _execute
    return self.cursor.execute(sql, params)
           ~~~~~~~~~~~~~~~~~~~^^^^^^^^^^^^^
  File "C:\Users\majd9\OneDrive\Desktop\tizahab_project1\tizahab-web\.venv\Lib\site-packages\django\db\backends\sqlite3\base.py", line 359, in execute
    return super().execute(query, params)
           ~~~~~~~~~~~~~~~^^^^^^^^^^^^^^^
sqlite3.OperationalError: no such column: accounts_userpreferences.trip_duration

The above exception was the direct cause of the following exception:

Traceback (most recent call last):
  File "C:\Users\majd9\OneDrive\Desktop\tizahab_project1\tizahab-web\.venv\Lib\site-packages\django\core\handlers\exception.py", line 55, in inner
    response = get_response(request)
  File "C:\Users\majd9\OneDrive\Desktop\tizahab_project1\tizahab-web\.venv\Lib\site-packages\django\core\handlers\base.py", line 198, in _get_response
    response = wrapped_callback(request, *callback_args, **callback_kwargs)
  File "C:\Users\majd9\OneDrive\Desktop\tizahab_project1\tizahab-web\.venv\Lib\site-packages\django\views\decorators\csrf.py", line 65, in _view_wrapper
    return view_func(request, *args, **kwargs)
  File "C:\Users\majd9\OneDrive\Desktop\tizahab_project1\tizahab-web\.venv\Lib\site-packages\django\views\generic\base.py", line 106, in view
    return self.dispatch(request, *args, **kwargs)
           ~~~~~~~~~~~~~^^^^^^^^^^^^^^^^^^^^^^^^^^
  File "C:\Users\majd9\OneDrive\Desktop\tizahab_project1\tizahab-web\.venv\Lib\site-packages\rest_framework\views.py", line 515, in dispatch
    response = self.handle_exception(exc)
  File "C:\Users\majd9\OneDrive\Desktop\tizahab_project1\tizahab-web\.venv\Lib\site-packages\rest_framework\views.py", line 475, in handle_exception
    self.raise_uncaught_exception(exc)
    ~~~~~~~~~~~~~~~~~~~~~~~~~~~~~^^^^^
  File "C:\Users\majd9\OneDrive\Desktop\tizahab_project1\tizahab-web\.venv\Lib\site-packages\rest_framework\views.py", line 486, in raise_uncaught_exception
    raise exc
  File "C:\Users\majd9\OneDrive\Desktop\tizahab_project1\tizahab-web\.venv\Lib\site-packages\rest_framework\views.py", line 512, in dispatch
    response = handler(request, *args, **kwargs)
  File "C:\Users\majd9\OneDrive\Desktop\tizahab_project1\tizahab-web\accounts\views.py", line 280, in get
    preferences, _ = UserPreferences.objects.get_or_create(user=user)
                     ~~~~~~~~~~~~~~~~~~~~~~~~~~~~~~~~~~~~~^^^^^^^^^^^
  File "C:\Users\majd9\OneDrive\Desktop\tizahab_project1\tizahab-web\.venv\Lib\site-packages\django\db\models\manager.py", line 87, in manager_method
    return getattr(self.get_queryset(), name)(*args, **kwargs)
           ~~~~~~~~~~~~~~~~~~~~~~~~~~~~~~~~~~^^^^^^^^^^^^^^^^^
  File "C:\Users\majd9\OneDrive\Desktop\tizahab_project1\tizahab-web\.venv\Lib\site-packages\django\db\models\query.py", line 987, in get_or_create
    return self.get(**kwargs), False
           ~~~~~~~~^^^^^^^^^^
  File "C:\Users\majd9\OneDrive\Desktop\tizahab_project1\tizahab-web\.venv\Lib\site-packages\django\db\models\query.py", line 635, in get
    num = len(clone)
  File "C:\Users\majd9\OneDrive\Desktop\tizahab_project1\tizahab-web\.venv\Lib\site-packages\django\db\models\query.py", line 372, in __len__
    self._fetch_all()
    ~~~~~~~~~~~~~~~^^
  File "C:\Users\majd9\OneDrive\Desktop\tizahab_project1\tizahab-web\.venv\Lib\site-packages\django\db\models\query.py", line 2000, in _fetch_all
    self._result_cache = list(self._iterable_class(self))
                         ~~~~^^^^^^^^^^^^^^^^^^^^^^^^^^^^
  File "C:\Users\majd9\OneDrive\Desktop\tizahab_project1\tizahab-web\.venv\Lib\site-packages\django\db\models\query.py", line 95, in __iter__
    results = compiler.execute_sql(
        chunked_fetch=self.chunked_fetch, chunk_size=self.chunk_size
    )
  File "C:\Users\majd9\OneDrive\Desktop\tizahab_project1\tizahab-web\.venv\Lib\site-packages\django\db\models\sql\compiler.py", line 1624, in execute_sql
    cursor.execute(sql, params)
    ~~~~~~~~~~~~~~^^^^^^^^^^^^^
  File "C:\Users\majd9\OneDrive\Desktop\tizahab_project1\tizahab-web\.venv\Lib\site-packages\django\db\backends\utils.py", line 122, in execute
    return super().execute(sql, params)
           ~~~~~~~~~~~~~~~^^^^^^^^^^^^^
  File "C:\Users\majd9\OneDrive\Desktop\tizahab_project1\tizahab-web\.venv\Lib\site-packages\django\db\backends\utils.py", line 79, in execute
    return self._execute_with_wrappers(
           ~~~~~~~~~~~~~~~~~~~~~~~~~~~^
        sql, params, many=False, executor=self._execute
        ^^^^^^^^^^^^^^^^^^^^^^^^^^^^^^^^^^^^^^^^^^^^^^^
    )
    ^
  File "C:\Users\majd9\OneDrive\Desktop\tizahab_project1\tizahab-web\.venv\Lib\site-packages\django\db\backends\utils.py", line 92, in _execute_with_wrappers
    return executor(sql, params, many, context)
  File "C:\Users\majd9\OneDrive\Desktop\tizahab_project1\tizahab-web\.venv\Lib\site-packages\django\db\backends\utils.py", line 100, in _execute
    with self.db.wrap_database_errors:
         ^^^^^^^^^^^^^^^^^^^^^^^^^^^^
  File "C:\Users\majd9\OneDrive\Desktop\tizahab_project1\tizahab-web\.venv\Lib\site-packages\django\db\utils.py", line 94, in __exit__
    raise dj_exc_value.with_traceback(traceback) from exc_value
  File "C:\Users\majd9\OneDrive\Desktop\tizahab_project1\tizahab-web\.venv\Lib\site-packages\django\db\backends\utils.py", line 105, in _execute
    return self.cursor.execute(sql, params)
           ~~~~~~~~~~~~~~~~~~~^^^^^^^^^^^^^
  File "C:\Users\majd9\OneDrive\Desktop\tizahab_project1\tizahab-web\.venv\Lib\site-packages\django\db\backends\sqlite3\base.py", line 359, in execute
    return super().execute(query, params)
           ~~~~~~~~~~~~~~~^^^^^^^^^^^^^^^
django.db.utils.OperationalError: no such column: accounts_userpreferences.trip_duration
ERROR 2026-04-12 13:58:36 log 20620 12908 "GET /api/auth/me/ HTTP/1.1" 500 185074
WARNING 2026-04-12 15:33:42 log 7548 23256 Bad Request: /api/auth/signup/
WARNING 2026-04-12 15:33:42 log 7548 23256 Bad Request: /api/auth/signup/
WARNING 2026-04-12 15:33:42 log 7548 23256 Bad Request: /api/auth/signup/
WARNING 2026-04-12 15:33:45 log 7548 23256 Bad Request: /api/auth/login/
WARNING 2026-04-12 15:33:46 log 7548 23256 Bad Request: /api/auth/login/
WARNING 2026-04-12 15:33:47 log 7548 23256 Bad Request: /api/auth/preferences/
WARNING 2026-04-12 15:33:50 log 7548 23256 Bad Request: /api/auth/preferences/
WARNING 2026-04-12 15:33:52 log 7548 23256 Bad Request: /api/auth/preferences/
WARNING 2026-04-12 15:33:53 log 7548 23256 Unauthorized: /api/auth/preferences/
WARNING 2026-04-12 15:34:11 views 7548 23256 Invalid date format from user 1: 15/06/2026
WARNING 2026-04-12 15:34:11 log 7548 23256 Bad Request: /api/daily-plan/generate/
WARNING 2026-04-12 15:34:12 log 7548 23256 Bad Request: /api/daily-plan/generate/
WARNING 2026-04-12 15:34:14 log 7548 23256 Not Found: /api/daily-plan/generate/
WARNING 2026-04-12 15:34:16 log 7548 23256 Bad Request: /api/daily-plan/generate/
WARNING 2026-04-12 15:34:17 log 7548 23256 Unauthorized: /api/daily-plan/generate/
INFO 2026-04-12 15:34:19 views 7548 23256 Daily plan created for user 1 on 2026-04-13
INFO 2026-04-12 15:34:21 views 7548 23256 Daily plan created for user 1 on 2026-04-13
INFO 2026-04-12 15:34:21 views 7548 23256 Daily plan updated for user 1 on 2026-04-13
INFO 2026-04-12 15:34:22 views 7548 23256 Daily plan created for user 1 on 2026-04-14
INFO 2026-04-12 15:34:24 views 7548 23256 Daily plan created for user 1 on 2026-04-14
INFO 2026-04-12 15:34:24 views 7548 23256 Daily plan updated for user 1 on 2026-04-14
WARNING 2026-04-12 15:34:26 log 7548 23256 Bad Request: /api/daily-plan/generate/
INFO 2026-04-12 15:34:28 views 7548 23256 Daily plan updated for user 1 on 2026-04-14
ERROR 2026-04-12 15:34:29 views 7548 23256 Error saving multi-day plan for user 1: forced failure
Traceback (most recent call last):
  File "C:\Users\majd9\OneDrive\Desktop\tizahab_project1\tizahab-web\daily_plan\views.py", line 231, in post
    daily_plan = DailyPlan.objects.create(user=user, date=day_date)
  File "C:\Users\majd9\AppData\Local\Programs\Python\Python314\Lib\unittest\mock.py", line 1175, in __call__
    return self._mock_call(*args, **kwargs)
           ~~~~~~~~~~~~~~~^^^^^^^^^^^^^^^^^
  File "C:\Users\majd9\AppData\Local\Programs\Python\Python314\Lib\unittest\mock.py", line 1179, in _mock_call
    return self._execute_mock_call(*args, **kwargs)
           ~~~~~~~~~~~~~~~~~~~~~~~^^^^^^^^^^^^^^^^^
  File "C:\Users\majd9\AppData\Local\Programs\Python\Python314\Lib\unittest\mock.py", line 1240, in _execute_mock_call
    result = effect(*args, **kwargs)
  File "C:\Users\majd9\OneDrive\Desktop\tizahab_project1\tizahab-web\daily_plan\tests.py", line 569, in flaky_create
    raise RuntimeError("forced failure")
RuntimeError: forced failure
ERROR 2026-04-12 15:34:29 log 7548 23256 Internal Server Error: /api/daily-plan/generate-multiday/
WARNING 2026-04-12 15:34:34 views 7548 23256 Invalid start_date format from user 1: 15/06/2026
WARNING 2026-04-12 15:34:34 log 7548 23256 Bad Request: /api/daily-plan/generate-multiday/
WARNING 2026-04-12 15:34:36 log 7548 23256 Bad Request: /api/daily-plan/generate-multiday/
WARNING 2026-04-12 15:34:37 log 7548 23256 Bad Request: /api/daily-plan/generate-multiday/
WARNING 2026-04-12 15:34:39 log 7548 23256 Unauthorized: /api/daily-plan/generate-multiday/
WARNING 2026-04-12 15:34:42 log 7548 23256 Bad Request: /api/daily-plan/generate-multiday/
WARNING 2026-04-12 15:34:44 log 7548 23256 Not Found: /api/daily-plan/1/
WARNING 2026-04-12 15:34:47 log 7548 23256 Not Found: /api/daily-plan/1/
WARNING 2026-04-12 15:34:51 log 7548 23256 Unauthorized: /api/daily-plan/
WARNING 2026-04-12 15:35:02 log 7548 23256 Bad Request: /api/events/filtered/
WARNING 2026-04-12 15:35:14 log 7548 23256 Bad Request: /api/events/favorites/
WARNING 2026-04-12 15:35:23 log 7548 23256 Not Found: /api/events/favorites/1/
WARNING 2026-04-12 15:35:26 log 7548 23256 Unauthorized: /api/events/favorites/
ERROR 2026-04-12 15:36:41 log 21636 13404 Invalid HTTP_HOST header: 'testserver'. You may need to add 'testserver' to ALLOWED_HOSTS.
Traceback (most recent call last):
  File "C:\Users\majd9\OneDrive\Desktop\tizahab_project1\tizahab-web\.venv\Lib\site-packages\django\core\handlers\exception.py", line 55, in inner
    response = get_response(request)
  File "C:\Users\majd9\OneDrive\Desktop\tizahab_project1\tizahab-web\.venv\Lib\site-packages\django\utils\deprecation.py", line 308, in __call__
    response = self.process_request(request)
  File "C:\Users\majd9\OneDrive\Desktop\tizahab_project1\tizahab-web\.venv\Lib\site-packages\django\middleware\common.py", line 48, in process_request
    host = request.get_host()
  File "C:\Users\majd9\OneDrive\Desktop\tizahab_project1\tizahab-web\.venv\Lib\site-packages\django\http\request.py", line 205, in get_host
    raise DisallowedHost(msg)
django.core.exceptions.DisallowedHost: Invalid HTTP_HOST header: 'testserver'. You may need to add 'testserver' to ALLOWED_HOSTS.
INFO 2026-04-12 15:59:55 autoreload 5828 13884 Watching for file changes with StatReloader
INFO 2026-04-12 15:59:57 log 5828 15284 "GET / HTTP/1.1" 200 21143
INFO 2026-04-12 16:00:00 log 5828 15284 "GET /login/ HTTP/1.1" 200 5489
WARNING 2026-04-12 16:00:01 log 5828 15284 Not Found: /favicon.ico
WARNING 2026-04-12 16:00:01 log 5828 15284 "GET /favicon.ico HTTP/1.1" 404 5312
INFO 2026-04-12 16:00:10 log 5828 15284 "POST /api/auth/login/ HTTP/1.1" 200 491
INFO 2026-04-12 16:00:10 log 5828 15284 "GET /home/ HTTP/1.1" 200 21388
INFO 2026-04-12 16:00:11 log 5828 15284 "GET /static/js/home.js HTTP/1.1" 200 15324
INFO 2026-04-12 16:00:11 log 5828 18716 "GET /api/daily-plan/ HTTP/1.1" 200 17473
INFO 2026-04-12 16:00:11 log 5828 15708 "GET /api/events/ HTTP/1.1" 200 20634
ERROR 2026-04-12 16:00:11 log 5828 15284 Internal Server Error: /api/auth/me/
Traceback (most recent call last):
  File "C:\Users\majd9\OneDrive\Desktop\tizahab_project1\tizahab-web\.venv\Lib\site-packages\django\db\backends\utils.py", line 105, in _execute
    return self.cursor.execute(sql, params)
           ~~~~~~~~~~~~~~~~~~~^^^^^^^^^^^^^
  File "C:\Users\majd9\OneDrive\Desktop\tizahab_project1\tizahab-web\.venv\Lib\site-packages\django\db\backends\sqlite3\base.py", line 359, in execute
    return super().execute(query, params)
           ~~~~~~~~~~~~~~~^^^^^^^^^^^^^^^
sqlite3.OperationalError: no such column: accounts_userpreferences.trip_duration

The above exception was the direct cause of the following exception:

Traceback (most recent call last):
  File "C:\Users\majd9\OneDrive\Desktop\tizahab_project1\tizahab-web\.venv\Lib\site-packages\django\core\handlers\exception.py", line 55, in inner
    response = get_response(request)
  File "C:\Users\majd9\OneDrive\Desktop\tizahab_project1\tizahab-web\.venv\Lib\site-packages\django\core\handlers\base.py", line 198, in _get_response
    response = wrapped_callback(request, *callback_args, **callback_kwargs)
  File "C:\Users\majd9\OneDrive\Desktop\tizahab_project1\tizahab-web\.venv\Lib\site-packages\django\views\decorators\csrf.py", line 65, in _view_wrapper
    return view_func(request, *args, **kwargs)
  File "C:\Users\majd9\OneDrive\Desktop\tizahab_project1\tizahab-web\.venv\Lib\site-packages\django\views\generic\base.py", line 106, in view
    return self.dispatch(request, *args, **kwargs)
           ~~~~~~~~~~~~~^^^^^^^^^^^^^^^^^^^^^^^^^^
  File "C:\Users\majd9\OneDrive\Desktop\tizahab_project1\tizahab-web\.venv\Lib\site-packages\rest_framework\views.py", line 515, in dispatch
    response = self.handle_exception(exc)
  File "C:\Users\majd9\OneDrive\Desktop\tizahab_project1\tizahab-web\.venv\Lib\site-packages\rest_framework\views.py", line 475, in handle_exception
    self.raise_uncaught_exception(exc)
    ~~~~~~~~~~~~~~~~~~~~~~~~~~~~~^^^^^
  File "C:\Users\majd9\OneDrive\Desktop\tizahab_project1\tizahab-web\.venv\Lib\site-packages\rest_framework\views.py", line 486, in raise_uncaught_exception
    raise exc
  File "C:\Users\majd9\OneDrive\Desktop\tizahab_project1\tizahab-web\.venv\Lib\site-packages\rest_framework\views.py", line 512, in dispatch
    response = handler(request, *args, **kwargs)
  File "C:\Users\majd9\OneDrive\Desktop\tizahab_project1\tizahab-web\accounts\views.py", line 280, in get
    preferences, _ = UserPreferences.objects.get_or_create(user=user)
                     ~~~~~~~~~~~~~~~~~~~~~~~~~~~~~~~~~~~~~^^^^^^^^^^^
  File "C:\Users\majd9\OneDrive\Desktop\tizahab_project1\tizahab-web\.venv\Lib\site-packages\django\db\models\manager.py", line 87, in manager_method
    return getattr(self.get_queryset(), name)(*args, **kwargs)
           ~~~~~~~~~~~~~~~~~~~~~~~~~~~~~~~~~~^^^^^^^^^^^^^^^^^
  File "C:\Users\majd9\OneDrive\Desktop\tizahab_project1\tizahab-web\.venv\Lib\site-packages\django\db\models\query.py", line 987, in get_or_create
    return self.get(**kwargs), False
           ~~~~~~~~^^^^^^^^^^
  File "C:\Users\majd9\OneDrive\Desktop\tizahab_project1\tizahab-web\.venv\Lib\site-packages\django\db\models\query.py", line 635, in get
    num = len(clone)
  File "C:\Users\majd9\OneDrive\Desktop\tizahab_project1\tizahab-web\.venv\Lib\site-packages\django\db\models\query.py", line 372, in __len__
    self._fetch_all()
    ~~~~~~~~~~~~~~~^^
  File "C:\Users\majd9\OneDrive\Desktop\tizahab_project1\tizahab-web\.venv\Lib\site-packages\django\db\models\query.py", line 2000, in _fetch_all
    self._result_cache = list(self._iterable_class(self))
                         ~~~~^^^^^^^^^^^^^^^^^^^^^^^^^^^^
  File "C:\Users\majd9\OneDrive\Desktop\tizahab_project1\tizahab-web\.venv\Lib\site-packages\django\db\models\query.py", line 95, in __iter__
    results = compiler.execute_sql(
        chunked_fetch=self.chunked_fetch, chunk_size=self.chunk_size
    )
  File "C:\Users\majd9\OneDrive\Desktop\tizahab_project1\tizahab-web\.venv\Lib\site-packages\django\db\models\sql\compiler.py", line 1624, in execute_sql
    cursor.execute(sql, params)
    ~~~~~~~~~~~~~~^^^^^^^^^^^^^
  File "C:\Users\majd9\OneDrive\Desktop\tizahab_project1\tizahab-web\.venv\Lib\site-packages\django\db\backends\utils.py", line 122, in execute
    return super().execute(sql, params)
           ~~~~~~~~~~~~~~~^^^^^^^^^^^^^
  File "C:\Users\majd9\OneDrive\Desktop\tizahab_project1\tizahab-web\.venv\Lib\site-packages\django\db\backends\utils.py", line 79, in execute
    return self._execute_with_wrappers(
           ~~~~~~~~~~~~~~~~~~~~~~~~~~~^
        sql, params, many=False, executor=self._execute
        ^^^^^^^^^^^^^^^^^^^^^^^^^^^^^^^^^^^^^^^^^^^^^^^
    )
    ^
  File "C:\Users\majd9\OneDrive\Desktop\tizahab_project1\tizahab-web\.venv\Lib\site-packages\django\db\backends\utils.py", line 92, in _execute_with_wrappers
    return executor(sql, params, many, context)
  File "C:\Users\majd9\OneDrive\Desktop\tizahab_project1\tizahab-web\.venv\Lib\site-packages\django\db\backends\utils.py", line 100, in _execute
    with self.db.wrap_database_errors:
         ^^^^^^^^^^^^^^^^^^^^^^^^^^^^
  File "C:\Users\majd9\OneDrive\Desktop\tizahab_project1\tizahab-web\.venv\Lib\site-packages\django\db\utils.py", line 94, in __exit__
    raise dj_exc_value.with_traceback(traceback) from exc_value
  File "C:\Users\majd9\OneDrive\Desktop\tizahab_project1\tizahab-web\.venv\Lib\site-packages\django\db\backends\utils.py", line 105, in _execute
    return self.cursor.execute(sql, params)
           ~~~~~~~~~~~~~~~~~~~^^^^^^^^^^^^^
  File "C:\Users\majd9\OneDrive\Desktop\tizahab_project1\tizahab-web\.venv\Lib\site-packages\django\db\backends\sqlite3\base.py", line 359, in execute
    return super().execute(query, params)
           ~~~~~~~~~~~~~~~^^^^^^^^^^^^^^^
django.db.utils.OperationalError: no such column: accounts_userpreferences.trip_duration
ERROR 2026-04-12 16:00:11 log 5828 14564 Internal Server Error: /api/events/filtered/
Traceback (most recent call last):
  File "C:\Users\majd9\OneDrive\Desktop\tizahab_project1\tizahab-web\.venv\Lib\site-packages\django\db\models\fields\related_descriptors.py", line 502, in __get__
    rel_obj = self.related.get_cached_value(instance)
  File "C:\Users\majd9\OneDrive\Desktop\tizahab_project1\tizahab-web\.venv\Lib\site-packages\django\db\models\fields\mixins.py", line 21, in get_cached_value
    return instance._state.fields_cache[self.cache_name]
           ~~~~~~~~~~~~~~~~~~~~~~~~~~~~^^^^^^^^^^^^^^^^^
KeyError: 'preferences'

During handling of the above exception, another exception occurred:

Traceback (most recent call last):
  File "C:\Users\majd9\OneDrive\Desktop\tizahab_project1\tizahab-web\.venv\Lib\site-packages\django\db\backends\utils.py", line 105, in _execute
    return self.cursor.execute(sql, params)
           ~~~~~~~~~~~~~~~~~~~^^^^^^^^^^^^^
  File "C:\Users\majd9\OneDrive\Desktop\tizahab_project1\tizahab-web\.venv\Lib\site-packages\django\db\backends\sqlite3\base.py", line 359, in execute
    return super().execute(query, params)
           ~~~~~~~~~~~~~~~^^^^^^^^^^^^^^^
sqlite3.OperationalError: no such column: accounts_userpreferences.trip_duration

The above exception was the direct cause of the following exception:

Traceback (most recent call last):
  File "C:\Users\majd9\OneDrive\Desktop\tizahab_project1\tizahab-web\.venv\Lib\site-packages\django\core\handlers\exception.py", line 55, in inner
    response = get_response(request)
  File "C:\Users\majd9\OneDrive\Desktop\tizahab_project1\tizahab-web\.venv\Lib\site-packages\django\core\handlers\base.py", line 198, in _get_response
    response = wrapped_callback(request, *callback_args, **callback_kwargs)
  File "C:\Users\majd9\OneDrive\Desktop\tizahab_project1\tizahab-web\.venv\Lib\site-packages\django\views\decorators\csrf.py", line 65, in _view_wrapper
    return view_func(request, *args, **kwargs)
  File "C:\Users\majd9\OneDrive\Desktop\tizahab_project1\tizahab-web\.venv\Lib\site-packages\django\views\generic\base.py", line 106, in view
    return self.dispatch(request, *args, **kwargs)
           ~~~~~~~~~~~~~^^^^^^^^^^^^^^^^^^^^^^^^^^
  File "C:\Users\majd9\OneDrive\Desktop\tizahab_project1\tizahab-web\.venv\Lib\site-packages\rest_framework\views.py", line 515, in dispatch
    response = self.handle_exception(exc)
  File "C:\Users\majd9\OneDrive\Desktop\tizahab_project1\tizahab-web\.venv\Lib\site-packages\rest_framework\views.py", line 475, in handle_exception
    self.raise_uncaught_exception(exc)
    ~~~~~~~~~~~~~~~~~~~~~~~~~~~~~^^^^^
  File "C:\Users\majd9\OneDrive\Desktop\tizahab_project1\tizahab-web\.venv\Lib\site-packages\rest_framework\views.py", line 486, in raise_uncaught_exception
    raise exc
  File "C:\Users\majd9\OneDrive\Desktop\tizahab_project1\tizahab-web\.venv\Lib\site-packages\rest_framework\views.py", line 512, in dispatch
    response = handler(request, *args, **kwargs)
  File "C:\Users\majd9\OneDrive\Desktop\tizahab_project1\tizahab-web\.venv\Lib\site-packages\rest_framework\generics.py", line 203, in get
    return self.list(request, *args, **kwargs)
           ~~~~~~~~~^^^^^^^^^^^^^^^^^^^^^^^^^^
  File "C:\Users\majd9\OneDrive\Desktop\tizahab_project1\tizahab-web\.venv\Lib\site-packages\rest_framework\mixins.py", line 38, in list
    queryset = self.filter_queryset(self.get_queryset())
                                    ~~~~~~~~~~~~~~~~~^^
  File "C:\Users\majd9\OneDrive\Desktop\tizahab_project1\tizahab-web\events\views.py", line 79, in get_queryset
    prefs = getattr(self.request.user, "preferences", None)
  File "C:\Users\majd9\OneDrive\Desktop\tizahab_project1\tizahab-web\.venv\Lib\site-packages\django\db\models\fields\related_descriptors.py", line 509, in __get__
    rel_obj = self.get_queryset(instance=instance).get(**filter_args)
  File "C:\Users\majd9\OneDrive\Desktop\tizahab_project1\tizahab-web\.venv\Lib\site-packages\django\db\models\query.py", line 635, in get
    num = len(clone)
  File "C:\Users\majd9\OneDrive\Desktop\tizahab_project1\tizahab-web\.venv\Lib\site-packages\django\db\models\query.py", line 372, in __len__
    self._fetch_all()
    ~~~~~~~~~~~~~~~^^
  File "C:\Users\majd9\OneDrive\Desktop\tizahab_project1\tizahab-web\.venv\Lib\site-packages\django\db\models\query.py", line 2000, in _fetch_all
    self._result_cache = list(self._iterable_class(self))
                         ~~~~^^^^^^^^^^^^^^^^^^^^^^^^^^^^
  File "C:\Users\majd9\OneDrive\Desktop\tizahab_project1\tizahab-web\.venv\Lib\site-packages\django\db\models\query.py", line 95, in __iter__
    results = compiler.execute_sql(
        chunked_fetch=self.chunked_fetch, chunk_size=self.chunk_size
    )
  File "C:\Users\majd9\OneDrive\Desktop\tizahab_project1\tizahab-web\.venv\Lib\site-packages\django\db\models\sql\compiler.py", line 1624, in execute_sql
    cursor.execute(sql, params)
    ~~~~~~~~~~~~~~^^^^^^^^^^^^^
  File "C:\Users\majd9\OneDrive\Desktop\tizahab_project1\tizahab-web\.venv\Lib\site-packages\django\db\backends\utils.py", line 122, in execute
    return super().execute(sql, params)
           ~~~~~~~~~~~~~~~^^^^^^^^^^^^^
  File "C:\Users\majd9\OneDrive\Desktop\tizahab_project1\tizahab-web\.venv\Lib\site-packages\django\db\backends\utils.py", line 79, in execute
    return self._execute_with_wrappers(
           ~~~~~~~~~~~~~~~~~~~~~~~~~~~^
        sql, params, many=False, executor=self._execute
        ^^^^^^^^^^^^^^^^^^^^^^^^^^^^^^^^^^^^^^^^^^^^^^^
    )
    ^
  File "C:\Users\majd9\OneDrive\Desktop\tizahab_project1\tizahab-web\.venv\Lib\site-packages\django\db\backends\utils.py", line 92, in _execute_with_wrappers
    return executor(sql, params, many, context)
  File "C:\Users\majd9\OneDrive\Desktop\tizahab_project1\tizahab-web\.venv\Lib\site-packages\django\db\backends\utils.py", line 100, in _execute
    with self.db.wrap_database_errors:
         ^^^^^^^^^^^^^^^^^^^^^^^^^^^^
  File "C:\Users\majd9\OneDrive\Desktop\tizahab_project1\tizahab-web\.venv\Lib\site-packages\django\db\utils.py", line 94, in __exit__
    raise dj_exc_value.with_traceback(traceback) from exc_value
  File "C:\Users\majd9\OneDrive\Desktop\tizahab_project1\tizahab-web\.venv\Lib\site-packages\django\db\backends\utils.py", line 105, in _execute
    return self.cursor.execute(sql, params)
           ~~~~~~~~~~~~~~~~~~~^^^^^^^^^^^^^
  File "C:\Users\majd9\OneDrive\Desktop\tizahab_project1\tizahab-web\.venv\Lib\site-packages\django\db\backends\sqlite3\base.py", line 359, in execute
    return super().execute(query, params)
           ~~~~~~~~~~~~~~~^^^^^^^^^^^^^^^
django.db.utils.OperationalError: no such column: accounts_userpreferences.trip_duration
ERROR 2026-04-12 16:00:11 log 5828 15284 "GET /api/auth/me/ HTTP/1.1" 500 185078
ERROR 2026-04-12 16:00:11 log 5828 14564 "GET /api/events/filtered/ HTTP/1.1" 500 198161
INFO 2026-04-12 16:00:12 log 5828 19528 "POST /api/auth/login/ HTTP/1.1" 200 491
INFO 2026-04-12 16:00:14 log 5828 19528 "GET /daily-plan/ HTTP/1.1" 200 22047
INFO 2026-04-12 16:00:14 log 5828 19528 "GET /static/js/daily_plan_integration.js?v=99 HTTP/1.1" 200 34570
INFO 2026-04-12 16:00:14 log 5828 15708 "GET /api/events/?category=outdoor HTTP/1.1" 200 10793
INFO 2026-04-12 16:00:14 log 5828 15284 "GET /api/events/ HTTP/1.1" 200 20634
INFO 2026-04-12 16:00:14 log 5828 14564 "GET /api/events/?category=food HTTP/1.1" 200 15232
ERROR 2026-04-12 16:00:14 log 5828 19528 Internal Server Error: /api/auth/me/
Traceback (most recent call last):
  File "C:\Users\majd9\OneDrive\Desktop\tizahab_project1\tizahab-web\.venv\Lib\site-packages\django\db\backends\utils.py", line 105, in _execute
    return self.cursor.execute(sql, params)
           ~~~~~~~~~~~~~~~~~~~^^^^^^^^^^^^^
  File "C:\Users\majd9\OneDrive\Desktop\tizahab_project1\tizahab-web\.venv\Lib\site-packages\django\db\backends\sqlite3\base.py", line 359, in execute
    return super().execute(query, params)
           ~~~~~~~~~~~~~~~^^^^^^^^^^^^^^^
sqlite3.OperationalError: no such column: accounts_userpreferences.trip_duration

The above exception was the direct cause of the following exception:

Traceback (most recent call last):
  File "C:\Users\majd9\OneDrive\Desktop\tizahab_project1\tizahab-web\.venv\Lib\site-packages\django\core\handlers\exception.py", line 55, in inner
    response = get_response(request)
  File "C:\Users\majd9\OneDrive\Desktop\tizahab_project1\tizahab-web\.venv\Lib\site-packages\django\core\handlers\base.py", line 198, in _get_response
    response = wrapped_callback(request, *callback_args, **callback_kwargs)
  File "C:\Users\majd9\OneDrive\Desktop\tizahab_project1\tizahab-web\.venv\Lib\site-packages\django\views\decorators\csrf.py", line 65, in _view_wrapper
    return view_func(request, *args, **kwargs)
  File "C:\Users\majd9\OneDrive\Desktop\tizahab_project1\tizahab-web\.venv\Lib\site-packages\django\views\generic\base.py", line 106, in view
    return self.dispatch(request, *args, **kwargs)
           ~~~~~~~~~~~~~^^^^^^^^^^^^^^^^^^^^^^^^^^
  File "C:\Users\majd9\OneDrive\Desktop\tizahab_project1\tizahab-web\.venv\Lib\site-packages\rest_framework\views.py", line 515, in dispatch
    response = self.handle_exception(exc)
  File "C:\Users\majd9\OneDrive\Desktop\tizahab_project1\tizahab-web\.venv\Lib\site-packages\rest_framework\views.py", line 475, in handle_exception
    self.raise_uncaught_exception(exc)
    ~~~~~~~~~~~~~~~~~~~~~~~~~~~~~^^^^^
  File "C:\Users\majd9\OneDrive\Desktop\tizahab_project1\tizahab-web\.venv\Lib\site-packages\rest_framework\views.py", line 486, in raise_uncaught_exception
    raise exc
  File "C:\Users\majd9\OneDrive\Desktop\tizahab_project1\tizahab-web\.venv\Lib\site-packages\rest_framework\views.py", line 512, in dispatch
    response = handler(request, *args, **kwargs)
  File "C:\Users\majd9\OneDrive\Desktop\tizahab_project1\tizahab-web\accounts\views.py", line 280, in get
    preferences, _ = UserPreferences.objects.get_or_create(user=user)
                     ~~~~~~~~~~~~~~~~~~~~~~~~~~~~~~~~~~~~~^^^^^^^^^^^
  File "C:\Users\majd9\OneDrive\Desktop\tizahab_project1\tizahab-web\.venv\Lib\site-packages\django\db\models\manager.py", line 87, in manager_method
    return getattr(self.get_queryset(), name)(*args, **kwargs)
           ~~~~~~~~~~~~~~~~~~~~~~~~~~~~~~~~~~^^^^^^^^^^^^^^^^^
  File "C:\Users\majd9\OneDrive\Desktop\tizahab_project1\tizahab-web\.venv\Lib\site-packages\django\db\models\query.py", line 987, in get_or_create
    return self.get(**kwargs), False
           ~~~~~~~~^^^^^^^^^^
  File "C:\Users\majd9\OneDrive\Desktop\tizahab_project1\tizahab-web\.venv\Lib\site-packages\django\db\models\query.py", line 635, in get
    num = len(clone)
  File "C:\Users\majd9\OneDrive\Desktop\tizahab_project1\tizahab-web\.venv\Lib\site-packages\django\db\models\query.py", line 372, in __len__
    self._fetch_all()
    ~~~~~~~~~~~~~~~^^
  File "C:\Users\majd9\OneDrive\Desktop\tizahab_project1\tizahab-web\.venv\Lib\site-packages\django\db\models\query.py", line 2000, in _fetch_all
    self._result_cache = list(self._iterable_class(self))
                         ~~~~^^^^^^^^^^^^^^^^^^^^^^^^^^^^
  File "C:\Users\majd9\OneDrive\Desktop\tizahab_project1\tizahab-web\.venv\Lib\site-packages\django\db\models\query.py", line 95, in __iter__
    results = compiler.execute_sql(
        chunked_fetch=self.chunked_fetch, chunk_size=self.chunk_size
    )
  File "C:\Users\majd9\OneDrive\Desktop\tizahab_project1\tizahab-web\.venv\Lib\site-packages\django\db\models\sql\compiler.py", line 1624, in execute_sql
    cursor.execute(sql, params)
    ~~~~~~~~~~~~~~^^^^^^^^^^^^^
  File "C:\Users\majd9\OneDrive\Desktop\tizahab_project1\tizahab-web\.venv\Lib\site-packages\django\db\backends\utils.py", line 122, in execute
    return super().execute(sql, params)
           ~~~~~~~~~~~~~~~^^^^^^^^^^^^^
  File "C:\Users\majd9\OneDrive\Desktop\tizahab_project1\tizahab-web\.venv\Lib\site-packages\django\db\backends\utils.py", line 79, in execute
    return self._execute_with_wrappers(
           ~~~~~~~~~~~~~~~~~~~~~~~~~~~^
        sql, params, many=False, executor=self._execute
        ^^^^^^^^^^^^^^^^^^^^^^^^^^^^^^^^^^^^^^^^^^^^^^^
    )
    ^
  File "C:\Users\majd9\OneDrive\Desktop\tizahab_project1\tizahab-web\.venv\Lib\site-packages\django\db\backends\utils.py", line 92, in _execute_with_wrappers
    return executor(sql, params, many, context)
  File "C:\Users\majd9\OneDrive\Desktop\tizahab_project1\tizahab-web\.venv\Lib\site-packages\django\db\backends\utils.py", line 100, in _execute
    with self.db.wrap_database_errors:
         ^^^^^^^^^^^^^^^^^^^^^^^^^^^^
  File "C:\Users\majd9\OneDrive\Desktop\tizahab_project1\tizahab-web\.venv\Lib\site-packages\django\db\utils.py", line 94, in __exit__
    raise dj_exc_value.with_traceback(traceback) from exc_value
  File "C:\Users\majd9\OneDrive\Desktop\tizahab_project1\tizahab-web\.venv\Lib\site-packages\django\db\backends\utils.py", line 105, in _execute
    return self.cursor.execute(sql, params)
           ~~~~~~~~~~~~~~~~~~~^^^^^^^^^^^^^
  File "C:\Users\majd9\OneDrive\Desktop\tizahab_project1\tizahab-web\.venv\Lib\site-packages\django\db\backends\sqlite3\base.py", line 359, in execute
    return super().execute(query, params)
           ~~~~~~~~~~~~~~~^^^^^^^^^^^^^^^
django.db.utils.OperationalError: no such column: accounts_userpreferences.trip_duration
ERROR 2026-04-12 16:00:14 log 5828 19528 "GET /api/auth/me/ HTTP/1.1" 500 185084
ERROR 2026-04-12 16:00:15 log 5828 14564 Internal Server Error: /api/auth/me/
Traceback (most recent call last):
  File "C:\Users\majd9\OneDrive\Desktop\tizahab_project1\tizahab-web\.venv\Lib\site-packages\django\db\backends\utils.py", line 105, in _execute
    return self.cursor.execute(sql, params)
           ~~~~~~~~~~~~~~~~~~~^^^^^^^^^^^^^
  File "C:\Users\majd9\OneDrive\Desktop\tizahab_project1\tizahab-web\.venv\Lib\site-packages\django\db\backends\sqlite3\base.py", line 359, in execute
    return super().execute(query, params)
           ~~~~~~~~~~~~~~~^^^^^^^^^^^^^^^
sqlite3.OperationalError: no such column: accounts_userpreferences.trip_duration

The above exception was the direct cause of the following exception:

Traceback (most recent call last):
  File "C:\Users\majd9\OneDrive\Desktop\tizahab_project1\tizahab-web\.venv\Lib\site-packages\django\core\handlers\exception.py", line 55, in inner
    response = get_response(request)
  File "C:\Users\majd9\OneDrive\Desktop\tizahab_project1\tizahab-web\.venv\Lib\site-packages\django\core\handlers\base.py", line 198, in _get_response
    response = wrapped_callback(request, *callback_args, **callback_kwargs)
  File "C:\Users\majd9\OneDrive\Desktop\tizahab_project1\tizahab-web\.venv\Lib\site-packages\django\views\decorators\csrf.py", line 65, in _view_wrapper
    return view_func(request, *args, **kwargs)
  File "C:\Users\majd9\OneDrive\Desktop\tizahab_project1\tizahab-web\.venv\Lib\site-packages\django\views\generic\base.py", line 106, in view
    return self.dispatch(request, *args, **kwargs)
           ~~~~~~~~~~~~~^^^^^^^^^^^^^^^^^^^^^^^^^^
  File "C:\Users\majd9\OneDrive\Desktop\tizahab_project1\tizahab-web\.venv\Lib\site-packages\rest_framework\views.py", line 515, in dispatch
    response = self.handle_exception(exc)
  File "C:\Users\majd9\OneDrive\Desktop\tizahab_project1\tizahab-web\.venv\Lib\site-packages\rest_framework\views.py", line 475, in handle_exception
    self.raise_uncaught_exception(exc)
    ~~~~~~~~~~~~~~~~~~~~~~~~~~~~~^^^^^
  File "C:\Users\majd9\OneDrive\Desktop\tizahab_project1\tizahab-web\.venv\Lib\site-packages\rest_framework\views.py", line 486, in raise_uncaught_exception
    raise exc
  File "C:\Users\majd9\OneDrive\Desktop\tizahab_project1\tizahab-web\.venv\Lib\site-packages\rest_framework\views.py", line 512, in dispatch
    response = handler(request, *args, **kwargs)
  File "C:\Users\majd9\OneDrive\Desktop\tizahab_project1\tizahab-web\accounts\views.py", line 280, in get
    preferences, _ = UserPreferences.objects.get_or_create(user=user)
                     ~~~~~~~~~~~~~~~~~~~~~~~~~~~~~~~~~~~~~^^^^^^^^^^^
  File "C:\Users\majd9\OneDrive\Desktop\tizahab_project1\tizahab-web\.venv\Lib\site-packages\django\db\models\manager.py", line 87, in manager_method
    return getattr(self.get_queryset(), name)(*args, **kwargs)
           ~~~~~~~~~~~~~~~~~~~~~~~~~~~~~~~~~~^^^^^^^^^^^^^^^^^
  File "C:\Users\majd9\OneDrive\Desktop\tizahab_project1\tizahab-web\.venv\Lib\site-packages\django\db\models\query.py", line 987, in get_or_create
    return self.get(**kwargs), False
           ~~~~~~~~^^^^^^^^^^
  File "C:\Users\majd9\OneDrive\Desktop\tizahab_project1\tizahab-web\.venv\Lib\site-packages\django\db\models\query.py", line 635, in get
    num = len(clone)
  File "C:\Users\majd9\OneDrive\Desktop\tizahab_project1\tizahab-web\.venv\Lib\site-packages\django\db\models\query.py", line 372, in __len__
    self._fetch_all()
    ~~~~~~~~~~~~~~~^^
  File "C:\Users\majd9\OneDrive\Desktop\tizahab_project1\tizahab-web\.venv\Lib\site-packages\django\db\models\query.py", line 2000, in _fetch_all
    self._result_cache = list(self._iterable_class(self))
                         ~~~~^^^^^^^^^^^^^^^^^^^^^^^^^^^^
  File "C:\Users\majd9\OneDrive\Desktop\tizahab_project1\tizahab-web\.venv\Lib\site-packages\django\db\models\query.py", line 95, in __iter__
    results = compiler.execute_sql(
        chunked_fetch=self.chunked_fetch, chunk_size=self.chunk_size
    )
  File "C:\Users\majd9\OneDrive\Desktop\tizahab_project1\tizahab-web\.venv\Lib\site-packages\django\db\models\sql\compiler.py", line 1624, in execute_sql
    cursor.execute(sql, params)
    ~~~~~~~~~~~~~~^^^^^^^^^^^^^
  File "C:\Users\majd9\OneDrive\Desktop\tizahab_project1\tizahab-web\.venv\Lib\site-packages\django\db\backends\utils.py", line 122, in execute
    return super().execute(sql, params)
           ~~~~~~~~~~~~~~~^^^^^^^^^^^^^
  File "C:\Users\majd9\OneDrive\Desktop\tizahab_project1\tizahab-web\.venv\Lib\site-packages\django\db\backends\utils.py", line 79, in execute
    return self._execute_with_wrappers(
           ~~~~~~~~~~~~~~~~~~~~~~~~~~~^
        sql, params, many=False, executor=self._execute
        ^^^^^^^^^^^^^^^^^^^^^^^^^^^^^^^^^^^^^^^^^^^^^^^
    )
    ^
  File "C:\Users\majd9\OneDrive\Desktop\tizahab_project1\tizahab-web\.venv\Lib\site-packages\django\db\backends\utils.py", line 92, in _execute_with_wrappers
    return executor(sql, params, many, context)
  File "C:\Users\majd9\OneDrive\Desktop\tizahab_project1\tizahab-web\.venv\Lib\site-packages\django\db\backends\utils.py", line 100, in _execute
    with self.db.wrap_database_errors:
         ^^^^^^^^^^^^^^^^^^^^^^^^^^^^
  File "C:\Users\majd9\OneDrive\Desktop\tizahab_project1\tizahab-web\.venv\Lib\site-packages\django\db\utils.py", line 94, in __exit__
    raise dj_exc_value.with_traceback(traceback) from exc_value
  File "C:\Users\majd9\OneDrive\Desktop\tizahab_project1\tizahab-web\.venv\Lib\site-packages\django\db\backends\utils.py", line 105, in _execute
    return self.cursor.execute(sql, params)
           ~~~~~~~~~~~~~~~~~~~^^^^^^^^^^^^^
  File "C:\Users\majd9\OneDrive\Desktop\tizahab_project1\tizahab-web\.venv\Lib\site-packages\django\db\backends\sqlite3\base.py", line 359, in execute
    return super().execute(query, params)
           ~~~~~~~~~~~~~~~^^^^^^^^^^^^^^^
django.db.utils.OperationalError: no such column: accounts_userpreferences.trip_duration
ERROR 2026-04-12 16:00:15 log 5828 14564 "GET /api/auth/me/ HTTP/1.1" 500 185084
INFO 2026-04-12 16:00:15 log 5828 14564 "GET /api/daily-plan/ HTTP/1.1" 200 17473
INFO 2026-04-12 16:00:24 log 5828 14564 "GET /events/page/ HTTP/1.1" 200 24387
INFO 2026-04-12 16:00:24 log 5828 14564 "GET /static/js/events.js HTTP/1.1" 200 29092
INFO 2026-04-12 16:00:24 log 5828 19528 "GET /api/events/favorites/ HTTP/1.1" 200 2
ERROR 2026-04-12 16:00:24 log 5828 14564 Internal Server Error: /api/auth/me/
Traceback (most recent call last):
  File "C:\Users\majd9\OneDrive\Desktop\tizahab_project1\tizahab-web\.venv\Lib\site-packages\django\db\backends\utils.py", line 105, in _execute
    return self.cursor.execute(sql, params)
           ~~~~~~~~~~~~~~~~~~~^^^^^^^^^^^^^
  File "C:\Users\majd9\OneDrive\Desktop\tizahab_project1\tizahab-web\.venv\Lib\site-packages\django\db\backends\sqlite3\base.py", line 359, in execute
    return super().execute(query, params)
           ~~~~~~~~~~~~~~~^^^^^^^^^^^^^^^
sqlite3.OperationalError: no such column: accounts_userpreferences.trip_duration

The above exception was the direct cause of the following exception:

Traceback (most recent call last):
  File "C:\Users\majd9\OneDrive\Desktop\tizahab_project1\tizahab-web\.venv\Lib\site-packages\django\core\handlers\exception.py", line 55, in inner
    response = get_response(request)
  File "C:\Users\majd9\OneDrive\Desktop\tizahab_project1\tizahab-web\.venv\Lib\site-packages\django\core\handlers\base.py", line 198, in _get_response
    response = wrapped_callback(request, *callback_args, **callback_kwargs)
  File "C:\Users\majd9\OneDrive\Desktop\tizahab_project1\tizahab-web\.venv\Lib\site-packages\django\views\decorators\csrf.py", line 65, in _view_wrapper
    return view_func(request, *args, **kwargs)
  File "C:\Users\majd9\OneDrive\Desktop\tizahab_project1\tizahab-web\.venv\Lib\site-packages\django\views\generic\base.py", line 106, in view
    return self.dispatch(request, *args, **kwargs)
           ~~~~~~~~~~~~~^^^^^^^^^^^^^^^^^^^^^^^^^^
  File "C:\Users\majd9\OneDrive\Desktop\tizahab_project1\tizahab-web\.venv\Lib\site-packages\rest_framework\views.py", line 515, in dispatch
    response = self.handle_exception(exc)
  File "C:\Users\majd9\OneDrive\Desktop\tizahab_project1\tizahab-web\.venv\Lib\site-packages\rest_framework\views.py", line 475, in handle_exception
    self.raise_uncaught_exception(exc)
    ~~~~~~~~~~~~~~~~~~~~~~~~~~~~~^^^^^
  File "C:\Users\majd9\OneDrive\Desktop\tizahab_project1\tizahab-web\.venv\Lib\site-packages\rest_framework\views.py", line 486, in raise_uncaught_exception
    raise exc
  File "C:\Users\majd9\OneDrive\Desktop\tizahab_project1\tizahab-web\.venv\Lib\site-packages\rest_framework\views.py", line 512, in dispatch
    response = handler(request, *args, **kwargs)
  File "C:\Users\majd9\OneDrive\Desktop\tizahab_project1\tizahab-web\accounts\views.py", line 280, in get
    preferences, _ = UserPreferences.objects.get_or_create(user=user)
                     ~~~~~~~~~~~~~~~~~~~~~~~~~~~~~~~~~~~~~^^^^^^^^^^^
  File "C:\Users\majd9\OneDrive\Desktop\tizahab_project1\tizahab-web\.venv\Lib\site-packages\django\db\models\manager.py", line 87, in manager_method
    return getattr(self.get_queryset(), name)(*args, **kwargs)
           ~~~~~~~~~~~~~~~~~~~~~~~~~~~~~~~~~~^^^^^^^^^^^^^^^^^
  File "C:\Users\majd9\OneDrive\Desktop\tizahab_project1\tizahab-web\.venv\Lib\site-packages\django\db\models\query.py", line 987, in get_or_create
    return self.get(**kwargs), False
           ~~~~~~~~^^^^^^^^^^
  File "C:\Users\majd9\OneDrive\Desktop\tizahab_project1\tizahab-web\.venv\Lib\site-packages\django\db\models\query.py", line 635, in get
    num = len(clone)
  File "C:\Users\majd9\OneDrive\Desktop\tizahab_project1\tizahab-web\.venv\Lib\site-packages\django\db\models\query.py", line 372, in __len__
    self._fetch_all()
    ~~~~~~~~~~~~~~~^^
  File "C:\Users\majd9\OneDrive\Desktop\tizahab_project1\tizahab-web\.venv\Lib\site-packages\django\db\models\query.py", line 2000, in _fetch_all
    self._result_cache = list(self._iterable_class(self))
                         ~~~~^^^^^^^^^^^^^^^^^^^^^^^^^^^^
  File "C:\Users\majd9\OneDrive\Desktop\tizahab_project1\tizahab-web\.venv\Lib\site-packages\django\db\models\query.py", line 95, in __iter__
    results = compiler.execute_sql(
        chunked_fetch=self.chunked_fetch, chunk_size=self.chunk_size
    )
  File "C:\Users\majd9\OneDrive\Desktop\tizahab_project1\tizahab-web\.venv\Lib\site-packages\django\db\models\sql\compiler.py", line 1624, in execute_sql
    cursor.execute(sql, params)
    ~~~~~~~~~~~~~~^^^^^^^^^^^^^
  File "C:\Users\majd9\OneDrive\Desktop\tizahab_project1\tizahab-web\.venv\Lib\site-packages\django\db\backends\utils.py", line 122, in execute
    return super().execute(sql, params)
           ~~~~~~~~~~~~~~~^^^^^^^^^^^^^
  File "C:\Users\majd9\OneDrive\Desktop\tizahab_project1\tizahab-web\.venv\Lib\site-packages\django\db\backends\utils.py", line 79, in execute
    return self._execute_with_wrappers(
           ~~~~~~~~~~~~~~~~~~~~~~~~~~~^
        sql, params, many=False, executor=self._execute
        ^^^^^^^^^^^^^^^^^^^^^^^^^^^^^^^^^^^^^^^^^^^^^^^
    )
    ^
  File "C:\Users\majd9\OneDrive\Desktop\tizahab_project1\tizahab-web\.venv\Lib\site-packages\django\db\backends\utils.py", line 92, in _execute_with_wrappers
    return executor(sql, params, many, context)
  File "C:\Users\majd9\OneDrive\Desktop\tizahab_project1\tizahab-web\.venv\Lib\site-packages\django\db\backends\utils.py", line 100, in _execute
    with self.db.wrap_database_errors:
         ^^^^^^^^^^^^^^^^^^^^^^^^^^^^
  File "C:\Users\majd9\OneDrive\Desktop\tizahab_project1\tizahab-web\.venv\Lib\site-packages\django\db\utils.py", line 94, in __exit__
    raise dj_exc_value.with_traceback(traceback) from exc_value
  File "C:\Users\majd9\OneDrive\Desktop\tizahab_project1\tizahab-web\.venv\Lib\site-packages\django\db\backends\utils.py", line 105, in _execute
    return self.cursor.execute(sql, params)
           ~~~~~~~~~~~~~~~~~~~^^^^^^^^^^^^^
  File "C:\Users\majd9\OneDrive\Desktop\tizahab_project1\tizahab-web\.venv\Lib\site-packages\django\db\backends\sqlite3\base.py", line 359, in execute
    return super().execute(query, params)
           ~~~~~~~~~~~~~~~^^^^^^^^^^^^^^^
django.db.utils.OperationalError: no such column: accounts_userpreferences.trip_duration
INFO 2026-04-12 16:00:24 log 5828 19528 "GET /api/events/ HTTP/1.1" 200 20634
ERROR 2026-04-12 16:00:24 log 5828 14564 "GET /api/auth/me/ HTTP/1.1" 500 185085
INFO 2026-04-12 16:00:26 log 5828 14564 "GET /map/ HTTP/1.1" 200 16661
ERROR 2026-04-12 16:00:26 log 5828 14564 Internal Server Error: /api/auth/me/
Traceback (most recent call last):
  File "C:\Users\majd9\OneDrive\Desktop\tizahab_project1\tizahab-web\.venv\Lib\site-packages\django\db\backends\utils.py", line 105, in _execute
    return self.cursor.execute(sql, params)
           ~~~~~~~~~~~~~~~~~~~^^^^^^^^^^^^^
  File "C:\Users\majd9\OneDrive\Desktop\tizahab_project1\tizahab-web\.venv\Lib\site-packages\django\db\backends\sqlite3\base.py", line 359, in execute
    return super().execute(query, params)
           ~~~~~~~~~~~~~~~^^^^^^^^^^^^^^^
sqlite3.OperationalError: no such column: accounts_userpreferences.trip_duration

The above exception was the direct cause of the following exception:

Traceback (most recent call last):
  File "C:\Users\majd9\OneDrive\Desktop\tizahab_project1\tizahab-web\.venv\Lib\site-packages\django\core\handlers\exception.py", line 55, in inner
    response = get_response(request)
  File "C:\Users\majd9\OneDrive\Desktop\tizahab_project1\tizahab-web\.venv\Lib\site-packages\django\core\handlers\base.py", line 198, in _get_response
    response = wrapped_callback(request, *callback_args, **callback_kwargs)
  File "C:\Users\majd9\OneDrive\Desktop\tizahab_project1\tizahab-web\.venv\Lib\site-packages\django\views\decorators\csrf.py", line 65, in _view_wrapper
    return view_func(request, *args, **kwargs)
  File "C:\Users\majd9\OneDrive\Desktop\tizahab_project1\tizahab-web\.venv\Lib\site-packages\django\views\generic\base.py", line 106, in view
    return self.dispatch(request, *args, **kwargs)
           ~~~~~~~~~~~~~^^^^^^^^^^^^^^^^^^^^^^^^^^
  File "C:\Users\majd9\OneDrive\Desktop\tizahab_project1\tizahab-web\.venv\Lib\site-packages\rest_framework\views.py", line 515, in dispatch
    response = self.handle_exception(exc)
  File "C:\Users\majd9\OneDrive\Desktop\tizahab_project1\tizahab-web\.venv\Lib\site-packages\rest_framework\views.py", line 475, in handle_exception
    self.raise_uncaught_exception(exc)
    ~~~~~~~~~~~~~~~~~~~~~~~~~~~~~^^^^^
  File "C:\Users\majd9\OneDrive\Desktop\tizahab_project1\tizahab-web\.venv\Lib\site-packages\rest_framework\views.py", line 486, in raise_uncaught_exception
    raise exc
  File "C:\Users\majd9\OneDrive\Desktop\tizahab_project1\tizahab-web\.venv\Lib\site-packages\rest_framework\views.py", line 512, in dispatch
    response = handler(request, *args, **kwargs)
  File "C:\Users\majd9\OneDrive\Desktop\tizahab_project1\tizahab-web\accounts\views.py", line 280, in get
    preferences, _ = UserPreferences.objects.get_or_create(user=user)
                     ~~~~~~~~~~~~~~~~~~~~~~~~~~~~~~~~~~~~~^^^^^^^^^^^
  File "C:\Users\majd9\OneDrive\Desktop\tizahab_project1\tizahab-web\.venv\Lib\site-packages\django\db\models\manager.py", line 87, in manager_method
    return getattr(self.get_queryset(), name)(*args, **kwargs)
           ~~~~~~~~~~~~~~~~~~~~~~~~~~~~~~~~~~^^^^^^^^^^^^^^^^^
  File "C:\Users\majd9\OneDrive\Desktop\tizahab_project1\tizahab-web\.venv\Lib\site-packages\django\db\models\query.py", line 987, in get_or_create
    return self.get(**kwargs), False
           ~~~~~~~~^^^^^^^^^^
  File "C:\Users\majd9\OneDrive\Desktop\tizahab_project1\tizahab-web\.venv\Lib\site-packages\django\db\models\query.py", line 635, in get
    num = len(clone)
  File "C:\Users\majd9\OneDrive\Desktop\tizahab_project1\tizahab-web\.venv\Lib\site-packages\django\db\models\query.py", line 372, in __len__
    self._fetch_all()
    ~~~~~~~~~~~~~~~^^
  File "C:\Users\majd9\OneDrive\Desktop\tizahab_project1\tizahab-web\.venv\Lib\site-packages\django\db\models\query.py", line 2000, in _fetch_all
    self._result_cache = list(self._iterable_class(self))
                         ~~~~^^^^^^^^^^^^^^^^^^^^^^^^^^^^
  File "C:\Users\majd9\OneDrive\Desktop\tizahab_project1\tizahab-web\.venv\Lib\site-packages\django\db\models\query.py", line 95, in __iter__
    results = compiler.execute_sql(
        chunked_fetch=self.chunked_fetch, chunk_size=self.chunk_size
    )
  File "C:\Users\majd9\OneDrive\Desktop\tizahab_project1\tizahab-web\.venv\Lib\site-packages\django\db\models\sql\compiler.py", line 1624, in execute_sql
    cursor.execute(sql, params)
    ~~~~~~~~~~~~~~^^^^^^^^^^^^^
  File "C:\Users\majd9\OneDrive\Desktop\tizahab_project1\tizahab-web\.venv\Lib\site-packages\django\db\backends\utils.py", line 122, in execute
    return super().execute(sql, params)
           ~~~~~~~~~~~~~~~^^^^^^^^^^^^^
  File "C:\Users\majd9\OneDrive\Desktop\tizahab_project1\tizahab-web\.venv\Lib\site-packages\django\db\backends\utils.py", line 79, in execute
    return self._execute_with_wrappers(
           ~~~~~~~~~~~~~~~~~~~~~~~~~~~^
        sql, params, many=False, executor=self._execute
        ^^^^^^^^^^^^^^^^^^^^^^^^^^^^^^^^^^^^^^^^^^^^^^^
    )
    ^
  File "C:\Users\majd9\OneDrive\Desktop\tizahab_project1\tizahab-web\.venv\Lib\site-packages\django\db\backends\utils.py", line 92, in _execute_with_wrappers
    return executor(sql, params, many, context)
  File "C:\Users\majd9\OneDrive\Desktop\tizahab_project1\tizahab-web\.venv\Lib\site-packages\django\db\backends\utils.py", line 100, in _execute
    with self.db.wrap_database_errors:
         ^^^^^^^^^^^^^^^^^^^^^^^^^^^^
  File "C:\Users\majd9\OneDrive\Desktop\tizahab_project1\tizahab-web\.venv\Lib\site-packages\django\db\utils.py", line 94, in __exit__
    raise dj_exc_value.with_traceback(traceback) from exc_value
  File "C:\Users\majd9\OneDrive\Desktop\tizahab_project1\tizahab-web\.venv\Lib\site-packages\django\db\backends\utils.py", line 105, in _execute
    return self.cursor.execute(sql, params)
           ~~~~~~~~~~~~~~~~~~~^^^^^^^^^^^^^
  File "C:\Users\majd9\OneDrive\Desktop\tizahab_project1\tizahab-web\.venv\Lib\site-packages\django\db\backends\sqlite3\base.py", line 359, in execute
    return super().execute(query, params)
           ~~~~~~~~~~~~~~~^^^^^^^^^^^^^^^
django.db.utils.OperationalError: no such column: accounts_userpreferences.trip_duration
ERROR 2026-04-12 16:00:26 log 5828 14564 "GET /api/auth/me/ HTTP/1.1" 500 185077
INFO 2026-04-12 16:00:35 log 5828 14564 "GET /events/page/ HTTP/1.1" 200 24387
INFO 2026-04-12 16:00:35 log 5828 19528 "GET /api/events/favorites/ HTTP/1.1" 200 2
ERROR 2026-04-12 16:00:35 log 5828 14564 Internal Server Error: /api/auth/me/
Traceback (most recent call last):
  File "C:\Users\majd9\OneDrive\Desktop\tizahab_project1\tizahab-web\.venv\Lib\site-packages\django\db\backends\utils.py", line 105, in _execute
    return self.cursor.execute(sql, params)
           ~~~~~~~~~~~~~~~~~~~^^^^^^^^^^^^^
  File "C:\Users\majd9\OneDrive\Desktop\tizahab_project1\tizahab-web\.venv\Lib\site-packages\django\db\backends\sqlite3\base.py", line 359, in execute
    return super().execute(query, params)
           ~~~~~~~~~~~~~~~^^^^^^^^^^^^^^^
sqlite3.OperationalError: no such column: accounts_userpreferences.trip_duration

The above exception was the direct cause of the following exception:

Traceback (most recent call last):
  File "C:\Users\majd9\OneDrive\Desktop\tizahab_project1\tizahab-web\.venv\Lib\site-packages\django\core\handlers\exception.py", line 55, in inner
    response = get_response(request)
  File "C:\Users\majd9\OneDrive\Desktop\tizahab_project1\tizahab-web\.venv\Lib\site-packages\django\core\handlers\base.py", line 198, in _get_response
    response = wrapped_callback(request, *callback_args, **callback_kwargs)
  File "C:\Users\majd9\OneDrive\Desktop\tizahab_project1\tizahab-web\.venv\Lib\site-packages\django\views\decorators\csrf.py", line 65, in _view_wrapper
    return view_func(request, *args, **kwargs)
  File "C:\Users\majd9\OneDrive\Desktop\tizahab_project1\tizahab-web\.venv\Lib\site-packages\django\views\generic\base.py", line 106, in view
    return self.dispatch(request, *args, **kwargs)
           ~~~~~~~~~~~~~^^^^^^^^^^^^^^^^^^^^^^^^^^
  File "C:\Users\majd9\OneDrive\Desktop\tizahab_project1\tizahab-web\.venv\Lib\site-packages\rest_framework\views.py", line 515, in dispatch
    response = self.handle_exception(exc)
  File "C:\Users\majd9\OneDrive\Desktop\tizahab_project1\tizahab-web\.venv\Lib\site-packages\rest_framework\views.py", line 475, in handle_exception
    self.raise_uncaught_exception(exc)
    ~~~~~~~~~~~~~~~~~~~~~~~~~~~~~^^^^^
  File "C:\Users\majd9\OneDrive\Desktop\tizahab_project1\tizahab-web\.venv\Lib\site-packages\rest_framework\views.py", line 486, in raise_uncaught_exception
    raise exc
  File "C:\Users\majd9\OneDrive\Desktop\tizahab_project1\tizahab-web\.venv\Lib\site-packages\rest_framework\views.py", line 512, in dispatch
    response = handler(request, *args, **kwargs)
  File "C:\Users\majd9\OneDrive\Desktop\tizahab_project1\tizahab-web\accounts\views.py", line 280, in get
    preferences, _ = UserPreferences.objects.get_or_create(user=user)
                     ~~~~~~~~~~~~~~~~~~~~~~~~~~~~~~~~~~~~~^^^^^^^^^^^
  File "C:\Users\majd9\OneDrive\Desktop\tizahab_project1\tizahab-web\.venv\Lib\site-packages\django\db\models\manager.py", line 87, in manager_method
    return getattr(self.get_queryset(), name)(*args, **kwargs)
           ~~~~~~~~~~~~~~~~~~~~~~~~~~~~~~~~~~^^^^^^^^^^^^^^^^^
  File "C:\Users\majd9\OneDrive\Desktop\tizahab_project1\tizahab-web\.venv\Lib\site-packages\django\db\models\query.py", line 987, in get_or_create
    return self.get(**kwargs), False
           ~~~~~~~~^^^^^^^^^^
  File "C:\Users\majd9\OneDrive\Desktop\tizahab_project1\tizahab-web\.venv\Lib\site-packages\django\db\models\query.py", line 635, in get
    num = len(clone)
  File "C:\Users\majd9\OneDrive\Desktop\tizahab_project1\tizahab-web\.venv\Lib\site-packages\django\db\models\query.py", line 372, in __len__
    self._fetch_all()
    ~~~~~~~~~~~~~~~^^
  File "C:\Users\majd9\OneDrive\Desktop\tizahab_project1\tizahab-web\.venv\Lib\site-packages\django\db\models\query.py", line 2000, in _fetch_all
    self._result_cache = list(self._iterable_class(self))
                         ~~~~^^^^^^^^^^^^^^^^^^^^^^^^^^^^
  File "C:\Users\majd9\OneDrive\Desktop\tizahab_project1\tizahab-web\.venv\Lib\site-packages\django\db\models\query.py", line 95, in __iter__
    results = compiler.execute_sql(
        chunked_fetch=self.chunked_fetch, chunk_size=self.chunk_size
    )
  File "C:\Users\majd9\OneDrive\Desktop\tizahab_project1\tizahab-web\.venv\Lib\site-packages\django\db\models\sql\compiler.py", line 1624, in execute_sql
    cursor.execute(sql, params)
    ~~~~~~~~~~~~~~^^^^^^^^^^^^^
  File "C:\Users\majd9\OneDrive\Desktop\tizahab_project1\tizahab-web\.venv\Lib\site-packages\django\db\backends\utils.py", line 122, in execute
    return super().execute(sql, params)
           ~~~~~~~~~~~~~~~^^^^^^^^^^^^^
  File "C:\Users\majd9\OneDrive\Desktop\tizahab_project1\tizahab-web\.venv\Lib\site-packages\django\db\backends\utils.py", line 79, in execute
    return self._execute_with_wrappers(
           ~~~~~~~~~~~~~~~~~~~~~~~~~~~^
        sql, params, many=False, executor=self._execute
        ^^^^^^^^^^^^^^^^^^^^^^^^^^^^^^^^^^^^^^^^^^^^^^^
    )
    ^
  File "C:\Users\majd9\OneDrive\Desktop\tizahab_project1\tizahab-web\.venv\Lib\site-packages\django\db\backends\utils.py", line 92, in _execute_with_wrappers
    return executor(sql, params, many, context)
  File "C:\Users\majd9\OneDrive\Desktop\tizahab_project1\tizahab-web\.venv\Lib\site-packages\django\db\backends\utils.py", line 100, in _execute
    with self.db.wrap_database_errors:
         ^^^^^^^^^^^^^^^^^^^^^^^^^^^^
  File "C:\Users\majd9\OneDrive\Desktop\tizahab_project1\tizahab-web\.venv\Lib\site-packages\django\db\utils.py", line 94, in __exit__
    raise dj_exc_value.with_traceback(traceback) from exc_value
  File "C:\Users\majd9\OneDrive\Desktop\tizahab_project1\tizahab-web\.venv\Lib\site-packages\django\db\backends\utils.py", line 105, in _execute
    return self.cursor.execute(sql, params)
           ~~~~~~~~~~~~~~~~~~~^^^^^^^^^^^^^
  File "C:\Users\majd9\OneDrive\Desktop\tizahab_project1\tizahab-web\.venv\Lib\site-packages\django\db\backends\sqlite3\base.py", line 359, in execute
    return super().execute(query, params)
           ~~~~~~~~~~~~~~~^^^^^^^^^^^^^^^
django.db.utils.OperationalError: no such column: accounts_userpreferences.trip_duration
INFO 2026-04-12 16:00:35 log 5828 19528 "GET /api/events/ HTTP/1.1" 200 20634
ERROR 2026-04-12 16:00:35 log 5828 14564 "GET /api/auth/me/ HTTP/1.1" 500 185085
INFO 2026-04-12 16:00:38 log 5828 14564 "GET /map/ HTTP/1.1" 200 16661
ERROR 2026-04-12 16:00:39 log 5828 14564 Internal Server Error: /api/auth/me/
Traceback (most recent call last):
  File "C:\Users\majd9\OneDrive\Desktop\tizahab_project1\tizahab-web\.venv\Lib\site-packages\django\db\backends\utils.py", line 105, in _execute
    return self.cursor.execute(sql, params)
           ~~~~~~~~~~~~~~~~~~~^^^^^^^^^^^^^
  File "C:\Users\majd9\OneDrive\Desktop\tizahab_project1\tizahab-web\.venv\Lib\site-packages\django\db\backends\sqlite3\base.py", line 359, in execute
    return super().execute(query, params)
           ~~~~~~~~~~~~~~~^^^^^^^^^^^^^^^
sqlite3.OperationalError: no such column: accounts_userpreferences.trip_duration

The above exception was the direct cause of the following exception:

Traceback (most recent call last):
  File "C:\Users\majd9\OneDrive\Desktop\tizahab_project1\tizahab-web\.venv\Lib\site-packages\django\core\handlers\exception.py", line 55, in inner
    response = get_response(request)
  File "C:\Users\majd9\OneDrive\Desktop\tizahab_project1\tizahab-web\.venv\Lib\site-packages\django\core\handlers\base.py", line 198, in _get_response
    response = wrapped_callback(request, *callback_args, **callback_kwargs)
  File "C:\Users\majd9\OneDrive\Desktop\tizahab_project1\tizahab-web\.venv\Lib\site-packages\django\views\decorators\csrf.py", line 65, in _view_wrapper
    return view_func(request, *args, **kwargs)
  File "C:\Users\majd9\OneDrive\Desktop\tizahab_project1\tizahab-web\.venv\Lib\site-packages\django\views\generic\base.py", line 106, in view
    return self.dispatch(request, *args, **kwargs)
           ~~~~~~~~~~~~~^^^^^^^^^^^^^^^^^^^^^^^^^^
  File "C:\Users\majd9\OneDrive\Desktop\tizahab_project1\tizahab-web\.venv\Lib\site-packages\rest_framework\views.py", line 515, in dispatch
    response = self.handle_exception(exc)
  File "C:\Users\majd9\OneDrive\Desktop\tizahab_project1\tizahab-web\.venv\Lib\site-packages\rest_framework\views.py", line 475, in handle_exception
    self.raise_uncaught_exception(exc)
    ~~~~~~~~~~~~~~~~~~~~~~~~~~~~~^^^^^
  File "C:\Users\majd9\OneDrive\Desktop\tizahab_project1\tizahab-web\.venv\Lib\site-packages\rest_framework\views.py", line 486, in raise_uncaught_exception
    raise exc
  File "C:\Users\majd9\OneDrive\Desktop\tizahab_project1\tizahab-web\.venv\Lib\site-packages\rest_framework\views.py", line 512, in dispatch
    response = handler(request, *args, **kwargs)
  File "C:\Users\majd9\OneDrive\Desktop\tizahab_project1\tizahab-web\accounts\views.py", line 280, in get
    preferences, _ = UserPreferences.objects.get_or_create(user=user)
                     ~~~~~~~~~~~~~~~~~~~~~~~~~~~~~~~~~~~~~^^^^^^^^^^^
  File "C:\Users\majd9\OneDrive\Desktop\tizahab_project1\tizahab-web\.venv\Lib\site-packages\django\db\models\manager.py", line 87, in manager_method
    return getattr(self.get_queryset(), name)(*args, **kwargs)
           ~~~~~~~~~~~~~~~~~~~~~~~~~~~~~~~~~~^^^^^^^^^^^^^^^^^
  File "C:\Users\majd9\OneDrive\Desktop\tizahab_project1\tizahab-web\.venv\Lib\site-packages\django\db\models\query.py", line 987, in get_or_create
    return self.get(**kwargs), False
           ~~~~~~~~^^^^^^^^^^
  File "C:\Users\majd9\OneDrive\Desktop\tizahab_project1\tizahab-web\.venv\Lib\site-packages\django\db\models\query.py", line 635, in get
    num = len(clone)
  File "C:\Users\majd9\OneDrive\Desktop\tizahab_project1\tizahab-web\.venv\Lib\site-packages\django\db\models\query.py", line 372, in __len__
    self._fetch_all()
    ~~~~~~~~~~~~~~~^^
  File "C:\Users\majd9\OneDrive\Desktop\tizahab_project1\tizahab-web\.venv\Lib\site-packages\django\db\models\query.py", line 2000, in _fetch_all
    self._result_cache = list(self._iterable_class(self))
                         ~~~~^^^^^^^^^^^^^^^^^^^^^^^^^^^^
  File "C:\Users\majd9\OneDrive\Desktop\tizahab_project1\tizahab-web\.venv\Lib\site-packages\django\db\models\query.py", line 95, in __iter__
    results = compiler.execute_sql(
        chunked_fetch=self.chunked_fetch, chunk_size=self.chunk_size
    )
  File "C:\Users\majd9\OneDrive\Desktop\tizahab_project1\tizahab-web\.venv\Lib\site-packages\django\db\models\sql\compiler.py", line 1624, in execute_sql
    cursor.execute(sql, params)
    ~~~~~~~~~~~~~~^^^^^^^^^^^^^
  File "C:\Users\majd9\OneDrive\Desktop\tizahab_project1\tizahab-web\.venv\Lib\site-packages\django\db\backends\utils.py", line 122, in execute
    return super().execute(sql, params)
           ~~~~~~~~~~~~~~~^^^^^^^^^^^^^
  File "C:\Users\majd9\OneDrive\Desktop\tizahab_project1\tizahab-web\.venv\Lib\site-packages\django\db\backends\utils.py", line 79, in execute
    return self._execute_with_wrappers(
           ~~~~~~~~~~~~~~~~~~~~~~~~~~~^
        sql, params, many=False, executor=self._execute
        ^^^^^^^^^^^^^^^^^^^^^^^^^^^^^^^^^^^^^^^^^^^^^^^
    )
    ^
  File "C:\Users\majd9\OneDrive\Desktop\tizahab_project1\tizahab-web\.venv\Lib\site-packages\django\db\backends\utils.py", line 92, in _execute_with_wrappers
    return executor(sql, params, many, context)
  File "C:\Users\majd9\OneDrive\Desktop\tizahab_project1\tizahab-web\.venv\Lib\site-packages\django\db\backends\utils.py", line 100, in _execute
    with self.db.wrap_database_errors:
         ^^^^^^^^^^^^^^^^^^^^^^^^^^^^
  File "C:\Users\majd9\OneDrive\Desktop\tizahab_project1\tizahab-web\.venv\Lib\site-packages\django\db\utils.py", line 94, in __exit__
    raise dj_exc_value.with_traceback(traceback) from exc_value
  File "C:\Users\majd9\OneDrive\Desktop\tizahab_project1\tizahab-web\.venv\Lib\site-packages\django\db\backends\utils.py", line 105, in _execute
    return self.cursor.execute(sql, params)
           ~~~~~~~~~~~~~~~~~~~^^^^^^^^^^^^^
  File "C:\Users\majd9\OneDrive\Desktop\tizahab_project1\tizahab-web\.venv\Lib\site-packages\django\db\backends\sqlite3\base.py", line 359, in execute
    return super().execute(query, params)
           ~~~~~~~~~~~~~~~^^^^^^^^^^^^^^^
django.db.utils.OperationalError: no such column: accounts_userpreferences.trip_duration
ERROR 2026-04-12 16:00:39 log 5828 14564 "GET /api/auth/me/ HTTP/1.1" 500 185077
INFO 2026-04-12 16:00:40 log 5828 14564 "GET /daily-plan/ HTTP/1.1" 200 22047
INFO 2026-04-12 16:00:40 log 5828 15708 "GET /api/events/ HTTP/1.1" 200 20634
INFO 2026-04-12 16:00:40 log 5828 15284 "GET /api/events/?category=outdoor HTTP/1.1" 200 10793
INFO 2026-04-12 16:00:40 log 5828 19528 "GET /api/events/?category=food HTTP/1.1" 200 15232
ERROR 2026-04-12 16:00:40 log 5828 14564 Internal Server Error: /api/auth/me/
Traceback (most recent call last):
  File "C:\Users\majd9\OneDrive\Desktop\tizahab_project1\tizahab-web\.venv\Lib\site-packages\django\db\backends\utils.py", line 105, in _execute
    return self.cursor.execute(sql, params)
           ~~~~~~~~~~~~~~~~~~~^^^^^^^^^^^^^
  File "C:\Users\majd9\OneDrive\Desktop\tizahab_project1\tizahab-web\.venv\Lib\site-packages\django\db\backends\sqlite3\base.py", line 359, in execute
    return super().execute(query, params)
           ~~~~~~~~~~~~~~~^^^^^^^^^^^^^^^
sqlite3.OperationalError: no such column: accounts_userpreferences.trip_duration

The above exception was the direct cause of the following exception:

Traceback (most recent call last):
  File "C:\Users\majd9\OneDrive\Desktop\tizahab_project1\tizahab-web\.venv\Lib\site-packages\django\core\handlers\exception.py", line 55, in inner
    response = get_response(request)
  File "C:\Users\majd9\OneDrive\Desktop\tizahab_project1\tizahab-web\.venv\Lib\site-packages\django\core\handlers\base.py", line 198, in _get_response
    response = wrapped_callback(request, *callback_args, **callback_kwargs)
  File "C:\Users\majd9\OneDrive\Desktop\tizahab_project1\tizahab-web\.venv\Lib\site-packages\django\views\decorators\csrf.py", line 65, in _view_wrapper
    return view_func(request, *args, **kwargs)
  File "C:\Users\majd9\OneDrive\Desktop\tizahab_project1\tizahab-web\.venv\Lib\site-packages\django\views\generic\base.py", line 106, in view
    return self.dispatch(request, *args, **kwargs)
           ~~~~~~~~~~~~~^^^^^^^^^^^^^^^^^^^^^^^^^^
  File "C:\Users\majd9\OneDrive\Desktop\tizahab_project1\tizahab-web\.venv\Lib\site-packages\rest_framework\views.py", line 515, in dispatch
    response = self.handle_exception(exc)
  File "C:\Users\majd9\OneDrive\Desktop\tizahab_project1\tizahab-web\.venv\Lib\site-packages\rest_framework\views.py", line 475, in handle_exception
    self.raise_uncaught_exception(exc)
    ~~~~~~~~~~~~~~~~~~~~~~~~~~~~~^^^^^
  File "C:\Users\majd9\OneDrive\Desktop\tizahab_project1\tizahab-web\.venv\Lib\site-packages\rest_framework\views.py", line 486, in raise_uncaught_exception
    raise exc
  File "C:\Users\majd9\OneDrive\Desktop\tizahab_project1\tizahab-web\.venv\Lib\site-packages\rest_framework\views.py", line 512, in dispatch
    response = handler(request, *args, **kwargs)
  File "C:\Users\majd9\OneDrive\Desktop\tizahab_project1\tizahab-web\accounts\views.py", line 280, in get
    preferences, _ = UserPreferences.objects.get_or_create(user=user)
                     ~~~~~~~~~~~~~~~~~~~~~~~~~~~~~~~~~~~~~^^^^^^^^^^^
  File "C:\Users\majd9\OneDrive\Desktop\tizahab_project1\tizahab-web\.venv\Lib\site-packages\django\db\models\manager.py", line 87, in manager_method
    return getattr(self.get_queryset(), name)(*args, **kwargs)
           ~~~~~~~~~~~~~~~~~~~~~~~~~~~~~~~~~~^^^^^^^^^^^^^^^^^
  File "C:\Users\majd9\OneDrive\Desktop\tizahab_project1\tizahab-web\.venv\Lib\site-packages\django\db\models\query.py", line 987, in get_or_create
    return self.get(**kwargs), False
           ~~~~~~~~^^^^^^^^^^
  File "C:\Users\majd9\OneDrive\Desktop\tizahab_project1\tizahab-web\.venv\Lib\site-packages\django\db\models\query.py", line 635, in get
    num = len(clone)
  File "C:\Users\majd9\OneDrive\Desktop\tizahab_project1\tizahab-web\.venv\Lib\site-packages\django\db\models\query.py", line 372, in __len__
    self._fetch_all()
    ~~~~~~~~~~~~~~~^^
  File "C:\Users\majd9\OneDrive\Desktop\tizahab_project1\tizahab-web\.venv\Lib\site-packages\django\db\models\query.py", line 2000, in _fetch_all
    self._result_cache = list(self._iterable_class(self))
                         ~~~~^^^^^^^^^^^^^^^^^^^^^^^^^^^^
  File "C:\Users\majd9\OneDrive\Desktop\tizahab_project1\tizahab-web\.venv\Lib\site-packages\django\db\models\query.py", line 95, in __iter__
    results = compiler.execute_sql(
        chunked_fetch=self.chunked_fetch, chunk_size=self.chunk_size
    )
  File "C:\Users\majd9\OneDrive\Desktop\tizahab_project1\tizahab-web\.venv\Lib\site-packages\django\db\models\sql\compiler.py", line 1624, in execute_sql
    cursor.execute(sql, params)
    ~~~~~~~~~~~~~~^^^^^^^^^^^^^
  File "C:\Users\majd9\OneDrive\Desktop\tizahab_project1\tizahab-web\.venv\Lib\site-packages\django\db\backends\utils.py", line 122, in execute
    return super().execute(sql, params)
           ~~~~~~~~~~~~~~~^^^^^^^^^^^^^
  File "C:\Users\majd9\OneDrive\Desktop\tizahab_project1\tizahab-web\.venv\Lib\site-packages\django\db\backends\utils.py", line 79, in execute
    return self._execute_with_wrappers(
           ~~~~~~~~~~~~~~~~~~~~~~~~~~~^
        sql, params, many=False, executor=self._execute
        ^^^^^^^^^^^^^^^^^^^^^^^^^^^^^^^^^^^^^^^^^^^^^^^
    )
    ^
  File "C:\Users\majd9\OneDrive\Desktop\tizahab_project1\tizahab-web\.venv\Lib\site-packages\django\db\backends\utils.py", line 92, in _execute_with_wrappers
    return executor(sql, params, many, context)
  File "C:\Users\majd9\OneDrive\Desktop\tizahab_project1\tizahab-web\.venv\Lib\site-packages\django\db\backends\utils.py", line 100, in _execute
    with self.db.wrap_database_errors:
         ^^^^^^^^^^^^^^^^^^^^^^^^^^^^
  File "C:\Users\majd9\OneDrive\Desktop\tizahab_project1\tizahab-web\.venv\Lib\site-packages\django\db\utils.py", line 94, in __exit__
    raise dj_exc_value.with_traceback(traceback) from exc_value
  File "C:\Users\majd9\OneDrive\Desktop\tizahab_project1\tizahab-web\.venv\Lib\site-packages\django\db\backends\utils.py", line 105, in _execute
    return self.cursor.execute(sql, params)
           ~~~~~~~~~~~~~~~~~~~^^^^^^^^^^^^^
  File "C:\Users\majd9\OneDrive\Desktop\tizahab_project1\tizahab-web\.venv\Lib\site-packages\django\db\backends\sqlite3\base.py", line 359, in execute
    return super().execute(query, params)
           ~~~~~~~~~~~~~~~^^^^^^^^^^^^^^^
django.db.utils.OperationalError: no such column: accounts_userpreferences.trip_duration
ERROR 2026-04-12 16:00:40 log 5828 14564 "GET /api/auth/me/ HTTP/1.1" 500 185084
ERROR 2026-04-12 16:00:40 log 5828 19528 Internal Server Error: /api/auth/me/
Traceback (most recent call last):
  File "C:\Users\majd9\OneDrive\Desktop\tizahab_project1\tizahab-web\.venv\Lib\site-packages\django\db\backends\utils.py", line 105, in _execute
    return self.cursor.execute(sql, params)
           ~~~~~~~~~~~~~~~~~~~^^^^^^^^^^^^^
  File "C:\Users\majd9\OneDrive\Desktop\tizahab_project1\tizahab-web\.venv\Lib\site-packages\django\db\backends\sqlite3\base.py", line 359, in execute
    return super().execute(query, params)
           ~~~~~~~~~~~~~~~^^^^^^^^^^^^^^^
sqlite3.OperationalError: no such column: accounts_userpreferences.trip_duration

The above exception was the direct cause of the following exception:

Traceback (most recent call last):
  File "C:\Users\majd9\OneDrive\Desktop\tizahab_project1\tizahab-web\.venv\Lib\site-packages\django\core\handlers\exception.py", line 55, in inner
    response = get_response(request)
  File "C:\Users\majd9\OneDrive\Desktop\tizahab_project1\tizahab-web\.venv\Lib\site-packages\django\core\handlers\base.py", line 198, in _get_response
    response = wrapped_callback(request, *callback_args, **callback_kwargs)
  File "C:\Users\majd9\OneDrive\Desktop\tizahab_project1\tizahab-web\.venv\Lib\site-packages\django\views\decorators\csrf.py", line 65, in _view_wrapper
    return view_func(request, *args, **kwargs)
  File "C:\Users\majd9\OneDrive\Desktop\tizahab_project1\tizahab-web\.venv\Lib\site-packages\django\views\generic\base.py", line 106, in view
    return self.dispatch(request, *args, **kwargs)
           ~~~~~~~~~~~~~^^^^^^^^^^^^^^^^^^^^^^^^^^
  File "C:\Users\majd9\OneDrive\Desktop\tizahab_project1\tizahab-web\.venv\Lib\site-packages\rest_framework\views.py", line 515, in dispatch
    response = self.handle_exception(exc)
  File "C:\Users\majd9\OneDrive\Desktop\tizahab_project1\tizahab-web\.venv\Lib\site-packages\rest_framework\views.py", line 475, in handle_exception
    self.raise_uncaught_exception(exc)
    ~~~~~~~~~~~~~~~~~~~~~~~~~~~~~^^^^^
  File "C:\Users\majd9\OneDrive\Desktop\tizahab_project1\tizahab-web\.venv\Lib\site-packages\rest_framework\views.py", line 486, in raise_uncaught_exception
    raise exc
  File "C:\Users\majd9\OneDrive\Desktop\tizahab_project1\tizahab-web\.venv\Lib\site-packages\rest_framework\views.py", line 512, in dispatch
    response = handler(request, *args, **kwargs)
  File "C:\Users\majd9\OneDrive\Desktop\tizahab_project1\tizahab-web\accounts\views.py", line 280, in get
    preferences, _ = UserPreferences.objects.get_or_create(user=user)
                     ~~~~~~~~~~~~~~~~~~~~~~~~~~~~~~~~~~~~~^^^^^^^^^^^
  File "C:\Users\majd9\OneDrive\Desktop\tizahab_project1\tizahab-web\.venv\Lib\site-packages\django\db\models\manager.py", line 87, in manager_method
    return getattr(self.get_queryset(), name)(*args, **kwargs)
           ~~~~~~~~~~~~~~~~~~~~~~~~~~~~~~~~~~^^^^^^^^^^^^^^^^^
  File "C:\Users\majd9\OneDrive\Desktop\tizahab_project1\tizahab-web\.venv\Lib\site-packages\django\db\models\query.py", line 987, in get_or_create
    return self.get(**kwargs), False
           ~~~~~~~~^^^^^^^^^^
  File "C:\Users\majd9\OneDrive\Desktop\tizahab_project1\tizahab-web\.venv\Lib\site-packages\django\db\models\query.py", line 635, in get
    num = len(clone)
  File "C:\Users\majd9\OneDrive\Desktop\tizahab_project1\tizahab-web\.venv\Lib\site-packages\django\db\models\query.py", line 372, in __len__
    self._fetch_all()
    ~~~~~~~~~~~~~~~^^
  File "C:\Users\majd9\OneDrive\Desktop\tizahab_project1\tizahab-web\.venv\Lib\site-packages\django\db\models\query.py", line 2000, in _fetch_all
    self._result_cache = list(self._iterable_class(self))
                         ~~~~^^^^^^^^^^^^^^^^^^^^^^^^^^^^
  File "C:\Users\majd9\OneDrive\Desktop\tizahab_project1\tizahab-web\.venv\Lib\site-packages\django\db\models\query.py", line 95, in __iter__
    results = compiler.execute_sql(
        chunked_fetch=self.chunked_fetch, chunk_size=self.chunk_size
    )
  File "C:\Users\majd9\OneDrive\Desktop\tizahab_project1\tizahab-web\.venv\Lib\site-packages\django\db\models\sql\compiler.py", line 1624, in execute_sql
    cursor.execute(sql, params)
    ~~~~~~~~~~~~~~^^^^^^^^^^^^^
  File "C:\Users\majd9\OneDrive\Desktop\tizahab_project1\tizahab-web\.venv\Lib\site-packages\django\db\backends\utils.py", line 122, in execute
    return super().execute(sql, params)
           ~~~~~~~~~~~~~~~^^^^^^^^^^^^^
  File "C:\Users\majd9\OneDrive\Desktop\tizahab_project1\tizahab-web\.venv\Lib\site-packages\django\db\backends\utils.py", line 79, in execute
    return self._execute_with_wrappers(
           ~~~~~~~~~~~~~~~~~~~~~~~~~~~^
        sql, params, many=False, executor=self._execute
        ^^^^^^^^^^^^^^^^^^^^^^^^^^^^^^^^^^^^^^^^^^^^^^^
    )
    ^
  File "C:\Users\majd9\OneDrive\Desktop\tizahab_project1\tizahab-web\.venv\Lib\site-packages\django\db\backends\utils.py", line 92, in _execute_with_wrappers
    return executor(sql, params, many, context)
  File "C:\Users\majd9\OneDrive\Desktop\tizahab_project1\tizahab-web\.venv\Lib\site-packages\django\db\backends\utils.py", line 100, in _execute
    with self.db.wrap_database_errors:
         ^^^^^^^^^^^^^^^^^^^^^^^^^^^^
  File "C:\Users\majd9\OneDrive\Desktop\tizahab_project1\tizahab-web\.venv\Lib\site-packages\django\db\utils.py", line 94, in __exit__
    raise dj_exc_value.with_traceback(traceback) from exc_value
  File "C:\Users\majd9\OneDrive\Desktop\tizahab_project1\tizahab-web\.venv\Lib\site-packages\django\db\backends\utils.py", line 105, in _execute
    return self.cursor.execute(sql, params)
           ~~~~~~~~~~~~~~~~~~~^^^^^^^^^^^^^
  File "C:\Users\majd9\OneDrive\Desktop\tizahab_project1\tizahab-web\.venv\Lib\site-packages\django\db\backends\sqlite3\base.py", line 359, in execute
    return super().execute(query, params)
           ~~~~~~~~~~~~~~~^^^^^^^^^^^^^^^
django.db.utils.OperationalError: no such column: accounts_userpreferences.trip_duration
ERROR 2026-04-12 16:00:40 log 5828 19528 "GET /api/auth/me/ HTTP/1.1" 500 185084
INFO 2026-04-12 16:00:40 log 5828 19528 "GET /api/daily-plan/ HTTP/1.1" 200 17473
ERROR 2026-04-12 16:00:42 log 5828 19528 Internal Server Error: /api/auth/me/
Traceback (most recent call last):
  File "C:\Users\majd9\OneDrive\Desktop\tizahab_project1\tizahab-web\.venv\Lib\site-packages\django\db\backends\utils.py", line 105, in _execute
    return self.cursor.execute(sql, params)
           ~~~~~~~~~~~~~~~~~~~^^^^^^^^^^^^^
  File "C:\Users\majd9\OneDrive\Desktop\tizahab_project1\tizahab-web\.venv\Lib\site-packages\django\db\backends\sqlite3\base.py", line 359, in execute
    return super().execute(query, params)
           ~~~~~~~~~~~~~~~^^^^^^^^^^^^^^^
sqlite3.OperationalError: no such column: accounts_userpreferences.trip_duration

The above exception was the direct cause of the following exception:

Traceback (most recent call last):
  File "C:\Users\majd9\OneDrive\Desktop\tizahab_project1\tizahab-web\.venv\Lib\site-packages\django\core\handlers\exception.py", line 55, in inner
    response = get_response(request)
  File "C:\Users\majd9\OneDrive\Desktop\tizahab_project1\tizahab-web\.venv\Lib\site-packages\django\core\handlers\base.py", line 198, in _get_response
    response = wrapped_callback(request, *callback_args, **callback_kwargs)
  File "C:\Users\majd9\OneDrive\Desktop\tizahab_project1\tizahab-web\.venv\Lib\site-packages\django\views\decorators\csrf.py", line 65, in _view_wrapper
    return view_func(request, *args, **kwargs)
  File "C:\Users\majd9\OneDrive\Desktop\tizahab_project1\tizahab-web\.venv\Lib\site-packages\django\views\generic\base.py", line 106, in view
    return self.dispatch(request, *args, **kwargs)
           ~~~~~~~~~~~~~^^^^^^^^^^^^^^^^^^^^^^^^^^
  File "C:\Users\majd9\OneDrive\Desktop\tizahab_project1\tizahab-web\.venv\Lib\site-packages\rest_framework\views.py", line 515, in dispatch
    response = self.handle_exception(exc)
  File "C:\Users\majd9\OneDrive\Desktop\tizahab_project1\tizahab-web\.venv\Lib\site-packages\rest_framework\views.py", line 475, in handle_exception
    self.raise_uncaught_exception(exc)
    ~~~~~~~~~~~~~~~~~~~~~~~~~~~~~^^^^^
  File "C:\Users\majd9\OneDrive\Desktop\tizahab_project1\tizahab-web\.venv\Lib\site-packages\rest_framework\views.py", line 486, in raise_uncaught_exception
    raise exc
  File "C:\Users\majd9\OneDrive\Desktop\tizahab_project1\tizahab-web\.venv\Lib\site-packages\rest_framework\views.py", line 512, in dispatch
    response = handler(request, *args, **kwargs)
  File "C:\Users\majd9\OneDrive\Desktop\tizahab_project1\tizahab-web\accounts\views.py", line 280, in get
    preferences, _ = UserPreferences.objects.get_or_create(user=user)
                     ~~~~~~~~~~~~~~~~~~~~~~~~~~~~~~~~~~~~~^^^^^^^^^^^
  File "C:\Users\majd9\OneDrive\Desktop\tizahab_project1\tizahab-web\.venv\Lib\site-packages\django\db\models\manager.py", line 87, in manager_method
    return getattr(self.get_queryset(), name)(*args, **kwargs)
           ~~~~~~~~~~~~~~~~~~~~~~~~~~~~~~~~~~^^^^^^^^^^^^^^^^^
  File "C:\Users\majd9\OneDrive\Desktop\tizahab_project1\tizahab-web\.venv\Lib\site-packages\django\db\models\query.py", line 987, in get_or_create
    return self.get(**kwargs), False
           ~~~~~~~~^^^^^^^^^^
  File "C:\Users\majd9\OneDrive\Desktop\tizahab_project1\tizahab-web\.venv\Lib\site-packages\django\db\models\query.py", line 635, in get
    num = len(clone)
  File "C:\Users\majd9\OneDrive\Desktop\tizahab_project1\tizahab-web\.venv\Lib\site-packages\django\db\models\query.py", line 372, in __len__
    self._fetch_all()
    ~~~~~~~~~~~~~~~^^
  File "C:\Users\majd9\OneDrive\Desktop\tizahab_project1\tizahab-web\.venv\Lib\site-packages\django\db\models\query.py", line 2000, in _fetch_all
    self._result_cache = list(self._iterable_class(self))
                         ~~~~^^^^^^^^^^^^^^^^^^^^^^^^^^^^
  File "C:\Users\majd9\OneDrive\Desktop\tizahab_project1\tizahab-web\.venv\Lib\site-packages\django\db\models\query.py", line 95, in __iter__
    results = compiler.execute_sql(
        chunked_fetch=self.chunked_fetch, chunk_size=self.chunk_size
    )
  File "C:\Users\majd9\OneDrive\Desktop\tizahab_project1\tizahab-web\.venv\Lib\site-packages\django\db\models\sql\compiler.py", line 1624, in execute_sql
    cursor.execute(sql, params)
    ~~~~~~~~~~~~~~^^^^^^^^^^^^^
  File "C:\Users\majd9\OneDrive\Desktop\tizahab_project1\tizahab-web\.venv\Lib\site-packages\django\db\backends\utils.py", line 122, in execute
    return super().execute(sql, params)
           ~~~~~~~~~~~~~~~^^^^^^^^^^^^^
  File "C:\Users\majd9\OneDrive\Desktop\tizahab_project1\tizahab-web\.venv\Lib\site-packages\django\db\backends\utils.py", line 79, in execute
    return self._execute_with_wrappers(
           ~~~~~~~~~~~~~~~~~~~~~~~~~~~^
        sql, params, many=False, executor=self._execute
        ^^^^^^^^^^^^^^^^^^^^^^^^^^^^^^^^^^^^^^^^^^^^^^^
    )
    ^
  File "C:\Users\majd9\OneDrive\Desktop\tizahab_project1\tizahab-web\.venv\Lib\site-packages\django\db\backends\utils.py", line 92, in _execute_with_wrappers
    return executor(sql, params, many, context)
  File "C:\Users\majd9\OneDrive\Desktop\tizahab_project1\tizahab-web\.venv\Lib\site-packages\django\db\backends\utils.py", line 100, in _execute
    with self.db.wrap_database_errors:
         ^^^^^^^^^^^^^^^^^^^^^^^^^^^^
  File "C:\Users\majd9\OneDrive\Desktop\tizahab_project1\tizahab-web\.venv\Lib\site-packages\django\db\utils.py", line 94, in __exit__
    raise dj_exc_value.with_traceback(traceback) from exc_value
  File "C:\Users\majd9\OneDrive\Desktop\tizahab_project1\tizahab-web\.venv\Lib\site-packages\django\db\backends\utils.py", line 105, in _execute
    return self.cursor.execute(sql, params)
           ~~~~~~~~~~~~~~~~~~~^^^^^^^^^^^^^
  File "C:\Users\majd9\OneDrive\Desktop\tizahab_project1\tizahab-web\.venv\Lib\site-packages\django\db\backends\sqlite3\base.py", line 359, in execute
    return super().execute(query, params)
           ~~~~~~~~~~~~~~~^^^^^^^^^^^^^^^
django.db.utils.OperationalError: no such column: accounts_userpreferences.trip_duration
ERROR 2026-04-12 16:00:42 log 5828 19528 "GET /api/auth/me/ HTTP/1.1" 500 185084
ERROR 2026-04-12 16:00:42 views 5828 19528 Unexpected error generating multi-day plan for user 10: no such column: accounts_userpreferences.trip_duration
Traceback (most recent call last):
  File "C:\Users\majd9\OneDrive\Desktop\tizahab_project1\tizahab-web\.venv\Lib\site-packages\django\db\backends\utils.py", line 105, in _execute
    return self.cursor.execute(sql, params)
           ~~~~~~~~~~~~~~~~~~~^^^^^^^^^^^^^
  File "C:\Users\majd9\OneDrive\Desktop\tizahab_project1\tizahab-web\.venv\Lib\site-packages\django\db\backends\sqlite3\base.py", line 359, in execute
    return super().execute(query, params)
           ~~~~~~~~~~~~~~~^^^^^^^^^^^^^^^
sqlite3.OperationalError: no such column: accounts_userpreferences.trip_duration

The above exception was the direct cause of the following exception:

Traceback (most recent call last):
  File "C:\Users\majd9\OneDrive\Desktop\tizahab_project1\tizahab-web\daily_plan\views.py", line 194, in post
    generated_days = generate_multiday_plan(user, start_date_str)
  File "C:\Users\majd9\OneDrive\Desktop\tizahab_project1\tizahab-web\daily_plan\services.py", line 250, in generate_multiday_plan
    preferences = UserPreferences.objects.filter(user=user).first()
  File "C:\Users\majd9\OneDrive\Desktop\tizahab_project1\tizahab-web\.venv\Lib\site-packages\django\db\models\query.py", line 1145, in first
    for obj in queryset[:1]:
               ~~~~~~~~^^^^
  File "C:\Users\majd9\OneDrive\Desktop\tizahab_project1\tizahab-web\.venv\Lib\site-packages\django\db\models\query.py", line 390, in __iter__
    self._fetch_all()
    ~~~~~~~~~~~~~~~^^
  File "C:\Users\majd9\OneDrive\Desktop\tizahab_project1\tizahab-web\.venv\Lib\site-packages\django\db\models\query.py", line 2000, in _fetch_all
    self._result_cache = list(self._iterable_class(self))
                         ~~~~^^^^^^^^^^^^^^^^^^^^^^^^^^^^
  File "C:\Users\majd9\OneDrive\Desktop\tizahab_project1\tizahab-web\.venv\Lib\site-packages\django\db\models\query.py", line 95, in __iter__
    results = compiler.execute_sql(
        chunked_fetch=self.chunked_fetch, chunk_size=self.chunk_size
    )
  File "C:\Users\majd9\OneDrive\Desktop\tizahab_project1\tizahab-web\.venv\Lib\site-packages\django\db\models\sql\compiler.py", line 1624, in execute_sql
    cursor.execute(sql, params)
    ~~~~~~~~~~~~~~^^^^^^^^^^^^^
  File "C:\Users\majd9\OneDrive\Desktop\tizahab_project1\tizahab-web\.venv\Lib\site-packages\django\db\backends\utils.py", line 122, in execute
    return super().execute(sql, params)
           ~~~~~~~~~~~~~~~^^^^^^^^^^^^^
  File "C:\Users\majd9\OneDrive\Desktop\tizahab_project1\tizahab-web\.venv\Lib\site-packages\django\db\backends\utils.py", line 79, in execute
    return self._execute_with_wrappers(
           ~~~~~~~~~~~~~~~~~~~~~~~~~~~^
        sql, params, many=False, executor=self._execute
        ^^^^^^^^^^^^^^^^^^^^^^^^^^^^^^^^^^^^^^^^^^^^^^^
    )
    ^
  File "C:\Users\majd9\OneDrive\Desktop\tizahab_project1\tizahab-web\.venv\Lib\site-packages\django\db\backends\utils.py", line 92, in _execute_with_wrappers
    return executor(sql, params, many, context)
  File "C:\Users\majd9\OneDrive\Desktop\tizahab_project1\tizahab-web\.venv\Lib\site-packages\django\db\backends\utils.py", line 100, in _execute
    with self.db.wrap_database_errors:
         ^^^^^^^^^^^^^^^^^^^^^^^^^^^^
  File "C:\Users\majd9\OneDrive\Desktop\tizahab_project1\tizahab-web\.venv\Lib\site-packages\django\db\utils.py", line 94, in __exit__
    raise dj_exc_value.with_traceback(traceback) from exc_value
  File "C:\Users\majd9\OneDrive\Desktop\tizahab_project1\tizahab-web\.venv\Lib\site-packages\django\db\backends\utils.py", line 105, in _execute
    return self.cursor.execute(sql, params)
           ~~~~~~~~~~~~~~~~~~~^^^^^^^^^^^^^
  File "C:\Users\majd9\OneDrive\Desktop\tizahab_project1\tizahab-web\.venv\Lib\site-packages\django\db\backends\sqlite3\base.py", line 359, in execute
    return super().execute(query, params)
           ~~~~~~~~~~~~~~~^^^^^^^^^^^^^^^
django.db.utils.OperationalError: no such column: accounts_userpreferences.trip_duration
ERROR 2026-04-12 16:00:42 log 5828 19528 Internal Server Error: /api/daily-plan/generate-multiday/
ERROR 2026-04-12 16:00:42 log 5828 19528 "POST /api/daily-plan/generate-multiday/ HTTP/1.1" 500 52
INFO 2026-04-12 16:00:45 log 5828 19528 "GET /profile/ HTTP/1.1" 200 28800
INFO 2026-04-12 16:00:45 log 5828 15708 "GET /api/events/favorites/ HTTP/1.1" 200 2
INFO 2026-04-12 16:00:45 log 5828 15284 "GET /api/daily-plan/ HTTP/1.1" 200 17473
ERROR 2026-04-12 16:00:45 log 5828 14564 Internal Server Error: /api/auth/preferences/
Traceback (most recent call last):
  File "C:\Users\majd9\OneDrive\Desktop\tizahab_project1\tizahab-web\.venv\Lib\site-packages\django\db\backends\utils.py", line 105, in _execute
    return self.cursor.execute(sql, params)
           ~~~~~~~~~~~~~~~~~~~^^^^^^^^^^^^^
  File "C:\Users\majd9\OneDrive\Desktop\tizahab_project1\tizahab-web\.venv\Lib\site-packages\django\db\backends\sqlite3\base.py", line 359, in execute
    return super().execute(query, params)
           ~~~~~~~~~~~~~~~^^^^^^^^^^^^^^^
sqlite3.OperationalError: no such column: accounts_userpreferences.trip_duration

The above exception was the direct cause of the following exception:

Traceback (most recent call last):
  File "C:\Users\majd9\OneDrive\Desktop\tizahab_project1\tizahab-web\.venv\Lib\site-packages\django\core\handlers\exception.py", line 55, in inner
    response = get_response(request)
  File "C:\Users\majd9\OneDrive\Desktop\tizahab_project1\tizahab-web\.venv\Lib\site-packages\django\core\handlers\base.py", line 198, in _get_response
    response = wrapped_callback(request, *callback_args, **callback_kwargs)
  File "C:\Users\majd9\OneDrive\Desktop\tizahab_project1\tizahab-web\.venv\Lib\site-packages\django\views\decorators\csrf.py", line 65, in _view_wrapper
    return view_func(request, *args, **kwargs)
  File "C:\Users\majd9\OneDrive\Desktop\tizahab_project1\tizahab-web\.venv\Lib\site-packages\django\views\generic\base.py", line 106, in view
    return self.dispatch(request, *args, **kwargs)
           ~~~~~~~~~~~~~^^^^^^^^^^^^^^^^^^^^^^^^^^
  File "C:\Users\majd9\OneDrive\Desktop\tizahab_project1\tizahab-web\.venv\Lib\site-packages\rest_framework\views.py", line 515, in dispatch
    response = self.handle_exception(exc)
  File "C:\Users\majd9\OneDrive\Desktop\tizahab_project1\tizahab-web\.venv\Lib\site-packages\rest_framework\views.py", line 475, in handle_exception
    self.raise_uncaught_exception(exc)
    ~~~~~~~~~~~~~~~~~~~~~~~~~~~~~^^^^^
  File "C:\Users\majd9\OneDrive\Desktop\tizahab_project1\tizahab-web\.venv\Lib\site-packages\rest_framework\views.py", line 486, in raise_uncaught_exception
    raise exc
  File "C:\Users\majd9\OneDrive\Desktop\tizahab_project1\tizahab-web\.venv\Lib\site-packages\rest_framework\views.py", line 512, in dispatch
    response = handler(request, *args, **kwargs)
  File "C:\Users\majd9\OneDrive\Desktop\tizahab_project1\tizahab-web\accounts\views.py", line 253, in get
    preferences, _ = UserPreferences.objects.get_or_create(user=request.user)
                     ~~~~~~~~~~~~~~~~~~~~~~~~~~~~~~~~~~~~~^^^^^^^^^^^^^^^^^^^
  File "C:\Users\majd9\OneDrive\Desktop\tizahab_project1\tizahab-web\.venv\Lib\site-packages\django\db\models\manager.py", line 87, in manager_method
    return getattr(self.get_queryset(), name)(*args, **kwargs)
           ~~~~~~~~~~~~~~~~~~~~~~~~~~~~~~~~~~^^^^^^^^^^^^^^^^^
  File "C:\Users\majd9\OneDrive\Desktop\tizahab_project1\tizahab-web\.venv\Lib\site-packages\django\db\models\query.py", line 987, in get_or_create
    return self.get(**kwargs), False
           ~~~~~~~~^^^^^^^^^^
  File "C:\Users\majd9\OneDrive\Desktop\tizahab_project1\tizahab-web\.venv\Lib\site-packages\django\db\models\query.py", line 635, in get
    num = len(clone)
  File "C:\Users\majd9\OneDrive\Desktop\tizahab_project1\tizahab-web\.venv\Lib\site-packages\django\db\models\query.py", line 372, in __len__
    self._fetch_all()
    ~~~~~~~~~~~~~~~^^
  File "C:\Users\majd9\OneDrive\Desktop\tizahab_project1\tizahab-web\.venv\Lib\site-packages\django\db\models\query.py", line 2000, in _fetch_all
    self._result_cache = list(self._iterable_class(self))
                         ~~~~^^^^^^^^^^^^^^^^^^^^^^^^^^^^
  File "C:\Users\majd9\OneDrive\Desktop\tizahab_project1\tizahab-web\.venv\Lib\site-packages\django\db\models\query.py", line 95, in __iter__
    results = compiler.execute_sql(
        chunked_fetch=self.chunked_fetch, chunk_size=self.chunk_size
    )
  File "C:\Users\majd9\OneDrive\Desktop\tizahab_project1\tizahab-web\.venv\Lib\site-packages\django\db\models\sql\compiler.py", line 1624, in execute_sql
    cursor.execute(sql, params)
    ~~~~~~~~~~~~~~^^^^^^^^^^^^^
  File "C:\Users\majd9\OneDrive\Desktop\tizahab_project1\tizahab-web\.venv\Lib\site-packages\django\db\backends\utils.py", line 122, in execute
    return super().execute(sql, params)
           ~~~~~~~~~~~~~~~^^^^^^^^^^^^^
  File "C:\Users\majd9\OneDrive\Desktop\tizahab_project1\tizahab-web\.venv\Lib\site-packages\django\db\backends\utils.py", line 79, in execute
    return self._execute_with_wrappers(
           ~~~~~~~~~~~~~~~~~~~~~~~~~~~^
        sql, params, many=False, executor=self._execute
        ^^^^^^^^^^^^^^^^^^^^^^^^^^^^^^^^^^^^^^^^^^^^^^^
    )
    ^
  File "C:\Users\majd9\OneDrive\Desktop\tizahab_project1\tizahab-web\.venv\Lib\site-packages\django\db\backends\utils.py", line 92, in _execute_with_wrappers
    return executor(sql, params, many, context)
  File "C:\Users\majd9\OneDrive\Desktop\tizahab_project1\tizahab-web\.venv\Lib\site-packages\django\db\backends\utils.py", line 100, in _execute
    with self.db.wrap_database_errors:
         ^^^^^^^^^^^^^^^^^^^^^^^^^^^^
  File "C:\Users\majd9\OneDrive\Desktop\tizahab_project1\tizahab-web\.venv\Lib\site-packages\django\db\utils.py", line 94, in __exit__
    raise dj_exc_value.with_traceback(traceback) from exc_value
  File "C:\Users\majd9\OneDrive\Desktop\tizahab_project1\tizahab-web\.venv\Lib\site-packages\django\db\backends\utils.py", line 105, in _execute
    return self.cursor.execute(sql, params)
           ~~~~~~~~~~~~~~~~~~~^^^^^^^^^^^^^
  File "C:\Users\majd9\OneDrive\Desktop\tizahab_project1\tizahab-web\.venv\Lib\site-packages\django\db\backends\sqlite3\base.py", line 359, in execute
    return super().execute(query, params)
           ~~~~~~~~~~~~~~~^^^^^^^^^^^^^^^
django.db.utils.OperationalError: no such column: accounts_userpreferences.trip_duration
ERROR 2026-04-12 16:00:45 log 5828 19528 Internal Server Error: /api/auth/me/
Traceback (most recent call last):
  File "C:\Users\majd9\OneDrive\Desktop\tizahab_project1\tizahab-web\.venv\Lib\site-packages\django\db\backends\utils.py", line 105, in _execute
    return self.cursor.execute(sql, params)
           ~~~~~~~~~~~~~~~~~~~^^^^^^^^^^^^^
  File "C:\Users\majd9\OneDrive\Desktop\tizahab_project1\tizahab-web\.venv\Lib\site-packages\django\db\backends\sqlite3\base.py", line 359, in execute
    return super().execute(query, params)
           ~~~~~~~~~~~~~~~^^^^^^^^^^^^^^^
sqlite3.OperationalError: no such column: accounts_userpreferences.trip_duration

The above exception was the direct cause of the following exception:

Traceback (most recent call last):
  File "C:\Users\majd9\OneDrive\Desktop\tizahab_project1\tizahab-web\.venv\Lib\site-packages\django\core\handlers\exception.py", line 55, in inner
    response = get_response(request)
  File "C:\Users\majd9\OneDrive\Desktop\tizahab_project1\tizahab-web\.venv\Lib\site-packages\django\core\handlers\base.py", line 198, in _get_response
    response = wrapped_callback(request, *callback_args, **callback_kwargs)
  File "C:\Users\majd9\OneDrive\Desktop\tizahab_project1\tizahab-web\.venv\Lib\site-packages\django\views\decorators\csrf.py", line 65, in _view_wrapper
    return view_func(request, *args, **kwargs)
  File "C:\Users\majd9\OneDrive\Desktop\tizahab_project1\tizahab-web\.venv\Lib\site-packages\django\views\generic\base.py", line 106, in view
    return self.dispatch(request, *args, **kwargs)
           ~~~~~~~~~~~~~^^^^^^^^^^^^^^^^^^^^^^^^^^
  File "C:\Users\majd9\OneDrive\Desktop\tizahab_project1\tizahab-web\.venv\Lib\site-packages\rest_framework\views.py", line 515, in dispatch
    response = self.handle_exception(exc)
  File "C:\Users\majd9\OneDrive\Desktop\tizahab_project1\tizahab-web\.venv\Lib\site-packages\rest_framework\views.py", line 475, in handle_exception
    self.raise_uncaught_exception(exc)
    ~~~~~~~~~~~~~~~~~~~~~~~~~~~~~^^^^^
  File "C:\Users\majd9\OneDrive\Desktop\tizahab_project1\tizahab-web\.venv\Lib\site-packages\rest_framework\views.py", line 486, in raise_uncaught_exception
    raise exc
  File "C:\Users\majd9\OneDrive\Desktop\tizahab_project1\tizahab-web\.venv\Lib\site-packages\rest_framework\views.py", line 512, in dispatch
    response = handler(request, *args, **kwargs)
  File "C:\Users\majd9\OneDrive\Desktop\tizahab_project1\tizahab-web\accounts\views.py", line 280, in get
    preferences, _ = UserPreferences.objects.get_or_create(user=user)
                     ~~~~~~~~~~~~~~~~~~~~~~~~~~~~~~~~~~~~~^^^^^^^^^^^
  File "C:\Users\majd9\OneDrive\Desktop\tizahab_project1\tizahab-web\.venv\Lib\site-packages\django\db\models\manager.py", line 87, in manager_method
    return getattr(self.get_queryset(), name)(*args, **kwargs)
           ~~~~~~~~~~~~~~~~~~~~~~~~~~~~~~~~~~^^^^^^^^^^^^^^^^^
  File "C:\Users\majd9\OneDrive\Desktop\tizahab_project1\tizahab-web\.venv\Lib\site-packages\django\db\models\query.py", line 987, in get_or_create
    return self.get(**kwargs), False
           ~~~~~~~~^^^^^^^^^^
  File "C:\Users\majd9\OneDrive\Desktop\tizahab_project1\tizahab-web\.venv\Lib\site-packages\django\db\models\query.py", line 635, in get
    num = len(clone)
  File "C:\Users\majd9\OneDrive\Desktop\tizahab_project1\tizahab-web\.venv\Lib\site-packages\django\db\models\query.py", line 372, in __len__
    self._fetch_all()
    ~~~~~~~~~~~~~~~^^
  File "C:\Users\majd9\OneDrive\Desktop\tizahab_project1\tizahab-web\.venv\Lib\site-packages\django\db\models\query.py", line 2000, in _fetch_all
    self._result_cache = list(self._iterable_class(self))
                         ~~~~^^^^^^^^^^^^^^^^^^^^^^^^^^^^
  File "C:\Users\majd9\OneDrive\Desktop\tizahab_project1\tizahab-web\.venv\Lib\site-packages\django\db\models\query.py", line 95, in __iter__
    results = compiler.execute_sql(
        chunked_fetch=self.chunked_fetch, chunk_size=self.chunk_size
    )
  File "C:\Users\majd9\OneDrive\Desktop\tizahab_project1\tizahab-web\.venv\Lib\site-packages\django\db\models\sql\compiler.py", line 1624, in execute_sql
    cursor.execute(sql, params)
    ~~~~~~~~~~~~~~^^^^^^^^^^^^^
  File "C:\Users\majd9\OneDrive\Desktop\tizahab_project1\tizahab-web\.venv\Lib\site-packages\django\db\backends\utils.py", line 122, in execute
    return super().execute(sql, params)
           ~~~~~~~~~~~~~~~^^^^^^^^^^^^^
  File "C:\Users\majd9\OneDrive\Desktop\tizahab_project1\tizahab-web\.venv\Lib\site-packages\django\db\backends\utils.py", line 79, in execute
    return self._execute_with_wrappers(
           ~~~~~~~~~~~~~~~~~~~~~~~~~~~^
        sql, params, many=False, executor=self._execute
        ^^^^^^^^^^^^^^^^^^^^^^^^^^^^^^^^^^^^^^^^^^^^^^^
    )
    ^
  File "C:\Users\majd9\OneDrive\Desktop\tizahab_project1\tizahab-web\.venv\Lib\site-packages\django\db\backends\utils.py", line 92, in _execute_with_wrappers
    return executor(sql, params, many, context)
  File "C:\Users\majd9\OneDrive\Desktop\tizahab_project1\tizahab-web\.venv\Lib\site-packages\django\db\backends\utils.py", line 100, in _execute
    with self.db.wrap_database_errors:
         ^^^^^^^^^^^^^^^^^^^^^^^^^^^^
  File "C:\Users\majd9\OneDrive\Desktop\tizahab_project1\tizahab-web\.venv\Lib\site-packages\django\db\utils.py", line 94, in __exit__
    raise dj_exc_value.with_traceback(traceback) from exc_value
  File "C:\Users\majd9\OneDrive\Desktop\tizahab_project1\tizahab-web\.venv\Lib\site-packages\django\db\backends\utils.py", line 105, in _execute
    return self.cursor.execute(sql, params)
           ~~~~~~~~~~~~~~~~~~~^^^^^^^^^^^^^
  File "C:\Users\majd9\OneDrive\Desktop\tizahab_project1\tizahab-web\.venv\Lib\site-packages\django\db\backends\sqlite3\base.py", line 359, in execute
    return super().execute(query, params)
           ~~~~~~~~~~~~~~~^^^^^^^^^^^^^^^
django.db.utils.OperationalError: no such column: accounts_userpreferences.trip_duration
ERROR 2026-04-12 16:00:45 log 5828 14564 "GET /api/auth/preferences/ HTTP/1.1" 500 185098
ERROR 2026-04-12 16:00:45 log 5828 19528 "GET /api/auth/me/ HTTP/1.1" 500 185081
ERROR 2026-04-12 16:00:45 log 5828 14564 Internal Server Error: /api/auth/me/
Traceback (most recent call last):
  File "C:\Users\majd9\OneDrive\Desktop\tizahab_project1\tizahab-web\.venv\Lib\site-packages\django\db\backends\utils.py", line 105, in _execute
    return self.cursor.execute(sql, params)
           ~~~~~~~~~~~~~~~~~~~^^^^^^^^^^^^^
  File "C:\Users\majd9\OneDrive\Desktop\tizahab_project1\tizahab-web\.venv\Lib\site-packages\django\db\backends\sqlite3\base.py", line 359, in execute
    return super().execute(query, params)
           ~~~~~~~~~~~~~~~^^^^^^^^^^^^^^^
sqlite3.OperationalError: no such column: accounts_userpreferences.trip_duration

The above exception was the direct cause of the following exception:

Traceback (most recent call last):
  File "C:\Users\majd9\OneDrive\Desktop\tizahab_project1\tizahab-web\.venv\Lib\site-packages\django\core\handlers\exception.py", line 55, in inner
    response = get_response(request)
  File "C:\Users\majd9\OneDrive\Desktop\tizahab_project1\tizahab-web\.venv\Lib\site-packages\django\core\handlers\base.py", line 198, in _get_response
    response = wrapped_callback(request, *callback_args, **callback_kwargs)
  File "C:\Users\majd9\OneDrive\Desktop\tizahab_project1\tizahab-web\.venv\Lib\site-packages\django\views\decorators\csrf.py", line 65, in _view_wrapper
    return view_func(request, *args, **kwargs)
  File "C:\Users\majd9\OneDrive\Desktop\tizahab_project1\tizahab-web\.venv\Lib\site-packages\django\views\generic\base.py", line 106, in view
    return self.dispatch(request, *args, **kwargs)
           ~~~~~~~~~~~~~^^^^^^^^^^^^^^^^^^^^^^^^^^
  File "C:\Users\majd9\OneDrive\Desktop\tizahab_project1\tizahab-web\.venv\Lib\site-packages\rest_framework\views.py", line 515, in dispatch
    response = self.handle_exception(exc)
  File "C:\Users\majd9\OneDrive\Desktop\tizahab_project1\tizahab-web\.venv\Lib\site-packages\rest_framework\views.py", line 475, in handle_exception
    self.raise_uncaught_exception(exc)
    ~~~~~~~~~~~~~~~~~~~~~~~~~~~~~^^^^^
  File "C:\Users\majd9\OneDrive\Desktop\tizahab_project1\tizahab-web\.venv\Lib\site-packages\rest_framework\views.py", line 486, in raise_uncaught_exception
    raise exc
  File "C:\Users\majd9\OneDrive\Desktop\tizahab_project1\tizahab-web\.venv\Lib\site-packages\rest_framework\views.py", line 512, in dispatch
    response = handler(request, *args, **kwargs)
  File "C:\Users\majd9\OneDrive\Desktop\tizahab_project1\tizahab-web\accounts\views.py", line 280, in get
    preferences, _ = UserPreferences.objects.get_or_create(user=user)
                     ~~~~~~~~~~~~~~~~~~~~~~~~~~~~~~~~~~~~~^^^^^^^^^^^
  File "C:\Users\majd9\OneDrive\Desktop\tizahab_project1\tizahab-web\.venv\Lib\site-packages\django\db\models\manager.py", line 87, in manager_method
    return getattr(self.get_queryset(), name)(*args, **kwargs)
           ~~~~~~~~~~~~~~~~~~~~~~~~~~~~~~~~~~^^^^^^^^^^^^^^^^^
  File "C:\Users\majd9\OneDrive\Desktop\tizahab_project1\tizahab-web\.venv\Lib\site-packages\django\db\models\query.py", line 987, in get_or_create
    return self.get(**kwargs), False
           ~~~~~~~~^^^^^^^^^^
  File "C:\Users\majd9\OneDrive\Desktop\tizahab_project1\tizahab-web\.venv\Lib\site-packages\django\db\models\query.py", line 635, in get
    num = len(clone)
  File "C:\Users\majd9\OneDrive\Desktop\tizahab_project1\tizahab-web\.venv\Lib\site-packages\django\db\models\query.py", line 372, in __len__
    self._fetch_all()
    ~~~~~~~~~~~~~~~^^
  File "C:\Users\majd9\OneDrive\Desktop\tizahab_project1\tizahab-web\.venv\Lib\site-packages\django\db\models\query.py", line 2000, in _fetch_all
    self._result_cache = list(self._iterable_class(self))
                         ~~~~^^^^^^^^^^^^^^^^^^^^^^^^^^^^
  File "C:\Users\majd9\OneDrive\Desktop\tizahab_project1\tizahab-web\.venv\Lib\site-packages\django\db\models\query.py", line 95, in __iter__
    results = compiler.execute_sql(
        chunked_fetch=self.chunked_fetch, chunk_size=self.chunk_size
    )
  File "C:\Users\majd9\OneDrive\Desktop\tizahab_project1\tizahab-web\.venv\Lib\site-packages\django\db\models\sql\compiler.py", line 1624, in execute_sql
    cursor.execute(sql, params)
    ~~~~~~~~~~~~~~^^^^^^^^^^^^^
  File "C:\Users\majd9\OneDrive\Desktop\tizahab_project1\tizahab-web\.venv\Lib\site-packages\django\db\backends\utils.py", line 122, in execute
    return super().execute(sql, params)
           ~~~~~~~~~~~~~~~^^^^^^^^^^^^^
  File "C:\Users\majd9\OneDrive\Desktop\tizahab_project1\tizahab-web\.venv\Lib\site-packages\django\db\backends\utils.py", line 79, in execute
    return self._execute_with_wrappers(
           ~~~~~~~~~~~~~~~~~~~~~~~~~~~^
        sql, params, many=False, executor=self._execute
        ^^^^^^^^^^^^^^^^^^^^^^^^^^^^^^^^^^^^^^^^^^^^^^^
    )
    ^
  File "C:\Users\majd9\OneDrive\Desktop\tizahab_project1\tizahab-web\.venv\Lib\site-packages\django\db\backends\utils.py", line 92, in _execute_with_wrappers
    return executor(sql, params, many, context)
  File "C:\Users\majd9\OneDrive\Desktop\tizahab_project1\tizahab-web\.venv\Lib\site-packages\django\db\backends\utils.py", line 100, in _execute
    with self.db.wrap_database_errors:
         ^^^^^^^^^^^^^^^^^^^^^^^^^^^^
  File "C:\Users\majd9\OneDrive\Desktop\tizahab_project1\tizahab-web\.venv\Lib\site-packages\django\db\utils.py", line 94, in __exit__
    raise dj_exc_value.with_traceback(traceback) from exc_value
  File "C:\Users\majd9\OneDrive\Desktop\tizahab_project1\tizahab-web\.venv\Lib\site-packages\django\db\backends\utils.py", line 105, in _execute
    return self.cursor.execute(sql, params)
           ~~~~~~~~~~~~~~~~~~~^^^^^^^^^^^^^
  File "C:\Users\majd9\OneDrive\Desktop\tizahab_project1\tizahab-web\.venv\Lib\site-packages\django\db\backends\sqlite3\base.py", line 359, in execute
    return super().execute(query, params)
           ~~~~~~~~~~~~~~~^^^^^^^^^^^^^^^
django.db.utils.OperationalError: no such column: accounts_userpreferences.trip_duration
ERROR 2026-04-12 16:00:45 log 5828 14564 "GET /api/auth/me/ HTTP/1.1" 500 185075
INFO 2026-04-12 16:00:47 log 5828 14564 "GET /api/auth/ui/preferences/ HTTP/1.1" 200 23324
ERROR 2026-04-12 16:00:47 log 5828 14564 Internal Server Error: /api/auth/preferences/
Traceback (most recent call last):
  File "C:\Users\majd9\OneDrive\Desktop\tizahab_project1\tizahab-web\.venv\Lib\site-packages\django\db\backends\utils.py", line 105, in _execute
    return self.cursor.execute(sql, params)
           ~~~~~~~~~~~~~~~~~~~^^^^^^^^^^^^^
  File "C:\Users\majd9\OneDrive\Desktop\tizahab_project1\tizahab-web\.venv\Lib\site-packages\django\db\backends\sqlite3\base.py", line 359, in execute
    return super().execute(query, params)
           ~~~~~~~~~~~~~~~^^^^^^^^^^^^^^^
sqlite3.OperationalError: no such column: accounts_userpreferences.trip_duration

The above exception was the direct cause of the following exception:

Traceback (most recent call last):
  File "C:\Users\majd9\OneDrive\Desktop\tizahab_project1\tizahab-web\.venv\Lib\site-packages\django\core\handlers\exception.py", line 55, in inner
    response = get_response(request)
  File "C:\Users\majd9\OneDrive\Desktop\tizahab_project1\tizahab-web\.venv\Lib\site-packages\django\core\handlers\base.py", line 198, in _get_response
    response = wrapped_callback(request, *callback_args, **callback_kwargs)
  File "C:\Users\majd9\OneDrive\Desktop\tizahab_project1\tizahab-web\.venv\Lib\site-packages\django\views\decorators\csrf.py", line 65, in _view_wrapper
    return view_func(request, *args, **kwargs)
  File "C:\Users\majd9\OneDrive\Desktop\tizahab_project1\tizahab-web\.venv\Lib\site-packages\django\views\generic\base.py", line 106, in view
    return self.dispatch(request, *args, **kwargs)
           ~~~~~~~~~~~~~^^^^^^^^^^^^^^^^^^^^^^^^^^
  File "C:\Users\majd9\OneDrive\Desktop\tizahab_project1\tizahab-web\.venv\Lib\site-packages\rest_framework\views.py", line 515, in dispatch
    response = self.handle_exception(exc)
  File "C:\Users\majd9\OneDrive\Desktop\tizahab_project1\tizahab-web\.venv\Lib\site-packages\rest_framework\views.py", line 475, in handle_exception
    self.raise_uncaught_exception(exc)
    ~~~~~~~~~~~~~~~~~~~~~~~~~~~~~^^^^^
  File "C:\Users\majd9\OneDrive\Desktop\tizahab_project1\tizahab-web\.venv\Lib\site-packages\rest_framework\views.py", line 486, in raise_uncaught_exception
    raise exc
  File "C:\Users\majd9\OneDrive\Desktop\tizahab_project1\tizahab-web\.venv\Lib\site-packages\rest_framework\views.py", line 512, in dispatch
    response = handler(request, *args, **kwargs)
  File "C:\Users\majd9\OneDrive\Desktop\tizahab_project1\tizahab-web\accounts\views.py", line 253, in get
    preferences, _ = UserPreferences.objects.get_or_create(user=request.user)
                     ~~~~~~~~~~~~~~~~~~~~~~~~~~~~~~~~~~~~~^^^^^^^^^^^^^^^^^^^
  File "C:\Users\majd9\OneDrive\Desktop\tizahab_project1\tizahab-web\.venv\Lib\site-packages\django\db\models\manager.py", line 87, in manager_method
    return getattr(self.get_queryset(), name)(*args, **kwargs)
           ~~~~~~~~~~~~~~~~~~~~~~~~~~~~~~~~~~^^^^^^^^^^^^^^^^^
  File "C:\Users\majd9\OneDrive\Desktop\tizahab_project1\tizahab-web\.venv\Lib\site-packages\django\db\models\query.py", line 987, in get_or_create
    return self.get(**kwargs), False
           ~~~~~~~~^^^^^^^^^^
  File "C:\Users\majd9\OneDrive\Desktop\tizahab_project1\tizahab-web\.venv\Lib\site-packages\django\db\models\query.py", line 635, in get
    num = len(clone)
  File "C:\Users\majd9\OneDrive\Desktop\tizahab_project1\tizahab-web\.venv\Lib\site-packages\django\db\models\query.py", line 372, in __len__
    self._fetch_all()
    ~~~~~~~~~~~~~~~^^
  File "C:\Users\majd9\OneDrive\Desktop\tizahab_project1\tizahab-web\.venv\Lib\site-packages\django\db\models\query.py", line 2000, in _fetch_all
    self._result_cache = list(self._iterable_class(self))
                         ~~~~^^^^^^^^^^^^^^^^^^^^^^^^^^^^
  File "C:\Users\majd9\OneDrive\Desktop\tizahab_project1\tizahab-web\.venv\Lib\site-packages\django\db\models\query.py", line 95, in __iter__
    results = compiler.execute_sql(
        chunked_fetch=self.chunked_fetch, chunk_size=self.chunk_size
    )
  File "C:\Users\majd9\OneDrive\Desktop\tizahab_project1\tizahab-web\.venv\Lib\site-packages\django\db\models\sql\compiler.py", line 1624, in execute_sql
    cursor.execute(sql, params)
    ~~~~~~~~~~~~~~^^^^^^^^^^^^^
  File "C:\Users\majd9\OneDrive\Desktop\tizahab_project1\tizahab-web\.venv\Lib\site-packages\django\db\backends\utils.py", line 122, in execute
    return super().execute(sql, params)
           ~~~~~~~~~~~~~~~^^^^^^^^^^^^^
  File "C:\Users\majd9\OneDrive\Desktop\tizahab_project1\tizahab-web\.venv\Lib\site-packages\django\db\backends\utils.py", line 79, in execute
    return self._execute_with_wrappers(
           ~~~~~~~~~~~~~~~~~~~~~~~~~~~^
        sql, params, many=False, executor=self._execute
        ^^^^^^^^^^^^^^^^^^^^^^^^^^^^^^^^^^^^^^^^^^^^^^^
    )
    ^
  File "C:\Users\majd9\OneDrive\Desktop\tizahab_project1\tizahab-web\.venv\Lib\site-packages\django\db\backends\utils.py", line 92, in _execute_with_wrappers
    return executor(sql, params, many, context)
  File "C:\Users\majd9\OneDrive\Desktop\tizahab_project1\tizahab-web\.venv\Lib\site-packages\django\db\backends\utils.py", line 100, in _execute
    with self.db.wrap_database_errors:
         ^^^^^^^^^^^^^^^^^^^^^^^^^^^^
  File "C:\Users\majd9\OneDrive\Desktop\tizahab_project1\tizahab-web\.venv\Lib\site-packages\django\db\utils.py", line 94, in __exit__
    raise dj_exc_value.with_traceback(traceback) from exc_value
  File "C:\Users\majd9\OneDrive\Desktop\tizahab_project1\tizahab-web\.venv\Lib\site-packages\django\db\backends\utils.py", line 105, in _execute
    return self.cursor.execute(sql, params)
           ~~~~~~~~~~~~~~~~~~~^^^^^^^^^^^^^
  File "C:\Users\majd9\OneDrive\Desktop\tizahab_project1\tizahab-web\.venv\Lib\site-packages\django\db\backends\sqlite3\base.py", line 359, in execute
    return super().execute(query, params)
           ~~~~~~~~~~~~~~~^^^^^^^^^^^^^^^
django.db.utils.OperationalError: no such column: accounts_userpreferences.trip_duration
ERROR 2026-04-12 16:00:47 log 5828 14564 "GET /api/auth/preferences/ HTTP/1.1" 500 185114
ERROR 2026-04-12 16:01:00 log 5828 14564 Internal Server Error: /api/auth/preferences/
Traceback (most recent call last):
  File "C:\Users\majd9\OneDrive\Desktop\tizahab_project1\tizahab-web\.venv\Lib\site-packages\django\db\backends\utils.py", line 105, in _execute
    return self.cursor.execute(sql, params)
           ~~~~~~~~~~~~~~~~~~~^^^^^^^^^^^^^
  File "C:\Users\majd9\OneDrive\Desktop\tizahab_project1\tizahab-web\.venv\Lib\site-packages\django\db\backends\sqlite3\base.py", line 359, in execute
    return super().execute(query, params)
           ~~~~~~~~~~~~~~~^^^^^^^^^^^^^^^
sqlite3.OperationalError: no such column: accounts_userpreferences.trip_duration

The above exception was the direct cause of the following exception:

Traceback (most recent call last):
  File "C:\Users\majd9\OneDrive\Desktop\tizahab_project1\tizahab-web\.venv\Lib\site-packages\django\core\handlers\exception.py", line 55, in inner
    response = get_response(request)
  File "C:\Users\majd9\OneDrive\Desktop\tizahab_project1\tizahab-web\.venv\Lib\site-packages\django\core\handlers\base.py", line 198, in _get_response
    response = wrapped_callback(request, *callback_args, **callback_kwargs)
  File "C:\Users\majd9\OneDrive\Desktop\tizahab_project1\tizahab-web\.venv\Lib\site-packages\django\views\decorators\csrf.py", line 65, in _view_wrapper
    return view_func(request, *args, **kwargs)
  File "C:\Users\majd9\OneDrive\Desktop\tizahab_project1\tizahab-web\.venv\Lib\site-packages\django\views\generic\base.py", line 106, in view
    return self.dispatch(request, *args, **kwargs)
           ~~~~~~~~~~~~~^^^^^^^^^^^^^^^^^^^^^^^^^^
  File "C:\Users\majd9\OneDrive\Desktop\tizahab_project1\tizahab-web\.venv\Lib\site-packages\rest_framework\views.py", line 515, in dispatch
    response = self.handle_exception(exc)
  File "C:\Users\majd9\OneDrive\Desktop\tizahab_project1\tizahab-web\.venv\Lib\site-packages\rest_framework\views.py", line 475, in handle_exception
    self.raise_uncaught_exception(exc)
    ~~~~~~~~~~~~~~~~~~~~~~~~~~~~~^^^^^
  File "C:\Users\majd9\OneDrive\Desktop\tizahab_project1\tizahab-web\.venv\Lib\site-packages\rest_framework\views.py", line 486, in raise_uncaught_exception
    raise exc
  File "C:\Users\majd9\OneDrive\Desktop\tizahab_project1\tizahab-web\.venv\Lib\site-packages\rest_framework\views.py", line 512, in dispatch
    response = handler(request, *args, **kwargs)
  File "C:\Users\majd9\OneDrive\Desktop\tizahab_project1\tizahab-web\accounts\views.py", line 258, in post
    preferences, created = UserPreferences.objects.get_or_create(user=request.user)
                           ~~~~~~~~~~~~~~~~~~~~~~~~~~~~~~~~~~~~~^^^^^^^^^^^^^^^^^^^
  File "C:\Users\majd9\OneDrive\Desktop\tizahab_project1\tizahab-web\.venv\Lib\site-packages\django\db\models\manager.py", line 87, in manager_method
    return getattr(self.get_queryset(), name)(*args, **kwargs)
           ~~~~~~~~~~~~~~~~~~~~~~~~~~~~~~~~~~^^^^^^^^^^^^^^^^^
  File "C:\Users\majd9\OneDrive\Desktop\tizahab_project1\tizahab-web\.venv\Lib\site-packages\django\db\models\query.py", line 987, in get_or_create
    return self.get(**kwargs), False
           ~~~~~~~~^^^^^^^^^^
  File "C:\Users\majd9\OneDrive\Desktop\tizahab_project1\tizahab-web\.venv\Lib\site-packages\django\db\models\query.py", line 635, in get
    num = len(clone)
  File "C:\Users\majd9\OneDrive\Desktop\tizahab_project1\tizahab-web\.venv\Lib\site-packages\django\db\models\query.py", line 372, in __len__
    self._fetch_all()
    ~~~~~~~~~~~~~~~^^
  File "C:\Users\majd9\OneDrive\Desktop\tizahab_project1\tizahab-web\.venv\Lib\site-packages\django\db\models\query.py", line 2000, in _fetch_all
    self._result_cache = list(self._iterable_class(self))
                         ~~~~^^^^^^^^^^^^^^^^^^^^^^^^^^^^
  File "C:\Users\majd9\OneDrive\Desktop\tizahab_project1\tizahab-web\.venv\Lib\site-packages\django\db\models\query.py", line 95, in __iter__
    results = compiler.execute_sql(
        chunked_fetch=self.chunked_fetch, chunk_size=self.chunk_size
    )
  File "C:\Users\majd9\OneDrive\Desktop\tizahab_project1\tizahab-web\.venv\Lib\site-packages\django\db\models\sql\compiler.py", line 1624, in execute_sql
    cursor.execute(sql, params)
    ~~~~~~~~~~~~~~^^^^^^^^^^^^^
  File "C:\Users\majd9\OneDrive\Desktop\tizahab_project1\tizahab-web\.venv\Lib\site-packages\django\db\backends\utils.py", line 122, in execute
    return super().execute(sql, params)
           ~~~~~~~~~~~~~~~^^^^^^^^^^^^^
  File "C:\Users\majd9\OneDrive\Desktop\tizahab_project1\tizahab-web\.venv\Lib\site-packages\django\db\backends\utils.py", line 79, in execute
    return self._execute_with_wrappers(
           ~~~~~~~~~~~~~~~~~~~~~~~~~~~^
        sql, params, many=False, executor=self._execute
        ^^^^^^^^^^^^^^^^^^^^^^^^^^^^^^^^^^^^^^^^^^^^^^^
    )
    ^
  File "C:\Users\majd9\OneDrive\Desktop\tizahab_project1\tizahab-web\.venv\Lib\site-packages\django\db\backends\utils.py", line 92, in _execute_with_wrappers
    return executor(sql, params, many, context)
  File "C:\Users\majd9\OneDrive\Desktop\tizahab_project1\tizahab-web\.venv\Lib\site-packages\django\db\backends\utils.py", line 100, in _execute
    with self.db.wrap_database_errors:
         ^^^^^^^^^^^^^^^^^^^^^^^^^^^^
  File "C:\Users\majd9\OneDrive\Desktop\tizahab_project1\tizahab-web\.venv\Lib\site-packages\django\db\utils.py", line 94, in __exit__
    raise dj_exc_value.with_traceback(traceback) from exc_value
  File "C:\Users\majd9\OneDrive\Desktop\tizahab_project1\tizahab-web\.venv\Lib\site-packages\django\db\backends\utils.py", line 105, in _execute
    return self.cursor.execute(sql, params)
           ~~~~~~~~~~~~~~~~~~~^^^^^^^^^^^^^
  File "C:\Users\majd9\OneDrive\Desktop\tizahab_project1\tizahab-web\.venv\Lib\site-packages\django\db\backends\sqlite3\base.py", line 359, in execute
    return super().execute(query, params)
           ~~~~~~~~~~~~~~~^^^^^^^^^^^^^^^
django.db.utils.OperationalError: no such column: accounts_userpreferences.trip_duration
ERROR 2026-04-12 16:01:00 log 5828 14564 "POST /api/auth/preferences/ HTTP/1.1" 500 185308
WARNING 2026-04-12 16:01:07 log 5828 14564 Not Found: /.well-known/appspecific/com.chrome.devtools.json
WARNING 2026-04-12 16:01:07 log 5828 14564 "GET /.well-known/appspecific/com.chrome.devtools.json HTTP/1.1" 404 5423
ERROR 2026-04-12 16:01:10 log 5828 14564 Internal Server Error: /api/auth/preferences/
Traceback (most recent call last):
  File "C:\Users\majd9\OneDrive\Desktop\tizahab_project1\tizahab-web\.venv\Lib\site-packages\django\db\backends\utils.py", line 105, in _execute
    return self.cursor.execute(sql, params)
           ~~~~~~~~~~~~~~~~~~~^^^^^^^^^^^^^
  File "C:\Users\majd9\OneDrive\Desktop\tizahab_project1\tizahab-web\.venv\Lib\site-packages\django\db\backends\sqlite3\base.py", line 359, in execute
    return super().execute(query, params)
           ~~~~~~~~~~~~~~~^^^^^^^^^^^^^^^
sqlite3.OperationalError: no such column: accounts_userpreferences.trip_duration

The above exception was the direct cause of the following exception:

Traceback (most recent call last):
  File "C:\Users\majd9\OneDrive\Desktop\tizahab_project1\tizahab-web\.venv\Lib\site-packages\django\core\handlers\exception.py", line 55, in inner
    response = get_response(request)
  File "C:\Users\majd9\OneDrive\Desktop\tizahab_project1\tizahab-web\.venv\Lib\site-packages\django\core\handlers\base.py", line 198, in _get_response
    response = wrapped_callback(request, *callback_args, **callback_kwargs)
  File "C:\Users\majd9\OneDrive\Desktop\tizahab_project1\tizahab-web\.venv\Lib\site-packages\django\views\decorators\csrf.py", line 65, in _view_wrapper
    return view_func(request, *args, **kwargs)
  File "C:\Users\majd9\OneDrive\Desktop\tizahab_project1\tizahab-web\.venv\Lib\site-packages\django\views\generic\base.py", line 106, in view
    return self.dispatch(request, *args, **kwargs)
           ~~~~~~~~~~~~~^^^^^^^^^^^^^^^^^^^^^^^^^^
  File "C:\Users\majd9\OneDrive\Desktop\tizahab_project1\tizahab-web\.venv\Lib\site-packages\rest_framework\views.py", line 515, in dispatch
    response = self.handle_exception(exc)
  File "C:\Users\majd9\OneDrive\Desktop\tizahab_project1\tizahab-web\.venv\Lib\site-packages\rest_framework\views.py", line 475, in handle_exception
    self.raise_uncaught_exception(exc)
    ~~~~~~~~~~~~~~~~~~~~~~~~~~~~~^^^^^
  File "C:\Users\majd9\OneDrive\Desktop\tizahab_project1\tizahab-web\.venv\Lib\site-packages\rest_framework\views.py", line 486, in raise_uncaught_exception
    raise exc
  File "C:\Users\majd9\OneDrive\Desktop\tizahab_project1\tizahab-web\.venv\Lib\site-packages\rest_framework\views.py", line 512, in dispatch
    response = handler(request, *args, **kwargs)
  File "C:\Users\majd9\OneDrive\Desktop\tizahab_project1\tizahab-web\accounts\views.py", line 258, in post
    preferences, created = UserPreferences.objects.get_or_create(user=request.user)
                           ~~~~~~~~~~~~~~~~~~~~~~~~~~~~~~~~~~~~~^^^^^^^^^^^^^^^^^^^
  File "C:\Users\majd9\OneDrive\Desktop\tizahab_project1\tizahab-web\.venv\Lib\site-packages\django\db\models\manager.py", line 87, in manager_method
    return getattr(self.get_queryset(), name)(*args, **kwargs)
           ~~~~~~~~~~~~~~~~~~~~~~~~~~~~~~~~~~^^^^^^^^^^^^^^^^^
  File "C:\Users\majd9\OneDrive\Desktop\tizahab_project1\tizahab-web\.venv\Lib\site-packages\django\db\models\query.py", line 987, in get_or_create
    return self.get(**kwargs), False
           ~~~~~~~~^^^^^^^^^^
  File "C:\Users\majd9\OneDrive\Desktop\tizahab_project1\tizahab-web\.venv\Lib\site-packages\django\db\models\query.py", line 635, in get
    num = len(clone)
  File "C:\Users\majd9\OneDrive\Desktop\tizahab_project1\tizahab-web\.venv\Lib\site-packages\django\db\models\query.py", line 372, in __len__
    self._fetch_all()
    ~~~~~~~~~~~~~~~^^
  File "C:\Users\majd9\OneDrive\Desktop\tizahab_project1\tizahab-web\.venv\Lib\site-packages\django\db\models\query.py", line 2000, in _fetch_all
    self._result_cache = list(self._iterable_class(self))
                         ~~~~^^^^^^^^^^^^^^^^^^^^^^^^^^^^
  File "C:\Users\majd9\OneDrive\Desktop\tizahab_project1\tizahab-web\.venv\Lib\site-packages\django\db\models\query.py", line 95, in __iter__
    results = compiler.execute_sql(
        chunked_fetch=self.chunked_fetch, chunk_size=self.chunk_size
    )
  File "C:\Users\majd9\OneDrive\Desktop\tizahab_project1\tizahab-web\.venv\Lib\site-packages\django\db\models\sql\compiler.py", line 1624, in execute_sql
    cursor.execute(sql, params)
    ~~~~~~~~~~~~~~^^^^^^^^^^^^^
  File "C:\Users\majd9\OneDrive\Desktop\tizahab_project1\tizahab-web\.venv\Lib\site-packages\django\db\backends\utils.py", line 122, in execute
    return super().execute(sql, params)
           ~~~~~~~~~~~~~~~^^^^^^^^^^^^^
  File "C:\Users\majd9\OneDrive\Desktop\tizahab_project1\tizahab-web\.venv\Lib\site-packages\django\db\backends\utils.py", line 79, in execute
    return self._execute_with_wrappers(
           ~~~~~~~~~~~~~~~~~~~~~~~~~~~^
        sql, params, many=False, executor=self._execute
        ^^^^^^^^^^^^^^^^^^^^^^^^^^^^^^^^^^^^^^^^^^^^^^^
    )
    ^
  File "C:\Users\majd9\OneDrive\Desktop\tizahab_project1\tizahab-web\.venv\Lib\site-packages\django\db\backends\utils.py", line 92, in _execute_with_wrappers
    return executor(sql, params, many, context)
  File "C:\Users\majd9\OneDrive\Desktop\tizahab_project1\tizahab-web\.venv\Lib\site-packages\django\db\backends\utils.py", line 100, in _execute
    with self.db.wrap_database_errors:
         ^^^^^^^^^^^^^^^^^^^^^^^^^^^^
  File "C:\Users\majd9\OneDrive\Desktop\tizahab_project1\tizahab-web\.venv\Lib\site-packages\django\db\utils.py", line 94, in __exit__
    raise dj_exc_value.with_traceback(traceback) from exc_value
  File "C:\Users\majd9\OneDrive\Desktop\tizahab_project1\tizahab-web\.venv\Lib\site-packages\django\db\backends\utils.py", line 105, in _execute
    return self.cursor.execute(sql, params)
           ~~~~~~~~~~~~~~~~~~~^^^^^^^^^^^^^
  File "C:\Users\majd9\OneDrive\Desktop\tizahab_project1\tizahab-web\.venv\Lib\site-packages\django\db\backends\sqlite3\base.py", line 359, in execute
    return super().execute(query, params)
           ~~~~~~~~~~~~~~~^^^^^^^^^^^^^^^
django.db.utils.OperationalError: no such column: accounts_userpreferences.trip_duration
ERROR 2026-04-12 16:01:10 log 5828 14564 "POST /api/auth/preferences/ HTTP/1.1" 500 185328
INFO 2026-04-12 16:06:56 autoreload 1936 20132 Watching for file changes with StatReloader
ERROR 2026-04-12 16:07:01 log 1936 6796 Internal Server Error: /api/auth/preferences/
Traceback (most recent call last):
  File "C:\Users\majd9\OneDrive\Desktop\tizahab_project1\tizahab-web\.venv\Lib\site-packages\django\db\backends\utils.py", line 105, in _execute
    return self.cursor.execute(sql, params)
           ~~~~~~~~~~~~~~~~~~~^^^^^^^^^^^^^
  File "C:\Users\majd9\OneDrive\Desktop\tizahab_project1\tizahab-web\.venv\Lib\site-packages\django\db\backends\sqlite3\base.py", line 359, in execute
    return super().execute(query, params)
           ~~~~~~~~~~~~~~~^^^^^^^^^^^^^^^
sqlite3.OperationalError: no such column: accounts_userpreferences.trip_duration

The above exception was the direct cause of the following exception:

Traceback (most recent call last):
  File "C:\Users\majd9\OneDrive\Desktop\tizahab_project1\tizahab-web\.venv\Lib\site-packages\django\core\handlers\exception.py", line 55, in inner
    response = get_response(request)
  File "C:\Users\majd9\OneDrive\Desktop\tizahab_project1\tizahab-web\.venv\Lib\site-packages\django\core\handlers\base.py", line 198, in _get_response
    response = wrapped_callback(request, *callback_args, **callback_kwargs)
  File "C:\Users\majd9\OneDrive\Desktop\tizahab_project1\tizahab-web\.venv\Lib\site-packages\django\views\decorators\csrf.py", line 65, in _view_wrapper
    return view_func(request, *args, **kwargs)
  File "C:\Users\majd9\OneDrive\Desktop\tizahab_project1\tizahab-web\.venv\Lib\site-packages\django\views\generic\base.py", line 106, in view
    return self.dispatch(request, *args, **kwargs)
           ~~~~~~~~~~~~~^^^^^^^^^^^^^^^^^^^^^^^^^^
  File "C:\Users\majd9\OneDrive\Desktop\tizahab_project1\tizahab-web\.venv\Lib\site-packages\rest_framework\views.py", line 515, in dispatch
    response = self.handle_exception(exc)
  File "C:\Users\majd9\OneDrive\Desktop\tizahab_project1\tizahab-web\.venv\Lib\site-packages\rest_framework\views.py", line 475, in handle_exception
    self.raise_uncaught_exception(exc)
    ~~~~~~~~~~~~~~~~~~~~~~~~~~~~~^^^^^
  File "C:\Users\majd9\OneDrive\Desktop\tizahab_project1\tizahab-web\.venv\Lib\site-packages\rest_framework\views.py", line 486, in raise_uncaught_exception
    raise exc
  File "C:\Users\majd9\OneDrive\Desktop\tizahab_project1\tizahab-web\.venv\Lib\site-packages\rest_framework\views.py", line 512, in dispatch
    response = handler(request, *args, **kwargs)
  File "C:\Users\majd9\OneDrive\Desktop\tizahab_project1\tizahab-web\accounts\views.py", line 258, in post
    preferences, created = UserPreferences.objects.get_or_create(user=request.user)
                           ~~~~~~~~~~~~~~~~~~~~~~~~~~~~~~~~~~~~~^^^^^^^^^^^^^^^^^^^
  File "C:\Users\majd9\OneDrive\Desktop\tizahab_project1\tizahab-web\.venv\Lib\site-packages\django\db\models\manager.py", line 87, in manager_method
    return getattr(self.get_queryset(), name)(*args, **kwargs)
           ~~~~~~~~~~~~~~~~~~~~~~~~~~~~~~~~~~^^^^^^^^^^^^^^^^^
  File "C:\Users\majd9\OneDrive\Desktop\tizahab_project1\tizahab-web\.venv\Lib\site-packages\django\db\models\query.py", line 987, in get_or_create
    return self.get(**kwargs), False
           ~~~~~~~~^^^^^^^^^^
  File "C:\Users\majd9\OneDrive\Desktop\tizahab_project1\tizahab-web\.venv\Lib\site-packages\django\db\models\query.py", line 635, in get
    num = len(clone)
  File "C:\Users\majd9\OneDrive\Desktop\tizahab_project1\tizahab-web\.venv\Lib\site-packages\django\db\models\query.py", line 372, in __len__
    self._fetch_all()
    ~~~~~~~~~~~~~~~^^
  File "C:\Users\majd9\OneDrive\Desktop\tizahab_project1\tizahab-web\.venv\Lib\site-packages\django\db\models\query.py", line 2000, in _fetch_all
    self._result_cache = list(self._iterable_class(self))
                         ~~~~^^^^^^^^^^^^^^^^^^^^^^^^^^^^
  File "C:\Users\majd9\OneDrive\Desktop\tizahab_project1\tizahab-web\.venv\Lib\site-packages\django\db\models\query.py", line 95, in __iter__
    results = compiler.execute_sql(
        chunked_fetch=self.chunked_fetch, chunk_size=self.chunk_size
    )
  File "C:\Users\majd9\OneDrive\Desktop\tizahab_project1\tizahab-web\.venv\Lib\site-packages\django\db\models\sql\compiler.py", line 1624, in execute_sql
    cursor.execute(sql, params)
    ~~~~~~~~~~~~~~^^^^^^^^^^^^^
  File "C:\Users\majd9\OneDrive\Desktop\tizahab_project1\tizahab-web\.venv\Lib\site-packages\django\db\backends\utils.py", line 122, in execute
    return super().execute(sql, params)
           ~~~~~~~~~~~~~~~^^^^^^^^^^^^^
  File "C:\Users\majd9\OneDrive\Desktop\tizahab_project1\tizahab-web\.venv\Lib\site-packages\django\db\backends\utils.py", line 79, in execute
    return self._execute_with_wrappers(
           ~~~~~~~~~~~~~~~~~~~~~~~~~~~^
        sql, params, many=False, executor=self._execute
        ^^^^^^^^^^^^^^^^^^^^^^^^^^^^^^^^^^^^^^^^^^^^^^^
    )
    ^
  File "C:\Users\majd9\OneDrive\Desktop\tizahab_project1\tizahab-web\.venv\Lib\site-packages\django\db\backends\utils.py", line 92, in _execute_with_wrappers
    return executor(sql, params, many, context)
  File "C:\Users\majd9\OneDrive\Desktop\tizahab_project1\tizahab-web\.venv\Lib\site-packages\django\db\backends\utils.py", line 100, in _execute
    with self.db.wrap_database_errors:
         ^^^^^^^^^^^^^^^^^^^^^^^^^^^^
  File "C:\Users\majd9\OneDrive\Desktop\tizahab_project1\tizahab-web\.venv\Lib\site-packages\django\db\utils.py", line 94, in __exit__
    raise dj_exc_value.with_traceback(traceback) from exc_value
  File "C:\Users\majd9\OneDrive\Desktop\tizahab_project1\tizahab-web\.venv\Lib\site-packages\django\db\backends\utils.py", line 105, in _execute
    return self.cursor.execute(sql, params)
           ~~~~~~~~~~~~~~~~~~~^^^^^^^^^^^^^
  File "C:\Users\majd9\OneDrive\Desktop\tizahab_project1\tizahab-web\.venv\Lib\site-packages\django\db\backends\sqlite3\base.py", line 359, in execute
    return super().execute(query, params)
           ~~~~~~~~~~~~~~~^^^^^^^^^^^^^^^
django.db.utils.OperationalError: no such column: accounts_userpreferences.trip_duration
ERROR 2026-04-12 16:07:01 log 1936 6796 "POST /api/auth/preferences/ HTTP/1.1" 500 185328
INFO 2026-04-12 16:07:04 log 1936 6796 "GET /api/auth/ui/preferences/ HTTP/1.1" 200 23324
WARNING 2026-04-12 16:07:04 log 1936 6796 Not Found: /.well-known/appspecific/com.chrome.devtools.json
WARNING 2026-04-12 16:07:04 log 1936 6796 "GET /.well-known/appspecific/com.chrome.devtools.json HTTP/1.1" 404 5423
ERROR 2026-04-12 16:07:04 log 1936 6796 Internal Server Error: /api/auth/preferences/
Traceback (most recent call last):
  File "C:\Users\majd9\OneDrive\Desktop\tizahab_project1\tizahab-web\.venv\Lib\site-packages\django\db\backends\utils.py", line 105, in _execute
    return self.cursor.execute(sql, params)
           ~~~~~~~~~~~~~~~~~~~^^^^^^^^^^^^^
  File "C:\Users\majd9\OneDrive\Desktop\tizahab_project1\tizahab-web\.venv\Lib\site-packages\django\db\backends\sqlite3\base.py", line 359, in execute
    return super().execute(query, params)
           ~~~~~~~~~~~~~~~^^^^^^^^^^^^^^^
sqlite3.OperationalError: no such column: accounts_userpreferences.trip_duration

The above exception was the direct cause of the following exception:

Traceback (most recent call last):
  File "C:\Users\majd9\OneDrive\Desktop\tizahab_project1\tizahab-web\.venv\Lib\site-packages\django\core\handlers\exception.py", line 55, in inner
    response = get_response(request)
  File "C:\Users\majd9\OneDrive\Desktop\tizahab_project1\tizahab-web\.venv\Lib\site-packages\django\core\handlers\base.py", line 198, in _get_response
    response = wrapped_callback(request, *callback_args, **callback_kwargs)
  File "C:\Users\majd9\OneDrive\Desktop\tizahab_project1\tizahab-web\.venv\Lib\site-packages\django\views\decorators\csrf.py", line 65, in _view_wrapper
    return view_func(request, *args, **kwargs)
  File "C:\Users\majd9\OneDrive\Desktop\tizahab_project1\tizahab-web\.venv\Lib\site-packages\django\views\generic\base.py", line 106, in view
    return self.dispatch(request, *args, **kwargs)
           ~~~~~~~~~~~~~^^^^^^^^^^^^^^^^^^^^^^^^^^
  File "C:\Users\majd9\OneDrive\Desktop\tizahab_project1\tizahab-web\.venv\Lib\site-packages\rest_framework\views.py", line 515, in dispatch
    response = self.handle_exception(exc)
  File "C:\Users\majd9\OneDrive\Desktop\tizahab_project1\tizahab-web\.venv\Lib\site-packages\rest_framework\views.py", line 475, in handle_exception
    self.raise_uncaught_exception(exc)
    ~~~~~~~~~~~~~~~~~~~~~~~~~~~~~^^^^^
  File "C:\Users\majd9\OneDrive\Desktop\tizahab_project1\tizahab-web\.venv\Lib\site-packages\rest_framework\views.py", line 486, in raise_uncaught_exception
    raise exc
  File "C:\Users\majd9\OneDrive\Desktop\tizahab_project1\tizahab-web\.venv\Lib\site-packages\rest_framework\views.py", line 512, in dispatch
    response = handler(request, *args, **kwargs)
  File "C:\Users\majd9\OneDrive\Desktop\tizahab_project1\tizahab-web\accounts\views.py", line 253, in get
    preferences, _ = UserPreferences.objects.get_or_create(user=request.user)
                     ~~~~~~~~~~~~~~~~~~~~~~~~~~~~~~~~~~~~~^^^^^^^^^^^^^^^^^^^
  File "C:\Users\majd9\OneDrive\Desktop\tizahab_project1\tizahab-web\.venv\Lib\site-packages\django\db\models\manager.py", line 87, in manager_method
    return getattr(self.get_queryset(), name)(*args, **kwargs)
           ~~~~~~~~~~~~~~~~~~~~~~~~~~~~~~~~~~^^^^^^^^^^^^^^^^^
  File "C:\Users\majd9\OneDrive\Desktop\tizahab_project1\tizahab-web\.venv\Lib\site-packages\django\db\models\query.py", line 987, in get_or_create
    return self.get(**kwargs), False
           ~~~~~~~~^^^^^^^^^^
  File "C:\Users\majd9\OneDrive\Desktop\tizahab_project1\tizahab-web\.venv\Lib\site-packages\django\db\models\query.py", line 635, in get
    num = len(clone)
  File "C:\Users\majd9\OneDrive\Desktop\tizahab_project1\tizahab-web\.venv\Lib\site-packages\django\db\models\query.py", line 372, in __len__
    self._fetch_all()
    ~~~~~~~~~~~~~~~^^
  File "C:\Users\majd9\OneDrive\Desktop\tizahab_project1\tizahab-web\.venv\Lib\site-packages\django\db\models\query.py", line 2000, in _fetch_all
    self._result_cache = list(self._iterable_class(self))
                         ~~~~^^^^^^^^^^^^^^^^^^^^^^^^^^^^
  File "C:\Users\majd9\OneDrive\Desktop\tizahab_project1\tizahab-web\.venv\Lib\site-packages\django\db\models\query.py", line 95, in __iter__
    results = compiler.execute_sql(
        chunked_fetch=self.chunked_fetch, chunk_size=self.chunk_size
    )
  File "C:\Users\majd9\OneDrive\Desktop\tizahab_project1\tizahab-web\.venv\Lib\site-packages\django\db\models\sql\compiler.py", line 1624, in execute_sql
    cursor.execute(sql, params)
    ~~~~~~~~~~~~~~^^^^^^^^^^^^^
  File "C:\Users\majd9\OneDrive\Desktop\tizahab_project1\tizahab-web\.venv\Lib\site-packages\django\db\backends\utils.py", line 122, in execute
    return super().execute(sql, params)
           ~~~~~~~~~~~~~~~^^^^^^^^^^^^^
  File "C:\Users\majd9\OneDrive\Desktop\tizahab_project1\tizahab-web\.venv\Lib\site-packages\django\db\backends\utils.py", line 79, in execute
    return self._execute_with_wrappers(
           ~~~~~~~~~~~~~~~~~~~~~~~~~~~^
        sql, params, many=False, executor=self._execute
        ^^^^^^^^^^^^^^^^^^^^^^^^^^^^^^^^^^^^^^^^^^^^^^^
    )
    ^
  File "C:\Users\majd9\OneDrive\Desktop\tizahab_project1\tizahab-web\.venv\Lib\site-packages\django\db\backends\utils.py", line 92, in _execute_with_wrappers
    return executor(sql, params, many, context)
  File "C:\Users\majd9\OneDrive\Desktop\tizahab_project1\tizahab-web\.venv\Lib\site-packages\django\db\backends\utils.py", line 100, in _execute
    with self.db.wrap_database_errors:
         ^^^^^^^^^^^^^^^^^^^^^^^^^^^^
  File "C:\Users\majd9\OneDrive\Desktop\tizahab_project1\tizahab-web\.venv\Lib\site-packages\django\db\utils.py", line 94, in __exit__
    raise dj_exc_value.with_traceback(traceback) from exc_value
  File "C:\Users\majd9\OneDrive\Desktop\tizahab_project1\tizahab-web\.venv\Lib\site-packages\django\db\backends\utils.py", line 105, in _execute
    return self.cursor.execute(sql, params)
           ~~~~~~~~~~~~~~~~~~~^^^^^^^^^^^^^
  File "C:\Users\majd9\OneDrive\Desktop\tizahab_project1\tizahab-web\.venv\Lib\site-packages\django\db\backends\sqlite3\base.py", line 359, in execute
    return super().execute(query, params)
           ~~~~~~~~~~~~~~~^^^^^^^^^^^^^^^
django.db.utils.OperationalError: no such column: accounts_userpreferences.trip_duration
ERROR 2026-04-12 16:07:04 log 1936 6796 "GET /api/auth/preferences/ HTTP/1.1" 500 185134
ERROR 2026-04-12 16:07:12 log 1936 6796 Internal Server Error: /api/auth/preferences/
Traceback (most recent call last):
  File "C:\Users\majd9\OneDrive\Desktop\tizahab_project1\tizahab-web\.venv\Lib\site-packages\django\db\backends\utils.py", line 105, in _execute
    return self.cursor.execute(sql, params)
           ~~~~~~~~~~~~~~~~~~~^^^^^^^^^^^^^
  File "C:\Users\majd9\OneDrive\Desktop\tizahab_project1\tizahab-web\.venv\Lib\site-packages\django\db\backends\sqlite3\base.py", line 359, in execute
    return super().execute(query, params)
           ~~~~~~~~~~~~~~~^^^^^^^^^^^^^^^
sqlite3.OperationalError: no such column: accounts_userpreferences.trip_duration

The above exception was the direct cause of the following exception:

Traceback (most recent call last):
  File "C:\Users\majd9\OneDrive\Desktop\tizahab_project1\tizahab-web\.venv\Lib\site-packages\django\core\handlers\exception.py", line 55, in inner
    response = get_response(request)
  File "C:\Users\majd9\OneDrive\Desktop\tizahab_project1\tizahab-web\.venv\Lib\site-packages\django\core\handlers\base.py", line 198, in _get_response
    response = wrapped_callback(request, *callback_args, **callback_kwargs)
  File "C:\Users\majd9\OneDrive\Desktop\tizahab_project1\tizahab-web\.venv\Lib\site-packages\django\views\decorators\csrf.py", line 65, in _view_wrapper
    return view_func(request, *args, **kwargs)
  File "C:\Users\majd9\OneDrive\Desktop\tizahab_project1\tizahab-web\.venv\Lib\site-packages\django\views\generic\base.py", line 106, in view
    return self.dispatch(request, *args, **kwargs)
           ~~~~~~~~~~~~~^^^^^^^^^^^^^^^^^^^^^^^^^^
  File "C:\Users\majd9\OneDrive\Desktop\tizahab_project1\tizahab-web\.venv\Lib\site-packages\rest_framework\views.py", line 515, in dispatch
    response = self.handle_exception(exc)
  File "C:\Users\majd9\OneDrive\Desktop\tizahab_project1\tizahab-web\.venv\Lib\site-packages\rest_framework\views.py", line 475, in handle_exception
    self.raise_uncaught_exception(exc)
    ~~~~~~~~~~~~~~~~~~~~~~~~~~~~~^^^^^
  File "C:\Users\majd9\OneDrive\Desktop\tizahab_project1\tizahab-web\.venv\Lib\site-packages\rest_framework\views.py", line 486, in raise_uncaught_exception
    raise exc
  File "C:\Users\majd9\OneDrive\Desktop\tizahab_project1\tizahab-web\.venv\Lib\site-packages\rest_framework\views.py", line 512, in dispatch
    response = handler(request, *args, **kwargs)
  File "C:\Users\majd9\OneDrive\Desktop\tizahab_project1\tizahab-web\accounts\views.py", line 258, in post
    preferences, created = UserPreferences.objects.get_or_create(user=request.user)
                           ~~~~~~~~~~~~~~~~~~~~~~~~~~~~~~~~~~~~~^^^^^^^^^^^^^^^^^^^
  File "C:\Users\majd9\OneDrive\Desktop\tizahab_project1\tizahab-web\.venv\Lib\site-packages\django\db\models\manager.py", line 87, in manager_method
    return getattr(self.get_queryset(), name)(*args, **kwargs)
           ~~~~~~~~~~~~~~~~~~~~~~~~~~~~~~~~~~^^^^^^^^^^^^^^^^^
  File "C:\Users\majd9\OneDrive\Desktop\tizahab_project1\tizahab-web\.venv\Lib\site-packages\django\db\models\query.py", line 987, in get_or_create
    return self.get(**kwargs), False
           ~~~~~~~~^^^^^^^^^^
  File "C:\Users\majd9\OneDrive\Desktop\tizahab_project1\tizahab-web\.venv\Lib\site-packages\django\db\models\query.py", line 635, in get
    num = len(clone)
  File "C:\Users\majd9\OneDrive\Desktop\tizahab_project1\tizahab-web\.venv\Lib\site-packages\django\db\models\query.py", line 372, in __len__
    self._fetch_all()
    ~~~~~~~~~~~~~~~^^
  File "C:\Users\majd9\OneDrive\Desktop\tizahab_project1\tizahab-web\.venv\Lib\site-packages\django\db\models\query.py", line 2000, in _fetch_all
    self._result_cache = list(self._iterable_class(self))
                         ~~~~^^^^^^^^^^^^^^^^^^^^^^^^^^^^
  File "C:\Users\majd9\OneDrive\Desktop\tizahab_project1\tizahab-web\.venv\Lib\site-packages\django\db\models\query.py", line 95, in __iter__
    results = compiler.execute_sql(
        chunked_fetch=self.chunked_fetch, chunk_size=self.chunk_size
    )
  File "C:\Users\majd9\OneDrive\Desktop\tizahab_project1\tizahab-web\.venv\Lib\site-packages\django\db\models\sql\compiler.py", line 1624, in execute_sql
    cursor.execute(sql, params)
    ~~~~~~~~~~~~~~^^^^^^^^^^^^^
  File "C:\Users\majd9\OneDrive\Desktop\tizahab_project1\tizahab-web\.venv\Lib\site-packages\django\db\backends\utils.py", line 122, in execute
    return super().execute(sql, params)
           ~~~~~~~~~~~~~~~^^^^^^^^^^^^^
  File "C:\Users\majd9\OneDrive\Desktop\tizahab_project1\tizahab-web\.venv\Lib\site-packages\django\db\backends\utils.py", line 79, in execute
    return self._execute_with_wrappers(
           ~~~~~~~~~~~~~~~~~~~~~~~~~~~^
        sql, params, many=False, executor=self._execute
        ^^^^^^^^^^^^^^^^^^^^^^^^^^^^^^^^^^^^^^^^^^^^^^^
    )
    ^
  File "C:\Users\majd9\OneDrive\Desktop\tizahab_project1\tizahab-web\.venv\Lib\site-packages\django\db\backends\utils.py", line 92, in _execute_with_wrappers
    return executor(sql, params, many, context)
  File "C:\Users\majd9\OneDrive\Desktop\tizahab_project1\tizahab-web\.venv\Lib\site-packages\django\db\backends\utils.py", line 100, in _execute
    with self.db.wrap_database_errors:
         ^^^^^^^^^^^^^^^^^^^^^^^^^^^^
  File "C:\Users\majd9\OneDrive\Desktop\tizahab_project1\tizahab-web\.venv\Lib\site-packages\django\db\utils.py", line 94, in __exit__
    raise dj_exc_value.with_traceback(traceback) from exc_value
  File "C:\Users\majd9\OneDrive\Desktop\tizahab_project1\tizahab-web\.venv\Lib\site-packages\django\db\backends\utils.py", line 105, in _execute
    return self.cursor.execute(sql, params)
           ~~~~~~~~~~~~~~~~~~~^^^^^^^^^^^^^
  File "C:\Users\majd9\OneDrive\Desktop\tizahab_project1\tizahab-web\.venv\Lib\site-packages\django\db\backends\sqlite3\base.py", line 359, in execute
    return super().execute(query, params)
           ~~~~~~~~~~~~~~~^^^^^^^^^^^^^^^
django.db.utils.OperationalError: no such column: accounts_userpreferences.trip_duration
ERROR 2026-04-12 16:07:12 log 1936 6796 "POST /api/auth/preferences/ HTTP/1.1" 500 185328
INFO 2026-04-12 16:10:06 autoreload 24208 11580 Watching for file changes with StatReloader
INFO 2026-04-12 16:10:11 log 24208 14200 "GET / HTTP/1.1" 200 21143
INFO 2026-04-12 16:10:19 log 24208 14200 "GET /login/ HTTP/1.1" 200 5489
WARNING 2026-04-12 16:10:29 log 24208 14200 Bad Request: /api/auth/login/
WARNING 2026-04-12 16:10:29 log 24208 14200 "POST /api/auth/login/ HTTP/1.1" 400 51
INFO 2026-04-12 16:10:35 log 24208 14200 "POST /api/auth/login/ HTTP/1.1" 200 491
INFO 2026-04-12 16:10:35 log 24208 14200 "GET /home/ HTTP/1.1" 200 21388
INFO 2026-04-12 16:10:35 log 24208 14200 "GET /api/auth/me/ HTTP/1.1" 200 203
INFO 2026-04-12 16:10:35 log 24208 22040 "GET /api/events/filtered/ HTTP/1.1" 200 17951
INFO 2026-04-12 16:10:35 log 24208 748 "GET /api/events/ HTTP/1.1" 200 20634
INFO 2026-04-12 16:10:35 log 24208 21332 "GET /api/daily-plan/ HTTP/1.1" 200 17473
INFO 2026-04-12 16:10:38 log 24208 21332 "GET /profile/ HTTP/1.1" 200 28800
INFO 2026-04-12 16:10:38 log 24208 22040 "GET /api/auth/preferences/ HTTP/1.1" 200 164
INFO 2026-04-12 16:10:38 log 24208 14200 "GET /api/events/favorites/ HTTP/1.1" 200 2
INFO 2026-04-12 16:10:38 log 24208 21332 "GET /api/auth/me/ HTTP/1.1" 200 203
INFO 2026-04-12 16:10:38 log 24208 748 "GET /api/daily-plan/ HTTP/1.1" 200 17473
INFO 2026-04-12 16:10:38 log 24208 20940 "GET /api/auth/me/ HTTP/1.1" 200 203
INFO 2026-04-12 16:10:40 log 24208 20940 "GET /api/auth/ui/preferences/ HTTP/1.1" 200 23324
INFO 2026-04-12 16:10:40 log 24208 20940 "GET /api/auth/preferences/ HTTP/1.1" 200 164
INFO 2026-04-12 16:10:44 log 24208 20940 "POST /api/auth/preferences/ HTTP/1.1" 200 176
INFO 2026-04-12 16:10:45 log 24208 20940 "GET /home/ HTTP/1.1" 200 21388
INFO 2026-04-12 16:10:45 log 24208 20940 "GET /api/auth/me/ HTTP/1.1" 200 215
INFO 2026-04-12 16:10:45 log 24208 748 "GET /api/events/ HTTP/1.1" 200 20634
INFO 2026-04-12 16:10:45 log 24208 21332 "GET /api/daily-plan/ HTTP/1.1" 200 17473
INFO 2026-04-12 16:10:45 log 24208 14200 "GET /api/events/filtered/ HTTP/1.1" 200 17951
INFO 2026-04-12 16:10:47 log 24208 14200 "GET /daily-plan/ HTTP/1.1" 200 22047
INFO 2026-04-12 16:10:48 log 24208 14200 "GET /static/js/daily_plan_integration.js?v=99 HTTP/1.1" 200 34450
INFO 2026-04-12 16:10:48 log 24208 14200 "GET /api/auth/me/ HTTP/1.1" 200 215
INFO 2026-04-12 16:10:48 log 24208 14200 "GET /api/auth/me/ HTTP/1.1" 200 215
INFO 2026-04-12 16:10:48 log 24208 748 "GET /api/events/?category=outdoor HTTP/1.1" 200 10793
INFO 2026-04-12 16:10:48 log 24208 21332 "GET /api/events/?category=food HTTP/1.1" 200 15232
INFO 2026-04-12 16:10:48 log 24208 20940 "GET /api/events/ HTTP/1.1" 200 20634
INFO 2026-04-12 16:10:48 log 24208 14200 "GET /api/daily-plan/ HTTP/1.1" 200 17473
INFO 2026-04-12 16:10:49 log 24208 14200 "GET /api/auth/me/ HTTP/1.1" 200 215
INFO 2026-04-12 16:10:49 log 24208 14200 "POST /api/daily-plan/generate-multiday/ HTTP/1.1" 200 1933
INFO 2026-04-12 16:12:04 log 24208 14200 "GET /map/ HTTP/1.1" 200 16661
INFO 2026-04-12 16:12:07 log 24208 14200 "GET /api/auth/me/ HTTP/1.1" 200 215
INFO 2026-04-12 16:12:09 log 24208 14200 "GET /events/page/ HTTP/1.1" 200 24387
INFO 2026-04-12 16:12:09 log 24208 14200 "GET /api/auth/me/ HTTP/1.1" 200 215
INFO 2026-04-12 16:12:09 log 24208 14200 "GET /api/events/favorites/ HTTP/1.1" 200 2
INFO 2026-04-12 16:12:09 log 24208 14200 "GET /api/events/ HTTP/1.1" 200 20634
INFO 2026-04-12 16:13:50 log 24208 14200 "GET /profile/ HTTP/1.1" 200 28800
INFO 2026-04-12 16:13:54 log 24208 20940 "GET /api/auth/preferences/ HTTP/1.1" 200 176
INFO 2026-04-12 16:13:54 log 24208 14200 "GET /api/auth/me/ HTTP/1.1" 200 215
INFO 2026-04-12 16:13:54 log 24208 748 "GET /api/events/favorites/ HTTP/1.1" 200 2
INFO 2026-04-12 16:13:54 log 24208 22040 "GET /api/auth/me/ HTTP/1.1" 200 215
INFO 2026-04-12 16:13:54 log 24208 21332 "GET /api/daily-plan/ HTTP/1.1" 200 13471
INFO 2026-04-12 16:14:00 log 24208 21332 "GET /daily-plan/ HTTP/1.1" 200 22047
INFO 2026-04-12 16:14:00 log 24208 21332 "GET /static/js/daily_plan_integration.js?v=99 HTTP/1.1" 304 0
INFO 2026-04-12 16:14:00 log 24208 21332 "GET /api/auth/me/ HTTP/1.1" 200 215
INFO 2026-04-12 16:14:00 log 24208 20940 "GET /api/auth/me/ HTTP/1.1" 200 215
INFO 2026-04-12 16:14:00 log 24208 14200 "GET /api/events/ HTTP/1.1" 200 20634
INFO 2026-04-12 16:14:00 log 24208 748 "GET /api/events/?category=outdoor HTTP/1.1" 200 10793
INFO 2026-04-12 16:14:00 log 24208 22040 "GET /api/events/?category=food HTTP/1.1" 200 15232
INFO 2026-04-12 16:14:00 log 24208 20940 "GET /api/daily-plan/ HTTP/1.1" 200 13471
INFO 2026-04-12 16:14:40 autoreload 5348 22516 Watching for file changes with StatReloader
INFO 2026-04-12 16:14:42 log 5348 1928 "GET / HTTP/1.1" 200 21143
INFO 2026-04-12 16:14:46 log 5348 1928 "GET /login/ HTTP/1.1" 200 5489
INFO 2026-04-12 16:14:54 log 5348 1928 "POST /api/auth/login/ HTTP/1.1" 200 491
INFO 2026-04-12 16:14:54 log 5348 1928 "GET /home/ HTTP/1.1" 200 21388
INFO 2026-04-12 16:14:54 log 5348 1928 "GET /static/js/home.js HTTP/1.1" 304 0
INFO 2026-04-12 16:14:55 log 5348 1928 "GET /api/auth/me/ HTTP/1.1" 200 215
INFO 2026-04-12 16:14:55 log 5348 12492 "GET /api/daily-plan/ HTTP/1.1" 200 13471
INFO 2026-04-12 16:14:55 log 5348 23496 "GET /api/events/ HTTP/1.1" 200 20634
INFO 2026-04-12 16:14:55 log 5348 24528 "GET /api/events/filtered/ HTTP/1.1" 200 17951
INFO 2026-04-12 16:14:59 log 5348 24528 "GET /daily-plan/ HTTP/1.1" 200 22047
INFO 2026-04-12 16:14:59 log 5348 24528 "GET /api/auth/me/ HTTP/1.1" 200 215
INFO 2026-04-12 16:14:59 log 5348 1904 "GET /api/auth/me/ HTTP/1.1" 200 215
INFO 2026-04-12 16:14:59 log 5348 23496 "GET /api/events/?category=food HTTP/1.1" 200 15232
INFO 2026-04-12 16:14:59 log 5348 1928 "GET /api/events/ HTTP/1.1" 200 20634
INFO 2026-04-12 16:14:59 log 5348 12492 "GET /api/events/?category=outdoor HTTP/1.1" 200 10793
INFO 2026-04-12 16:14:59 log 5348 1904 "GET /api/daily-plan/ HTTP/1.1" 200 13471
INFO 2026-04-12 16:17:12 log 5348 1904 "GET /daily-plan/ HTTP/1.1" 200 22047
INFO 2026-04-12 16:17:12 log 5348 1904 "GET /static/js/daily_plan_integration.js?v=99 HTTP/1.1" 200 35171
INFO 2026-04-12 16:17:13 log 5348 1904 "GET /api/auth/me/ HTTP/1.1" 200 215
INFO 2026-04-12 16:17:13 log 5348 24528 "GET /api/auth/me/ HTTP/1.1" 200 215
INFO 2026-04-12 16:17:13 log 5348 12492 "GET /api/events/?category=outdoor HTTP/1.1" 200 10793
INFO 2026-04-12 16:17:13 log 5348 23496 "GET /api/events/ HTTP/1.1" 200 20634
INFO 2026-04-12 16:17:13 log 5348 1928 "GET /api/events/?category=food HTTP/1.1" 200 15232
INFO 2026-04-12 16:17:14 log 5348 1928 "GET /api/daily-plan/ HTTP/1.1" 200 13471
INFO 2026-04-13 15:59:13 autoreload 32740 27856 Watching for file changes with StatReloader
INFO 2026-04-13 15:59:23 log 32740 12052 "GET / HTTP/1.1" 200 20644
INFO 2026-04-13 15:59:23 log 32740 12052 "GET /static/css/design-system.css HTTP/1.1" 304 0
INFO 2026-04-13 15:59:26 log 32740 12052 "GET /login/ HTTP/1.1" 200 5489
WARNING 2026-04-13 15:59:41 log 32740 12052 Bad Request: /api/auth/login/
WARNING 2026-04-13 15:59:41 log 32740 12052 "POST /api/auth/login/ HTTP/1.1" 400 51
WARNING 2026-04-13 15:59:42 log 32740 25620 Bad Request: /api/auth/login/
WARNING 2026-04-13 15:59:42 log 32740 25620 "POST /api/auth/login/ HTTP/1.1" 400 51
INFO 2026-04-13 15:59:43 log 32740 25620 "GET /api/auth/ui/signup/ HTTP/1.1" 200 5894
INFO 2026-04-13 15:59:45 log 32740 25620 "GET /api/auth/ui/login/ HTTP/1.1" 200 5489
INFO 2026-04-13 15:59:46 log 32740 25620 "GET /api/auth/ui/signup/ HTTP/1.1" 200 5894
INFO 2026-04-13 15:59:47 log 32740 25620 "GET /api/auth/ui/login/ HTTP/1.1" 200 5489
WARNING 2026-04-13 15:59:54 log 32740 25620 Bad Request: /api/auth/login/
WARNING 2026-04-13 15:59:54 log 32740 25620 "POST /api/auth/login/ HTTP/1.1" 400 51
WARNING 2026-04-13 15:59:55 log 32740 12052 Bad Request: /api/auth/login/
WARNING 2026-04-13 15:59:55 log 32740 12052 "POST /api/auth/login/ HTTP/1.1" 400 51
WARNING 2026-04-13 16:00:02 log 32740 12052 Bad Request: /api/auth/login/
WARNING 2026-04-13 16:00:02 log 32740 12052 "POST /api/auth/login/ HTTP/1.1" 400 51
INFO 2026-04-13 16:00:03 log 32740 12052 "GET /api/auth/ui/signup/ HTTP/1.1" 200 5894
WARNING 2026-04-13 16:00:04 log 32740 25620 Bad Request: /api/auth/login/
WARNING 2026-04-13 16:00:04 log 32740 25620 "POST /api/auth/login/ HTTP/1.1" 400 51
INFO 2026-04-13 16:00:33 log 32740 25620 "POST /api/auth/signup/ HTTP/1.1" 201 491
INFO 2026-04-13 16:00:33 log 32740 25620 "GET /onboarding/ HTTP/1.1" 200 23324
INFO 2026-04-13 16:00:33 log 32740 25620 "GET /api/auth/preferences/ HTTP/1.1" 200 114
ERROR 2026-04-13 16:00:34 log 32740 12052 Internal Server Error: /api/auth/signup/
Traceback (most recent call last):
  File "C:\Users\90538\Documents\Progarmming_Projects\tizahab-web\.venv\Lib\site-packages\django\db\backends\utils.py", line 105, in _execute
    return self.cursor.execute(sql, params)
           ^^^^^^^^^^^^^^^^^^^^^^^^^^^^^^^^
  File "C:\Users\90538\Documents\Progarmming_Projects\tizahab-web\.venv\Lib\site-packages\django\db\backends\sqlite3\base.py", line 359, in execute
    return super().execute(query, params)
           ^^^^^^^^^^^^^^^^^^^^^^^^^^^^^^
sqlite3.IntegrityError: UNIQUE constraint failed: auth_user.username

The above exception was the direct cause of the following exception:

Traceback (most recent call last):
  File "C:\Users\90538\Documents\Progarmming_Projects\tizahab-web\.venv\Lib\site-packages\django\core\handlers\exception.py", line 55, in inner
    response = get_response(request)
               ^^^^^^^^^^^^^^^^^^^^^
  File "C:\Users\90538\Documents\Progarmming_Projects\tizahab-web\.venv\Lib\site-packages\django\core\handlers\base.py", line 198, in _get_response
    response = wrapped_callback(request, *callback_args, **callback_kwargs)
               ^^^^^^^^^^^^^^^^^^^^^^^^^^^^^^^^^^^^^^^^^^^^^^^^^^^^^^^^^^^^
  File "C:\Users\90538\Documents\Progarmming_Projects\tizahab-web\.venv\Lib\site-packages\django\views\decorators\csrf.py", line 65, in _view_wrapper
    return view_func(request, *args, **kwargs)
           ^^^^^^^^^^^^^^^^^^^^^^^^^^^^^^^^^^^
  File "C:\Users\90538\Documents\Progarmming_Projects\tizahab-web\.venv\Lib\site-packages\django\views\generic\base.py", line 106, in view
    return self.dispatch(request, *args, **kwargs)
           ^^^^^^^^^^^^^^^^^^^^^^^^^^^^^^^^^^^^^^^
  File "C:\Users\90538\Documents\Progarmming_Projects\tizahab-web\.venv\Lib\site-packages\rest_framework\views.py", line 515, in dispatch
    response = self.handle_exception(exc)
               ^^^^^^^^^^^^^^^^^^^^^^^^^^
  File "C:\Users\90538\Documents\Progarmming_Projects\tizahab-web\.venv\Lib\site-packages\rest_framework\views.py", line 475, in handle_exception
    self.raise_uncaught_exception(exc)
  File "C:\Users\90538\Documents\Progarmming_Projects\tizahab-web\.venv\Lib\site-packages\rest_framework\views.py", line 486, in raise_uncaught_exception
    raise exc
  File "C:\Users\90538\Documents\Progarmming_Projects\tizahab-web\.venv\Lib\site-packages\rest_framework\views.py", line 512, in dispatch
    response = handler(request, *args, **kwargs)
               ^^^^^^^^^^^^^^^^^^^^^^^^^^^^^^^^^
  File "C:\Users\90538\Documents\Progarmming_Projects\tizahab-web\accounts\views.py", line 202, in post
    user = serializer.save()
           ^^^^^^^^^^^^^^^^^
  File "C:\Users\90538\Documents\Progarmming_Projects\tizahab-web\.venv\Lib\site-packages\rest_framework\serializers.py", line 210, in save
    self.instance = self.create(validated_data)
                    ^^^^^^^^^^^^^^^^^^^^^^^^^^^
  File "C:\Users\90538\Documents\Progarmming_Projects\tizahab-web\accounts\serializers.py", line 113, in create
    user = User.objects.create_user(
           ^^^^^^^^^^^^^^^^^^^^^^^^^
  File "C:\Users\90538\Documents\Progarmming_Projects\tizahab-web\.venv\Lib\site-packages\django\contrib\auth\models.py", line 175, in create_user
    return self._create_user(username, email, password, **extra_fields)
           ^^^^^^^^^^^^^^^^^^^^^^^^^^^^^^^^^^^^^^^^^^^^^^^^^^^^^^^^^^^^
  File "C:\Users\90538\Documents\Progarmming_Projects\tizahab-web\.venv\Lib\site-packages\django\contrib\auth\models.py", line 163, in _create_user
    user.save(using=self._db)
  File "C:\Users\90538\Documents\Progarmming_Projects\tizahab-web\.venv\Lib\site-packages\django\contrib\auth\base_user.py", line 62, in save
    super().save(**kwargs)
  File "C:\Users\90538\Documents\Progarmming_Projects\tizahab-web\.venv\Lib\site-packages\django\db\models\base.py", line 874, in save
    self.save_base(
  File "C:\Users\90538\Documents\Progarmming_Projects\tizahab-web\.venv\Lib\site-packages\django\db\models\base.py", line 966, in save_base
    updated = self._save_table(
              ^^^^^^^^^^^^^^^^^
  File "C:\Users\90538\Documents\Progarmming_Projects\tizahab-web\.venv\Lib\site-packages\django\db\models\base.py", line 1167, in _save_table
    results = self._do_insert(
              ^^^^^^^^^^^^^^^^
  File "C:\Users\90538\Documents\Progarmming_Projects\tizahab-web\.venv\Lib\site-packages\django\db\models\base.py", line 1218, in _do_insert
    return manager._insert(
           ^^^^^^^^^^^^^^^^
  File "C:\Users\90538\Documents\Progarmming_Projects\tizahab-web\.venv\Lib\site-packages\django\db\models\manager.py", line 87, in manager_method
    return getattr(self.get_queryset(), name)(*args, **kwargs)
           ^^^^^^^^^^^^^^^^^^^^^^^^^^^^^^^^^^^^^^^^^^^^^^^^^^^
  File "C:\Users\90538\Documents\Progarmming_Projects\tizahab-web\.venv\Lib\site-packages\django\db\models\query.py", line 1918, in _insert
    return query.get_compiler(using=using).execute_sql(returning_fields)
           ^^^^^^^^^^^^^^^^^^^^^^^^^^^^^^^^^^^^^^^^^^^^^^^^^^^^^^^^^^^^^
  File "C:\Users\90538\Documents\Progarmming_Projects\tizahab-web\.venv\Lib\site-packages\django\db\models\sql\compiler.py", line 1925, in execute_sql
    cursor.execute(sql, params)
  File "C:\Users\90538\Documents\Progarmming_Projects\tizahab-web\.venv\Lib\site-packages\django\db\backends\utils.py", line 122, in execute
    return super().execute(sql, params)
           ^^^^^^^^^^^^^^^^^^^^^^^^^^^^
  File "C:\Users\90538\Documents\Progarmming_Projects\tizahab-web\.venv\Lib\site-packages\django\db\backends\utils.py", line 79, in execute
    return self._execute_with_wrappers(
           ^^^^^^^^^^^^^^^^^^^^^^^^^^^^
  File "C:\Users\90538\Documents\Progarmming_Projects\tizahab-web\.venv\Lib\site-packages\django\db\backends\utils.py", line 92, in _execute_with_wrappers
    return executor(sql, params, many, context)
           ^^^^^^^^^^^^^^^^^^^^^^^^^^^^^^^^^^^^
  File "C:\Users\90538\Documents\Progarmming_Projects\tizahab-web\.venv\Lib\site-packages\django\db\backends\utils.py", line 100, in _execute
    with self.db.wrap_database_errors:
         ^^^^^^^^^^^^^^^^^^^^^^^^^^^^
  File "C:\Users\90538\Documents\Progarmming_Projects\tizahab-web\.venv\Lib\site-packages\django\db\utils.py", line 94, in __exit__
    raise dj_exc_value.with_traceback(traceback) from exc_value
  File "C:\Users\90538\Documents\Progarmming_Projects\tizahab-web\.venv\Lib\site-packages\django\db\backends\utils.py", line 105, in _execute
    return self.cursor.execute(sql, params)
           ^^^^^^^^^^^^^^^^^^^^^^^^^^^^^^^^
  File "C:\Users\90538\Documents\Progarmming_Projects\tizahab-web\.venv\Lib\site-packages\django\db\backends\sqlite3\base.py", line 359, in execute
    return super().execute(query, params)
           ^^^^^^^^^^^^^^^^^^^^^^^^^^^^^^
django.db.utils.IntegrityError: UNIQUE constraint failed: auth_user.username
ERROR 2026-04-13 16:00:34 log 32740 12052 "POST /api/auth/signup/ HTTP/1.1" 500 228955
INFO 2026-04-13 16:00:44 log 32740 12052 "POST /api/auth/preferences/ HTTP/1.1" 200 213
INFO 2026-04-13 16:00:45 log 32740 12052 "GET /home/ HTTP/1.1" 200 21388
INFO 2026-04-13 16:00:45 log 32740 25620 "GET /static/js/api.js HTTP/1.1" 200 5592
INFO 2026-04-13 16:00:45 log 32740 12052 "GET /static/js/home.js HTTP/1.1" 200 14938
INFO 2026-04-13 16:00:45 log 32740 11896 "GET /static/js/api.js HTTP/1.1" 200 5592
INFO 2026-04-13 16:00:45 log 32740 17856 "GET /static/js/home.js HTTP/1.1" 200 14938
INFO 2026-04-13 16:00:46 log 32740 12052 "GET /api/auth/me/ HTTP/1.1" 200 272
INFO 2026-04-13 16:00:46 log 32740 6064 "GET /api/daily-plan/ HTTP/1.1" 200 52
INFO 2026-04-13 16:00:46 log 32740 25620 "GET /api/events/ HTTP/1.1" 200 13245
INFO 2026-04-13 16:00:46 log 32740 23516 "GET /api/events/filtered/ HTTP/1.1" 200 16835
INFO 2026-04-13 16:00:52 log 32740 23516 "GET /daily-plan/ HTTP/1.1" 200 22047
INFO 2026-04-13 16:00:52 log 32740 23516 "GET /static/js/map.js HTTP/1.1" 304 0
INFO 2026-04-13 16:00:52 log 32740 25620 "GET /static/js/daily_plan_integration.js?v=99 HTTP/1.1" 200 33922
INFO 2026-04-13 16:00:52 log 32740 17856 "GET /static/js/map.js HTTP/1.1" 200 2119
INFO 2026-04-13 16:00:52 log 32740 11896 "GET /static/js/daily_plan_integration.js?v=99 HTTP/1.1" 200 33922
INFO 2026-04-13 16:00:52 log 32740 25620 "GET /api/auth/me/ HTTP/1.1" 200 272
INFO 2026-04-13 16:00:52 log 32740 6064 "GET /api/events/?category=outdoor HTTP/1.1" 200 494
INFO 2026-04-13 16:00:52 log 32740 23516 "GET /api/events/?category=food HTTP/1.1" 200 7722
INFO 2026-04-13 16:00:52 log 32740 1388 "GET /api/auth/me/ HTTP/1.1" 200 272
INFO 2026-04-13 16:00:52 log 32740 12052 "GET /api/events/ HTTP/1.1" 200 13245
INFO 2026-04-13 16:00:52 log 32740 12052 "GET /api/daily-plan/ HTTP/1.1" 200 52
INFO 2026-04-13 16:00:54 log 32740 12052 "GET /api/auth/me/ HTTP/1.1" 200 272
INFO 2026-04-13 16:00:55 log 32740 12052 "POST /api/daily-plan/generate-multiday/ HTTP/1.1" 201 3870
INFO 2026-04-13 16:01:27 log 32740 12052 "GET /api/auth/me/ HTTP/1.1" 200 272
INFO 2026-04-13 16:01:28 views 32740 12052 Daily plan updated for user 16 on 2026-04-14
INFO 2026-04-13 16:01:28 log 32740 12052 "POST /api/daily-plan/generate/ HTTP/1.1" 200 1963
INFO 2026-04-13 16:01:33 log 32740 12052 "GET /api/auth/me/ HTTP/1.1" 200 272
INFO 2026-04-13 16:01:34 log 32740 12052 "POST /api/daily-plan/generate-multiday/ HTTP/1.1" 200 3870
INFO 2026-04-13 16:01:38 log 32740 12052 "GET /settings/ HTTP/1.1" 200 41250
INFO 2026-04-13 16:01:38 log 32740 12052 "GET /static/js/api.js HTTP/1.1" 304 0
INFO 2026-04-13 16:01:39 log 32740 12052 "GET /api/auth/me/ HTTP/1.1" 200 272
INFO 2026-04-13 16:01:39 log 32740 1388 "GET /api/auth/preferences/ HTTP/1.1" 200 213
INFO 2026-04-13 16:01:41 log 32740 1388 "GET /api/auth/ui/preferences/ HTTP/1.1" 200 23324
INFO 2026-04-13 16:01:41 log 32740 1388 "GET /api/auth/preferences/ HTTP/1.1" 200 213
INFO 2026-04-13 16:01:45 log 32740 1388 "POST /api/auth/preferences/ HTTP/1.1" 200 186
INFO 2026-04-13 16:01:47 log 32740 1388 "GET /home/ HTTP/1.1" 200 21388
INFO 2026-04-13 16:01:47 log 32740 1388 "GET /static/js/home.js HTTP/1.1" 304 0
INFO 2026-04-13 16:01:47 log 32740 1388 "GET /api/auth/me/ HTTP/1.1" 200 245
INFO 2026-04-13 16:01:47 log 32740 12052 "GET /api/events/ HTTP/1.1" 200 13245
INFO 2026-04-13 16:01:47 log 32740 6064 "GET /api/daily-plan/ HTTP/1.1" 200 3914
INFO 2026-04-13 16:01:47 log 32740 23516 "GET /api/events/filtered/ HTTP/1.1" 200 16834
INFO 2026-04-13 16:01:49 log 32740 23516 "GET /daily-plan/ HTTP/1.1" 200 22047
INFO 2026-04-13 16:01:49 log 32740 23516 "GET /static/js/daily_plan_integration.js?v=99 HTTP/1.1" 304 0
INFO 2026-04-13 16:01:49 log 32740 23516 "GET /api/auth/me/ HTTP/1.1" 200 245
INFO 2026-04-13 16:01:49 log 32740 12052 "GET /api/events/?category=outdoor HTTP/1.1" 200 494
INFO 2026-04-13 16:01:49 log 32740 25620 "GET /api/auth/me/ HTTP/1.1" 200 245
INFO 2026-04-13 16:01:49 log 32740 6064 "GET /api/events/?category=food HTTP/1.1" 200 7722
INFO 2026-04-13 16:01:49 log 32740 1388 "GET /api/events/ HTTP/1.1" 200 13245
INFO 2026-04-13 16:01:49 log 32740 1388 "GET /api/daily-plan/ HTTP/1.1" 200 3914
INFO 2026-04-13 16:01:50 log 32740 1388 "GET /api/auth/me/ HTTP/1.1" 200 245
INFO 2026-04-13 16:01:51 log 32740 1388 "POST /api/daily-plan/generate-multiday/ HTTP/1.1" 200 4263
INFO 2026-04-13 16:02:01 log 32740 1388 "GET /events/page/ HTTP/1.1" 200 24387
INFO 2026-04-13 16:02:01 log 32740 1388 "GET /static/js/api.js HTTP/1.1" 304 0
INFO 2026-04-13 16:02:01 log 32740 6064 "GET /static/js/events.js HTTP/1.1" 200 28283
INFO 2026-04-13 16:02:01 log 32740 11896 "GET /static/js/events.js HTTP/1.1" 200 28283
INFO 2026-04-13 16:02:01 log 32740 6064 "GET /api/auth/me/ HTTP/1.1" 200 245
INFO 2026-04-13 16:02:01 log 32740 1388 "GET /api/events/favorites/ HTTP/1.1" 200 2
INFO 2026-04-13 16:02:01 log 32740 1388 "GET /api/events/ HTTP/1.1" 200 13245
INFO 2026-04-13 16:02:07 log 32740 1388 "GET /daily-plan/ HTTP/1.1" 200 22047
INFO 2026-04-13 16:02:07 log 32740 1388 "GET /api/auth/me/ HTTP/1.1" 200 245
INFO 2026-04-13 16:02:07 log 32740 23516 "GET /api/auth/me/ HTTP/1.1" 200 245
INFO 2026-04-13 16:02:07 log 32740 25620 "GET /api/events/?category=outdoor HTTP/1.1" 200 494
INFO 2026-04-13 16:02:07 log 32740 6064 "GET /api/events/?category=food HTTP/1.1" 200 7722
INFO 2026-04-13 16:02:07 log 32740 12052 "GET /api/events/ HTTP/1.1" 200 13245
INFO 2026-04-13 16:02:07 log 32740 12052 "GET /api/daily-plan/ HTTP/1.1" 200 4307
INFO 2026-04-13 16:02:10 log 32740 12052 "GET /events/page/ HTTP/1.1" 200 24387
INFO 2026-04-13 16:02:10 log 32740 12052 "GET /api/auth/me/ HTTP/1.1" 200 245
INFO 2026-04-13 16:02:10 log 32740 6064 "GET /api/events/favorites/ HTTP/1.1" 200 2
INFO 2026-04-13 16:02:10 log 32740 12052 "GET /api/events/ HTTP/1.1" 200 13245
INFO 2026-04-13 16:03:31 log 32740 12052 "GET /map/ HTTP/1.1" 200 16661
INFO 2026-04-13 16:03:31 log 32740 12052 "GET /static/js/api.js HTTP/1.1" 304 0
INFO 2026-04-13 16:03:32 log 32740 12052 "GET /api/auth/me/ HTTP/1.1" 200 245
INFO 2026-04-13 16:03:39 log 32740 12052 "GET /events/page/ HTTP/1.1" 200 24387
INFO 2026-04-13 16:03:39 log 32740 12052 "GET /static/js/events.js HTTP/1.1" 304 0
INFO 2026-04-13 16:03:39 log 32740 12052 "GET /api/auth/me/ HTTP/1.1" 200 245
INFO 2026-04-13 16:03:39 log 32740 6064 "GET /api/events/favorites/ HTTP/1.1" 200 2
INFO 2026-04-13 16:03:39 log 32740 6064 "GET /api/events/ HTTP/1.1" 200 13245
INFO 2026-04-13 16:04:10 log 32740 6064 "GET /daily-plan/ HTTP/1.1" 200 22047
INFO 2026-04-13 16:04:10 log 32740 6064 "GET /static/js/daily_plan_integration.js?v=99 HTTP/1.1" 304 0
INFO 2026-04-13 16:04:10 log 32740 6064 "GET /static/js/api.js HTTP/1.1" 304 0
INFO 2026-04-13 16:04:11 log 32740 6064 "GET /api/auth/me/ HTTP/1.1" 200 245
INFO 2026-04-13 16:04:11 log 32740 25620 "GET /api/events/?category=outdoor HTTP/1.1" 200 494
INFO 2026-04-13 16:04:11 log 32740 1388 "GET /api/auth/me/ HTTP/1.1" 200 245
INFO 2026-04-13 16:04:11 log 32740 12052 "GET /api/events/?category=food HTTP/1.1" 200 7722
INFO 2026-04-13 16:04:11 log 32740 23516 "GET /api/events/ HTTP/1.1" 200 13245
INFO 2026-04-13 16:04:11 log 32740 23516 "GET /api/daily-plan/ HTTP/1.1" 200 4307
INFO 2026-04-13 16:04:12 log 32740 23516 "GET /home/ HTTP/1.1" 200 21388
INFO 2026-04-13 16:04:12 log 32740 23516 "GET /static/js/home.js HTTP/1.1" 304 0
INFO 2026-04-13 16:04:12 log 32740 23516 "GET /api/auth/me/ HTTP/1.1" 200 245
INFO 2026-04-13 16:04:12 log 32740 12052 "GET /api/events/ HTTP/1.1" 200 13245
INFO 2026-04-13 16:04:12 log 32740 25620 "GET /api/daily-plan/ HTTP/1.1" 200 4307
INFO 2026-04-13 16:04:13 log 32740 1388 "GET /api/events/filtered/ HTTP/1.1" 200 16834
INFO 2026-04-13 16:04:13 log 32740 1388 "GET /daily-plan/ HTTP/1.1" 200 22047
INFO 2026-04-13 16:04:14 log 32740 1388 "GET /api/auth/me/ HTTP/1.1" 200 245
INFO 2026-04-13 16:04:14 log 32740 12052 "GET /api/events/?category=outdoor HTTP/1.1" 200 494
INFO 2026-04-13 16:04:14 log 32740 6064 "GET /api/auth/me/ HTTP/1.1" 200 245
INFO 2026-04-13 16:04:14 log 32740 25620 "GET /api/events/?category=food HTTP/1.1" 200 7722
INFO 2026-04-13 16:04:14 log 32740 23516 "GET /api/events/ HTTP/1.1" 200 13245
INFO 2026-04-13 16:04:14 log 32740 23516 "GET /api/daily-plan/ HTTP/1.1" 200 4307
INFO 2026-04-13 16:04:14 log 32740 23516 "GET /home/ HTTP/1.1" 200 21388
INFO 2026-04-13 16:04:15 log 32740 23516 "GET /api/auth/me/ HTTP/1.1" 200 245
INFO 2026-04-13 16:04:15 log 32740 12052 "GET /api/daily-plan/ HTTP/1.1" 200 4307
INFO 2026-04-13 16:04:15 log 32740 25620 "GET /api/events/ HTTP/1.1" 200 13245
INFO 2026-04-13 16:04:15 log 32740 6064 "GET /api/events/filtered/ HTTP/1.1" 200 16834
INFO 2026-04-13 16:04:22 log 32740 6064 "GET /events/page/ HTTP/1.1" 200 24387
INFO 2026-04-13 16:04:23 log 32740 6064 "GET /static/js/events.js HTTP/1.1" 304 0
INFO 2026-04-13 16:04:23 log 32740 6064 "GET /api/auth/me/ HTTP/1.1" 200 245
INFO 2026-04-13 16:04:23 log 32740 25620 "GET /api/events/favorites/ HTTP/1.1" 200 2
INFO 2026-04-13 16:04:23 log 32740 25620 "GET /api/events/ HTTP/1.1" 200 13245
INFO 2026-04-13 16:05:48 log 32740 25620 "GET /map/ HTTP/1.1" 200 16661
INFO 2026-04-13 16:05:48 log 32740 25620 "GET /static/js/api.js HTTP/1.1" 304 0
INFO 2026-04-13 16:05:49 log 32740 25620 "GET /api/auth/me/ HTTP/1.1" 200 245
INFO 2026-04-13 16:06:47 log 32740 25620 "GET /events/page/ HTTP/1.1" 200 24387
INFO 2026-04-13 16:06:47 log 32740 25620 "GET /static/js/api.js HTTP/1.1" 304 0
INFO 2026-04-13 16:06:47 log 32740 25620 "GET /static/js/events.js HTTP/1.1" 304 0
INFO 2026-04-13 16:06:47 log 32740 25620 "GET /api/auth/me/ HTTP/1.1" 200 245
INFO 2026-04-13 16:06:47 log 32740 25620 "GET /api/events/favorites/ HTTP/1.1" 200 2
INFO 2026-04-13 16:06:47 log 32740 25620 "GET /api/events/ HTTP/1.1" 200 13245
INFO 2026-04-13 16:06:51 log 32740 25620 "GET /daily-plan/ HTTP/1.1" 200 22047
INFO 2026-04-13 16:06:51 log 32740 25620 "GET /static/js/daily_plan_integration.js?v=99 HTTP/1.1" 304 0
INFO 2026-04-13 16:06:51 log 32740 25620 "GET /api/auth/me/ HTTP/1.1" 200 245
INFO 2026-04-13 16:06:51 log 32740 1388 "GET /api/auth/me/ HTTP/1.1" 200 245
INFO 2026-04-13 16:06:51 log 32740 12052 "GET /api/events/?category=outdoor HTTP/1.1" 200 494
INFO 2026-04-13 16:06:51 log 32740 6064 "GET /api/events/?category=food HTTP/1.1" 200 7722
INFO 2026-04-13 16:06:51 log 32740 23516 "GET /api/events/ HTTP/1.1" 200 13245
INFO 2026-04-13 16:06:51 log 32740 23516 "GET /api/daily-plan/ HTTP/1.1" 200 4307
INFO 2026-04-13 16:06:52 log 32740 23516 "GET /api/auth/me/ HTTP/1.1" 200 245
INFO 2026-04-13 16:06:53 log 32740 23516 "POST /api/daily-plan/generate-multiday/ HTTP/1.1" 200 4263
INFO 2026-04-13 16:06:57 log 32740 23516 "GET /home/ HTTP/1.1" 200 21388
INFO 2026-04-13 16:06:57 log 32740 23516 "GET /static/js/home.js HTTP/1.1" 304 0
INFO 2026-04-13 16:06:58 log 32740 23516 "GET /api/auth/me/ HTTP/1.1" 200 245
INFO 2026-04-13 16:06:58 log 32740 1388 "GET /api/daily-plan/ HTTP/1.1" 200 4307
INFO 2026-04-13 16:06:58 log 32740 6064 "GET /api/events/ HTTP/1.1" 200 13245
INFO 2026-04-13 16:06:58 log 32740 12052 "GET /api/events/filtered/ HTTP/1.1" 200 16834
INFO 2026-04-13 16:06:58 log 32740 12052 "GET /profile/ HTTP/1.1" 200 28800
INFO 2026-04-13 16:06:59 log 32740 12052 "GET /api/auth/me/ HTTP/1.1" 200 245
INFO 2026-04-13 16:06:59 log 32740 23516 "GET /api/events/favorites/ HTTP/1.1" 200 2
INFO 2026-04-13 16:06:59 log 32740 6064 "GET /api/auth/preferences/ HTTP/1.1" 200 186
INFO 2026-04-13 16:06:59 log 32740 25620 "GET /api/auth/me/ HTTP/1.1" 200 245
INFO 2026-04-13 16:06:59 log 32740 1388 "GET /api/daily-plan/ HTTP/1.1" 200 4307
INFO 2026-04-13 16:07:35 log 32740 1388 "GET /events/page/ HTTP/1.1" 200 24387
INFO 2026-04-13 16:07:35 log 32740 1388 "GET /api/auth/me/ HTTP/1.1" 200 245
INFO 2026-04-13 16:07:35 log 32740 1388 "GET /api/events/favorites/ HTTP/1.1" 200 2
INFO 2026-04-13 16:07:35 log 32740 1388 "GET /api/events/ HTTP/1.1" 200 13245
WARNING 2026-04-13 16:08:29 log 23268 18444 Bad Request: /api/auth/login/
WARNING 2026-04-13 16:08:33 log 23268 18444 Bad Request: /api/auth/login/
INFO 2026-04-13 16:08:35 log 32740 1388 "GET /daily-plan/ HTTP/1.1" 200 22047
INFO 2026-04-13 16:08:36 log 32740 1388 "GET /static/js/daily_plan_integration.js?v=99 HTTP/1.1" 304 0
INFO 2026-04-13 16:08:36 log 32740 25620 "GET /static/js/api.js HTTP/1.1" 304 0
INFO 2026-04-13 16:08:36 log 32740 25620 "GET /api/auth/me/ HTTP/1.1" 200 245
INFO 2026-04-13 16:08:36 log 32740 6064 "GET /api/events/?category=outdoor HTTP/1.1" 200 494
INFO 2026-04-13 16:08:36 log 32740 12052 "GET /api/auth/me/ HTTP/1.1" 200 245
INFO 2026-04-13 16:08:36 log 32740 1388 "GET /api/events/?category=food HTTP/1.1" 200 7722
INFO 2026-04-13 16:08:36 log 32740 23516 "GET /api/events/ HTTP/1.1" 200 13245
INFO 2026-04-13 16:08:36 log 32740 23516 "GET /api/daily-plan/ HTTP/1.1" 200 4307
INFO 2026-04-13 16:08:39 log 32740 23516 "GET /events/page/ HTTP/1.1" 200 24387
INFO 2026-04-13 16:08:39 log 32740 23516 "GET /static/js/events.js HTTP/1.1" 304 0
INFO 2026-04-13 16:08:39 log 32740 23516 "GET /api/auth/me/ HTTP/1.1" 200 245
INFO 2026-04-13 16:08:39 log 32740 1388 "GET /api/events/favorites/ HTTP/1.1" 200 2
INFO 2026-04-13 16:08:39 log 32740 1388 "GET /api/events/ HTTP/1.1" 200 13245
INFO 2026-04-13 16:08:40 log 32740 1388 "GET /daily-plan/ HTTP/1.1" 200 22047
INFO 2026-04-13 16:08:41 log 32740 1388 "GET /api/auth/me/ HTTP/1.1" 200 245
INFO 2026-04-13 16:08:41 log 32740 12052 "GET /api/events/?category=outdoor HTTP/1.1" 200 494
INFO 2026-04-13 16:08:41 log 32740 25620 "GET /api/auth/me/ HTTP/1.1" 200 245
INFO 2026-04-13 16:08:41 log 32740 23516 "GET /api/events/?category=food HTTP/1.1" 200 7722
INFO 2026-04-13 16:08:41 log 32740 6064 "GET /api/events/ HTTP/1.1" 200 13245
INFO 2026-04-13 16:08:41 log 32740 6064 "GET /api/daily-plan/ HTTP/1.1" 200 4307
WARNING 2026-04-13 16:08:44 log 23268 18444 Bad Request: /api/auth/signup/
WARNING 2026-04-13 16:08:44 log 23268 18444 Bad Request: /api/auth/signup/
WARNING 2026-04-13 16:08:44 log 23268 18444 Bad Request: /api/auth/signup/
WARNING 2026-04-13 16:08:49 log 23268 18444 Bad Request: /api/auth/preferences/
WARNING 2026-04-13 16:08:59 log 23268 18444 Bad Request: /api/auth/preferences/
WARNING 2026-04-13 16:09:04 log 23268 18444 Bad Request: /api/auth/preferences/
WARNING 2026-04-13 16:09:09 log 23268 18444 Unauthorized: /api/auth/preferences/
WARNING 2026-04-13 16:09:14 log 23268 18444 Bad Request: /api/auth/preferences/
WARNING 2026-04-13 16:09:20 log 23268 18444 Not Found: /api/daily-plan/1/
WARNING 2026-04-13 16:09:27 log 23268 18444 Not Found: /api/daily-plan/1/
WARNING 2026-04-13 16:09:40 log 23268 18444 Unauthorized: /api/daily-plan/
WARNING 2026-04-13 16:10:09 views 23268 18444 Invalid date format from user 1: 15/06/2026
WARNING 2026-04-13 16:10:09 log 23268 18444 Bad Request: /api/daily-plan/generate/
WARNING 2026-04-13 16:10:14 log 23268 18444 Bad Request: /api/daily-plan/generate/
WARNING 2026-04-13 16:10:19 log 23268 18444 Not Found: /api/daily-plan/generate/
WARNING 2026-04-13 16:10:24 log 23268 18444 Bad Request: /api/daily-plan/generate/
WARNING 2026-04-13 16:10:29 log 23268 18444 Unauthorized: /api/daily-plan/generate/
INFO 2026-04-13 16:10:34 views 23268 18444 Daily plan created for user 1 on 2026-04-14
INFO 2026-04-13 16:10:39 views 23268 18444 Daily plan created for user 1 on 2026-04-14
INFO 2026-04-13 16:10:39 views 23268 18444 Daily plan updated for user 1 on 2026-04-14
INFO 2026-04-13 16:10:44 views 23268 18444 Daily plan created for user 1 on 2026-04-15
INFO 2026-04-13 16:10:49 views 23268 18444 Daily plan created for user 1 on 2026-04-15
INFO 2026-04-13 16:10:49 views 23268 18444 Daily plan updated for user 1 on 2026-04-15
WARNING 2026-04-13 16:10:54 log 23268 18444 Bad Request: /api/daily-plan/generate/
INFO 2026-04-13 16:10:59 views 23268 18444 Daily plan updated for user 1 on 2026-04-15
ERROR 2026-04-13 16:11:04 views 23268 18444 Error saving multi-day plan for user 1: forced failure
Traceback (most recent call last):
  File "C:\Users\90538\Documents\Progarmming_Projects\tizahab-web\daily_plan\views.py", line 231, in post
    daily_plan = DailyPlan.objects.create(user=user, date=day_date)
                 ^^^^^^^^^^^^^^^^^^^^^^^^^^^^^^^^^^^^^^^^^^^^^^^^^^
  File "C:\Users\90538\AppData\Local\Python\pythoncore-3.12-64\Lib\unittest\mock.py", line 1139, in __call__
    return self._mock_call(*args, **kwargs)
           ^^^^^^^^^^^^^^^^^^^^^^^^^^^^^^^^
  File "C:\Users\90538\AppData\Local\Python\pythoncore-3.12-64\Lib\unittest\mock.py", line 1143, in _mock_call
    return self._execute_mock_call(*args, **kwargs)
           ^^^^^^^^^^^^^^^^^^^^^^^^^^^^^^^^^^^^^^^^
  File "C:\Users\90538\AppData\Local\Python\pythoncore-3.12-64\Lib\unittest\mock.py", line 1204, in _execute_mock_call
    result = effect(*args, **kwargs)
             ^^^^^^^^^^^^^^^^^^^^^^^
  File "C:\Users\90538\Documents\Progarmming_Projects\tizahab-web\daily_plan\tests.py", line 569, in flaky_create
    raise RuntimeError("forced failure")
RuntimeError: forced failure
ERROR 2026-04-13 16:11:04 log 23268 18444 Internal Server Error: /api/daily-plan/generate-multiday/
WARNING 2026-04-13 16:11:19 views 23268 18444 Invalid start_date format from user 1: 15/06/2026
WARNING 2026-04-13 16:11:19 log 23268 18444 Bad Request: /api/daily-plan/generate-multiday/
WARNING 2026-04-13 16:11:24 log 23268 18444 Bad Request: /api/daily-plan/generate-multiday/
WARNING 2026-04-13 16:11:29 log 23268 18444 Bad Request: /api/daily-plan/generate-multiday/
WARNING 2026-04-13 16:11:34 log 23268 18444 Unauthorized: /api/daily-plan/generate-multiday/
WARNING 2026-04-13 16:11:44 log 23268 18444 Bad Request: /api/daily-plan/generate-multiday/
WARNING 2026-04-13 16:12:30 log 23268 18444 Bad Request: /api/events/filtered/
WARNING 2026-04-13 16:12:52 log 23268 18444 Bad Request: /api/events/favorites/
WARNING 2026-04-13 16:13:17 log 23268 18444 Not Found: /api/events/favorites/1/
WARNING 2026-04-13 16:13:24 log 23268 18444 Unauthorized: /api/events/favorites/
INFO 2026-04-13 16:26:11 log 32740 36336 "GET /map/ HTTP/1.1" 200 16661
INFO 2026-04-13 16:26:11 log 32740 36336 "GET /static/js/api.js HTTP/1.1" 304 0
WARNING 2026-04-13 16:26:11 log 32740 36336 Unauthorized: /api/auth/me/
WARNING 2026-04-13 16:26:11 log 32740 36336 "GET /api/auth/me/ HTTP/1.1" 401 172
INFO 2026-04-13 16:26:12 log 32740 36336 "POST /api/auth/token/refresh/ HTTP/1.1" 200 245
INFO 2026-04-13 16:26:12 log 32740 36336 "GET /api/auth/me/ HTTP/1.1" 200 245
WARNING 2026-04-13 19:09:21 log 16712 35016 Bad Request: /api/auth/login/
WARNING 2026-04-13 19:09:24 log 16712 35016 Bad Request: /api/auth/login/
WARNING 2026-04-13 19:09:35 log 16712 35016 Bad Request: /api/auth/signup/
WARNING 2026-04-13 19:09:35 log 16712 35016 Bad Request: /api/auth/signup/
WARNING 2026-04-13 19:09:35 log 16712 35016 Bad Request: /api/auth/signup/
WARNING 2026-04-13 19:09:40 log 16712 35016 Bad Request: /api/auth/preferences/
WARNING 2026-04-13 19:09:50 log 16712 35016 Bad Request: /api/auth/preferences/
WARNING 2026-04-13 19:09:55 log 16712 35016 Bad Request: /api/auth/preferences/
WARNING 2026-04-13 19:09:59 log 16712 35016 Unauthorized: /api/auth/preferences/
WARNING 2026-04-13 19:10:11 log 16712 35016 Not Found: /api/daily-plan/1/
WARNING 2026-04-13 19:10:17 log 16712 35016 Not Found: /api/daily-plan/1/
WARNING 2026-04-13 19:10:30 log 16712 35016 Unauthorized: /api/daily-plan/
WARNING 2026-04-13 19:11:00 views 16712 35016 Invalid date format from user 1: 15/06/2026
WARNING 2026-04-13 19:11:00 log 16712 35016 Bad Request: /api/daily-plan/generate/
WARNING 2026-04-13 19:11:04 log 16712 35016 Bad Request: /api/daily-plan/generate/
WARNING 2026-04-13 19:11:09 log 16712 35016 Not Found: /api/daily-plan/generate/
WARNING 2026-04-13 19:11:14 log 16712 35016 Bad Request: /api/daily-plan/generate/
WARNING 2026-04-13 19:11:19 log 16712 35016 Unauthorized: /api/daily-plan/generate/
INFO 2026-04-13 19:11:24 views 16712 35016 Daily plan created for user 1 on 2026-04-14
INFO 2026-04-13 19:11:29 views 16712 35016 Daily plan created for user 1 on 2026-04-14
INFO 2026-04-13 19:11:29 views 16712 35016 Daily plan updated for user 1 on 2026-04-14
INFO 2026-04-13 19:11:34 views 16712 35016 Daily plan created for user 1 on 2026-04-15
INFO 2026-04-13 19:11:38 views 16712 35016 Daily plan created for user 1 on 2026-04-15
INFO 2026-04-13 19:11:38 views 16712 35016 Daily plan updated for user 1 on 2026-04-15
WARNING 2026-04-13 19:11:43 log 16712 35016 Bad Request: /api/daily-plan/generate/
INFO 2026-04-13 19:11:48 views 16712 35016 Daily plan updated for user 1 on 2026-04-15
ERROR 2026-04-13 19:11:53 views 16712 35016 Error saving multi-day plan for user 1: forced failure
Traceback (most recent call last):
  File "C:\Users\90538\Documents\Progarmming_Projects\tizahab-web\daily_plan\views.py", line 231, in post
    daily_plan = DailyPlan.objects.create(user=user, date=day_date)
                 ^^^^^^^^^^^^^^^^^^^^^^^^^^^^^^^^^^^^^^^^^^^^^^^^^^
  File "C:\Users\90538\AppData\Local\Python\pythoncore-3.12-64\Lib\unittest\mock.py", line 1139, in __call__
    return self._mock_call(*args, **kwargs)
           ^^^^^^^^^^^^^^^^^^^^^^^^^^^^^^^^
  File "C:\Users\90538\AppData\Local\Python\pythoncore-3.12-64\Lib\unittest\mock.py", line 1143, in _mock_call
    return self._execute_mock_call(*args, **kwargs)
           ^^^^^^^^^^^^^^^^^^^^^^^^^^^^^^^^^^^^^^^^
  File "C:\Users\90538\AppData\Local\Python\pythoncore-3.12-64\Lib\unittest\mock.py", line 1204, in _execute_mock_call
    result = effect(*args, **kwargs)
             ^^^^^^^^^^^^^^^^^^^^^^^
  File "C:\Users\90538\Documents\Progarmming_Projects\tizahab-web\daily_plan\tests.py", line 569, in flaky_create
    raise RuntimeError("forced failure")
RuntimeError: forced failure
ERROR 2026-04-13 19:11:53 log 16712 35016 Internal Server Error: /api/daily-plan/generate-multiday/
WARNING 2026-04-13 19:12:08 views 16712 35016 Invalid start_date format from user 1: 15/06/2026
WARNING 2026-04-13 19:12:08 log 16712 35016 Bad Request: /api/daily-plan/generate-multiday/
WARNING 2026-04-13 19:12:13 log 16712 35016 Bad Request: /api/daily-plan/generate-multiday/
WARNING 2026-04-13 19:12:17 log 16712 35016 Bad Request: /api/daily-plan/generate-multiday/
WARNING 2026-04-13 19:12:22 log 16712 35016 Unauthorized: /api/daily-plan/generate-multiday/
WARNING 2026-04-13 19:12:32 log 16712 35016 Bad Request: /api/daily-plan/generate-multiday/
WARNING 2026-04-13 19:13:19 log 16712 35016 Bad Request: /api/events/filtered/
WARNING 2026-04-13 19:13:39 log 16712 35016 Bad Request: /api/events/favorites/
WARNING 2026-04-13 19:14:05 log 16712 35016 Not Found: /api/events/favorites/1/
WARNING 2026-04-13 19:14:12 log 16712 35016 Unauthorized: /api/events/favorites/
WARNING 2026-04-13 19:17:45 log 29328 26876 Bad Request: /api/auth/login/
WARNING 2026-04-13 19:17:49 log 29328 26876 Bad Request: /api/auth/login/
WARNING 2026-04-13 19:18:00 log 29328 26876 Bad Request: /api/auth/signup/
WARNING 2026-04-13 19:18:00 log 29328 26876 Bad Request: /api/auth/signup/
WARNING 2026-04-13 19:18:00 log 29328 26876 Bad Request: /api/auth/signup/
WARNING 2026-04-13 19:18:05 log 29328 26876 Bad Request: /api/auth/preferences/
WARNING 2026-04-13 19:18:15 log 29328 26876 Bad Request: /api/auth/preferences/
WARNING 2026-04-13 19:18:20 log 29328 26876 Bad Request: /api/auth/preferences/
WARNING 2026-04-13 19:18:25 log 29328 26876 Unauthorized: /api/auth/preferences/
WARNING 2026-04-13 19:18:37 log 29328 26876 Not Found: /api/daily-plan/1/
WARNING 2026-04-13 19:18:44 log 29328 26876 Not Found: /api/daily-plan/1/
WARNING 2026-04-13 19:18:57 log 29328 26876 Unauthorized: /api/daily-plan/
WARNING 2026-04-13 19:19:27 views 29328 26876 Invalid date format from user 1: 15/06/2026
WARNING 2026-04-13 19:19:27 log 29328 26876 Bad Request: /api/daily-plan/generate/
WARNING 2026-04-13 19:19:32 log 29328 26876 Bad Request: /api/daily-plan/generate/
WARNING 2026-04-13 19:19:38 log 29328 26876 Not Found: /api/daily-plan/generate/
WARNING 2026-04-13 19:19:43 log 29328 26876 Bad Request: /api/daily-plan/generate/
WARNING 2026-04-13 19:19:48 log 29328 26876 Unauthorized: /api/daily-plan/generate/
INFO 2026-04-13 19:19:53 views 29328 26876 Daily plan created for user 1 on 2026-04-14
INFO 2026-04-13 19:19:58 views 29328 26876 Daily plan created for user 1 on 2026-04-14
INFO 2026-04-13 19:19:58 views 29328 26876 Daily plan updated for user 1 on 2026-04-14
INFO 2026-04-13 19:20:03 views 29328 26876 Daily plan created for user 1 on 2026-04-15
INFO 2026-04-13 19:20:08 views 29328 26876 Daily plan created for user 1 on 2026-04-15
INFO 2026-04-13 19:20:08 views 29328 26876 Daily plan updated for user 1 on 2026-04-15
WARNING 2026-04-13 19:20:13 log 29328 26876 Bad Request: /api/daily-plan/generate/
INFO 2026-04-13 19:20:18 views 29328 26876 Daily plan updated for user 1 on 2026-04-15
ERROR 2026-04-13 19:20:23 views 29328 26876 Error saving multi-day plan for user 1: forced failure
Traceback (most recent call last):
  File "C:\Users\90538\Documents\Progarmming_Projects\tizahab-web\daily_plan\views.py", line 231, in post
    daily_plan = DailyPlan.objects.create(user=user, date=day_date)
                 ^^^^^^^^^^^^^^^^^^^^^^^^^^^^^^^^^^^^^^^^^^^^^^^^^^
  File "C:\Users\90538\AppData\Local\Python\pythoncore-3.12-64\Lib\unittest\mock.py", line 1139, in __call__
    return self._mock_call(*args, **kwargs)
           ^^^^^^^^^^^^^^^^^^^^^^^^^^^^^^^^
  File "C:\Users\90538\AppData\Local\Python\pythoncore-3.12-64\Lib\unittest\mock.py", line 1143, in _mock_call
    return self._execute_mock_call(*args, **kwargs)
           ^^^^^^^^^^^^^^^^^^^^^^^^^^^^^^^^^^^^^^^^
  File "C:\Users\90538\AppData\Local\Python\pythoncore-3.12-64\Lib\unittest\mock.py", line 1204, in _execute_mock_call
    result = effect(*args, **kwargs)
             ^^^^^^^^^^^^^^^^^^^^^^^
  File "C:\Users\90538\Documents\Progarmming_Projects\tizahab-web\daily_plan\tests.py", line 569, in flaky_create
    raise RuntimeError("forced failure")
RuntimeError: forced failure
ERROR 2026-04-13 19:20:23 log 29328 26876 Internal Server Error: /api/daily-plan/generate-multiday/
WARNING 2026-04-13 19:20:39 views 29328 26876 Invalid start_date format from user 1: 15/06/2026
WARNING 2026-04-13 19:20:39 log 29328 26876 Bad Request: /api/daily-plan/generate-multiday/
WARNING 2026-04-13 19:20:43 log 29328 26876 Bad Request: /api/daily-plan/generate-multiday/
WARNING 2026-04-13 19:20:49 log 29328 26876 Bad Request: /api/daily-plan/generate-multiday/
WARNING 2026-04-13 19:20:54 log 29328 26876 Unauthorized: /api/daily-plan/generate-multiday/
WARNING 2026-04-13 19:21:04 log 29328 26876 Bad Request: /api/daily-plan/generate-multiday/
WARNING 2026-04-13 19:21:53 log 29328 26876 Bad Request: /api/events/filtered/
WARNING 2026-04-13 19:22:14 log 29328 26876 Bad Request: /api/events/favorites/
WARNING 2026-04-13 19:22:41 log 29328 26876 Not Found: /api/events/favorites/1/
WARNING 2026-04-13 19:22:47 log 29328 26876 Unauthorized: /api/events/favorites/
INFO 2026-04-13 19:40:09 autoreload 5952 31096 Watching for file changes with StatReloader
INFO 2026-04-13 19:40:11 log 5952 26748 "GET /map/ HTTP/1.1" 200 17474
INFO 2026-04-13 19:40:11 log 5952 26748 "GET /static/js/api.js HTTP/1.1" 304 0
WARNING 2026-04-13 19:40:12 log 5952 26748 Unauthorized: /api/auth/me/
WARNING 2026-04-13 19:40:12 log 5952 26748 "GET /api/auth/me/ HTTP/1.1" 401 172
WARNING 2026-04-13 19:40:12 log 5952 26748 Not Found: /favicon.ico
WARNING 2026-04-13 19:40:12 log 5952 26748 "GET /favicon.ico HTTP/1.1" 404 5312
INFO 2026-04-13 19:40:12 log 5952 26748 "POST /api/auth/token/refresh/ HTTP/1.1" 200 245
INFO 2026-04-13 19:40:12 log 5952 26748 "GET /api/auth/me/ HTTP/1.1" 200 245
INFO 2026-04-13 19:40:12 log 5952 26748 "GET /home/ HTTP/1.1" 200 21388
INFO 2026-04-13 19:40:12 log 5952 26748 "GET /static/js/home.js HTTP/1.1" 304 0
INFO 2026-04-13 19:40:13 log 5952 26748 "GET /api/auth/me/ HTTP/1.1" 200 245
INFO 2026-04-13 19:40:13 log 5952 1708 "GET /api/events/ HTTP/1.1" 200 13245
INFO 2026-04-13 19:40:13 log 5952 18028 "GET /api/daily-plan/ HTTP/1.1" 200 4307
INFO 2026-04-13 19:40:13 log 5952 24260 "GET /api/events/filtered/ HTTP/1.1" 200 16834
INFO 2026-04-13 19:40:14 log 5952 24260 "GET /daily-plan/ HTTP/1.1" 200 22047
INFO 2026-04-13 19:40:14 log 5952 24260 "GET /static/js/daily_plan_integration.js?v=99 HTTP/1.1" 304 0
INFO 2026-04-13 19:40:15 log 5952 24260 "GET /api/auth/me/ HTTP/1.1" 200 245
INFO 2026-04-13 19:40:15 log 5952 1708 "GET /api/events/?category=outdoor HTTP/1.1" 200 494
INFO 2026-04-13 19:40:15 log 5952 21964 "GET /api/auth/me/ HTTP/1.1" 200 245
INFO 2026-04-13 19:40:15 log 5952 18028 "GET /api/events/?category=food HTTP/1.1" 200 7722
INFO 2026-04-13 19:40:15 log 5952 26748 "GET /api/events/ HTTP/1.1" 200 13245
INFO 2026-04-13 19:40:15 log 5952 26748 "GET /api/daily-plan/ HTTP/1.1" 200 4307
INFO 2026-04-13 19:40:17 log 5952 26748 "GET /events/page/ HTTP/1.1" 200 23658
INFO 2026-04-13 19:40:17 log 5952 26748 "GET /static/js/events.js HTTP/1.1" 200 30485
INFO 2026-04-13 19:40:17 log 5952 26748 "GET /api/auth/me/ HTTP/1.1" 200 245
INFO 2026-04-13 19:40:17 log 5952 18028 "GET /api/events/favorites/ HTTP/1.1" 200 2
INFO 2026-04-13 19:40:17 log 5952 26748 "GET /api/events/ HTTP/1.1" 200 13245
INFO 2026-04-13 19:40:28 log 5952 26748 "GET /api/events/?category=restaurant HTTP/1.1" 200 19029
INFO 2026-04-13 19:40:30 log 5952 26748 "GET /api/events/ HTTP/1.1" 200 13245
INFO 2026-04-13 19:40:38 log 5952 26748 "GET /api/events/?category=restaurant HTTP/1.1" 200 19029
INFO 2026-04-13 19:40:40 log 5952 26748 "GET /api/events/?category=cafe HTTP/1.1" 200 18242
INFO 2026-04-13 19:40:41 log 5952 26748 "GET /api/events/ HTTP/1.1" 200 13245
INFO 2026-04-13 19:40:44 log 5952 26748 "GET /daily-plan/ HTTP/1.1" 200 22047
INFO 2026-04-13 19:40:45 log 5952 21964 "GET /api/events/?category=outdoor HTTP/1.1" 200 494
INFO 2026-04-13 19:40:45 log 5952 26748 "GET /api/auth/me/ HTTP/1.1" 200 245
INFO 2026-04-13 19:40:45 log 5952 18028 "GET /api/events/?category=food HTTP/1.1" 200 7722
INFO 2026-04-13 19:40:45 log 5952 21964 "GET /api/auth/me/ HTTP/1.1" 200 245
INFO 2026-04-13 19:40:45 log 5952 1708 "GET /api/events/ HTTP/1.1" 200 13245
INFO 2026-04-13 19:40:45 log 5952 1708 "GET /api/daily-plan/ HTTP/1.1" 200 4307
INFO 2026-04-13 19:40:49 log 5952 1708 "GET /api/auth/me/ HTTP/1.1" 200 245
INFO 2026-04-13 19:40:50 log 5952 1708 "POST /api/daily-plan/generate-multiday/ HTTP/1.1" 200 4263
INFO 2026-04-13 19:40:58 log 5952 1708 "GET /events/page/ HTTP/1.1" 200 23658
INFO 2026-04-13 19:40:58 log 5952 1708 "GET /api/auth/me/ HTTP/1.1" 200 245
INFO 2026-04-13 19:40:58 log 5952 21964 "GET /api/events/favorites/ HTTP/1.1" 200 2
INFO 2026-04-13 19:40:58 log 5952 21964 "GET /api/events/ HTTP/1.1" 200 13245
INFO 2026-04-13 19:41:02 log 5952 21964 "GET /map/ HTTP/1.1" 200 17474
INFO 2026-04-13 19:41:02 log 5952 21964 "GET /api/auth/me/ HTTP/1.1" 200 245
INFO 2026-04-13 19:41:17 log 5952 21964 "GET /profile/ HTTP/1.1" 200 28800
INFO 2026-04-13 19:41:17 log 5952 21964 "GET /api/auth/me/ HTTP/1.1" 200 245
INFO 2026-04-13 19:41:17 log 5952 1708 "GET /api/auth/preferences/ HTTP/1.1" 200 186
INFO 2026-04-13 19:41:17 log 5952 26748 "GET /api/events/favorites/ HTTP/1.1" 200 2
INFO 2026-04-13 19:41:17 log 5952 24260 "GET /api/auth/me/ HTTP/1.1" 200 245
INFO 2026-04-13 19:41:17 log 5952 18028 "GET /api/daily-plan/ HTTP/1.1" 200 4307
INFO 2026-04-13 19:41:18 log 5952 18028 "GET /map/ HTTP/1.1" 200 17474
INFO 2026-04-13 19:41:19 log 5952 18028 "GET /api/auth/me/ HTTP/1.1" 200 245
INFO 2026-04-13 19:41:19 log 5952 18028 "GET /daily-plan/ HTTP/1.1" 200 22047
INFO 2026-04-13 19:41:20 log 5952 18028 "GET /api/auth/me/ HTTP/1.1" 200 245
INFO 2026-04-13 19:41:20 log 5952 26748 "GET /api/events/?category=outdoor HTTP/1.1" 200 494
INFO 2026-04-13 19:41:20 log 5952 21964 "GET /api/auth/me/ HTTP/1.1" 200 245
INFO 2026-04-13 19:41:20 log 5952 24260 "GET /api/events/?category=food HTTP/1.1" 200 7722
INFO 2026-04-13 19:41:20 log 5952 1708 "GET /api/events/ HTTP/1.1" 200 13245
INFO 2026-04-13 19:41:20 log 5952 1708 "GET /api/daily-plan/ HTTP/1.1" 200 4307
INFO 2026-04-13 19:41:23 log 5952 1708 "GET /home/ HTTP/1.1" 200 21388
INFO 2026-04-13 19:41:23 log 5952 1708 "GET /api/auth/me/ HTTP/1.1" 200 245
INFO 2026-04-13 19:41:23 log 5952 26748 "GET /api/daily-plan/ HTTP/1.1" 200 4307
INFO 2026-04-13 19:41:23 log 5952 24260 "GET /api/events/ HTTP/1.1" 200 13245
INFO 2026-04-13 19:41:23 log 5952 21964 "GET /api/events/filtered/ HTTP/1.1" 200 16834
INFO 2026-04-13 19:41:37 log 5952 13264 "GET /daily-plan/ HTTP/1.1" 200 22047
INFO 2026-04-13 19:41:38 log 5952 13264 "GET /api/auth/me/ HTTP/1.1" 200 245
INFO 2026-04-13 19:41:38 log 5952 26528 "GET /api/auth/me/ HTTP/1.1" 200 245
INFO 2026-04-13 19:41:38 log 5952 28012 "GET /api/events/?category=food HTTP/1.1" 200 7722
INFO 2026-04-13 19:41:38 log 5952 30704 "GET /api/events/?category=outdoor HTTP/1.1" 200 494
INFO 2026-04-13 19:41:38 log 5952 31824 "GET /api/events/ HTTP/1.1" 200 13245
INFO 2026-04-13 19:41:38 log 5952 31824 "GET /api/daily-plan/ HTTP/1.1" 200 4307
INFO 2026-04-13 19:41:44 log 5952 31824 "GET /events/page/ HTTP/1.1" 200 23658
INFO 2026-04-13 19:41:44 log 5952 31824 "GET /api/auth/me/ HTTP/1.1" 200 245
INFO 2026-04-13 19:41:44 log 5952 30704 "GET /api/events/favorites/ HTTP/1.1" 200 2
INFO 2026-04-13 19:41:44 log 5952 30704 "GET /api/events/ HTTP/1.1" 200 13245
INFO 2026-04-13 19:41:57 log 5952 30704 "GET /api/events/?category=outdoor HTTP/1.1" 200 494
INFO 2026-04-13 19:41:59 log 5952 30704 "GET /api/events/?category=culture HTTP/1.1" 200 5537
INFO 2026-04-13 19:42:01 log 5952 30704 "GET /api/events/?category=shopping HTTP/1.1" 200 2919
INFO 2026-04-13 19:42:02 log 5952 30704 "GET /api/events/?category=food_truck HTTP/1.1" 200 18917
INFO 2026-04-13 19:42:03 log 5952 30704 "GET /api/events/?category=juice HTTP/1.1" 200 18537
INFO 2026-04-13 19:42:04 log 5952 30704 "GET /api/events/?category=bakery HTTP/1.1" 200 18285
INFO 2026-04-13 19:42:05 log 5952 30704 "GET /api/events/?category=dessert HTTP/1.1" 200 18524
INFO 2026-04-13 19:42:06 log 5952 30704 "GET /api/events/?category=fast_food HTTP/1.1" 200 19202
INFO 2026-04-13 19:42:06 log 5952 30704 "GET /api/events/?category=cafe HTTP/1.1" 200 18242
INFO 2026-04-13 19:42:07 log 5952 30704 "GET /api/events/?category=restaurant HTTP/1.1" 200 19029
INFO 2026-04-13 19:42:08 log 5952 30704 "GET /api/events/ HTTP/1.1" 200 13245
INFO 2026-04-13 19:42:14 log 5952 30704 "GET /api/events/?page=2 HTTP/1.1" 200 18447
INFO 2026-04-13 19:42:23 log 5952 30704 "GET /api/events/?category=restaurant HTTP/1.1" 200 19029
INFO 2026-04-13 19:42:24 log 5952 30704 "GET /api/events/?category=cafe HTTP/1.1" 200 18242
INFO 2026-04-13 19:42:25 log 5952 30704 "GET /api/events/ HTTP/1.1" 200 13245
INFO 2026-04-13 19:43:20 log 5952 30704 "GET /settings/ HTTP/1.1" 200 41250
INFO 2026-04-13 19:43:20 log 5952 31824 "GET /api/auth/preferences/ HTTP/1.1" 200 186
INFO 2026-04-13 19:43:20 log 5952 30704 "GET /api/auth/me/ HTTP/1.1" 200 245
INFO 2026-04-13 19:43:22 log 5952 30704 "GET /api/auth/ui/preferences/ HTTP/1.1" 200 23324
INFO 2026-04-13 19:43:23 log 5952 30704 "GET /api/auth/preferences/ HTTP/1.1" 200 186
INFO 2026-04-13 19:43:27 log 5952 30704 "POST /api/auth/preferences/ HTTP/1.1" 200 205
INFO 2026-04-13 19:43:28 log 5952 30704 "GET /home/ HTTP/1.1" 200 21388
INFO 2026-04-13 19:43:29 log 5952 30704 "GET /api/auth/me/ HTTP/1.1" 200 264
INFO 2026-04-13 19:43:29 log 5952 31824 "GET /api/events/ HTTP/1.1" 200 13245
INFO 2026-04-13 19:43:29 log 5952 26528 "GET /api/daily-plan/ HTTP/1.1" 200 4307
INFO 2026-04-13 19:43:29 log 5952 28012 "GET /api/events/filtered/ HTTP/1.1" 200 16835
INFO 2026-04-13 19:43:30 log 5952 28012 "GET /daily-plan/ HTTP/1.1" 200 22047
INFO 2026-04-13 19:43:31 log 5952 28012 "GET /api/auth/me/ HTTP/1.1" 200 264
INFO 2026-04-13 19:43:31 log 5952 31824 "GET /api/events/?category=outdoor HTTP/1.1" 200 494
INFO 2026-04-13 19:43:31 log 5952 13264 "GET /api/auth/me/ HTTP/1.1" 200 264
INFO 2026-04-13 19:43:31 log 5952 26528 "GET /api/events/?category=food HTTP/1.1" 200 7722
INFO 2026-04-13 19:43:31 log 5952 30704 "GET /api/events/ HTTP/1.1" 200 13245
INFO 2026-04-13 19:43:31 log 5952 30704 "GET /api/daily-plan/ HTTP/1.1" 200 4307
INFO 2026-04-13 19:43:33 log 5952 30704 "GET /events/page/ HTTP/1.1" 200 23658
INFO 2026-04-13 19:43:33 log 5952 30704 "GET /static/js/events.js HTTP/1.1" 304 0
INFO 2026-04-13 19:43:33 log 5952 30704 "GET /api/auth/me/ HTTP/1.1" 200 264
INFO 2026-04-13 19:43:33 log 5952 26528 "GET /api/events/favorites/ HTTP/1.1" 200 2
INFO 2026-04-13 19:43:33 log 5952 26528 "GET /api/events/ HTTP/1.1" 200 13245
INFO 2026-04-13 19:43:41 log 5952 26528 "GET /api/events/?category=restaurant HTTP/1.1" 200 19029
INFO 2026-04-13 19:43:42 log 5952 26528 "GET /api/events/?category=cafe HTTP/1.1" 200 18242
INFO 2026-04-13 19:43:44 log 5952 26528 "GET /api/events/ HTTP/1.1" 200 13245
INFO 2026-04-13 19:43:49 log 5952 26528 "GET /events/page/43647/ HTTP/1.1" 200 14635
INFO 2026-04-13 19:43:49 log 5952 26528 "GET /api/auth/me/ HTTP/1.1" 200 264
INFO 2026-04-13 19:43:49 log 5952 30704 "GET /api/events/43647/ HTTP/1.1" 200 388
INFO 2026-04-13 19:44:29 log 5952 33364 "GET /events/page/ HTTP/1.1" 200 23658
INFO 2026-04-13 19:44:29 log 5952 33364 "GET /static/css/design-system.css HTTP/1.1" 200 8063
INFO 2026-04-13 19:44:29 log 5952 16596 "GET /static/js/map.js HTTP/1.1" 200 2119
INFO 2026-04-13 19:44:29 log 5952 4412 "GET /static/js/api.js HTTP/1.1" 200 5592
INFO 2026-04-13 19:44:29 log 5952 36488 "GET /static/js/events.js HTTP/1.1" 200 30485
WARNING 2026-04-13 19:44:30 log 5952 4412 Unauthorized: /api/auth/me/
WARNING 2026-04-13 19:44:30 log 5952 4412 "GET /api/auth/me/ HTTP/1.1" 401 58
INFO 2026-04-13 19:44:30 log 5952 4412 "GET /api/events/ HTTP/1.1" 200 13245
INFO 2026-04-13 19:44:30 log 5952 4412 "GET /login/ HTTP/1.1" 200 5489
WARNING 2026-04-13 19:44:31 log 5952 4412 Not Found: /favicon.ico
WARNING 2026-04-13 19:44:31 log 5952 4412 "GET /favicon.ico HTTP/1.1" 404 5312
WARNING 2026-04-13 19:44:44 log 5952 4412 Bad Request: /api/auth/login/
WARNING 2026-04-13 19:44:44 log 5952 4412 "POST /api/auth/login/ HTTP/1.1" 400 51
WARNING 2026-04-13 19:44:56 log 5952 4412 Bad Request: /api/auth/login/
WARNING 2026-04-13 19:44:56 log 5952 4412 "POST /api/auth/login/ HTTP/1.1" 400 51
INFO 2026-04-13 19:45:12 log 5952 4412 "POST /api/auth/login/ HTTP/1.1" 200 491
INFO 2026-04-13 19:45:12 log 5952 4412 "GET /home/ HTTP/1.1" 200 21388
INFO 2026-04-13 19:45:12 log 5952 4412 "GET /static/js/home.js HTTP/1.1" 200 14938
INFO 2026-04-13 19:45:13 log 5952 4412 "GET /api/auth/me/ HTTP/1.1" 200 264
INFO 2026-04-13 19:45:13 log 5952 2756 "GET /api/events/ HTTP/1.1" 200 13245
INFO 2026-04-13 19:45:13 log 5952 33364 "GET /api/daily-plan/ HTTP/1.1" 200 4307
INFO 2026-04-13 19:45:13 log 5952 16596 "GET /api/events/filtered/ HTTP/1.1" 200 16835
INFO 2026-04-13 19:45:14 log 5952 36488 "POST /api/auth/login/ HTTP/1.1" 200 491
INFO 2026-04-13 19:45:41 log 5952 36488 "GET /events/page/ HTTP/1.1" 200 23658
INFO 2026-04-13 19:45:41 log 5952 36488 "GET /api/auth/me/ HTTP/1.1" 200 264
INFO 2026-04-13 19:45:41 log 5952 36488 "GET /api/events/favorites/ HTTP/1.1" 200 2
INFO 2026-04-13 19:45:41 log 5952 36488 "GET /api/events/ HTTP/1.1" 200 13245
INFO 2026-04-13 22:26:37 log 5952 23208 "GET /settings/ HTTP/1.1" 200 41250
INFO 2026-04-13 22:26:37 log 5952 23208 "GET /static/js/api.js HTTP/1.1" 304 0
WARNING 2026-04-13 22:26:37 log 5952 23208 Unauthorized: /api/auth/me/
WARNING 2026-04-13 22:26:37 log 5952 24372 Unauthorized: /api/auth/preferences/
WARNING 2026-04-13 22:26:37 log 5952 23208 "GET /api/auth/me/ HTTP/1.1" 401 172
WARNING 2026-04-13 22:26:37 log 5952 24372 "GET /api/auth/preferences/ HTTP/1.1" 401 172
INFO 2026-04-13 22:26:37 log 5952 24372 "POST /api/auth/token/refresh/ HTTP/1.1" 200 245
INFO 2026-04-13 22:26:37 log 5952 24372 "GET /login/ HTTP/1.1" 200 5489
WARNING 2026-04-13 22:26:45 log 5952 6068 Unauthorized: /api/events/
WARNING 2026-04-13 22:26:45 log 5952 6068 "GET /api/events/?category=restaurant HTTP/1.1" 401 172
INFO 2026-04-13 22:26:45 log 5952 6068 "POST /api/auth/token/refresh/ HTTP/1.1" 200 245
INFO 2026-04-13 22:26:45 log 5952 6068 "GET /api/events/?category=restaurant HTTP/1.1" 200 19029
INFO 2026-04-13 22:26:46 log 5952 6068 "GET /api/events/ HTTP/1.1" 200 13245
INFO 2026-04-13 22:26:48 log 5952 6068 "GET /profile/ HTTP/1.1" 200 28800
INFO 2026-04-13 22:26:48 log 5952 6068 "GET /static/js/api.js HTTP/1.1" 304 0
INFO 2026-04-13 22:26:49 log 5952 6068 "GET /api/auth/me/ HTTP/1.1" 200 264
INFO 2026-04-13 22:26:49 log 5952 32804 "GET /api/auth/preferences/ HTTP/1.1" 200 205
INFO 2026-04-13 22:26:49 log 5952 20264 "GET /api/events/favorites/ HTTP/1.1" 200 2
INFO 2026-04-13 22:26:49 log 5952 11736 "GET /api/daily-plan/ HTTP/1.1" 200 4307
INFO 2026-04-13 22:26:49 log 5952 16320 "GET /api/auth/me/ HTTP/1.1" 200 264
INFO 2026-04-13 22:26:49 log 5952 16320 "GET /settings/ HTTP/1.1" 200 41250
INFO 2026-04-13 22:26:50 log 5952 16320 "GET /api/auth/me/ HTTP/1.1" 200 264
INFO 2026-04-13 22:26:50 log 5952 11736 "GET /api/auth/preferences/ HTTP/1.1" 200 205
INFO 2026-04-13 22:26:56 log 5952 11736 "PUT /api/auth/preferences/ HTTP/1.1" 200 195
INFO 2026-04-13 22:26:58 log 5952 11736 "GET /events/page/ HTTP/1.1" 200 23658
INFO 2026-04-13 22:26:58 log 5952 11736 "GET /static/js/events.js HTTP/1.1" 304 0
INFO 2026-04-13 22:26:58 log 5952 11736 "GET /api/auth/me/ HTTP/1.1" 200 254
INFO 2026-04-13 22:26:58 log 5952 16320 "GET /api/events/favorites/ HTTP/1.1" 200 2
INFO 2026-04-13 22:26:58 log 5952 16320 "GET /api/events/ HTTP/1.1" 200 13245
INFO 2026-04-13 22:26:59 log 5952 16320 "GET /daily-plan/ HTTP/1.1" 200 22047
INFO 2026-04-13 22:26:59 log 5952 16320 "GET /static/js/daily_plan_integration.js?v=99 HTTP/1.1" 304 0
INFO 2026-04-13 22:26:59 log 5952 16320 "GET /api/auth/me/ HTTP/1.1" 200 254
INFO 2026-04-13 22:26:59 log 5952 20264 "GET /api/events/?category=outdoor HTTP/1.1" 200 494
INFO 2026-04-13 22:26:59 log 5952 6068 "GET /api/auth/me/ HTTP/1.1" 200 254
INFO 2026-04-13 22:26:59 log 5952 11736 "GET /api/events/?category=food HTTP/1.1" 200 7722
INFO 2026-04-13 22:26:59 log 5952 32804 "GET /api/events/ HTTP/1.1" 200 13245
INFO 2026-04-13 22:26:59 log 5952 32804 "GET /api/daily-plan/ HTTP/1.1" 200 4307
INFO 2026-04-13 22:27:04 log 5952 32804 "GET /api/auth/me/ HTTP/1.1" 200 254
INFO 2026-04-13 22:27:06 log 5952 32804 "POST /api/daily-plan/generate-multiday/ HTTP/1.1" 200 3856
INFO 2026-04-13 22:27:12 log 5952 32804 "GET /events/page/ HTTP/1.1" 200 23658
INFO 2026-04-13 22:27:12 log 5952 32804 "GET /api/auth/me/ HTTP/1.1" 200 254
INFO 2026-04-13 22:27:12 log 5952 11736 "GET /api/events/favorites/ HTTP/1.1" 200 2
INFO 2026-04-13 22:27:13 log 5952 11736 "GET /api/events/ HTTP/1.1" 200 13245
INFO 2026-04-13 22:27:20 log 5952 11736 "GET /api/events/?category=culture HTTP/1.1" 200 5537
INFO 2026-04-13 22:27:24 log 5952 11736 "GET /api/events/ HTTP/1.1" 200 13245
INFO 2026-04-13 22:27:26 log 5952 11736 "GET /api/events/?category=restaurant HTTP/1.1" 200 19029
INFO 2026-04-13 22:27:29 log 5952 11736 "GET /api/events/ HTTP/1.1" 200 13245
INFO 2026-04-13 22:27:40 log 5952 11736 "GET /api/events/?category=fast_food HTTP/1.1" 200 19202
INFO 2026-04-13 22:27:41 log 5952 11736 "GET /api/events/?category=dessert HTTP/1.1" 200 18524
INFO 2026-04-13 22:27:42 log 5952 11736 "GET /api/events/?category=bakery HTTP/1.1" 200 18285
INFO 2026-04-13 22:27:43 log 5952 11736 "GET /api/events/ HTTP/1.1" 200 13245
INFO 2026-04-13 22:29:17 autoreload 5952 31096 C:\Users\90538\Documents\Progarmming_Projects\tizahab-web\config\settings.py changed, reloading.
INFO 2026-04-13 22:29:18 autoreload 28312 5944 Watching for file changes with StatReloader
INFO 2026-04-13 22:30:51 autoreload 5088 30808 Watching for file changes with StatReloader
INFO 2026-04-13 22:31:25 log 5088 11720 "GET /events/page/ HTTP/1.1" 200 23658
INFO 2026-04-13 22:31:26 log 5088 11720 "GET /api/auth/me/ HTTP/1.1" 200 254
INFO 2026-04-13 22:31:26 log 5088 25760 "GET /api/events/favorites/ HTTP/1.1" 200 2
INFO 2026-04-13 22:31:26 log 5088 25760 "GET /api/events/ HTTP/1.1" 200 31568
INFO 2026-04-13 22:31:44 log 5088 25760 "GET /events/page/ HTTP/1.1" 200 23658
INFO 2026-04-13 22:31:44 log 5088 11720 "GET /api/events/favorites/ HTTP/1.1" 200 2
INFO 2026-04-13 22:31:44 log 5088 25760 "GET /api/auth/me/ HTTP/1.1" 200 254
INFO 2026-04-13 22:31:45 log 5088 25760 "GET /api/events/ HTTP/1.1" 200 31568
INFO 2026-04-13 22:31:54 log 5088 25760 "GET /api/events/?category=restaurant HTTP/1.1" 200 38154
INFO 2026-04-13 22:31:58 log 5088 25760 "GET /api/events/?category=cafe HTTP/1.1" 200 36112
INFO 2026-04-13 22:32:00 log 5088 25760 "GET /api/events/?category=fast_food HTTP/1.1" 200 38070
INFO 2026-04-13 22:32:02 log 5088 25760 "GET /api/events/ HTTP/1.1" 200 31568
INFO 2026-04-13 22:34:03 log 5088 25760 "GET /events/page/ HTTP/1.1" 200 23150
INFO 2026-04-13 22:34:03 log 5088 25760 "GET /api/auth/me/ HTTP/1.1" 200 254
INFO 2026-04-13 22:34:03 log 5088 25760 "GET /api/events/favorites/ HTTP/1.1" 200 2
INFO 2026-04-13 22:34:03 log 5088 25760 "GET /api/events/ HTTP/1.1" 200 31568
INFO 2026-04-13 22:34:13 log 5088 25760 "GET /api/events/?page=2 HTTP/1.1" 200 37504
INFO 2026-04-13 22:34:19 log 5088 25760 "GET /api/events/?category=restaurant HTTP/1.1" 200 38154
INFO 2026-04-13 22:34:20 log 5088 25760 "GET /api/events/?category=cafe HTTP/1.1" 200 36112
INFO 2026-04-13 22:34:21 log 5088 25760 "GET /api/events/?category=fast_food HTTP/1.1" 200 38070
INFO 2026-04-13 22:34:22 log 5088 25760 "GET /api/events/ HTTP/1.1" 200 31568
INFO 2026-04-13 22:34:25 log 5088 25760 "GET /daily-plan/ HTTP/1.1" 200 22047
INFO 2026-04-13 22:34:25 log 5088 25760 "GET /api/auth/me/ HTTP/1.1" 200 254
INFO 2026-04-13 22:34:25 log 5088 13224 "GET /api/events/?category=outdoor HTTP/1.1" 200 494
INFO 2026-04-13 22:34:26 log 5088 11720 "GET /api/events/?category=food HTTP/1.1" 200 7722
INFO 2026-04-13 22:34:26 log 5088 31984 "GET /api/auth/me/ HTTP/1.1" 200 254
INFO 2026-04-13 22:34:26 log 5088 17880 "GET /api/events/ HTTP/1.1" 200 31568
INFO 2026-04-13 22:34:26 log 5088 17880 "GET /api/daily-plan/ HTTP/1.1" 200 3900
INFO 2026-04-13 22:34:27 log 5088 17880 "GET /api/auth/me/ HTTP/1.1" 200 254
INFO 2026-04-13 22:34:28 log 5088 17880 "POST /api/daily-plan/generate-multiday/ HTTP/1.1" 200 3856
INFO 2026-04-13 22:34:35 log 5088 17880 "GET /settings/ HTTP/1.1" 200 41250
INFO 2026-04-13 22:34:35 log 5088 17880 "GET /api/auth/me/ HTTP/1.1" 200 254
INFO 2026-04-13 22:34:35 log 5088 31984 "GET /api/auth/preferences/ HTTP/1.1" 200 195
INFO 2026-04-13 22:34:38 log 5088 31984 "GET /api/auth/ui/preferences/ HTTP/1.1" 200 23324
INFO 2026-04-13 22:34:39 log 5088 31984 "GET /api/auth/preferences/ HTTP/1.1" 200 195
INFO 2026-04-13 22:34:45 log 5088 31984 "POST /api/auth/preferences/ HTTP/1.1" 200 195
INFO 2026-04-13 22:34:46 log 5088 31984 "GET /home/ HTTP/1.1" 200 21388
INFO 2026-04-13 22:34:46 log 5088 31984 "GET /static/js/home.js HTTP/1.1" 304 0
INFO 2026-04-13 22:34:46 log 5088 31984 "GET /api/auth/me/ HTTP/1.1" 200 254
INFO 2026-04-13 22:34:46 log 5088 13224 "GET /api/daily-plan/ HTTP/1.1" 200 3900
INFO 2026-04-13 22:34:46 log 5088 17880 "GET /api/events/ HTTP/1.1" 200 31568
INFO 2026-04-13 22:34:46 log 5088 11720 "GET /api/events/filtered/ HTTP/1.1" 200 37193
INFO 2026-04-13 22:34:47 log 5088 11720 "GET /daily-plan/ HTTP/1.1" 200 22047
INFO 2026-04-13 22:34:48 log 5088 11720 "GET /api/auth/me/ HTTP/1.1" 200 254
INFO 2026-04-13 22:34:48 log 5088 13224 "GET /api/events/?category=outdoor HTTP/1.1" 200 494
INFO 2026-04-13 22:34:48 log 5088 25760 "GET /api/auth/me/ HTTP/1.1" 200 254
INFO 2026-04-13 22:34:48 log 5088 17880 "GET /api/events/?category=food HTTP/1.1" 200 7722
INFO 2026-04-13 22:34:48 log 5088 31984 "GET /api/events/ HTTP/1.1" 200 31568
INFO 2026-04-13 22:34:48 log 5088 31984 "GET /api/daily-plan/ HTTP/1.1" 200 3900
INFO 2026-04-13 22:34:53 log 5088 31984 "GET /api/auth/me/ HTTP/1.1" 200 254
INFO 2026-04-13 22:34:55 log 5088 31984 "POST /api/daily-plan/generate-multiday/ HTTP/1.1" 200 7968
INFO 2026-04-13 22:35:02 log 5088 31984 "GET /events/page/ HTTP/1.1" 200 23150
INFO 2026-04-13 22:35:09 log 5088 31984 "GET /api/auth/me/ HTTP/1.1" 200 254
INFO 2026-04-13 22:35:09 log 5088 17880 "GET /api/events/favorites/ HTTP/1.1" 200 2
INFO 2026-04-13 22:35:09 log 5088 17880 "GET /api/events/ HTTP/1.1" 200 31568
INFO 2026-04-13 22:35:14 log 5088 17880 "GET /map/ HTTP/1.1" 200 17474
INFO 2026-04-13 22:35:14 log 5088 17880 "GET /api/auth/me/ HTTP/1.1" 200 254
INFO 2026-04-13 22:37:59 log 5088 17512 "GET /map/ HTTP/1.1" 200 17903
INFO 2026-04-13 22:37:59 log 5088 17512 "GET /api/auth/me/ HTTP/1.1" 200 254
INFO 2026-04-13 22:38:11 log 5088 17512 "GET /events/page/ HTTP/1.1" 200 23150
INFO 2026-04-13 22:38:11 log 5088 17512 "GET /api/auth/me/ HTTP/1.1" 200 254
INFO 2026-04-13 22:38:11 log 5088 36692 "GET /api/events/favorites/ HTTP/1.1" 200 2
INFO 2026-04-13 22:38:11 log 5088 36692 "GET /api/events/ HTTP/1.1" 200 31568
INFO 2026-04-13 22:38:12 log 5088 36692 "GET /profile/ HTTP/1.1" 200 28800
INFO 2026-04-13 22:38:12 log 5088 36692 "GET /api/auth/me/ HTTP/1.1" 200 254
INFO 2026-04-13 22:38:12 log 5088 17512 "GET /api/auth/preferences/ HTTP/1.1" 200 195
INFO 2026-04-13 22:38:12 log 5088 17352 "GET /api/events/favorites/ HTTP/1.1" 200 2
INFO 2026-04-13 22:38:12 log 5088 26908 "GET /api/daily-plan/ HTTP/1.1" 200 8078
INFO 2026-04-13 22:38:12 log 5088 17540 "GET /api/auth/me/ HTTP/1.1" 200 254
INFO 2026-04-13 22:38:13 log 5088 17540 "GET /map/ HTTP/1.1" 200 17903
INFO 2026-04-13 22:38:13 log 5088 17540 "GET /api/auth/me/ HTTP/1.1" 200 254
INFO 2026-04-13 22:38:14 log 5088 17540 "GET /daily-plan/ HTTP/1.1" 200 22047
INFO 2026-04-13 22:38:15 log 5088 17540 "GET /api/auth/me/ HTTP/1.1" 200 254
INFO 2026-04-13 22:38:15 log 5088 17352 "GET /api/events/?category=outdoor HTTP/1.1" 200 494
INFO 2026-04-13 22:38:15 log 5088 17512 "GET /api/auth/me/ HTTP/1.1" 200 254
INFO 2026-04-13 22:38:15 log 5088 26908 "GET /api/events/?category=food HTTP/1.1" 200 7722
INFO 2026-04-13 22:38:15 log 5088 36692 "GET /api/events/ HTTP/1.1" 200 31568
INFO 2026-04-13 22:38:15 log 5088 36692 "GET /api/daily-plan/ HTTP/1.1" 200 8078
INFO 2026-04-13 22:38:18 log 5088 36692 "GET /api/auth/me/ HTTP/1.1" 200 254
INFO 2026-04-13 22:38:20 log 5088 36692 "POST /api/daily-plan/generate-multiday/ HTTP/1.1" 200 7968
INFO 2026-04-13 22:38:25 log 5088 36692 "GET /home/ HTTP/1.1" 200 21388
INFO 2026-04-13 22:38:25 log 5088 36692 "GET /api/auth/me/ HTTP/1.1" 200 254
INFO 2026-04-13 22:38:25 log 5088 17540 "GET /api/daily-plan/ HTTP/1.1" 200 8078
INFO 2026-04-13 22:38:25 log 5088 26908 "GET /api/events/ HTTP/1.1" 200 31568
INFO 2026-04-13 22:38:25 log 5088 17512 "GET /api/events/filtered/ HTTP/1.1" 200 37193
INFO 2026-04-13 22:38:33 log 5088 17512 "GET /daily-plan/ HTTP/1.1" 200 22047
INFO 2026-04-13 22:38:34 log 5088 17512 "GET /api/auth/me/ HTTP/1.1" 200 254
INFO 2026-04-13 22:38:34 log 5088 17352 "GET /api/auth/me/ HTTP/1.1" 200 254
INFO 2026-04-13 22:38:34 log 5088 26908 "GET /api/events/?category=outdoor HTTP/1.1" 200 494
INFO 2026-04-13 22:38:34 log 5088 17540 "GET /api/events/?category=food HTTP/1.1" 200 7722
INFO 2026-04-13 22:38:34 log 5088 36692 "GET /api/events/ HTTP/1.1" 200 31568
INFO 2026-04-13 22:38:34 log 5088 36692 "GET /api/daily-plan/ HTTP/1.1" 200 8078
INFO 2026-04-13 22:38:35 log 5088 36692 "GET /home/ HTTP/1.1" 200 21388
INFO 2026-04-13 22:38:35 log 5088 36692 "GET /api/auth/me/ HTTP/1.1" 200 254
INFO 2026-04-13 22:38:35 log 5088 17352 "GET /api/daily-plan/ HTTP/1.1" 200 8078
INFO 2026-04-13 22:38:35 log 5088 17540 "GET /api/events/ HTTP/1.1" 200 31568
INFO 2026-04-13 22:38:35 log 5088 26908 "GET /api/events/filtered/ HTTP/1.1" 200 37193
